,Unnamed: 0,id,study,subgroup,authors,first_author,title,short_title,abstract,year,language,journal,source,doi,doi_url,pmid,pmid_url,title+author+year,title+year,tiab
2,36,37,Biswal (2016),BPTB,"Biswal UK, Balaji G, Nema S, Poduval M, Menon J, Patro DK",Biswal,Correlation of tunnel widening and tunnel positioning with short-term functional outcomes in single-bundle anterior cruciate ligament reconstruction using patellar tendon versus hamstring graft: a prospective study.,correlationoftunnelwideningandtunnelpositioningwithshortterm,"OBJECTIVE: To study the correlation between tunnel widening and tunnel position with short-term functional outcomes post-ACL reconstruction with patellar tendon and hamstring autografts in young adults. MATERIALS AND METHODS: A total of 33 patients who underwent ACL reconstruction between October 2013 and February 2015 were included and followed up for 6 months. A standardized surgical technique was used for each graft type. Intra-op arthroscopy findings and drilled tunnel diameters were noted. They were followed up for 3 and 6 months. Radiological assessment was done at 3 and 6 months with clinical score assessment at 6 months. RESULTS: At 6 months, clinical scores were comparable in both groups. Tunnel widening in both femoral and tibial tunnel at 3 and 6 months were significantly higher in STG group (p values <0.05). The rate of widening was higher in 0-3 months and reduced in 3-6 months. There was statistically significant negative correlation between femoral tunnel widening by CT and IKDC score at 6 months (p value 0.049). We found a positive correlation between posterior positioning of femoral tunnel and Lysholm and IKDC scores. The correlation with Lysholm scores was statistically significant (p value 0.046). CONCLUSION: To conclude, tunnel widening is more with hamstrings graft. Femoral tunnel widening has significant negative correlation with that of IKDC scores at 6 months. Posterior femoral tunnel positioning and Lysholm scores at 6 months had significant correlation.",2016,English,European journal of orthopaedic surgery & traumatology : orthopedie traumatologie,pubmed,10.1007/s00590-016-1809-4,https://doi.org/10.1007/s00590-016-1809-4,27376940.0,https://pubmed.ncbi.nlm.nih.gov/27376940/,Biswal+correlationoftunnelwideningandtunnelpositioningwithshortterm+2016,correlationoftunnelwideningandtunnelpositioningwithshortterm+2016,"Correlation of tunnel widening and tunnel positioning with short-term functional outcomes in single-bundle anterior cruciate ligament reconstruction using patellar tendon versus hamstring graft: a prospective study. OBJECTIVE: To study the correlation between tunnel widening and tunnel position with short-term functional outcomes post-ACL reconstruction with patellar tendon and hamstring autografts in young adults. MATERIALS AND METHODS: A total of 33 patients who underwent ACL reconstruction between October 2013 and February 2015 were included and followed up for 6 months. A standardized surgical technique was used for each graft type. Intra-op arthroscopy findings and drilled tunnel diameters were noted. They were followed up for 3 and 6 months. Radiological assessment was done at 3 and 6 months with clinical score assessment at 6 months. RESULTS: At 6 months, clinical scores were comparable in both groups. Tunnel widening in both femoral and tibial tunnel at 3 and 6 months were significantly higher in STG group (p values <0.05). The rate of widening was higher in 0-3 months and reduced in 3-6 months. There was statistically significant negative correlation between femoral tunnel widening by CT and IKDC score at 6 months (p value 0.049). We found a positive correlation between posterior positioning of femoral tunnel and Lysholm and IKDC scores. The correlation with Lysholm scores was statistically significant (p value 0.046). CONCLUSION: To conclude, tunnel widening is more with hamstrings graft. Femoral tunnel widening has significant negative correlation with that of IKDC scores at 6 months. Posterior femoral tunnel positioning and Lysholm scores at 6 months had significant correlation."
15,80,81,Moraiti (2010),BPTB,"Moraiti CO, Stergiou N, Vasiliadis HS, Motsis E, Georgoulis A",Moraiti,Anterior cruciate ligament reconstruction results in alterations in gait variability.,anteriorcruciateligamentreconstructionresultsinalterationsin,"INTRODUCTION: The temporal structure of gait variability has shown that healthy human gait exhibits long-range correlations and deterministic properties which allow the neuromuscular system to be flexible and adaptable to stresses. Pathology results in deterioration of these properties. We examined structure of gait variability after ACL reconstruction with either BPTB or quadrupled ST/G tendon autografts. METHODS: Six patients with BPTB reconstruction, six with ST/G reconstruction and six healthy controls walked on a treadmill at their self-selected pace. Two minutes of continuous kinematic data were recorded with a 6-camera optoelectronic system. The nonlinear measure of the largest Lyapunov Exponent (LyE) was estimated from the knee flexion-extension time series from 100 continuous walking strides to assess the structure of gait variability. RESULTS: The reconstructed limbs in both reconstructed groups exhibited significantly larger LyE values than the control limbs (p<0.05), even though clinical outcomes indicated complete restoration. No significant differences were found between the two autografts. In addition, the intact contralateral leg produced significant higher LyE values as compared with the ACL-reconstructed leg in both groups. No interaction was found. DISCUSSION: The larger LyE values indicate that the reconstructed knees of both reconstructed groups exhibit more divergence in the movement trajectories during gait. The larger Lye values found in the intact leg in both reconstructed groups could be interpreted as a compensatory mechanism. However, the increased divergence found in both limbs may present an alternative explanation for the impaired neuromuscular performance and increased susceptibility to future pathology, which is supported by the increased amount of osteoarthritis found in ACL-reconstructed patients.",2010,English,Gait & posture,pubmed,10.1016/j.gaitpost.2010.04.008,https://doi.org/10.1016/j.gaitpost.2010.04.008,20591671.0,https://pubmed.ncbi.nlm.nih.gov/20591671/,Moraiti+anteriorcruciateligamentreconstructionresultsinalterationsin+2010,anteriorcruciateligamentreconstructionresultsinalterationsin+2010,"Anterior cruciate ligament reconstruction results in alterations in gait variability. INTRODUCTION: The temporal structure of gait variability has shown that healthy human gait exhibits long-range correlations and deterministic properties which allow the neuromuscular system to be flexible and adaptable to stresses. Pathology results in deterioration of these properties. We examined structure of gait variability after ACL reconstruction with either BPTB or quadrupled ST/G tendon autografts. METHODS: Six patients with BPTB reconstruction, six with ST/G reconstruction and six healthy controls walked on a treadmill at their self-selected pace. Two minutes of continuous kinematic data were recorded with a 6-camera optoelectronic system. The nonlinear measure of the largest Lyapunov Exponent (LyE) was estimated from the knee flexion-extension time series from 100 continuous walking strides to assess the structure of gait variability. RESULTS: The reconstructed limbs in both reconstructed groups exhibited significantly larger LyE values than the control limbs (p<0.05), even though clinical outcomes indicated complete restoration. No significant differences were found between the two autografts. In addition, the intact contralateral leg produced significant higher LyE values as compared with the ACL-reconstructed leg in both groups. No interaction was found. DISCUSSION: The larger LyE values indicate that the reconstructed knees of both reconstructed groups exhibit more divergence in the movement trajectories during gait. The larger Lye values found in the intact leg in both reconstructed groups could be interpreted as a compensatory mechanism. However, the increased divergence found in both limbs may present an alternative explanation for the impaired neuromuscular performance and increased susceptibility to future pathology, which is supported by the increased amount of osteoarthritis found in ACL-reconstructed patients."
17,89,90,Ristanis (2009),BPTB,"Ristanis S, Stergiou N, Siarava E, Ntoulia A, Mitsionis G, Georgoulis AD",Ristanis,Effect of femoral tunnel placement for reconstruction of the anterior cruciate ligament on tibial rotation.,effectoffemoraltunnelplacementforreconstructionoftheanterior,"BACKGROUND: Rotational knee movement after reconstruction of the anterior cruciate ligament has been difficult to quantify. The purpose of this study was to identify in vivo whether a more horizontal placement of the femoral tunnel (in the ten o'clock position rather than in the eleven o'clock position) can restore rotational kinematics, during highly demanding dynamic activities, in a knee in which a bone-patellar tendon-bone graft had been used to reconstruct the anterior cruciate ligament. METHODS: We evaluated ten patients in whom a bone-patellar tendon-bone graft had been used to reconstruct the anterior cruciate ligament with the femoral tunnel in the eleven o'clock position, ten patients who had had the same procedure with the femoral tunnel in the ten o'clock position, and ten healthy controls. Kinematic data were collected while the subjects (1) descended from a stairway, made foot contact, and then pivoted 90 degrees on the landing lower limb and (2) jumped from a platform, landed with both feet on the ground, and pivoted 90 degrees on the right or left lower limb. The dependent variable that we examined was tibial rotation during pivoting. RESULTS: The results demonstrated that reconstruction of the anterior cruciate ligament with the femoral tunnel in either the ten or the eleven o'clock position successfully restored anterior tibial translation. However, both techniques resulted in tibial rotation values, during the dynamic activities evaluated, that were significantly larger than those in the intact contralateral lower limbs and those in the healthy controls. Tibial rotation did not differ significantly between the two reconstruction groups or between the healthy controls and the intact contralateral lower limbs. However, we noticed that positioning the tunnel at ten o'clock resulted in slightly decreased rotation values that may have clinical relevance but not statistical significance. CONCLUSIONS: Regardless of which of the two tested positions was utilized to fix the graft to the femur, reconstruction of the anterior cruciate ligament did not restore normal tibial rotation during dynamic activities.",2009,English,The journal of bone and joint surgery. american volume,pubmed,10.2106/JBJS.H.00940,https://doi.org/10.2106/JBJS.H.00940,19723992.0,https://pubmed.ncbi.nlm.nih.gov/19723992/,Ristanis+effectoffemoraltunnelplacementforreconstructionoftheanterior+2009,effectoffemoraltunnelplacementforreconstructionoftheanterior+2009,"Effect of femoral tunnel placement for reconstruction of the anterior cruciate ligament on tibial rotation. BACKGROUND: Rotational knee movement after reconstruction of the anterior cruciate ligament has been difficult to quantify. The purpose of this study was to identify in vivo whether a more horizontal placement of the femoral tunnel (in the ten o'clock position rather than in the eleven o'clock position) can restore rotational kinematics, during highly demanding dynamic activities, in a knee in which a bone-patellar tendon-bone graft had been used to reconstruct the anterior cruciate ligament. METHODS: We evaluated ten patients in whom a bone-patellar tendon-bone graft had been used to reconstruct the anterior cruciate ligament with the femoral tunnel in the eleven o'clock position, ten patients who had had the same procedure with the femoral tunnel in the ten o'clock position, and ten healthy controls. Kinematic data were collected while the subjects (1) descended from a stairway, made foot contact, and then pivoted 90 degrees on the landing lower limb and (2) jumped from a platform, landed with both feet on the ground, and pivoted 90 degrees on the right or left lower limb. The dependent variable that we examined was tibial rotation during pivoting. RESULTS: The results demonstrated that reconstruction of the anterior cruciate ligament with the femoral tunnel in either the ten or the eleven o'clock position successfully restored anterior tibial translation. However, both techniques resulted in tibial rotation values, during the dynamic activities evaluated, that were significantly larger than those in the intact contralateral lower limbs and those in the healthy controls. Tibial rotation did not differ significantly between the two reconstruction groups or between the healthy controls and the intact contralateral lower limbs. However, we noticed that positioning the tunnel at ten o'clock resulted in slightly decreased rotation values that may have clinical relevance but not statistical significance. CONCLUSIONS: Regardless of which of the two tested positions was utilized to fix the graft to the femur, reconstruction of the anterior cruciate ligament did not restore normal tibial rotation during dynamic activities."
41,155,156,Kotani (2001),BPTB,"Kotani A, Ishii Y",Kotani,Reconstruction of the anterior cruciate ligament using poly-L-lactide interference screws or titanium screws: a comparative study.,reconstructionoftheanteriorcruciateligamentusingpolyllactide,"In the present clinical trial, interference screws, made of poly-L-lactic acid and applied in 46 knees, were compared to titanium screws employed in 45 knees for reconstructing the anterior cruciate ligament using bone-patellar tendon-bone. An identical surgical technique was applied to both groups; and neither group disclosed apparent side effects such as synovitis caused by hydrolysis of the PLLA or abnormal biochemical findings in the blood. There was no significant difference in the postoperative outcome between the two groups.",2001,English,The knee,pubmed,10.1016/s0968-0160(01)00087-4,https://doi.org/10.1016/s0968-0160(01)00087-4,11706694.0,https://pubmed.ncbi.nlm.nih.gov/11706694/,Kotani+reconstructionoftheanteriorcruciateligamentusingpolyllactide+2001,reconstructionoftheanteriorcruciateligamentusingpolyllactide+2001,"Reconstruction of the anterior cruciate ligament using poly-L-lactide interference screws or titanium screws: a comparative study. In the present clinical trial, interference screws, made of poly-L-lactic acid and applied in 46 knees, were compared to titanium screws employed in 45 knees for reconstructing the anterior cruciate ligament using bone-patellar tendon-bone. An identical surgical technique was applied to both groups; and neither group disclosed apparent side effects such as synovitis caused by hydrolysis of the PLLA or abnormal biochemical findings in the blood. There was no significant difference in the postoperative outcome between the two groups."
42,157,158,Mariani (2001),BPTB,"Mariani PP, Camillieri G, Margheritini F",Mariani,Transcondylar screw fixation in anterior cruciate ligament reconstruction.,transcondylarscrewfixationinanteriorcruciateligamentreconstr,"PURPOSE: The purpose of this study was to investigate the outcomes of 2 different methods of femoral fixation for arthroscopically assisted anterior cruciate ligament (ACL) reconstruction. TYPE OF STUDY: Double-blind prospective study. METHODS: Fifty-five patients were prospectively evaluated at 2-year follow-up. In group A, 24 patients underwent arthroscopic ACL reconstruction with bone-patellar tendon-bone and interference screw fixation. In group B, 31 patients underwent arthroscopic ACL reconstruction with bone-patellar tendon-bone and transcondylar screw fixation. Patients were evaluated by using the IKDC form, Lysholm-II form, Tegner scoring system, and KT-2000 arthrometer. RESULTS: In group A, final IKDC clinical evaluation achieved 0% grade A, 62.5% grade B, 25% grade C, and 12.5% grade D. In group B, 29.1% achieved grade A, 54.8% grade B, 12.9% grade C, and 3.2% grade D. The difference was statistically significant (P <.05). The injured versus normal side-to-side KT-2000 difference at maximum manual loading was 3.68 mm (SD, 1.71) in group A and 1.64 (SD, 2.05) in group B (P <.0001). CONCLUSIONS: This prospective study could not provide significant data suggesting that 1 method of fixation is superior to the other. Therefore, we consider both methods comparable in terms of stability and functional outcome at short-term follow-up. Transcondylar fixation offers the following advantages: fixation without intra-articular hardware, greater bone-to-bone fixation, and the possibility of fixation with breakage of the posterior femoral tunnel wall. Moreover, this method may be a useful alternative in revision ACL surgery.",2001,English,Arthroscopy : the journal of arthroscopic & related surgery : official publication of the arthroscopy association of north america and the international arthroscopy association,pubmed,10.1053/jars.2001.25277,https://doi.org/10.1053/jars.2001.25277,11536090.0,https://pubmed.ncbi.nlm.nih.gov/11536090/,Mariani+transcondylarscrewfixationinanteriorcruciateligamentreconstr+2001,transcondylarscrewfixationinanteriorcruciateligamentreconstr+2001,"Transcondylar screw fixation in anterior cruciate ligament reconstruction. PURPOSE: The purpose of this study was to investigate the outcomes of 2 different methods of femoral fixation for arthroscopically assisted anterior cruciate ligament (ACL) reconstruction. TYPE OF STUDY: Double-blind prospective study. METHODS: Fifty-five patients were prospectively evaluated at 2-year follow-up. In group A, 24 patients underwent arthroscopic ACL reconstruction with bone-patellar tendon-bone and interference screw fixation. In group B, 31 patients underwent arthroscopic ACL reconstruction with bone-patellar tendon-bone and transcondylar screw fixation. Patients were evaluated by using the IKDC form, Lysholm-II form, Tegner scoring system, and KT-2000 arthrometer. RESULTS: In group A, final IKDC clinical evaluation achieved 0% grade A, 62.5% grade B, 25% grade C, and 12.5% grade D. In group B, 29.1% achieved grade A, 54.8% grade B, 12.9% grade C, and 3.2% grade D. The difference was statistically significant (P <.05). The injured versus normal side-to-side KT-2000 difference at maximum manual loading was 3.68 mm (SD, 1.71) in group A and 1.64 (SD, 2.05) in group B (P <.0001). CONCLUSIONS: This prospective study could not provide significant data suggesting that 1 method of fixation is superior to the other. Therefore, we consider both methods comparable in terms of stability and functional outcome at short-term follow-up. Transcondylar fixation offers the following advantages: fixation without intra-articular hardware, greater bone-to-bone fixation, and the possibility of fixation with breakage of the posterior femoral tunnel wall. Moreover, this method may be a useful alternative in revision ACL surgery."
57,179,180,Gatt (1998),BPTB,"Gatt CJ Jr, Parker RD, Tetzlaff JE, Szabo MZ, Dickerson AB",Gatt,Preemptive analgesia: its role and efficacy in anterior cruciate ligament reconstruction.,preemptiveanalgesia:itsroleandefficacyinanteriorcruciateliga,"As more outpatient orthopaedic surgical procedures are performed, postoperative pain control has gained importance. The benefits of preemptive analgesia, the use of analgesics or anesthetics or both before painful stimuli to prevent or reduce pain, have been widely published in the anesthesia and general surgery literature, but not in orthopaedic literature. We prospectively compared the effects, on postoperative pain and narcotic use, of intraarticular preoperative injections of 1) placebo with epinephrine, 2) bupivacaine with epinephrine, and 3) bupivacaine and morphine with epinephrine. Thirty patients (10 in each group) underwent arthroscopic anterior cruciate ligament reconstruction using patellar tendon autograft under general anesthesia. Pain was assessed with a 10-point visual analog scale pre- and postoperatively, and postoperative narcotic pain medication use was recorded. Postoperative pain was significantly greater in group 1 (placebo) than in the preemptive-treatment groups (groups 2 and 3), and in group 2 than in group 3. The differences became less apparent with time, and after 1 hour, no significant differences in pain scores existed between the groups. However, intravenous narcotic pain medication was administered in the recovery room to patients with pain scores greater than 5, equalizing pain scores. Group 3 used significantly less postoperative narcotic medication than group 1. Preemptive analgesia using intraarticular bupivacaine and morphine with epinephrine resulted in lower pain scores during the 1st hour after an arthroscopic anterior cruciate ligament reconstruction than did preemptive treatment with bupivacaine and epinephrine or placebo and epinephrine.",1998,English,The american journal of sports medicine,pubmed,10.1177/03635465980260040901,https://doi.org/10.1177/03635465980260040901,9689372.0,https://pubmed.ncbi.nlm.nih.gov/9689372/,Gatt+preemptiveanalgesia:itsroleandefficacyinanteriorcruciateliga+1998,preemptiveanalgesia:itsroleandefficacyinanteriorcruciateliga+1998,"Preemptive analgesia: its role and efficacy in anterior cruciate ligament reconstruction. As more outpatient orthopaedic surgical procedures are performed, postoperative pain control has gained importance. The benefits of preemptive analgesia, the use of analgesics or anesthetics or both before painful stimuli to prevent or reduce pain, have been widely published in the anesthesia and general surgery literature, but not in orthopaedic literature. We prospectively compared the effects, on postoperative pain and narcotic use, of intraarticular preoperative injections of 1) placebo with epinephrine, 2) bupivacaine with epinephrine, and 3) bupivacaine and morphine with epinephrine. Thirty patients (10 in each group) underwent arthroscopic anterior cruciate ligament reconstruction using patellar tendon autograft under general anesthesia. Pain was assessed with a 10-point visual analog scale pre- and postoperatively, and postoperative narcotic pain medication use was recorded. Postoperative pain was significantly greater in group 1 (placebo) than in the preemptive-treatment groups (groups 2 and 3), and in group 2 than in group 3. The differences became less apparent with time, and after 1 hour, no significant differences in pain scores existed between the groups. However, intravenous narcotic pain medication was administered in the recovery room to patients with pain scores greater than 5, equalizing pain scores. Group 3 used significantly less postoperative narcotic medication than group 1. Preemptive analgesia using intraarticular bupivacaine and morphine with epinephrine resulted in lower pain scores during the 1st hour after an arthroscopic anterior cruciate ligament reconstruction than did preemptive treatment with bupivacaine and epinephrine or placebo and epinephrine."
61,186,187,Gerich (1997),BPTB,"Gerich TG, Cassim A, Lattermann C, Lobenhoffer HP",Gerich,Pullout strength of tibial graft fixation in anterior cruciate ligament replacement with a patellar tendon graft: interference screw versus staple fixation in human knees.,pulloutstrengthoftibialgraftfixationinanteriorcruciateligame,"The endoscopic single incision technique for anterior cruciate ligament (ACL) reconstruction with a femoral half-tunnel may lead to a graft/tunnel mismatch and subsequent protrusion of the block from the tibial tunnel. The typical tibial fixation with an interference screw is not possible in these cases. Fixation with staples in a bony groove inferior to the tunnel outlet can be used as an alternative technique. Current literature does not provide biomechanical data of either fixation technique in a human model. This study was performed to evaluate the primary biomechanical parameters of this technique compared with a standard interference screw fixation of the block. Fifty-five fresh-frozen relatively young (mean age 44 years) human cadaver knee joints were used. Grafts were harvested from the patellar tendon midportion with bone blocks of 25 mm length and 9 mm width. A 10-mm tibial tunnel was drilled from the anteromedial cortex to the center of the tibial insertion of the ACL. Three different sizes of interference screws (7 x 30, 9 x 20, 9 x 30 mm) were chosen as a standard control procedure (n = 40). For tibial bone-block fixation the graft was placed through the tunnel, and the screw was then inserted on the cancellous or the cortical surface, respectively. Fifteen knees were treated by staple fixation. A groove was created inferior to the tunnel outlet with a chisel. The bone block was fixed in this groove with two barbed stainless steel staples. Tensile testing in both groups was carried out under an axial load parallel to the tibial tunnel in a Zwick testing machine with a velocity of 1 mm/s. Dislocation of the graft and stiffness were calculated at 175 N load. Maximum load to failure using interference screws varied between 506 and 758 N. Load to failure using staples was 588 N. Dislocation of the graft ranged between 3.8 and 4.7 mm for interference screw fixation and was 4.7 mm for staples. Stiffness calculated at 175 N load was significantly higher in staple fixation. With either fixation technique, the recorded failure loads were sufficient to withstand the graft loads which are to be expected during the rehabilitation period. Staple fixation of the bone block outside of the tunnel resulted in a fixation strength comparable to interference screw fixation.",1997,English,Knee surgery sports traumatology arthroscopy : official journal of the esska,pubmed,10.1007/s001670050032,https://doi.org/10.1007/s001670050032,9228314.0,https://pubmed.ncbi.nlm.nih.gov/9228314/,Gerich+pulloutstrengthoftibialgraftfixationinanteriorcruciateligame+1997,pulloutstrengthoftibialgraftfixationinanteriorcruciateligame+1997,"Pullout strength of tibial graft fixation in anterior cruciate ligament replacement with a patellar tendon graft: interference screw versus staple fixation in human knees. The endoscopic single incision technique for anterior cruciate ligament (ACL) reconstruction with a femoral half-tunnel may lead to a graft/tunnel mismatch and subsequent protrusion of the block from the tibial tunnel. The typical tibial fixation with an interference screw is not possible in these cases. Fixation with staples in a bony groove inferior to the tunnel outlet can be used as an alternative technique. Current literature does not provide biomechanical data of either fixation technique in a human model. This study was performed to evaluate the primary biomechanical parameters of this technique compared with a standard interference screw fixation of the block. Fifty-five fresh-frozen relatively young (mean age 44 years) human cadaver knee joints were used. Grafts were harvested from the patellar tendon midportion with bone blocks of 25 mm length and 9 mm width. A 10-mm tibial tunnel was drilled from the anteromedial cortex to the center of the tibial insertion of the ACL. Three different sizes of interference screws (7 x 30, 9 x 20, 9 x 30 mm) were chosen as a standard control procedure (n = 40). For tibial bone-block fixation the graft was placed through the tunnel, and the screw was then inserted on the cancellous or the cortical surface, respectively. Fifteen knees were treated by staple fixation. A groove was created inferior to the tunnel outlet with a chisel. The bone block was fixed in this groove with two barbed stainless steel staples. Tensile testing in both groups was carried out under an axial load parallel to the tibial tunnel in a Zwick testing machine with a velocity of 1 mm/s. Dislocation of the graft and stiffness were calculated at 175 N load. Maximum load to failure using interference screws varied between 506 and 758 N. Load to failure using staples was 588 N. Dislocation of the graft ranged between 3.8 and 4.7 mm for interference screw fixation and was 4.7 mm for staples. Stiffness calculated at 175 N load was significantly higher in staple fixation. With either fixation technique, the recorded failure loads were sufficient to withstand the graft loads which are to be expected during the rehabilitation period. Staple fixation of the bone block outside of the tunnel resulted in a fixation strength comparable to interference screw fixation."
69,197,198,Kohn (1994),BPTB,"Kohn D, Sander-Beuermann A",Kohn,Donor-site morbidity after harvest of a bone-tendon-bone patellar tendon autograft.,donorsitemorbidityafterharvestofabonetendonbonepatellartendo,"The effects of closure of the peritendineum and bone grafting of the patellar defect after harvest of the bone-tendon-bone patellar tendon autograft was investigated prospectively in two groups of 25 patients. Anterior cruciate ligament (ACL) reconstruction was performed with minimally invasive techniques either arthroscopically or via mini-arthrotomy. Patellar height, size of bony and tendon defects, and overall result were followed up for 2 years postoperatively. The results showed that closure of the peritendineum enhances healing of the patellar tendon defect and restores a normal appearance of the tendon within 2 years. We have stopped bone grafting the patellar defect with cancellous bone because of the risk of formation of painful spurs at the inferior pole of the patella which occurred in 36% of patients.",1994,English,Knee surgery sports traumatology arthroscopy : official journal of the esska,pubmed,10.1007/BF01845591,https://doi.org/10.1007/BF01845591,8536044.0,https://pubmed.ncbi.nlm.nih.gov/8536044/,Kohn+donorsitemorbidityafterharvestofabonetendonbonepatellartendo+1994,donorsitemorbidityafterharvestofabonetendonbonepatellartendo+1994,"Donor-site morbidity after harvest of a bone-tendon-bone patellar tendon autograft. The effects of closure of the peritendineum and bone grafting of the patellar defect after harvest of the bone-tendon-bone patellar tendon autograft was investigated prospectively in two groups of 25 patients. Anterior cruciate ligament (ACL) reconstruction was performed with minimally invasive techniques either arthroscopically or via mini-arthrotomy. Patellar height, size of bony and tendon defects, and overall result were followed up for 2 years postoperatively. The results showed that closure of the peritendineum enhances healing of the patellar tendon defect and restores a normal appearance of the tendon within 2 years. We have stopped bone grafting the patellar defect with cancellous bone because of the risk of formation of painful spurs at the inferior pole of the patella which occurred in 36% of patients."
88,276,277,Cavaignac (2018),HT,"Cavaignac E, Marot V, Faruch M, Reina N, Murgier J, Accadbled F, Berard E, Chiron P",Cavaignac,Hamstring Graft Incorporation According to the Length of the Graft Inside Tunnels.,hamstringgraftincorporationaccordingtothelengthofthegraftins,"BACKGROUND: Anterior cruciate ligament (ACL) reconstruction with a quadrupled semitendinosus (ST4) graft is an evolution of the standard technique with 2 hamstring tendons (semitendinosus + gracilis [STG]). However, there is no published comparison of how well these 2 types of hamstring grafts are incorporated into the bone tunnels. Because the ST4 graft is shorter, there is less graft material inside the tunnels. PURPOSE: To use magnetic resonance imaging (MRI) to compare graft incorporation in the tibial bone tunnels 1 year after ACL reconstruction with either an STG graft or ST4 graft. STUDY DESIGN: Cohort study; Level of evidence, 2. METHODS: Sixty-two patients who underwent ACL reconstruction were enrolled prospectively: 31 with an ST4 graft and 31 with an STG graft. The same surgical technique, fixation method, and postoperative protocol were used in both groups. Graft incorporation and ligamentization were evaluated with MRI after 1 year of follow-up. The following parameters were evaluated: signal-to-noise quotient (SNQ), tibial tunnel enlargement, signal intensity at the bone-graft interface, and graft signal according to the Howell scale. The number of participants needed to show that the mean SNQ did not differ between the 2 techniques was 31 in each group (with a 1-sided alpha of 2.5% and a 1-sided beta of 10.0%). The Student t test was used to compare the distribution of continuous secondary endpoints. RESULTS: The mean SNQ was 5.2 +/- 4.5 for the STG group and 5.9 +/- 3.7 for the ST4 group ( P = .5100). The mean tibial tunnel widening was 93.7% +/- 51.7% for the STG group versus 80.0% +/- 42.9% for the ST4 group ( P = .2605). The groups did not differ in signal intensity at the bone-graft interface ( P = .7502) or in graft signal according to the Howell scale ( P = .4544). CONCLUSION: At the 1-year postoperative follow-up, incorporation and ligamentization of the STG and ST4 grafts were the same based on MRI analysis. The results were at least as good with the ST4 technique as with the standard STG technique in terms of incorporation and ligamentization.",2018,English,The american journal of sports medicine,pubmed,10.1177/0363546517733472,https://doi.org/10.1177/0363546517733472,29065271.0,https://pubmed.ncbi.nlm.nih.gov/29065271/,Cavaignac+hamstringgraftincorporationaccordingtothelengthofthegraftins+2018,hamstringgraftincorporationaccordingtothelengthofthegraftins+2018,"Hamstring Graft Incorporation According to the Length of the Graft Inside Tunnels. BACKGROUND: Anterior cruciate ligament (ACL) reconstruction with a quadrupled semitendinosus (ST4) graft is an evolution of the standard technique with 2 hamstring tendons (semitendinosus + gracilis [STG]). However, there is no published comparison of how well these 2 types of hamstring grafts are incorporated into the bone tunnels. Because the ST4 graft is shorter, there is less graft material inside the tunnels. PURPOSE: To use magnetic resonance imaging (MRI) to compare graft incorporation in the tibial bone tunnels 1 year after ACL reconstruction with either an STG graft or ST4 graft. STUDY DESIGN: Cohort study; Level of evidence, 2. METHODS: Sixty-two patients who underwent ACL reconstruction were enrolled prospectively: 31 with an ST4 graft and 31 with an STG graft. The same surgical technique, fixation method, and postoperative protocol were used in both groups. Graft incorporation and ligamentization were evaluated with MRI after 1 year of follow-up. The following parameters were evaluated: signal-to-noise quotient (SNQ), tibial tunnel enlargement, signal intensity at the bone-graft interface, and graft signal according to the Howell scale. The number of participants needed to show that the mean SNQ did not differ between the 2 techniques was 31 in each group (with a 1-sided alpha of 2.5% and a 1-sided beta of 10.0%). The Student t test was used to compare the distribution of continuous secondary endpoints. RESULTS: The mean SNQ was 5.2 +/- 4.5 for the STG group and 5.9 +/- 3.7 for the ST4 group ( P = .5100). The mean tibial tunnel widening was 93.7% +/- 51.7% for the STG group versus 80.0% +/- 42.9% for the ST4 group ( P = .2605). The groups did not differ in signal intensity at the bone-graft interface ( P = .7502) or in graft signal according to the Howell scale ( P = .4544). CONCLUSION: At the 1-year postoperative follow-up, incorporation and ligamentization of the STG and ST4 grafts were the same based on MRI analysis. The results were at least as good with the ST4 technique as with the standard STG technique in terms of incorporation and ligamentization."
93,306,307,Fujii (2015),HT,"Fujii M, Furumatsu T, Miyazawa S, Okada Y, Tanaka T, Ozaki T, Abe N",Fujii,Intercondylar notch size influences cyclops formation after anterior cruciate ligament reconstruction.,intercondylarnotchsizeinfluencescyclopsformationafteranterio,"PURPOSE: The purpose of this study was to investigate the incidence of cyclops lesions and its relationship with the cross-sectional area of the intercondylar notch. METHODS: For this study, 55 patients (24 male and 31 female) underwent follow-up arthroscopy after bi-socket anterior cruciate ligament reconstruction with hamstring tendon grafts were included. All patients underwent magnetic resonance imaging measurements of intercondylar notch dimensions. We compared the femoral intercondylar notch sizes and bone tunnel sizes between knees with cyclops lesions (cyclops group) and those without cyclops lesions (no-cyclops group). The mean percentage of the tunnel size to the cross-sectional area of the femoral intercondylar notch was also compared between the groups. The median follow-up duration was 3.8 years. RESULTS: Cyclops lesions were found in 15 of the 55 knees (27.3 %) on second-look arthroscopy (cyclops group). Only 6 of the 55 knees (10.9 %) had extension loss (cyclops syndrome). The cyclops group included 3 men and 12 women. The two groups showed a statistical difference in sex variation (P = 0.04). No significant differences were found in the femoral and tibial tunnel sizes between the two groups. The cross-sectional area of the femoral intercondylar notch was significantly smaller in the cyclops group (251.7 +/- 63.2 mm(2)) than in the no-cyclops group (335.6 +/- 77.6 mm(2)) (P < 0.001). The percentage of the total femoral tunnel size to the cross-sectional area of the femoral intercondylar notch was significantly higher in the cyclops group (18.6 +/- 5.3 %) than in the no-cyclops group (13.2 +/- 3.6 %) (P = 0.02). CONCLUSIONS: A smaller intercondylar notch size may be a potential risk factor for cyclops lesion formation. LEVEL OF EVIDENCE: Case-control study, Level IV.",2015,English,Knee surgery sports traumatology arthroscopy : official journal of the esska,pubmed,10.1007/s00167-014-2891-y,https://doi.org/10.1007/s00167-014-2891-y,24549261.0,https://pubmed.ncbi.nlm.nih.gov/24549261/,Fujii+intercondylarnotchsizeinfluencescyclopsformationafteranterio+2015,intercondylarnotchsizeinfluencescyclopsformationafteranterio+2015,"Intercondylar notch size influences cyclops formation after anterior cruciate ligament reconstruction. PURPOSE: The purpose of this study was to investigate the incidence of cyclops lesions and its relationship with the cross-sectional area of the intercondylar notch. METHODS: For this study, 55 patients (24 male and 31 female) underwent follow-up arthroscopy after bi-socket anterior cruciate ligament reconstruction with hamstring tendon grafts were included. All patients underwent magnetic resonance imaging measurements of intercondylar notch dimensions. We compared the femoral intercondylar notch sizes and bone tunnel sizes between knees with cyclops lesions (cyclops group) and those without cyclops lesions (no-cyclops group). The mean percentage of the tunnel size to the cross-sectional area of the femoral intercondylar notch was also compared between the groups. The median follow-up duration was 3.8 years. RESULTS: Cyclops lesions were found in 15 of the 55 knees (27.3 %) on second-look arthroscopy (cyclops group). Only 6 of the 55 knees (10.9 %) had extension loss (cyclops syndrome). The cyclops group included 3 men and 12 women. The two groups showed a statistical difference in sex variation (P = 0.04). No significant differences were found in the femoral and tibial tunnel sizes between the two groups. The cross-sectional area of the femoral intercondylar notch was significantly smaller in the cyclops group (251.7 +/- 63.2 mm(2)) than in the no-cyclops group (335.6 +/- 77.6 mm(2)) (P < 0.001). The percentage of the total femoral tunnel size to the cross-sectional area of the femoral intercondylar notch was significantly higher in the cyclops group (18.6 +/- 5.3 %) than in the no-cyclops group (13.2 +/- 3.6 %) (P = 0.02). CONCLUSIONS: A smaller intercondylar notch size may be a potential risk factor for cyclops lesion formation. LEVEL OF EVIDENCE: Case-control study, Level IV."
101,325,326,Lee (2012),HT,"Lee S, Kim H, Jang J, Seong SC, Lee MC",Lee,Intraoperative correlation analysis between tunnel position and translational and rotational stability in single- and double-bundle anterior cruciate ligament reconstruction.,intraoperativecorrelationanalysisbetweentunnelpositionandtra,"PURPOSE: To determine the relation between the tunnel positions and the kinematic improvement of the knee joint after single-bundle (SB) and double-bundle (DB) anterior cruciate ligament (ACL) reconstructions. METHODS: The study included 42 patients who underwent either SB (n = 21) or DB (n = 21) ACL reconstruction using hamstring tendon autograft. Anterior tibial translation and rotational laxity were measured by a navigation system before and after graft fixation. Three-dimensional computed tomography measurement was conducted for evaluation of tunnel placements. Regression analysis was carried out to determine the association between the postoperative kinematic change and the tunnel position. RESULTS: The average tunnel location was mostly different between the SB and posterolateral bundle (PLB) tunnels, as well as between the anteromedial bundle (AMB) and PLB tunnels of DB ACL reconstructions, whereas the SB and AMB tunnels were similar in the tibial mediolateral and femoral deep-shallow positions. A regression curve showed that the PLB femoral tunnel position was correlated with rotation whereas both the SB and AMB femoral tunnel locations were mostly correlated with anterior tibial translation. CONCLUSIONS: The PLB tunnel location in DB ACL reconstruction had a considerable effect on rotational laxity, whereas the SB and AMB tunnel locations mostly influenced anterior tibial translation. LEVEL OF EVIDENCE: Level III, case-control study.",2012,English,Arthroscopy : the journal of arthroscopic & related surgery : official publication of the arthroscopy association of north america and the international arthroscopy association,pubmed,10.1016/j.arthro.2012.03.027,https://doi.org/10.1016/j.arthro.2012.03.027,22717211.0,https://pubmed.ncbi.nlm.nih.gov/22717211/,Lee+intraoperativecorrelationanalysisbetweentunnelpositionandtra+2012,intraoperativecorrelationanalysisbetweentunnelpositionandtra+2012,"Intraoperative correlation analysis between tunnel position and translational and rotational stability in single- and double-bundle anterior cruciate ligament reconstruction. PURPOSE: To determine the relation between the tunnel positions and the kinematic improvement of the knee joint after single-bundle (SB) and double-bundle (DB) anterior cruciate ligament (ACL) reconstructions. METHODS: The study included 42 patients who underwent either SB (n = 21) or DB (n = 21) ACL reconstruction using hamstring tendon autograft. Anterior tibial translation and rotational laxity were measured by a navigation system before and after graft fixation. Three-dimensional computed tomography measurement was conducted for evaluation of tunnel placements. Regression analysis was carried out to determine the association between the postoperative kinematic change and the tunnel position. RESULTS: The average tunnel location was mostly different between the SB and posterolateral bundle (PLB) tunnels, as well as between the anteromedial bundle (AMB) and PLB tunnels of DB ACL reconstructions, whereas the SB and AMB tunnels were similar in the tibial mediolateral and femoral deep-shallow positions. A regression curve showed that the PLB femoral tunnel position was correlated with rotation whereas both the SB and AMB femoral tunnel locations were mostly correlated with anterior tibial translation. CONCLUSIONS: The PLB tunnel location in DB ACL reconstruction had a considerable effect on rotational laxity, whereas the SB and AMB tunnel locations mostly influenced anterior tibial translation. LEVEL OF EVIDENCE: Level III, case-control study."
104,331,332,Gobbi (2012),HT,"Gobbi A, Mahajan V, Karnatzikos G, Nakamura N",Gobbi,Single- versus double-bundle ACL reconstruction: is there any difference in stability and function at 3-year followup?,singleversusdoublebundleaclreconstruction:isthereanydifferen,"BACKGROUND: Despite a number of studies comparing postoperative stability and function after anatomic double-bundle and single-bundle anterior cruciate ligament reconstruction (ACLR), it remains unclear whether double-bundle reconstruction improves stability or function. QUESTIONS/PURPOSES: We therefore asked whether patients having single- and double-bundle ACLR using semitendinosus (ST) alone differed with regard to (1) postoperative stability; (2) ROM; and (3) five functional scores. METHODS: We prospectively followed 60 patients with an isolated anterior cruciate ligament (ACL) injury. Thirty patients underwent single-bundle and 30 patients underwent double-bundle ACL reconstruction. Clinically we assessed stability and range of motion (ROM); anteroposterior stability was assessed by Rolimeter and rotational stability by a pivot shift test. Function was assessed by IKDC, Noyes, Lysholm, Marx, and Tegner activity scales. The minimum followup was 36 months (mean, 46.2 months; range, 36-60 months). RESULTS: Residual anteroposterior laxity at 3 years postoperatively was similar in both groups: 1.4 +/- 0.3 mm versus 1.4 +/- 0.2 mm, respectively. We observed no difference in the pivot shift test. ROM was similar in both groups, although double-bundle patients required more physical therapy sessions to gain full ROM. IKDC, Noyes, Lysholm, Marx, and Tegner scores were similar at final followup. CONCLUSION: Double-bundle reconstruction of the ACL did not improve function or stability compared with single-bundle reconstruction. LEVEL OF EVIDENCE: Level II, therapeutic study. See Guidelines for Authors for a complete description of levels of evidence.",2012,English,Clinical orthopaedics and related research,pubmed,10.1007/s11999-011-1940-9,https://doi.org/10.1007/s11999-011-1940-9,21667181.0,https://pubmed.ncbi.nlm.nih.gov/21667181/,Gobbi+singleversusdoublebundleaclreconstruction:isthereanydifferen+2012,singleversusdoublebundleaclreconstruction:isthereanydifferen+2012,"Single- versus double-bundle ACL reconstruction: is there any difference in stability and function at 3-year followup? BACKGROUND: Despite a number of studies comparing postoperative stability and function after anatomic double-bundle and single-bundle anterior cruciate ligament reconstruction (ACLR), it remains unclear whether double-bundle reconstruction improves stability or function. QUESTIONS/PURPOSES: We therefore asked whether patients having single- and double-bundle ACLR using semitendinosus (ST) alone differed with regard to (1) postoperative stability; (2) ROM; and (3) five functional scores. METHODS: We prospectively followed 60 patients with an isolated anterior cruciate ligament (ACL) injury. Thirty patients underwent single-bundle and 30 patients underwent double-bundle ACL reconstruction. Clinically we assessed stability and range of motion (ROM); anteroposterior stability was assessed by Rolimeter and rotational stability by a pivot shift test. Function was assessed by IKDC, Noyes, Lysholm, Marx, and Tegner activity scales. The minimum followup was 36 months (mean, 46.2 months; range, 36-60 months). RESULTS: Residual anteroposterior laxity at 3 years postoperatively was similar in both groups: 1.4 +/- 0.3 mm versus 1.4 +/- 0.2 mm, respectively. We observed no difference in the pivot shift test. ROM was similar in both groups, although double-bundle patients required more physical therapy sessions to gain full ROM. IKDC, Noyes, Lysholm, Marx, and Tegner scores were similar at final followup. CONCLUSION: Double-bundle reconstruction of the ACL did not improve function or stability compared with single-bundle reconstruction. LEVEL OF EVIDENCE: Level II, therapeutic study. See Guidelines for Authors for a complete description of levels of evidence."
111,355,356,Edgar (2008),HT,"Edgar CM, Zimmer S, Kakar S, Jones H, Schepsis AA",Edgar,Prospective comparison of auto and allograft hamstring tendon constructs for ACL reconstruction.,prospectivecomparisonofautoandallografthamstringtendonconstr,"Although allograft use for primary anterior cruciate ligament reconstruction has continued to increase during the last 10 years, concerns remain regarding the long-term function of allografts (primarily that they may stretch with time) and clinical efficacy compared with autograft tendons. We attempted to address these issues by prospectively comparing identical quadrupled hamstring autografts with allograft constructs for primary anterior cruciate ligament reconstruction in patients with a minimum followup of 3 years. Eighty-four patients (37 with autografts and 47 with allografts) were enrolled; the mean followup was 52 +/- 11 months for the autograft group and 48 +/- 8 months for the allograft group. Outcome measurements included objective and subjective International Knee Documentation Committee scores, Lysholm scores, Tegner activity scales, and KT-1000 arthrometer measurements. The two cohorts were similar in average age, acute or chronic nature of the anterior cruciate ligament rupture, and incidence of concomitant meniscal surgeries. At final followup, we found no difference in terms of Tegner, Lysholm, KT-1000, or International Knee Documentation Committee scores. Five anterior cruciate ligament reconstructions failed: three in the autograft group and two in the allograft group. Our data suggest laxity is not increased in allograft tendons compared with autografts and clinical outcome scores 3 to 6 years after surgery are similar. LEVEL OF EVIDENCE: Level II, therapeutic study. See the Guidelines for Authors for a complete description of levels of evidence.",2008,English,Clinical orthopaedics and related research,pubmed,10.1007/s11999-008-0305-5,https://doi.org/10.1007/s11999-008-0305-5,18575944.0,https://pubmed.ncbi.nlm.nih.gov/18575944/,Edgar+prospectivecomparisonofautoandallografthamstringtendonconstr+2008,prospectivecomparisonofautoandallografthamstringtendonconstr+2008,"Prospective comparison of auto and allograft hamstring tendon constructs for ACL reconstruction. Although allograft use for primary anterior cruciate ligament reconstruction has continued to increase during the last 10 years, concerns remain regarding the long-term function of allografts (primarily that they may stretch with time) and clinical efficacy compared with autograft tendons. We attempted to address these issues by prospectively comparing identical quadrupled hamstring autografts with allograft constructs for primary anterior cruciate ligament reconstruction in patients with a minimum followup of 3 years. Eighty-four patients (37 with autografts and 47 with allografts) were enrolled; the mean followup was 52 +/- 11 months for the autograft group and 48 +/- 8 months for the allograft group. Outcome measurements included objective and subjective International Knee Documentation Committee scores, Lysholm scores, Tegner activity scales, and KT-1000 arthrometer measurements. The two cohorts were similar in average age, acute or chronic nature of the anterior cruciate ligament rupture, and incidence of concomitant meniscal surgeries. At final followup, we found no difference in terms of Tegner, Lysholm, KT-1000, or International Knee Documentation Committee scores. Five anterior cruciate ligament reconstructions failed: three in the autograft group and two in the allograft group. Our data suggest laxity is not increased in allograft tendons compared with autografts and clinical outcome scores 3 to 6 years after surgery are similar. LEVEL OF EVIDENCE: Level II, therapeutic study. See the Guidelines for Authors for a complete description of levels of evidence."
114,359,360,Kuskucu (2008),HT,Kuskucu SM,Kuskucu,Comparison of short-term results of bone tunnel enlargement between EndoButton CL and cross-pin fixation systems after chronic anterior cruciate ligament reconstruction with autologous quadrupled hamstring tendons.,comparisonofshorttermresultsofbonetunnelenlargementbetweenen,"We performed arthroscopic anterior cruciate ligament (ACL) reconstructions of chronic ACL rupture with autologous hamstring tendon grafts in males (mean age 23.9 years). Thirty-two cross-pin fixations and 24 EndoButton CL fixations were performed on the femoral side. Distal fixations on the tibial side were maintained with interference screws plus a staple. Tunnel enlargement was evaluated using X-rays. Femoral and tibial tunnels were measured at three levels 5 mm apart, and average enlargement was calculated after correction for magnification. Tunnel enlargement 12 months after surgery was greater for the EndoButton CL system (femoral side 43.71%, tibial side 51.11%) than for the cross-pin system (femoral side 32.61%, tibial side 25.62%); the difference was significant only on the tibial side. Both proximal fixation techniques were judged clinically successful (follow-up 16 - 36 months). The far fixation point in the EndoButton CL group may be related to mechanical loosening.",2008,English,The journal of international medical research,pubmed,10.1177/147323000803600104,https://doi.org/10.1177/147323000803600104,18230264.0,https://pubmed.ncbi.nlm.nih.gov/18230264/,Kuskucu+comparisonofshorttermresultsofbonetunnelenlargementbetweenen+2008,comparisonofshorttermresultsofbonetunnelenlargementbetweenen+2008,"Comparison of short-term results of bone tunnel enlargement between EndoButton CL and cross-pin fixation systems after chronic anterior cruciate ligament reconstruction with autologous quadrupled hamstring tendons. We performed arthroscopic anterior cruciate ligament (ACL) reconstructions of chronic ACL rupture with autologous hamstring tendon grafts in males (mean age 23.9 years). Thirty-two cross-pin fixations and 24 EndoButton CL fixations were performed on the femoral side. Distal fixations on the tibial side were maintained with interference screws plus a staple. Tunnel enlargement was evaluated using X-rays. Femoral and tibial tunnels were measured at three levels 5 mm apart, and average enlargement was calculated after correction for magnification. Tunnel enlargement 12 months after surgery was greater for the EndoButton CL system (femoral side 43.71%, tibial side 51.11%) than for the cross-pin system (femoral side 32.61%, tibial side 25.62%); the difference was significant only on the tibial side. Both proximal fixation techniques were judged clinically successful (follow-up 16 - 36 months). The far fixation point in the EndoButton CL group may be related to mechanical loosening."
118,364,365,Papachristou (2008),HT,"Papachristou G, Sourlas J, Plessas S, Papachristou K",Papachristou,Arthroscopic ACL reconstruction with Delta plasty: an innovative approach with hamstrings' transfer and double tibial tunnel.,arthroscopicaclreconstructionwithdeltaplasty:aninnovativeapp,"We propose a new technique, with double bundle, double tibial tunnels with a bridge between them, using the hamstrings as auto-grafts, retaining either their central or peripheral attachment. A prospective series of 41 patients underwent primary reconstruction of the anterior cruciate ligament by one surgeon, arthroscopically and electronically assisted; 37 were men and 4 were women with a mean age of 24.7 years. The mean follow-up was 19.05 (12-30) months. Normal function and joint stability was achieved. The patients returned to full occupational activities within 3-6 months after the operation. The function of hamstrings was not disturbed. Two patients have sustained a new injury without rupture of the grafts. The Noulis-Lachman test was negative in 35 knees. Positive Pivot shift, post-operatively, was present in 15.45% of patients. The IKDC score was 84.55. In the proposed ACL reconstruction technique, the two tendons are transferred and used as grafts, with gracillis and semitendinosus retaining their distal and central attachment, respectively; the former superimposed upon the latter while entering the femoral tunnel. The tibial tunnels leave a bone bridge ranging between 12 and 15 mm within the footprints of ACL. The two bundles are tensioned, each at different angle. This configuration imitates both the anatomy and the function of ACL and controls not only the anterior translation, but also the rotatory stability. With this innovative technique, the final outcome is improved, thus being closer to normal, as evidenced from previous experiments and the present prospective series.",2008,English,Knee surgery sports traumatology arthroscopy : official journal of the esska,pubmed,10.1007/s00167-007-0426-5,https://doi.org/10.1007/s00167-007-0426-5,17934715.0,https://pubmed.ncbi.nlm.nih.gov/17934715/,Papachristou+arthroscopicaclreconstructionwithdeltaplasty:aninnovativeapp+2008,arthroscopicaclreconstructionwithdeltaplasty:aninnovativeapp+2008,"Arthroscopic ACL reconstruction with Delta plasty: an innovative approach with hamstrings' transfer and double tibial tunnel. We propose a new technique, with double bundle, double tibial tunnels with a bridge between them, using the hamstrings as auto-grafts, retaining either their central or peripheral attachment. A prospective series of 41 patients underwent primary reconstruction of the anterior cruciate ligament by one surgeon, arthroscopically and electronically assisted; 37 were men and 4 were women with a mean age of 24.7 years. The mean follow-up was 19.05 (12-30) months. Normal function and joint stability was achieved. The patients returned to full occupational activities within 3-6 months after the operation. The function of hamstrings was not disturbed. Two patients have sustained a new injury without rupture of the grafts. The Noulis-Lachman test was negative in 35 knees. Positive Pivot shift, post-operatively, was present in 15.45% of patients. The IKDC score was 84.55. In the proposed ACL reconstruction technique, the two tendons are transferred and used as grafts, with gracillis and semitendinosus retaining their distal and central attachment, respectively; the former superimposed upon the latter while entering the femoral tunnel. The tibial tunnels leave a bone bridge ranging between 12 and 15 mm within the footprints of ACL. The two bundles are tensioned, each at different angle. This configuration imitates both the anatomy and the function of ACL and controls not only the anterior translation, but also the rotatory stability. With this innovative technique, the final outcome is improved, thus being closer to normal, as evidenced from previous experiments and the present prospective series."
144,459,460,Popli (2023),QT,"Popli A, Kalra R, Shreshta D, Goyal K, Goyal M",Popli,"Commentary on ""Comparison of Quadriceps and Hamstrings Muscle Strength after Exercises with and without Blood Flow Restriction Following Anterior Cruciate Ligament Surgery: A Randomized Controlled Trial"".","commentaryon""comparisonofquadricepsandhamstringsmusclestreng",,2023,English,Journal of rehabilitation medicine,pubmed,10.2340/jrm.v55.9580,https://doi.org/10.2340/jrm.v55.9580,37309651.0,https://pubmed.ncbi.nlm.nih.gov/37309651/,"Popli+commentaryon""comparisonofquadricepsandhamstringsmusclestreng+2023","commentaryon""comparisonofquadricepsandhamstringsmusclestreng+2023",
154,486,487,Barnett (2020),QT,"Barnett S, Badger GJ, Kiapour A, Yen YM, Henderson R, Freiberger C, Proffen B, Sant N, Trainor B, Fleming BC, Micheli LJ, Murray MM, Kramer DE",Barnett,Females Have Earlier Muscle Strength and Functional Recovery After Bridge-Enhanced Anterior Cruciate Ligament Repair.,femaleshaveearliermusclestrengthandfunctionalrecoveryafterbr,"Background: While a sex effect on outcomes following anterior cruciate ligament (ACL) reconstruction surgery has been previously documented, less is known following bridge-enhanced ACL repair (BEAR). We hypothesized that female sex would have significantly worse early functional outcomes and higher retear rates following primary repair of the ACL enhanced with a tissue-engineered scaffold. Methods: Sixty-five patients (28 males and 37 females), age 14-35 with a complete ACL tear underwent primary repair of the ACL enhanced with a tissue-engineered scaffold (bridge-enhanced ACL repair) within 45 days of injury. International Knee Documentation Committee (IKDC) and Knee Injury and Osteoarthritis Outcome (KOOS) scores, as well as instrumented anteroposterior (AP) laxity through KT-1000 testing and functional outcome measures were obtained at time points up to 2 years postoperatively and compared between males and females using mixed model repeated measures analyses and chi square tests. Results: There was no significant sex difference on the postoperative IKDC Subjective Score at 3, 6, 12, or 24 months or any of the five KOOS scores at 12 and 24 months. Instrumented AP laxity testing demonstrated mean (standard deviation) side-to-side differences that were similar in the two sexes at 2 years; 1.7 (2.7) mm and 1.5 (3.7) mm in females and males, respectively, p = 0.72. At 6 months postoperatively, males had a larger deficit in hamstring strength on the operated leg (14.0% vs. 1.7%; p = 0.03) and a larger deficit in quadriceps strength on the operated leg (11.3% vs. 2.0%; p = 0.004); however, no sex difference was noted at 12 or 24 months. Females demonstrated superior single leg hop testing at 6 and 12 months ([91.3% vs. 78.1%, p = 0.001], [96.9% vs. 87.0%, p = 0.01] respectively). There were no significant sex differences on ipsilateral (males; 14.3% vs. females; 13.9%, p = 1.00) or contralateral (males; 3.6% vs. females; 2.8%, p = 1.00) ACL reinjury rates. Conclusions: Female subjects had better hamstring and quadriceps strength indices at 6 months than males as well as better hop test results at the 6 and 12-month time period. Despite this, there was no significant sex difference on patient-reported outcomes and objective AP laxity testing at time points up to 2 years postoperatively. Impact statement This is the first study comparing sex specific outcomes following the bridge-enhanced ACL repair technique (BEAR). The results of this study suggest that females have earlier recovery of both muscle strength and functional outcomes compared to their male counterparts. This is an important finding when considering future modifications to postoperative care and rehabilitation in females and males following this tissue-engineered BEAR technique.",2020,English,Tissue engineering. part a,pubmed,10.1089/ten.tea.2020.0057,https://doi.org/10.1089/ten.tea.2020.0057,32589515.0,https://pubmed.ncbi.nlm.nih.gov/32589515/,Barnett+femaleshaveearliermusclestrengthandfunctionalrecoveryafterbr+2020,femaleshaveearliermusclestrengthandfunctionalrecoveryafterbr+2020,"Females Have Earlier Muscle Strength and Functional Recovery After Bridge-Enhanced Anterior Cruciate Ligament Repair. Background: While a sex effect on outcomes following anterior cruciate ligament (ACL) reconstruction surgery has been previously documented, less is known following bridge-enhanced ACL repair (BEAR). We hypothesized that female sex would have significantly worse early functional outcomes and higher retear rates following primary repair of the ACL enhanced with a tissue-engineered scaffold. Methods: Sixty-five patients (28 males and 37 females), age 14-35 with a complete ACL tear underwent primary repair of the ACL enhanced with a tissue-engineered scaffold (bridge-enhanced ACL repair) within 45 days of injury. International Knee Documentation Committee (IKDC) and Knee Injury and Osteoarthritis Outcome (KOOS) scores, as well as instrumented anteroposterior (AP) laxity through KT-1000 testing and functional outcome measures were obtained at time points up to 2 years postoperatively and compared between males and females using mixed model repeated measures analyses and chi square tests. Results: There was no significant sex difference on the postoperative IKDC Subjective Score at 3, 6, 12, or 24 months or any of the five KOOS scores at 12 and 24 months. Instrumented AP laxity testing demonstrated mean (standard deviation) side-to-side differences that were similar in the two sexes at 2 years; 1.7 (2.7) mm and 1.5 (3.7) mm in females and males, respectively, p = 0.72. At 6 months postoperatively, males had a larger deficit in hamstring strength on the operated leg (14.0% vs. 1.7%; p = 0.03) and a larger deficit in quadriceps strength on the operated leg (11.3% vs. 2.0%; p = 0.004); however, no sex difference was noted at 12 or 24 months. Females demonstrated superior single leg hop testing at 6 and 12 months ([91.3% vs. 78.1%, p = 0.001], [96.9% vs. 87.0%, p = 0.01] respectively). There were no significant sex differences on ipsilateral (males; 14.3% vs. females; 13.9%, p = 1.00) or contralateral (males; 3.6% vs. females; 2.8%, p = 1.00) ACL reinjury rates. Conclusions: Female subjects had better hamstring and quadriceps strength indices at 6 months than males as well as better hop test results at the 6 and 12-month time period. Despite this, there was no significant sex difference on patient-reported outcomes and objective AP laxity testing at time points up to 2 years postoperatively. Impact statement This is the first study comparing sex specific outcomes following the bridge-enhanced ACL repair technique (BEAR). The results of this study suggest that females have earlier recovery of both muscle strength and functional outcomes compared to their male counterparts. This is an important finding when considering future modifications to postoperative care and rehabilitation in females and males following this tissue-engineered BEAR technique."
161,512,513,Johnson (2018),QT,"Johnson AK, Palmieri-Smith RM, Lepley LK",Johnson,Contribution of Neuromuscular Factors to Quadriceps Asymmetry After Anterior Cruciate Ligament Reconstruction.,contributionofneuromuscularfactorstoquadricepsasymmetryafter,"CONTEXT:   To quantify quadriceps weakness after anterior cruciate ligament reconstruction (ACLR), researchers have often analyzed only peak torque. However, analyzing other characteristics of the waveform, such as the rate of torque development (RTD), time to peak torque (TTP), and central activation ratio (CAR), can lend insight into the underlying neuromuscular factors that regulate torque development. OBJECTIVE:   To determine if interlimb neuromuscular asymmetry was present in patients with ACLR at the time of clearance to return to activity. DESIGN:   Cross-sectional study. SETTING:   Laboratory. PATIENTS OR OTHER PARTICIPANTS:   A total of 10 individuals serving as controls (6 men, 4 women; age = 23.50 +/- 3.44 years, height = 1.73 +/- 0.09 m, mass = 71.79 +/- 9.91 kg) and 67 patients with ACLR (43 men, 24 women; age = 21.34 +/- 5.73 years, height = 1.74 +/- 0.11 m, mass = 77.85 +/- 16.03 kg, time postsurgery = 7.52 +/- 1.36 months) participated. MAIN OUTCOME MEASURE(S):   Isokinetic (60 degrees /s) and isometric quadriceps strength were measured. Peak torque, TTP, and RTD were calculated across isometric and isokinetic trials, and CAR was calculated from the isometric trials via the superimposed burst. Repeated-measures analyses of variance were used to compare limbs in the ACLR and control groups. RESULTS:   No between-limbs differences were detected in the control group ( P > .05). In the ACLR group, the involved limb demonstrated a longer TTP for isokinetic strength ( P = .04; Cohen d effect size [ES] = 0.18; 95% confidence interval [CI] = -0.16, 0.52), lower RTD for isometric ( P < .001; Cohen d ES = 0.73; 95% CI = 0.38, 1.08) and isokinetic ( P < .001; Cohen d ES = 0.84; 95% CI = 0.49, 1.19) strength, lower CAR ( P < .001; Cohen d ES = 0.37; 95% CI = 0.03, 0.71), and lower peak torque for isometric ( P < .001; Cohen d ES = 1.28; 95% CI = 0.91, 1.65) and isokinetic ( P < .001; Cohen d ES = 1.15; 95% CI = 0.78, 1.52) strength. CONCLUSIONS: Interlimb asymmetries at return to activity after ACLR appeared to be regulated by several underlying neuromuscular factors. We theorize that interlimb asymmetries in isometric and isokinetic quadriceps strength were associated with changes in muscle architecture. Reduced CAR, TTP, and RTD were also present, indicating a loss of motor-unit recruitment or decrease in firing rate.",2018,English,Journal of athletic training,pubmed,10.4085/1062-6050-463-16,https://doi.org/10.4085/1062-6050-463-16,29652169.0,https://pubmed.ncbi.nlm.nih.gov/29652169/,Johnson+contributionofneuromuscularfactorstoquadricepsasymmetryafter+2018,contributionofneuromuscularfactorstoquadricepsasymmetryafter+2018,"Contribution of Neuromuscular Factors to Quadriceps Asymmetry After Anterior Cruciate Ligament Reconstruction. CONTEXT:   To quantify quadriceps weakness after anterior cruciate ligament reconstruction (ACLR), researchers have often analyzed only peak torque. However, analyzing other characteristics of the waveform, such as the rate of torque development (RTD), time to peak torque (TTP), and central activation ratio (CAR), can lend insight into the underlying neuromuscular factors that regulate torque development. OBJECTIVE:   To determine if interlimb neuromuscular asymmetry was present in patients with ACLR at the time of clearance to return to activity. DESIGN:   Cross-sectional study. SETTING:   Laboratory. PATIENTS OR OTHER PARTICIPANTS:   A total of 10 individuals serving as controls (6 men, 4 women; age = 23.50 +/- 3.44 years, height = 1.73 +/- 0.09 m, mass = 71.79 +/- 9.91 kg) and 67 patients with ACLR (43 men, 24 women; age = 21.34 +/- 5.73 years, height = 1.74 +/- 0.11 m, mass = 77.85 +/- 16.03 kg, time postsurgery = 7.52 +/- 1.36 months) participated. MAIN OUTCOME MEASURE(S):   Isokinetic (60 degrees /s) and isometric quadriceps strength were measured. Peak torque, TTP, and RTD were calculated across isometric and isokinetic trials, and CAR was calculated from the isometric trials via the superimposed burst. Repeated-measures analyses of variance were used to compare limbs in the ACLR and control groups. RESULTS:   No between-limbs differences were detected in the control group ( P > .05). In the ACLR group, the involved limb demonstrated a longer TTP for isokinetic strength ( P = .04; Cohen d effect size [ES] = 0.18; 95% confidence interval [CI] = -0.16, 0.52), lower RTD for isometric ( P < .001; Cohen d ES = 0.73; 95% CI = 0.38, 1.08) and isokinetic ( P < .001; Cohen d ES = 0.84; 95% CI = 0.49, 1.19) strength, lower CAR ( P < .001; Cohen d ES = 0.37; 95% CI = 0.03, 0.71), and lower peak torque for isometric ( P < .001; Cohen d ES = 1.28; 95% CI = 0.91, 1.65) and isokinetic ( P < .001; Cohen d ES = 1.15; 95% CI = 0.78, 1.52) strength. CONCLUSIONS: Interlimb asymmetries at return to activity after ACLR appeared to be regulated by several underlying neuromuscular factors. We theorize that interlimb asymmetries in isometric and isokinetic quadriceps strength were associated with changes in muscle architecture. Reduced CAR, TTP, and RTD were also present, indicating a loss of motor-unit recruitment or decrease in firing rate."
162,513,514,Friedmann-Bette (2018),QT,"Friedmann-Bette B, Profit F, Gwechenberger T, Weiberg N, Parstorfer M, Weber MA, Streich N, Barié A",Friedmann-Bette,Strength Training Effects on Muscular Regeneration after ACL Reconstruction.,strengthtrainingeffectsonmuscularregenerationafteraclreconst,"PURPOSE: Protracted quadriceps muscle atrophy is observed after anterior cruciate ligament reconstruction (ACL-R). The aim of this study was to assess if quadriceps strength training with eccentric overload (CON/ECC) is more efficient to induce muscle regeneration after ACL-R than conventional concentric/eccentric (CON/ECC) strength training. METHODS: Biopsies from the vastus lateralis muscle were obtained from 37 recreational athletes after 12 wk of regular rehabilitation after ACL-R and again after 12 wk with twice a week of either conventional CON/ECC (n = 16) or CON/ECC (n = 21) one-legged supervised leg-press training. Immunohistochemical analyses were used to determine satellite cell (SC) number (Pax7); activated SC number (Pax7/MyoD); fibers expressing myosin heavy-chain (MHC) I and II, MHC neonatal, and fiber cross-sectional area. Magnetic resonance imaging was performed to measure quadriceps cross-sectional area and isokinetic testing for the measurement of quadriceps strength. RESULTS: CON/ECC induced a significantly (P = 0.002) greater increase in quadriceps cross-sectional area than did CON/ECC. There also was a significant increase in the fiber cross-sectional areas of all fiber types and in quadriceps strength, but without significant difference between training groups. Only CON/ECC training led to a significant (P < 0.05) increase in percent type I fibers. After training, the number of MHC I/MHCneo fibers was significantly (P < 0.05) greater in the CON/ECC than after in the CON/ECC group. The proportion of hybrid fibers tended to decrease in both groups; percent type II fibers, SC number, and activated SC number remained unchanged. CONCLUSIONS: CON/ECC leads to significantly greater muscle hypertrophy compared with CON/ECC, but without the hypothesized enhancing effect on SC activation. At the same time, CON/ECC+ induces a less favorable slower muscle phenotype for strong and fast movements.",2018,English,Medicine and science in sports and exercise,pubmed,10.1249/MSS.0000000000001564,https://doi.org/10.1249/MSS.0000000000001564,29389836.0,https://pubmed.ncbi.nlm.nih.gov/29389836/,Friedmann-Bette+strengthtrainingeffectsonmuscularregenerationafteraclreconst+2018,strengthtrainingeffectsonmuscularregenerationafteraclreconst+2018,"Strength Training Effects on Muscular Regeneration after ACL Reconstruction. PURPOSE: Protracted quadriceps muscle atrophy is observed after anterior cruciate ligament reconstruction (ACL-R). The aim of this study was to assess if quadriceps strength training with eccentric overload (CON/ECC) is more efficient to induce muscle regeneration after ACL-R than conventional concentric/eccentric (CON/ECC) strength training. METHODS: Biopsies from the vastus lateralis muscle were obtained from 37 recreational athletes after 12 wk of regular rehabilitation after ACL-R and again after 12 wk with twice a week of either conventional CON/ECC (n = 16) or CON/ECC (n = 21) one-legged supervised leg-press training. Immunohistochemical analyses were used to determine satellite cell (SC) number (Pax7); activated SC number (Pax7/MyoD); fibers expressing myosin heavy-chain (MHC) I and II, MHC neonatal, and fiber cross-sectional area. Magnetic resonance imaging was performed to measure quadriceps cross-sectional area and isokinetic testing for the measurement of quadriceps strength. RESULTS: CON/ECC induced a significantly (P = 0.002) greater increase in quadriceps cross-sectional area than did CON/ECC. There also was a significant increase in the fiber cross-sectional areas of all fiber types and in quadriceps strength, but without significant difference between training groups. Only CON/ECC training led to a significant (P < 0.05) increase in percent type I fibers. After training, the number of MHC I/MHCneo fibers was significantly (P < 0.05) greater in the CON/ECC than after in the CON/ECC group. The proportion of hybrid fibers tended to decrease in both groups; percent type II fibers, SC number, and activated SC number remained unchanged. CONCLUSIONS: CON/ECC leads to significantly greater muscle hypertrophy compared with CON/ECC, but without the hypothesized enhancing effect on SC activation. At the same time, CON/ECC+ induces a less favorable slower muscle phenotype for strong and fast movements."
173,535,536,Krishnan (2015),QT,"Krishnan C, Theuerkauf P",Krishnan,Effect of knee angle on quadriceps strength and activation after anterior cruciate ligament reconstruction.,effectofkneeangleonquadricepsstrengthandactivationafteranter,"Quadriceps strength and activation deficits after anterior cruciate ligament (ACL) injury or surgery are typically evaluated at joint positions that are biomechanically advantageous to the quadriceps muscle. However, the effect of knee joint position and the associated changes in muscle length on strength and activation is currently unknown in this population. Here, we examined the effect of knee angle on quadriceps strength, activation, and electrically evoked torque in individuals with ACL reconstruction. Furthermore, we evaluated whether knee angle mediated the relationship between quadriceps weakness and functional performance after ACL reconstruction. Knee strength and activation were tested bilaterally at 90 degrees  and 45 degrees  of knee flexion in 11 subjects with ACL reconstruction using an interpolated triplet technique. The magnitude of electrically evoked torque at rest was used to quantify peripheral muscle contractile property changes, and the single-leg hop for distance test was used to evaluate functional performance. The results indicated that although quadriceps strength deficits were similar between knee angles, voluntary activation deficits were significantly higher in the reconstructed leg at 45 degrees  of knee flexion. On the contrary, the side-to-side evoked torque at rest ratio [i.e., (reconstructed/nonreconstructed) x 100] was significantly lower at 90 degrees  than at 45 degrees  of knee flexion. The association between quadriceps strength and functional performance was stronger at 45 degrees  of knee flexion. The results provide novel evidence that quadriceps activation is selectively affected at 45 degrees  of knee flexion and emphasize the importance of assessing quadriceps strength and activation at this position when feasible because it better captures activation deficits.",2015,English,Journal of applied physiology ,pubmed,10.1152/japplphysiol.01044.2014,https://doi.org/10.1152/japplphysiol.01044.2014,25997949.0,https://pubmed.ncbi.nlm.nih.gov/25997949/,Krishnan+effectofkneeangleonquadricepsstrengthandactivationafteranter+2015,effectofkneeangleonquadricepsstrengthandactivationafteranter+2015,"Effect of knee angle on quadriceps strength and activation after anterior cruciate ligament reconstruction. Quadriceps strength and activation deficits after anterior cruciate ligament (ACL) injury or surgery are typically evaluated at joint positions that are biomechanically advantageous to the quadriceps muscle. However, the effect of knee joint position and the associated changes in muscle length on strength and activation is currently unknown in this population. Here, we examined the effect of knee angle on quadriceps strength, activation, and electrically evoked torque in individuals with ACL reconstruction. Furthermore, we evaluated whether knee angle mediated the relationship between quadriceps weakness and functional performance after ACL reconstruction. Knee strength and activation were tested bilaterally at 90 degrees  and 45 degrees  of knee flexion in 11 subjects with ACL reconstruction using an interpolated triplet technique. The magnitude of electrically evoked torque at rest was used to quantify peripheral muscle contractile property changes, and the single-leg hop for distance test was used to evaluate functional performance. The results indicated that although quadriceps strength deficits were similar between knee angles, voluntary activation deficits were significantly higher in the reconstructed leg at 45 degrees  of knee flexion. On the contrary, the side-to-side evoked torque at rest ratio [i.e., (reconstructed/nonreconstructed) x 100] was significantly lower at 90 degrees  than at 45 degrees  of knee flexion. The association between quadriceps strength and functional performance was stronger at 45 degrees  of knee flexion. The results provide novel evidence that quadriceps activation is selectively affected at 45 degrees  of knee flexion and emphasize the importance of assessing quadriceps strength and activation at this position when feasible because it better captures activation deficits."
181,549,550,Stensrud (2014),QT,"Stensrud S, Risberg MA, Roos EM",Stensrud,Knee function and knee muscle strength in middle-aged patients with degenerative meniscal tears eligible for arthroscopic partial meniscectomy.,kneefunctionandkneemusclestrengthinmiddleagedpatientswithdeg,"BACKGROUND: Functional limitations exist postmeniscectomy, but preoperative data are scarce. PURPOSE: To examine knee function, knee muscle strength and performance in middle-aged patients with degenerative meniscal tears, eligible for arthroscopic partial meniscectomy. STUDY DESIGN: Cross-sectional study. METHODS: Eighty-two participants with MRI verified degenerative meniscal tear (35% women, mean age 49 years) answered the Knee injury and Osteoarthritis Outcome Score (KOOS) and were tested for isokinetic knee muscle strength and lower extremity performance (one-leg hop for distance, 6 m timed hop and maximum number of knee-bends in 30 s). Limb Symmetry Index (LSI) was used to express side-to-side differences in per cent using the non-injured leg as the control. An LSI >/=90% was considered normal. RESULTS: Mean scores of the five subscales of the KOOS were from 13 to 36 points lower compared with a population-based reference group and similar to patients prior to anterior cruciate ligament reconstruction. Quadriceps strength and lower-extremity performance were impaired for the injured leg compared with the non-injured leg (p<0.001), with a mean difference of 13% in quadriceps strength and between 8% and 13% in lower-extremity performance. Between 41% and 52% of the participants had abnormal LSI values in quadriceps muscle strength and lower-extremity performance. CONCLUSION: Middle-aged patients with a symptomatic degenerative meniscal tear experience functional knee problems when eligible for meniscectomy. Included participants reported difficulty with knee pain, symptoms, function and quality of life and quadriceps strength and lower-extremity performance were impaired. Approximately 50% of the study group had clinically relevant impairments in quadriceps strength and lower-extremity performance, defined as >10% differences between the injured and the non-injured leg.",2014,English,British journal of sports medicine,pubmed,10.1136/bjsports-2012-091540,https://doi.org/10.1136/bjsports-2012-091540,23242961.0,https://pubmed.ncbi.nlm.nih.gov/23242961/,Stensrud+kneefunctionandkneemusclestrengthinmiddleagedpatientswithdeg+2014,kneefunctionandkneemusclestrengthinmiddleagedpatientswithdeg+2014,"Knee function and knee muscle strength in middle-aged patients with degenerative meniscal tears eligible for arthroscopic partial meniscectomy. BACKGROUND: Functional limitations exist postmeniscectomy, but preoperative data are scarce. PURPOSE: To examine knee function, knee muscle strength and performance in middle-aged patients with degenerative meniscal tears, eligible for arthroscopic partial meniscectomy. STUDY DESIGN: Cross-sectional study. METHODS: Eighty-two participants with MRI verified degenerative meniscal tear (35% women, mean age 49 years) answered the Knee injury and Osteoarthritis Outcome Score (KOOS) and were tested for isokinetic knee muscle strength and lower extremity performance (one-leg hop for distance, 6 m timed hop and maximum number of knee-bends in 30 s). Limb Symmetry Index (LSI) was used to express side-to-side differences in per cent using the non-injured leg as the control. An LSI >/=90% was considered normal. RESULTS: Mean scores of the five subscales of the KOOS were from 13 to 36 points lower compared with a population-based reference group and similar to patients prior to anterior cruciate ligament reconstruction. Quadriceps strength and lower-extremity performance were impaired for the injured leg compared with the non-injured leg (p<0.001), with a mean difference of 13% in quadriceps strength and between 8% and 13% in lower-extremity performance. Between 41% and 52% of the participants had abnormal LSI values in quadriceps muscle strength and lower-extremity performance. CONCLUSION: Middle-aged patients with a symptomatic degenerative meniscal tear experience functional knee problems when eligible for meniscectomy. Included participants reported difficulty with knee pain, symptoms, function and quality of life and quadriceps strength and lower-extremity performance were impaired. Approximately 50% of the study group had clinically relevant impairments in quadriceps strength and lower-extremity performance, defined as >10% differences between the injured and the non-injured leg."
182,551,552,Hartigan (2012),QT,"Hartigan EH, Zeni J Jr, Di Stasi S, Axe MJ, Snyder-Mackler L",Hartigan,Preoperative predictors for noncopers to pass return to sports criteria after ACL reconstruction.,preoperativepredictorsfornoncoperstopassreturntosportscriter,"Less than 50% of athletes pass criteria to return to sports (RTS) 6 months after ACL reconstruction (ACLR). Using data on 38 noncopers, we hypothesized that preoperative age, quadriceps strength index (QI), and knee flexion moments (KFM) during gait would predict the ability to pass/fail RTS criteria and that preoperative quadriceps strength gains would be predictive of passing RTS criteria. Gait analysis and strength data were collected before and after a preoperative intervention and 6 months after ACLR. Age, QI, and KFM each contributed to the predictability to pass or fail RTS criteria 6 months after ACLR. Collectively, the variables predict 69% who would pass and 82% who would fail RTS criteria 6 months after ACLR. Younger athletes who have symmetrical quadriceps strength and greater KFM were more likely to pass RTS criteria. Further, 63% of those who increased preoperative quadriceps strength passed RTS criteria, whereas 73% who did not failed. Increasing quadriceps strength in noncopers before ACLR seems warranted.",2012,English,Journal of applied biomechanics,pubmed,10.1123/jab.28.4.366,https://doi.org/10.1123/jab.28.4.366,22983930.0,https://pubmed.ncbi.nlm.nih.gov/22983930/,Hartigan+preoperativepredictorsfornoncoperstopassreturntosportscriter+2012,preoperativepredictorsfornoncoperstopassreturntosportscriter+2012,"Preoperative predictors for noncopers to pass return to sports criteria after ACL reconstruction. Less than 50% of athletes pass criteria to return to sports (RTS) 6 months after ACL reconstruction (ACLR). Using data on 38 noncopers, we hypothesized that preoperative age, quadriceps strength index (QI), and knee flexion moments (KFM) during gait would predict the ability to pass/fail RTS criteria and that preoperative quadriceps strength gains would be predictive of passing RTS criteria. Gait analysis and strength data were collected before and after a preoperative intervention and 6 months after ACLR. Age, QI, and KFM each contributed to the predictability to pass or fail RTS criteria 6 months after ACLR. Collectively, the variables predict 69% who would pass and 82% who would fail RTS criteria 6 months after ACLR. Younger athletes who have symmetrical quadriceps strength and greater KFM were more likely to pass RTS criteria. Further, 63% of those who increased preoperative quadriceps strength passed RTS criteria, whereas 73% who did not failed. Increasing quadriceps strength in noncopers before ACLR seems warranted."
189,561,562,Tagesson (2010),QT,"Tagesson S, Oberg B, Kvist J",Tagesson,Tibial translation and muscle activation during rehabilitation exercises 5 weeks after anterior cruciate ligament reconstruction.,tibialtranslationandmuscleactivationduringrehabilitationexer,"The aim of this study was to compare different rehabilitation exercises with respect to dynamic anterior tibial translation and muscle activation 5 weeks after an anterior cruciate ligament (ACL) reconstruction. Another aim was to compare the ACL-reconstructed knee with the ACL-injured and the uninjured knees for differences in anterior tibial translation and muscle activation during the exercises. Sagittal tibial translation and muscle activation were measured during the Lachman test (static translation) and during seven rehabilitation exercises (dynamic translation) in 19 patients. Results obtained 5 weeks after ACL reconstruction were compared with those obtained before the ACL reconstruction (ACL-deficient and uninjured knee). After ACL reconstruction the seated knee extension produced more anterior tibial translation than the straight leg raise and standing on one leg. The ACL reconstruction reduced the static and the dynamic tibial translation and the tibial translations measured in ACL-reconstructed knees were similar to those measured in uninjured knees. After ACL reconstruction, the patients used a joint stiffening strategy that used more hamstring activation and reduced the dynamic tibial translation. Although all exercises tested are suitable for rehabilitation after ACL reconstruction, to protect the graft from excessive strain, the straight leg raise and squat on one leg are preferable for quadriceps training in the early phase of rehabilitation.",2010,English,Scandinavian journal of medicine & science in sports,pubmed,10.1111/j.1600-0838.2009.00903.x,https://doi.org/10.1111/j.1600-0838.2009.00903.x,19486478.0,https://pubmed.ncbi.nlm.nih.gov/19486478/,Tagesson+tibialtranslationandmuscleactivationduringrehabilitationexer+2010,tibialtranslationandmuscleactivationduringrehabilitationexer+2010,"Tibial translation and muscle activation during rehabilitation exercises 5 weeks after anterior cruciate ligament reconstruction. The aim of this study was to compare different rehabilitation exercises with respect to dynamic anterior tibial translation and muscle activation 5 weeks after an anterior cruciate ligament (ACL) reconstruction. Another aim was to compare the ACL-reconstructed knee with the ACL-injured and the uninjured knees for differences in anterior tibial translation and muscle activation during the exercises. Sagittal tibial translation and muscle activation were measured during the Lachman test (static translation) and during seven rehabilitation exercises (dynamic translation) in 19 patients. Results obtained 5 weeks after ACL reconstruction were compared with those obtained before the ACL reconstruction (ACL-deficient and uninjured knee). After ACL reconstruction the seated knee extension produced more anterior tibial translation than the straight leg raise and standing on one leg. The ACL reconstruction reduced the static and the dynamic tibial translation and the tibial translations measured in ACL-reconstructed knees were similar to those measured in uninjured knees. After ACL reconstruction, the patients used a joint stiffening strategy that used more hamstring activation and reduced the dynamic tibial translation. Although all exercises tested are suitable for rehabilitation after ACL reconstruction, to protect the graft from excessive strain, the straight leg raise and squat on one leg are preferable for quadriceps training in the early phase of rehabilitation."
190,563,564,Eitzen (2009),QT,"Eitzen I, Holm I, Risberg MA",Eitzen,Preoperative quadriceps strength is a significant predictor of knee function two years after anterior cruciate ligament reconstruction.,preoperativequadricepsstrengthisasignificantpredictorofkneef,"OBJECTIVE: To identify preoperative predictive factors for knee function two years after reconstructive surgery of the anterior cruciate ligament (ACL). The main hypothesis was that preoperative quadriceps strength would be the most significant predictor for knee function two years after reconstructive surgery. DESIGN: Cohort study. SETTING: ACL injured individuals treated at a University Hospital and an outpatient clinic in Oslo, Norway. PARTICIPANTS: Seventy-three individuals with complete unilateral rupture of the ACL scheduled for reconstruction with a bone-patellar-bone autograft were included in the study, from where 60 were available for two-year follow up and included in the final analyses. INTERVENTIONS: Not applicable. MAIN OUTCOME MEASUREMENTS: Identification of baseline independent variables that may predict knee function assessed with the Cincinnati Knee Score as dependent variable two years after ACL reconstruction. RESULTS: Quadriceps muscle strength, meniscus injury and the Short-Form-36 Bodily Pain sub score were identified as significant predictors for knee function assessed from the Cincinnati Knee Score two years after ACL reconstruction. Individuals with preoperative quadriceps strength deficits above 20% also had persistent significantly larger strength deficits two years after surgery. CONCLUSIONS: Preoperative quadriceps muscle strength deficits and meniscus injuries have significant negative consequences for the long-term functional outcome after ACL reconstruction. From our findings we suggest that ACL reconstruction should not be performed before quadriceps muscle strength deficits of the injured limb is less than 20% of the uninjured limb.",2009,English,British journal of sports medicine,pubmed,10.1136/bjsm.2008.057059,https://doi.org/10.1136/bjsm.2008.057059,19224907.0,https://pubmed.ncbi.nlm.nih.gov/19224907/,Eitzen+preoperativequadricepsstrengthisasignificantpredictorofkneef+2009,preoperativequadricepsstrengthisasignificantpredictorofkneef+2009,"Preoperative quadriceps strength is a significant predictor of knee function two years after anterior cruciate ligament reconstruction. OBJECTIVE: To identify preoperative predictive factors for knee function two years after reconstructive surgery of the anterior cruciate ligament (ACL). The main hypothesis was that preoperative quadriceps strength would be the most significant predictor for knee function two years after reconstructive surgery. DESIGN: Cohort study. SETTING: ACL injured individuals treated at a University Hospital and an outpatient clinic in Oslo, Norway. PARTICIPANTS: Seventy-three individuals with complete unilateral rupture of the ACL scheduled for reconstruction with a bone-patellar-bone autograft were included in the study, from where 60 were available for two-year follow up and included in the final analyses. INTERVENTIONS: Not applicable. MAIN OUTCOME MEASUREMENTS: Identification of baseline independent variables that may predict knee function assessed with the Cincinnati Knee Score as dependent variable two years after ACL reconstruction. RESULTS: Quadriceps muscle strength, meniscus injury and the Short-Form-36 Bodily Pain sub score were identified as significant predictors for knee function assessed from the Cincinnati Knee Score two years after ACL reconstruction. Individuals with preoperative quadriceps strength deficits above 20% also had persistent significantly larger strength deficits two years after surgery. CONCLUSIONS: Preoperative quadriceps muscle strength deficits and meniscus injuries have significant negative consequences for the long-term functional outcome after ACL reconstruction. From our findings we suggest that ACL reconstruction should not be performed before quadriceps muscle strength deficits of the injured limb is less than 20% of the uninjured limb."
196,573,574,Brunetti (2006),QT,"Brunetti O, Filippi GM, Lorenzini M, Liti A, Panichi R, Roscini M, Pettorossi VE, Cerulli G",Brunetti,Improvement of posture stability by vibratory stimulation following anterior cruciate ligament reconstruction.,improvementofposturestabilitybyvibratorystimulationfollowing,"Surgical reconstruction of the anterior cruciate ligament (ACL) may reduce, but it does not always eliminate, knee and body instability because of a persisting proprioceptive deficit. In order to enhance body stability, a new protocol of treatment has been proposed consisting of mechanical vibration (100 Hz frequency and < 20 microm amplitude) of the quadriceps muscle in the leg that has undergone ACL reconstruction. In our trials, stimulation was performed when the quadriceps muscle was kept isometrically contracted. Treatment was started one month after surgery. Vibration was applied for short periods over three consecutive days. Nine months after treatment, postural stability was re-evaluated with the subjects standing on one leg with open and with closed eyes. The postural stability of the subjects having undergone vibration treatment, standing on the operated leg was significantly improved one day after treatment when evaluated as mean of speed and elliptic area of the center of pressure. The improvement persisted and increased during the following weeks. Peak torques of the operated leg extensor muscles also increased and reached values close to that of the leg, which had not been operated. Conversely, the balance of the untreated subjects standing on the operated leg did not improve and the restoration of the extensor muscle peak torque was poor. It is concluded that short lasting proprioceptive activation by vibration may lead to a faster and more complete equilibrium recovery probably by permanently changing the network controlling knee posture.",2006,English,Knee surgery sports traumatology arthroscopy : official journal of the esska,pubmed,10.1007/s00167-006-0101-2,https://doi.org/10.1007/s00167-006-0101-2,16763853.0,https://pubmed.ncbi.nlm.nih.gov/16763853/,Brunetti+improvementofposturestabilitybyvibratorystimulationfollowing+2006,improvementofposturestabilitybyvibratorystimulationfollowing+2006,"Improvement of posture stability by vibratory stimulation following anterior cruciate ligament reconstruction. Surgical reconstruction of the anterior cruciate ligament (ACL) may reduce, but it does not always eliminate, knee and body instability because of a persisting proprioceptive deficit. In order to enhance body stability, a new protocol of treatment has been proposed consisting of mechanical vibration (100 Hz frequency and < 20 microm amplitude) of the quadriceps muscle in the leg that has undergone ACL reconstruction. In our trials, stimulation was performed when the quadriceps muscle was kept isometrically contracted. Treatment was started one month after surgery. Vibration was applied for short periods over three consecutive days. Nine months after treatment, postural stability was re-evaluated with the subjects standing on one leg with open and with closed eyes. The postural stability of the subjects having undergone vibration treatment, standing on the operated leg was significantly improved one day after treatment when evaluated as mean of speed and elliptic area of the center of pressure. The improvement persisted and increased during the following weeks. Peak torques of the operated leg extensor muscles also increased and reached values close to that of the leg, which had not been operated. Conversely, the balance of the untreated subjects standing on the operated leg did not improve and the restoration of the extensor muscle peak torque was poor. It is concluded that short lasting proprioceptive activation by vibration may lead to a faster and more complete equilibrium recovery probably by permanently changing the network controlling knee posture."
202,584,585,Alkjaer (2003),QT,"Alkjaer T, Simonsen EB, Jørgensen U, Dyhre-Poulsen P",Alkjaer,Evaluation of the walking pattern in two types of patients with anterior cruciate ligament deficiency: copers and non-copers.,evaluationofthewalkingpatternintwotypesofpatientswithanterio,"The purpose of the present study was to investigate whether different walking patterns in healthy subjects and in coper and non-coper subjects with deficient anterior cruciate ligaments could be quantified. An inverse dynamics approach was used to calculate joint kinematics and kinetics for flexion and extension. EMG signals of the hamstrings and quadriceps muscles were recorded. The results showed that the peak knee flexion angle was greater in the copers than in the controls. There was a positive correlation between the peak knee extensor moment and peak knee flexion angle. Furthermore, at a given peak knee flexion angle, the peak knee extensor moment was significantly larger in the controls than in the non-copers. The hip extensor moment in the copers was significantly larger than that of the non-copers and the controls. In conclusion, the three groups walked according to different patterns. It is suggested that the copers stabilized their knee joint by co-contraction of the hamstrings and quadriceps muscles, while the non-copers lacked this ability. Instead, the non-copers reduced the knee extensor moment in order to decrease anterior displacement of the tibia. The walking pattern differences observed between the copers and non-copers may explain their different post-injury activity levels.",2003,English,European journal of applied physiology,pubmed,10.1007/s00421-002-0787-x,https://doi.org/10.1007/s00421-002-0787-x,12736838.0,https://pubmed.ncbi.nlm.nih.gov/12736838/,Alkjaer+evaluationofthewalkingpatternintwotypesofpatientswithanterio+2003,evaluationofthewalkingpatternintwotypesofpatientswithanterio+2003,"Evaluation of the walking pattern in two types of patients with anterior cruciate ligament deficiency: copers and non-copers. The purpose of the present study was to investigate whether different walking patterns in healthy subjects and in coper and non-coper subjects with deficient anterior cruciate ligaments could be quantified. An inverse dynamics approach was used to calculate joint kinematics and kinetics for flexion and extension. EMG signals of the hamstrings and quadriceps muscles were recorded. The results showed that the peak knee flexion angle was greater in the copers than in the controls. There was a positive correlation between the peak knee extensor moment and peak knee flexion angle. Furthermore, at a given peak knee flexion angle, the peak knee extensor moment was significantly larger in the controls than in the non-copers. The hip extensor moment in the copers was significantly larger than that of the non-copers and the controls. In conclusion, the three groups walked according to different patterns. It is suggested that the copers stabilized their knee joint by co-contraction of the hamstrings and quadriceps muscles, while the non-copers lacked this ability. Instead, the non-copers reduced the knee extensor moment in order to decrease anterior displacement of the tibia. The walking pattern differences observed between the copers and non-copers may explain their different post-injury activity levels."
206,594,595,Kvist (2001),QT,"Kvist J, Gillquist J",Kvist,Anterior positioning of tibia during motion after anterior cruciate ligament injury.,anteriorpositioningoftibiaduringmotionafteranteriorcruciatel,"PURPOSE: The purpose of this study was to describe the sagittal tibial translation and EMG activity of muscles v. medialis and lateralis, gastrocnemius, and hamstrings, during common locomotion, in patients with an anterior cruciate ligament deficiency (ACL-def) and uninjured controls. METHODS: In 12 ACL-def patients and 17 controls, sagittal tibial translation was registered with the CA-4000 electrogoniometer during level walking, cutting, and stair walking. Tibial position at each flexion angle was expressed relative to the femuro-tibial position at passive knee extension. EMG activity, measured with ME-4000, was normalized to the individual maximum isometric voluntary contraction for each muscle. RESULTS: During the weight-bearing phase of motion, the tibia was anteriorly positioned in all legs. In the injured leg, the tibia translated more rapidly to an anterior position that was maintained for a longer time during the gait cycle. In the noninjured knees, motions with increased load lead to an increased anterior tibial translation in contrast to the injured knees, where the maximum displacement was already reached during level walking. The quadriceps and gastrocnemius muscles were simultaneously active during stance phase. Hamstrings were mainly active when the knee was close to extension and translation increased in spite of this activity. CONCLUSIONS: The mechanism of the anterior positioning of tibia is qualitatively similar in the normal and the injured knee, but that position is obtained much further forward in the ACL deficient knee. Quadriceps and gastrocnemius muscles seem to work synergistically to stabilize the knee by maintaining the anterior position of tibia during weight-bearing motion. The role of hamstrings to restrict anterior translation is questioned.",2001,English,Medicine and science in sports and exercise,pubmed,10.1097/00005768-200107000-00001,https://doi.org/10.1097/00005768-200107000-00001,11445751.0,https://pubmed.ncbi.nlm.nih.gov/11445751/,Kvist+anteriorpositioningoftibiaduringmotionafteranteriorcruciatel+2001,anteriorpositioningoftibiaduringmotionafteranteriorcruciatel+2001,"Anterior positioning of tibia during motion after anterior cruciate ligament injury. PURPOSE: The purpose of this study was to describe the sagittal tibial translation and EMG activity of muscles v. medialis and lateralis, gastrocnemius, and hamstrings, during common locomotion, in patients with an anterior cruciate ligament deficiency (ACL-def) and uninjured controls. METHODS: In 12 ACL-def patients and 17 controls, sagittal tibial translation was registered with the CA-4000 electrogoniometer during level walking, cutting, and stair walking. Tibial position at each flexion angle was expressed relative to the femuro-tibial position at passive knee extension. EMG activity, measured with ME-4000, was normalized to the individual maximum isometric voluntary contraction for each muscle. RESULTS: During the weight-bearing phase of motion, the tibia was anteriorly positioned in all legs. In the injured leg, the tibia translated more rapidly to an anterior position that was maintained for a longer time during the gait cycle. In the noninjured knees, motions with increased load lead to an increased anterior tibial translation in contrast to the injured knees, where the maximum displacement was already reached during level walking. The quadriceps and gastrocnemius muscles were simultaneously active during stance phase. Hamstrings were mainly active when the knee was close to extension and translation increased in spite of this activity. CONCLUSIONS: The mechanism of the anterior positioning of tibia is qualitatively similar in the normal and the injured knee, but that position is obtained much further forward in the ACL deficient knee. Quadriceps and gastrocnemius muscles seem to work synergistically to stabilize the knee by maintaining the anterior position of tibia during weight-bearing motion. The role of hamstrings to restrict anterior translation is questioned."
207,596,597,Mikkelsen (2000),QT,"Mikkelsen C, Werner S, Eriksson E",Mikkelsen,Closed kinetic chain alone compared to combined open and closed kinetic chain exercises for quadriceps strengthening after anterior cruciate ligament reconstruction with respect to return to sports: a prospective matched follow-up study.,closedkineticchainalonecomparedtocombinedopenandclosedkineti,"Rehabilitation after anterior cruciate ligament (ACL) reconstruction has focused over the past decade on closed kinetic chain (CKC) exercises due to presumably less strain on the graft than with isokinetic open kinetic chain exercises (OKC); however, recent reports suggest that there are only minor differences in ACL strain values between some CKC and OKC exercises. We studied anterior knee laxity, thigh muscle torque, and return to preinjury sports level in 44 patients with unilateral ACL; group 1 carried out quadriceps strengthening only with CKC while group 2 trained with CKC plus OKC exercises starting from week 6 after surgery. Anterior knee laxity was determined with a KT-1000 arthrometer; isokinetic concentric and eccentric quadriceps and hamstring muscle torque were studied with a Kin-Com dynamometer before and 6 months after surgery. At an average of 31 months after surgery the patients answered a questionnaire regarding their current knee function and physical activity/sports to determine the extent and timing of their recovery. No significant differences in anterior knee laxity were noted between the groups 6 months postsurgery. Patients in group 2 increased their quadriceps torque significantly more than those in group 1, but no differences were found in hamstring torque between the groups. A significantly higher number of patients in group 2 (n = 12) than in group 1 (n = 5) returned to sports at the same level as before the injury (P < 0.05). Patients from group 2 who returned to sports at the same level did so 2 months earlier than those in group 1. Thus the addition of OKC quadriceps training after ACL reconstruction results in a significantly better improvement in quadriceps torque without reducing knee joint stability at 6 months and also leads to a significantly higher number of athletes returning to their previous activity earlier and at the same level as before injury.",2000,English,Knee surgery sports traumatology arthroscopy : official journal of the esska,pubmed,10.1007/s001670000143,https://doi.org/10.1007/s001670000143,11147151.0,https://pubmed.ncbi.nlm.nih.gov/11147151/,Mikkelsen+closedkineticchainalonecomparedtocombinedopenandclosedkineti+2000,closedkineticchainalonecomparedtocombinedopenandclosedkineti+2000,"Closed kinetic chain alone compared to combined open and closed kinetic chain exercises for quadriceps strengthening after anterior cruciate ligament reconstruction with respect to return to sports: a prospective matched follow-up study. Rehabilitation after anterior cruciate ligament (ACL) reconstruction has focused over the past decade on closed kinetic chain (CKC) exercises due to presumably less strain on the graft than with isokinetic open kinetic chain exercises (OKC); however, recent reports suggest that there are only minor differences in ACL strain values between some CKC and OKC exercises. We studied anterior knee laxity, thigh muscle torque, and return to preinjury sports level in 44 patients with unilateral ACL; group 1 carried out quadriceps strengthening only with CKC while group 2 trained with CKC plus OKC exercises starting from week 6 after surgery. Anterior knee laxity was determined with a KT-1000 arthrometer; isokinetic concentric and eccentric quadriceps and hamstring muscle torque were studied with a Kin-Com dynamometer before and 6 months after surgery. At an average of 31 months after surgery the patients answered a questionnaire regarding their current knee function and physical activity/sports to determine the extent and timing of their recovery. No significant differences in anterior knee laxity were noted between the groups 6 months postsurgery. Patients in group 2 increased their quadriceps torque significantly more than those in group 1, but no differences were found in hamstring torque between the groups. A significantly higher number of patients in group 2 (n = 12) than in group 1 (n = 5) returned to sports at the same level as before the injury (P < 0.05). Patients from group 2 who returned to sports at the same level did so 2 months earlier than those in group 1. Thus the addition of OKC quadriceps training after ACL reconstruction results in a significantly better improvement in quadriceps torque without reducing knee joint stability at 6 months and also leads to a significantly higher number of athletes returning to their previous activity earlier and at the same level as before injury."
222,1060,109,Fralinger (2016),BPTB,"Fralinger DJ, Kaplan DJ, Weinberg ME, Strauss EJ, Jazrawi LM",Fralinger,BIOLOGICAL TREATMENTS FOR TENDON AND LIGAMENT ABNORMALITIES A Critical Analysis Review,biologicaltreatmentsfortendonandligamentabnormalitiesacritic,"The poor intrinsic healing potential of tendon and ligamentous tissue has driven the search for biological agents that can improve healing, most notably platelet-rich plasma (PRP) and autologous stem cells. Current evidence best supports the use of PRP as treatment for chronic, degenerative tendinopathies such as lateral epicondylitis of the elbow or patellar tendinopathy. It does not support the use of PRP to promote tendon or ligament-to-bone healing in rotator cuff repair or anterior cruciate ligament (ACL) reconstruction. Clinical evidence regarding the use of autologous stem cells as treatment for tendon and ligament abnormalities is currently limited. However, the initial results appear to be promising, particularly following rotator cuff repair. A major limitation in the evaluation of current data is the lack of standardization in the preparation and composition of PRP, which are often not reported. Future investigators should make an effort to report the method of preparation and final composition of PRP used. Autologous stem cells were most often harvested from bone marrow aspirate but were occasionally derived from dermal tenocyte cells. Recent studies have explored new sources for stem cells, including adipose tissue, peripheral blood, and human amniotic tissue. We expect that clinical data evaluating these treatments will soon emerge.",2016,English,Jbjs reviews,wos,10.2106/JBJS.RVW.15.00079,https://doi.org/10.2106/JBJS.RVW.15.00079,27486722.0,https://pubmed.ncbi.nlm.nih.gov/27486722/,Fralinger+biologicaltreatmentsfortendonandligamentabnormalitiesacritic+2016,biologicaltreatmentsfortendonandligamentabnormalitiesacritic+2016,"BIOLOGICAL TREATMENTS FOR TENDON AND LIGAMENT ABNORMALITIES A Critical Analysis Review The poor intrinsic healing potential of tendon and ligamentous tissue has driven the search for biological agents that can improve healing, most notably platelet-rich plasma (PRP) and autologous stem cells. Current evidence best supports the use of PRP as treatment for chronic, degenerative tendinopathies such as lateral epicondylitis of the elbow or patellar tendinopathy. It does not support the use of PRP to promote tendon or ligament-to-bone healing in rotator cuff repair or anterior cruciate ligament (ACL) reconstruction. Clinical evidence regarding the use of autologous stem cells as treatment for tendon and ligament abnormalities is currently limited. However, the initial results appear to be promising, particularly following rotator cuff repair. A major limitation in the evaluation of current data is the lack of standardization in the preparation and composition of PRP, which are often not reported. Future investigators should make an effort to report the method of preparation and final composition of PRP used. Autologous stem cells were most often harvested from bone marrow aspirate but were occasionally derived from dermal tenocyte cells. Recent studies have explored new sources for stem cells, including adipose tissue, peripheral blood, and human amniotic tissue. We expect that clinical data evaluating these treatments will soon emerge."
239,1243,292,Aitchison (2022),HT,"Aitchison AH, Schlichte LM, Heath MR, Fabricant PD, Green DW",Aitchison,Posterior Approach With Small Incision Is a Safe Alternative to Anterior Approach for Hamstring Autograft Harvest in Adolescents,posteriorapproachwithsmallincisionisasafealternativetoanteri,"Background: There are potential drawbacks and complications associated with using the anterior approach to harvest the hamstring tendon as an autograft source for anterior cruciate ligament (ACL) and medial patellofemoral ligament (MPFL) reconstruction. A posterior harvest technique has been described as an alternative to an anterior approach in skeletally mature patients. The 2 approaches have not been compared in adolescents. Purpose: We sought to compare the incision size and harvested tendon length produced by anterior and posterior hamstring harvest techniques in an adolescent population. Methods: After obtaining consent, we prospectively collected data on a consecutive series of 115 adolescents undergoing ACL or MPFL reconstruction, including the length of the incision and of the harvested hamstring tendon. Demographic information including age, sex, and body mass index (BMI) was collected at the time of surgery. Results: The mean age at the time of surgery was 14.3 +/- 1.8 years (range: 9-21 years), and 43% (N = 50) of participants were male. Of the 115 hamstring autografts, 26 were harvested anteriorly and 89 were harvested posteriorly. Neither mean semitendinosus length nor mean gracilis length was significantly different when harvested anteriorly versus posteriorly. The posterior harvest group had a mean incision length that was significantly smaller than that of the anterior harvest group. No iatrogenic nerve injuries or neurovascular complications were observed in either group. Conclusion: A posterior incision for hamstring autograft harvest provided an alternative approach in adolescents, which resulted in a 20% smaller incision than an anterior approach. For procedures such as MPFL reconstruction that do not require concomitant anteromedial work, posterior hamstring harvest may be used to improve cosmesis while producing viable hamstring autograft tissue for surgical reconstruction.",2022,English,Hss journal,wos,10.1177/15563316221085262,https://doi.org/10.1177/15563316221085262,36263280.0,https://pubmed.ncbi.nlm.nih.gov/36263280/,Aitchison+posteriorapproachwithsmallincisionisasafealternativetoanteri+2022,posteriorapproachwithsmallincisionisasafealternativetoanteri+2022,"Posterior Approach With Small Incision Is a Safe Alternative to Anterior Approach for Hamstring Autograft Harvest in Adolescents Background: There are potential drawbacks and complications associated with using the anterior approach to harvest the hamstring tendon as an autograft source for anterior cruciate ligament (ACL) and medial patellofemoral ligament (MPFL) reconstruction. A posterior harvest technique has been described as an alternative to an anterior approach in skeletally mature patients. The 2 approaches have not been compared in adolescents. Purpose: We sought to compare the incision size and harvested tendon length produced by anterior and posterior hamstring harvest techniques in an adolescent population. Methods: After obtaining consent, we prospectively collected data on a consecutive series of 115 adolescents undergoing ACL or MPFL reconstruction, including the length of the incision and of the harvested hamstring tendon. Demographic information including age, sex, and body mass index (BMI) was collected at the time of surgery. Results: The mean age at the time of surgery was 14.3 +/- 1.8 years (range: 9-21 years), and 43% (N = 50) of participants were male. Of the 115 hamstring autografts, 26 were harvested anteriorly and 89 were harvested posteriorly. Neither mean semitendinosus length nor mean gracilis length was significantly different when harvested anteriorly versus posteriorly. The posterior harvest group had a mean incision length that was significantly smaller than that of the anterior harvest group. No iatrogenic nerve injuries or neurovascular complications were observed in either group. Conclusion: A posterior incision for hamstring autograft harvest provided an alternative approach in adolescents, which resulted in a 20% smaller incision than an anterior approach. For procedures such as MPFL reconstruction that do not require concomitant anteromedial work, posterior hamstring harvest may be used to improve cosmesis while producing viable hamstring autograft tissue for surgical reconstruction."
242,1253,302,Karikis (2017),HT,"Karikis I, Ejerhed L, Sernert N, RostgÃ¥rd-Christensen L, Kartus J",Karikis,Radiographic Tibial Tunnel Assessment After Anterior Cruciate Ligament Reconstruction Using Hamstring Tendon Autografts and Biocomposite Screws: A Prospective Study With 5-Year Follow-Up,radiographictibialtunnelassessmentafteranteriorcruciateligam,"To radiographically assess the tibial tunnel up to 5 years after anterior cruciate ligament (ACL) reconstruction using hamstring tendon autografts and biocomposite interference screws. Methods: Fifty-one patients underwent anatomic single-bundle ACL reconstruction with metal interference screws in the femur and biocomposite interference screws in the tibia. Standardized digital radiographs with weight-bearing anteroposterior and lateral views of the index knee were taken in the early postoperative period and at 2 and 5 years postoperatively. Of 51 patients, 40 (78%) underwent radiographic assessment on all 3 occasions. Subjective and objective clinical assessments were obtained preoperatively and at the 5-year follow-up. Results: The mean follow-up period was 65 months (+/- 3.9 months), with a minimum of 59 months. The width of the tibial tunnel on the anteroposterior view was 9.4 mm (+/- 1.4 mm) in the early postoperative period and 9.2 mm (+/- 1.5 mm) at 5 years (P = .64). The corresponding widths on the lateral view were 9.6 mm (+/- 1.5 mm) in the early postoperative period and 9.0 mm (+/- 1.4 mm) at 5 years (P = .014). In 33 of 40 patients (83%) the width of the tibial tunnel had decreased on 1 or both views at 5 years compared with the early postoperative period. The study group had improved significantly at the 5-year follow-up compared with the preoperative assessments in terms of the KT-1000 arthrometer laxity tests (MEDmetric, San Diego, CA), pivot-shift test, Tegner activity scale, and Lysholm knee score (P < .001). No correlations were found between the tunnel widths and the KT-1000 assessment. Conclusions: In 83% of patients, the width of the tibial tunnel had decreased on 1 or both radiographic views at 5 years compared with the early postoperative period after ACL reconstruction using biocomposite interference screws.",2017,English,Arthroscopy-the journal of arthroscopic and related surgery,wos,10.1016/j.arthro.2017.06.025,https://doi.org/10.1016/j.arthro.2017.06.025,28822635.0,https://pubmed.ncbi.nlm.nih.gov/28822635/,Karikis+radiographictibialtunnelassessmentafteranteriorcruciateligam+2017,radiographictibialtunnelassessmentafteranteriorcruciateligam+2017,"Radiographic Tibial Tunnel Assessment After Anterior Cruciate Ligament Reconstruction Using Hamstring Tendon Autografts and Biocomposite Screws: A Prospective Study With 5-Year Follow-Up To radiographically assess the tibial tunnel up to 5 years after anterior cruciate ligament (ACL) reconstruction using hamstring tendon autografts and biocomposite interference screws. Methods: Fifty-one patients underwent anatomic single-bundle ACL reconstruction with metal interference screws in the femur and biocomposite interference screws in the tibia. Standardized digital radiographs with weight-bearing anteroposterior and lateral views of the index knee were taken in the early postoperative period and at 2 and 5 years postoperatively. Of 51 patients, 40 (78%) underwent radiographic assessment on all 3 occasions. Subjective and objective clinical assessments were obtained preoperatively and at the 5-year follow-up. Results: The mean follow-up period was 65 months (+/- 3.9 months), with a minimum of 59 months. The width of the tibial tunnel on the anteroposterior view was 9.4 mm (+/- 1.4 mm) in the early postoperative period and 9.2 mm (+/- 1.5 mm) at 5 years (P = .64). The corresponding widths on the lateral view were 9.6 mm (+/- 1.5 mm) in the early postoperative period and 9.0 mm (+/- 1.4 mm) at 5 years (P = .014). In 33 of 40 patients (83%) the width of the tibial tunnel had decreased on 1 or both views at 5 years compared with the early postoperative period. The study group had improved significantly at the 5-year follow-up compared with the preoperative assessments in terms of the KT-1000 arthrometer laxity tests (MEDmetric, San Diego, CA), pivot-shift test, Tegner activity scale, and Lysholm knee score (P < .001). No correlations were found between the tunnel widths and the KT-1000 assessment. Conclusions: In 83% of patients, the width of the tibial tunnel had decreased on 1 or both radiographic views at 5 years compared with the early postoperative period after ACL reconstruction using biocomposite interference screws."
244,1262,311,Bhimani (2021),HT,"Bhimani R, Shahriarirad R, Ranjbar K, Erfani A, Ashkani-Esfahani S",Bhimani,Transportal versus all-inside techniques of anterior cruciate ligament reconstruction: a systematic review,transportalversusallinsidetechniquesofanteriorcruciateligame,"Background Transportal (TP) and all-inside techniques (AIT) are the most commonly used anterior cruciate ligament (ACL) reconstruction procedures in current clinical practice. However, there is an ongoing debate over which procedure is superior. Therefore, the purpose of this systematic review was to evaluate and compare the clinical outcomes and complications of these two techniques to propose recommendations for future application. Our primary hypothesis was that AIT is a superior ACLR technique compared to TP. Methods A systematic literature review, using PRISMA guidelines, was conducted using PubMed, Medline, Google Scholar, and EMBASE, up to February 2021 to identify studies focusing on AIT and TP techniques of ACL reconstruction. We excluded animal experiments, cadaveric studies, retrospective studies, case reports, technical notes, and studies without quantitative data. Patients' characteristics, surgical technical features, along with postoperative follow-up and complications were extracted and reported accordingly. Methodological quality of the included studies was assessed using the Modified Coleman Methodology Score (MCMS). Results A total of 44 studies were selected for this review, of which four were comparative studies. A total of 923 patients underwent AIT and 1678 patients underwent the TP technique for ACLR. A single semitendinosus graft was commonly used in the AIT compard to combined semitendinosus and gracilis graft in the TP group. The postoperative increase in International Knee Documentation Committee (IKDC), Lysholm, KT-1000, and Short Form-12 (physical and mental) scores were similar in the AIT group and the TP group. Contrastingly, the VAS pain score was significantly lower in the AIT group compared to the TP group. Furthermore, the pooled complication rates from all studies were similar between the two groups (AIT: 54 patients, 8.26% vs. PT: 55 patients, 6.62%). However, the four studies that prospectively compared AIT and TP techniques showed lesser complications in the AIT group than the TP group. Conclusion Since the future trend in orthopedic surgery is toward less invasive and patients' satisfaction with good outcomes, AIT is a good alternative method considering preserving bony tissue and gracilis tendon with less post-operative pain, along with more knee flexor strength and equal outcomes compared to conventional ACL reconstruction surgery. Level of Evidence II.",2021,English,Journal of orthopaedic surgery and research,wos,10.1186/s13018-021-02872-x,https://doi.org/10.1186/s13018-021-02872-x,34949188.0,https://pubmed.ncbi.nlm.nih.gov/34949188/,Bhimani+transportalversusallinsidetechniquesofanteriorcruciateligame+2021,transportalversusallinsidetechniquesofanteriorcruciateligame+2021,"Transportal versus all-inside techniques of anterior cruciate ligament reconstruction: a systematic review Background Transportal (TP) and all-inside techniques (AIT) are the most commonly used anterior cruciate ligament (ACL) reconstruction procedures in current clinical practice. However, there is an ongoing debate over which procedure is superior. Therefore, the purpose of this systematic review was to evaluate and compare the clinical outcomes and complications of these two techniques to propose recommendations for future application. Our primary hypothesis was that AIT is a superior ACLR technique compared to TP. Methods A systematic literature review, using PRISMA guidelines, was conducted using PubMed, Medline, Google Scholar, and EMBASE, up to February 2021 to identify studies focusing on AIT and TP techniques of ACL reconstruction. We excluded animal experiments, cadaveric studies, retrospective studies, case reports, technical notes, and studies without quantitative data. Patients' characteristics, surgical technical features, along with postoperative follow-up and complications were extracted and reported accordingly. Methodological quality of the included studies was assessed using the Modified Coleman Methodology Score (MCMS). Results A total of 44 studies were selected for this review, of which four were comparative studies. A total of 923 patients underwent AIT and 1678 patients underwent the TP technique for ACLR. A single semitendinosus graft was commonly used in the AIT compard to combined semitendinosus and gracilis graft in the TP group. The postoperative increase in International Knee Documentation Committee (IKDC), Lysholm, KT-1000, and Short Form-12 (physical and mental) scores were similar in the AIT group and the TP group. Contrastingly, the VAS pain score was significantly lower in the AIT group compared to the TP group. Furthermore, the pooled complication rates from all studies were similar between the two groups (AIT: 54 patients, 8.26% vs. PT: 55 patients, 6.62%). However, the four studies that prospectively compared AIT and TP techniques showed lesser complications in the AIT group than the TP group. Conclusion Since the future trend in orthopedic surgery is toward less invasive and patients' satisfaction with good outcomes, AIT is a good alternative method considering preserving bony tissue and gracilis tendon with less post-operative pain, along with more knee flexor strength and equal outcomes compared to conventional ACL reconstruction surgery. Level of Evidence II."
245,1263,312,Chen (2017),HT,"Chen TW, Zhang P, Chen JW, Hua YH, Chen SY",Chen,Long-Term Outcomes of Anterior Cruciate Ligament Reconstruction Using Either Synthetics With Remnant Preservation or Hamstring Autografts A 10-Year Longitudinal Study,longtermoutcomesofanteriorcruciateligamentreconstructionusin,"Background: The optimal graft choice of anterior cruciate ligament (ACL) reconstruction remains controversial. Purpose: To compare the outcomes, especially the long-term cumulative failure rate, of ACL reconstruction using either synthetics with remnant preservation or hamstring autografts (4-strand semitendinosus and gracilis tendons). Study Design: Cohort study; Level of evidence, 2. Methods: A total of 133 patients who underwent ACL reconstruction (synthetics: n = 43; hamstring autografts: n = 90) between July 2004 and December 2007 were included. Questionnaires (Tegner activity scale, Lysholm knee scale, and International Knee Documentation Committee [IKDC] subjective form) were completed preoperatively and at 6 months, 1 year, 5 years, and 10 years postoperatively. The Knee injury and Osteoarthritis Outcome Score (KOOS) was additionally applied at 10 years' follow-up. The physical examination was based on the 2000 IKDC form. The manual maximum side-to-side difference (KT-1000 arthrometer), single-hop test, thigh muscle atrophy, and joint degeneration (Kellgren and Lawrence classification) were evaluated. The Kaplan-Meier curve and log-rank test (Mantel-Cox, 95% CI) were used to compare graft survivorship. Results: Ten years postoperatively, 111 patients were available, with 38 (88.4%) patients (mean age, 27.6 9.3 years; 28 men) with synthetics and 73 (81.1%) patients (mean age, 28.6 +/- 8.8 years; 64 men) with hamstring autografts. Among them, 104 patients (synthetics: n = 35 [81.4%]; hamstring autografts: n = 69 [76.7%]) completed subjective evaluations, and 89 patients (synthetics: n = 30 [69.8%]; hamstring autografts: n = 59 [65.6%]) completed objective evaluations. For hamstring autografts and synthetics, the cumulative failure rates were 8.2% and 7.9%, respectively, and the log-rank test demonstrated no significant difference between the 2 Kaplan-Meier survival curves (P = .910). At 6 months postoperatively, for hamstring autografts and synthetics, the mean Lysholm score was 83.0 +/- 7.8 and 88.1 +/- 7.5, respectively (P < .001); the mean IKDC score was 83.8 +/- 7.8 and 86.9 +/- 4.5, respectively (P = .036); and the mean Tegner score was 3.7 +/- 1.1 and 5.0 +/- 1.5, respectively (P < .001). At 1 year postoperatively, the mean Tegner score was 5.5 +/- 1.9 and 6.5 +/- 2.0, respectively (P = .011). No statistically significant difference was observed on other subjective evaluation findings, physical examination findings (overall IKDC grade A: 45.8% of hamstring autografts, 50.0% of synthetics), side-to-side difference (1.5 +/- 1.5 mm for synthetics, 2.4 +/- 2.1 mm for hamstring autografts), single-hop test findings (grade A: 84.7% of hamstring autografts, 93.3% of synthetics), grade A/B thigh muscle atrophy (88.1% of hamstring autografts, 93.3% of synthetics), ipsilateral radiographic osteoarthritis (55.9% of hamstring autografts, 50.0% of synthetics), and graft survivorship. Conclusion: In this prospective cohort study, primary ACL reconstruction using either synthetics with remnant preservation or hamstring autografts showed satisfactory outcomes, especially the long-term cumulative failure rate, at 10 years postoperatively. Patient-reported outcomes suggested that symptom relief and restoration of function might occur earlier in those with synthetics.",2017,English,American journal of sports medicine,wos,10.1177/0363546517721692,https://doi.org/10.1177/0363546517721692,28892648.0,https://pubmed.ncbi.nlm.nih.gov/28892648/,Chen+longtermoutcomesofanteriorcruciateligamentreconstructionusin+2017,longtermoutcomesofanteriorcruciateligamentreconstructionusin+2017,"Long-Term Outcomes of Anterior Cruciate Ligament Reconstruction Using Either Synthetics With Remnant Preservation or Hamstring Autografts A 10-Year Longitudinal Study Background: The optimal graft choice of anterior cruciate ligament (ACL) reconstruction remains controversial. Purpose: To compare the outcomes, especially the long-term cumulative failure rate, of ACL reconstruction using either synthetics with remnant preservation or hamstring autografts (4-strand semitendinosus and gracilis tendons). Study Design: Cohort study; Level of evidence, 2. Methods: A total of 133 patients who underwent ACL reconstruction (synthetics: n = 43; hamstring autografts: n = 90) between July 2004 and December 2007 were included. Questionnaires (Tegner activity scale, Lysholm knee scale, and International Knee Documentation Committee [IKDC] subjective form) were completed preoperatively and at 6 months, 1 year, 5 years, and 10 years postoperatively. The Knee injury and Osteoarthritis Outcome Score (KOOS) was additionally applied at 10 years' follow-up. The physical examination was based on the 2000 IKDC form. The manual maximum side-to-side difference (KT-1000 arthrometer), single-hop test, thigh muscle atrophy, and joint degeneration (Kellgren and Lawrence classification) were evaluated. The Kaplan-Meier curve and log-rank test (Mantel-Cox, 95% CI) were used to compare graft survivorship. Results: Ten years postoperatively, 111 patients were available, with 38 (88.4%) patients (mean age, 27.6 9.3 years; 28 men) with synthetics and 73 (81.1%) patients (mean age, 28.6 +/- 8.8 years; 64 men) with hamstring autografts. Among them, 104 patients (synthetics: n = 35 [81.4%]; hamstring autografts: n = 69 [76.7%]) completed subjective evaluations, and 89 patients (synthetics: n = 30 [69.8%]; hamstring autografts: n = 59 [65.6%]) completed objective evaluations. For hamstring autografts and synthetics, the cumulative failure rates were 8.2% and 7.9%, respectively, and the log-rank test demonstrated no significant difference between the 2 Kaplan-Meier survival curves (P = .910). At 6 months postoperatively, for hamstring autografts and synthetics, the mean Lysholm score was 83.0 +/- 7.8 and 88.1 +/- 7.5, respectively (P < .001); the mean IKDC score was 83.8 +/- 7.8 and 86.9 +/- 4.5, respectively (P = .036); and the mean Tegner score was 3.7 +/- 1.1 and 5.0 +/- 1.5, respectively (P < .001). At 1 year postoperatively, the mean Tegner score was 5.5 +/- 1.9 and 6.5 +/- 2.0, respectively (P = .011). No statistically significant difference was observed on other subjective evaluation findings, physical examination findings (overall IKDC grade A: 45.8% of hamstring autografts, 50.0% of synthetics), side-to-side difference (1.5 +/- 1.5 mm for synthetics, 2.4 +/- 2.1 mm for hamstring autografts), single-hop test findings (grade A: 84.7% of hamstring autografts, 93.3% of synthetics), grade A/B thigh muscle atrophy (88.1% of hamstring autografts, 93.3% of synthetics), ipsilateral radiographic osteoarthritis (55.9% of hamstring autografts, 50.0% of synthetics), and graft survivorship. Conclusion: In this prospective cohort study, primary ACL reconstruction using either synthetics with remnant preservation or hamstring autografts showed satisfactory outcomes, especially the long-term cumulative failure rate, at 10 years postoperatively. Patient-reported outcomes suggested that symptom relief and restoration of function might occur earlier in those with synthetics."
248,1283,332,Baverel (2016),HT,"Baverel L, Cucurulo T, Lutz C, Colombet, Cournapeau J, Dalmay F, Lefevre N, Letartre R, Potel JF, Roussignol X, Surdeau L, Servien E",Baverel,Anesthesia and analgesia methods for outpatient anterior cruciate ligament reconstruction,anesthesiaandanalgesiamethodsforoutpatientanteriorcruciateli,"Introduction: More and more anterior cruciate ligament (ACL) reconstructions are being performed as outpatient surgery in France, because of economic considerations. Postoperative pain is the most common reason for delayed discharge that could require hospitalization, and the main reason for unanticipated hospital admission. The purpose of this study was to define the best anesthesia and analgesia methods for ACL reconstruction. Materials and methods: This was a prospective, multicenter, comparative study performed between January 2014 and April 2015. Inclusion criteria were ACL reconstruction in patients above 15 years of age performed as an outpatient surgical procedure. The anesthesia techniques analyzed were general anesthesia, spinal anesthesia and quadruple nerve blockade. The analgesic methods studied were single-shot nerve blocks, continuous nerve blocks, peri-articular and intra-articular local infiltration analgesia (LIA), non-steroidal anti-inflammatory agents (NSAIDs) and intravenous corticosteroids. The main outcome criterion was pain on a visual analog scale (VAS). The secondary outcome criteria were delayed discharge of a patient who had undergone outpatient surgery, consumption of opioids and complications for the various anesthesia techniques and analgesia methods. Results: In all, 680 patients were included in this study, which was 63% of the ACL reconstruction procedures performed during this period. The study population was 69% male and 31% female, with an average age of 30 years. Twenty-three patients (3.4%) could not be discharged on the day of surgery. No correlation was found with the anesthesia technique used. NSAID treatment was protective relative to delayed discharge (P=0.009), while opioid consumption was a risk factor (P<0.01). There were no differences in the pain levels related to the type of anesthesia. Peri-articular LIA of the hamstring tendon harvest site was effective. Intra-articular LIA did not provide better analgesia. Continuous nerve block had complication rates above 13%. Discussion: All types of anesthesia were compatible with outpatient ACL reconstruction. No gold standard analgesia method can be defined based on this study's findings. However, we recommend multimodal analgesia associating peri-articular LIA or one-shot sensory saphenous nerve block, NSAIDs and corticosteroid treatment, and cryotherapy. (C) 2016 Elsevier Masson SAS. All rights reserved.",2016,English,Orthopaedics & traumatology-surgery & research,wos,10.1016/j.otsr.2016.08.007,https://doi.org/10.1016/j.otsr.2016.08.007,27687059.0,https://pubmed.ncbi.nlm.nih.gov/27687059/,Baverel+anesthesiaandanalgesiamethodsforoutpatientanteriorcruciateli+2016,anesthesiaandanalgesiamethodsforoutpatientanteriorcruciateli+2016,"Anesthesia and analgesia methods for outpatient anterior cruciate ligament reconstruction Introduction: More and more anterior cruciate ligament (ACL) reconstructions are being performed as outpatient surgery in France, because of economic considerations. Postoperative pain is the most common reason for delayed discharge that could require hospitalization, and the main reason for unanticipated hospital admission. The purpose of this study was to define the best anesthesia and analgesia methods for ACL reconstruction. Materials and methods: This was a prospective, multicenter, comparative study performed between January 2014 and April 2015. Inclusion criteria were ACL reconstruction in patients above 15 years of age performed as an outpatient surgical procedure. The anesthesia techniques analyzed were general anesthesia, spinal anesthesia and quadruple nerve blockade. The analgesic methods studied were single-shot nerve blocks, continuous nerve blocks, peri-articular and intra-articular local infiltration analgesia (LIA), non-steroidal anti-inflammatory agents (NSAIDs) and intravenous corticosteroids. The main outcome criterion was pain on a visual analog scale (VAS). The secondary outcome criteria were delayed discharge of a patient who had undergone outpatient surgery, consumption of opioids and complications for the various anesthesia techniques and analgesia methods. Results: In all, 680 patients were included in this study, which was 63% of the ACL reconstruction procedures performed during this period. The study population was 69% male and 31% female, with an average age of 30 years. Twenty-three patients (3.4%) could not be discharged on the day of surgery. No correlation was found with the anesthesia technique used. NSAID treatment was protective relative to delayed discharge (P=0.009), while opioid consumption was a risk factor (P<0.01). There were no differences in the pain levels related to the type of anesthesia. Peri-articular LIA of the hamstring tendon harvest site was effective. Intra-articular LIA did not provide better analgesia. Continuous nerve block had complication rates above 13%. Discussion: All types of anesthesia were compatible with outpatient ACL reconstruction. No gold standard analgesia method can be defined based on this study's findings. However, we recommend multimodal analgesia associating peri-articular LIA or one-shot sensory saphenous nerve block, NSAIDs and corticosteroid treatment, and cryotherapy. (C) 2016 Elsevier Masson SAS. All rights reserved."
264,1366,415,SchÃ¼tzenberger (2022),HT,"SchÃ¼tzenberger S, Keller F, Grabner S, Kontic D, Schallmayer D, Komjati M, Fialka C",SchÃ¼tzenberger,ACL reconstruction with femoral and tibial adjustable versus fixed-loop suspensory fixation: a retrospective cohort study,aclreconstructionwithfemoralandtibialadjustableversusfixedlo,"Background Cortical suspensory fixation (CSF) devices gain more and more popularity as a reliable alternative to interference screws for graft fixation in anterior cruciate ligament (ACL) reconstruction. Adjustable-loop fixation may be associated with increased anterior laxity and inferior clinical outcome. The purpose of the study was to compare anterior laxity and clinical outcome after minimally invasive all-inside ACL reconstruction using an adjustable-loop (AL) to a standard technique with a fixed-loop (FL) CSF device. Methods Patients who underwent primary single-bundle ACL reconstruction with a quadrupled hamstring autograft at a single institution between 2012 and 2016 were reviewed. In the AL group minimally invasive popliteal tendon harvesting was performed with an all-inside approach (femoral and tibial sockets). In the FL group a traditional anteromedial approach was used for tendon harvesting and a femoral socket and full tibial tunnel were drilled. An objective clinical assessment was performed with Telos x-rays and the International Knee Documentation Committee (IKDC) Objective Score. Patient-reported outcomes (PRO) included the IKDC Subjective Score, the Lysholm Knee Score, the Knee Injury and Osteoarthritis Score (KOOS) and the Tegner Activity Scale. Results A total of 67 patients were enrolled in this retrospective study with a mean follow-up of 4 (+/- 1.5) years. The groups were homogenous at baseline regarding age, gender, and the time to surgery. At follow-up, no statistically significant differences were found regarding anterior laxity (AL: 2.3 +/- 3 mm vs. FL: 2.3 +/- 2.6 mm, p = 0.981). PRO scores were comparable between the AL and FL groups (IKDC score, 84.8 vs. 88.8, p = 0.185; Lysholm 87.3 vs. 89.9, p = 0.380; KOOS 90.7 vs. 91.4, p = 0.720; Tegner 5.5 vs. 6.2, p = 0.085). The rate of saphenous nerve lesions was significantly lower in the AL group with popliteal harvesting of the tendon (8.3% vs. 35.5%, p = 0.014). Conclusion The use of an adjustable-loop device on the femoral and tibial side led to similar stability and clinical results compared to a fixed-loop device.",2022,English,Journal of orthopaedic surgery and research,wos,10.1186/s13018-022-03128-y,https://doi.org/10.1186/s13018-022-03128-y,35440030.0,https://pubmed.ncbi.nlm.nih.gov/35440030/,SchÃ¼tzenberger+aclreconstructionwithfemoralandtibialadjustableversusfixedlo+2022,aclreconstructionwithfemoralandtibialadjustableversusfixedlo+2022,"ACL reconstruction with femoral and tibial adjustable versus fixed-loop suspensory fixation: a retrospective cohort study Background Cortical suspensory fixation (CSF) devices gain more and more popularity as a reliable alternative to interference screws for graft fixation in anterior cruciate ligament (ACL) reconstruction. Adjustable-loop fixation may be associated with increased anterior laxity and inferior clinical outcome. The purpose of the study was to compare anterior laxity and clinical outcome after minimally invasive all-inside ACL reconstruction using an adjustable-loop (AL) to a standard technique with a fixed-loop (FL) CSF device. Methods Patients who underwent primary single-bundle ACL reconstruction with a quadrupled hamstring autograft at a single institution between 2012 and 2016 were reviewed. In the AL group minimally invasive popliteal tendon harvesting was performed with an all-inside approach (femoral and tibial sockets). In the FL group a traditional anteromedial approach was used for tendon harvesting and a femoral socket and full tibial tunnel were drilled. An objective clinical assessment was performed with Telos x-rays and the International Knee Documentation Committee (IKDC) Objective Score. Patient-reported outcomes (PRO) included the IKDC Subjective Score, the Lysholm Knee Score, the Knee Injury and Osteoarthritis Score (KOOS) and the Tegner Activity Scale. Results A total of 67 patients were enrolled in this retrospective study with a mean follow-up of 4 (+/- 1.5) years. The groups were homogenous at baseline regarding age, gender, and the time to surgery. At follow-up, no statistically significant differences were found regarding anterior laxity (AL: 2.3 +/- 3 mm vs. FL: 2.3 +/- 2.6 mm, p = 0.981). PRO scores were comparable between the AL and FL groups (IKDC score, 84.8 vs. 88.8, p = 0.185; Lysholm 87.3 vs. 89.9, p = 0.380; KOOS 90.7 vs. 91.4, p = 0.720; Tegner 5.5 vs. 6.2, p = 0.085). The rate of saphenous nerve lesions was significantly lower in the AL group with popliteal harvesting of the tendon (8.3% vs. 35.5%, p = 0.014). Conclusion The use of an adjustable-loop device on the femoral and tibial side led to similar stability and clinical results compared to a fixed-loop device."
267,1375,424,Karikis (2017),HT,"Karikis I, AhldÃ©n M, Casut A, Sernert N, Kartus J",Karikis,Comparison of outcome after anatomic double-bundle and antero-medial portal non-anatomic single-bundle reconstruction in ACL-injured patients,comparisonofoutcomeafteranatomicdoublebundleandanteromedialp,"The aim of this study was to compare anatomic double-bundle anterior cruciate ligament reconstruction with non-anatomic single-bundle reconstruction. In a prospective consecutive series, 94 unselected patients [45 anatomic double-bundle (ADB) and 49 non-anatomic single-bundle (SB)] underwent ACL reconstruction involving hamstring tendon autograft, interference screw fixation on both the femoral and tibial side and drilling the femoral tunnel(s) through the antero-medial portal in both groups. In the ADB group, the remnants of the ACL were identified and the grafts were placed anatomically. In the SB group, traditional placement of the graft was performed in a less anatomic manner. Pre-operatively, the groups were comparable in terms of age, gender, time between injury and operation and associated injuries. One independent physiotherapist performed all the pre-operative and post-operative assessments. The follow-up period was 26 (22-34) and 24 (23-30) months in the ADB and SB groups, respectively (p = 0.005). At follow-up, 78 % in the ADB group and 74 % in the SB group had a negative pivot-shift test (n.s.). The KT-1000 134N measurements were 2 (-5 to 10.5) and 2 (-4 to 7) mm in the ADB and SB groups, respectively (n.s.). At follow-up, the extension deficit was significantly larger in the ADB group than in the SB group (p = 0.001). The Tegner activity scale was significantly higher in the ADB group both pre-operatively and at follow-up (p = 0.03 and p = 0.004). In overall terms, both groups had improved significantly at the two-year follow-up. In an unselected group of ACL-injured patients, anatomic double-bundle reconstruction did not result in better rotational or antero-posterior stability measurements than antero-medial portal non-anatomic single-bundle reconstruction at the two-year follow-up. III.",2017,English,Knee surgery sports traumatology arthroscopy,wos,10.1007/s00167-016-4132-z,https://doi.org/10.1007/s00167-016-4132-z,27106922.0,https://pubmed.ncbi.nlm.nih.gov/27106922/,Karikis+comparisonofoutcomeafteranatomicdoublebundleandanteromedialp+2017,comparisonofoutcomeafteranatomicdoublebundleandanteromedialp+2017,"Comparison of outcome after anatomic double-bundle and antero-medial portal non-anatomic single-bundle reconstruction in ACL-injured patients The aim of this study was to compare anatomic double-bundle anterior cruciate ligament reconstruction with non-anatomic single-bundle reconstruction. In a prospective consecutive series, 94 unselected patients [45 anatomic double-bundle (ADB) and 49 non-anatomic single-bundle (SB)] underwent ACL reconstruction involving hamstring tendon autograft, interference screw fixation on both the femoral and tibial side and drilling the femoral tunnel(s) through the antero-medial portal in both groups. In the ADB group, the remnants of the ACL were identified and the grafts were placed anatomically. In the SB group, traditional placement of the graft was performed in a less anatomic manner. Pre-operatively, the groups were comparable in terms of age, gender, time between injury and operation and associated injuries. One independent physiotherapist performed all the pre-operative and post-operative assessments. The follow-up period was 26 (22-34) and 24 (23-30) months in the ADB and SB groups, respectively (p = 0.005). At follow-up, 78 % in the ADB group and 74 % in the SB group had a negative pivot-shift test (n.s.). The KT-1000 134N measurements were 2 (-5 to 10.5) and 2 (-4 to 7) mm in the ADB and SB groups, respectively (n.s.). At follow-up, the extension deficit was significantly larger in the ADB group than in the SB group (p = 0.001). The Tegner activity scale was significantly higher in the ADB group both pre-operatively and at follow-up (p = 0.03 and p = 0.004). In overall terms, both groups had improved significantly at the two-year follow-up. In an unselected group of ACL-injured patients, anatomic double-bundle reconstruction did not result in better rotational or antero-posterior stability measurements than antero-medial portal non-anatomic single-bundle reconstruction at the two-year follow-up. III."
275,1466,515,Wang (2017),AT,"Wang D, Rodeo SA",Wang,PLATELET-RICH PLASMA IN ORTHOPAEDIC SURGERY A Critical Analysis Review,plateletrichplasmainorthopaedicsurgeryacriticalanalysisrevie,"Platelet-rich plasma has shown great promise and potential to stimulate biologic activity in difficult-to-heal musculoskeletal tissue. However, the optimal formulation, method of administration, and dosing for different tissues have yet to be determined. Within a given platelet-rich plasma preparation technique, there is a high degree of inter-subject and intra-subject variability in the composition of platelet-rich plasma produced. This likely contributes to the inconsistent results reported in the current platelet-rich plasma literature. Current evidence best supports the use of platelet-rich plasma as a treatment for osteoarthritis of the knee. Evidence on the use of platelet-rich plasma as a treatment or adjunct for rotator cuff repair, lateral epicondylitis, hamstring injuries, anterior cruciate ligament (ACL) reconstruction, patellar tendinopathy, Achilles tendinopathy, and fractures is inconsistent or only available from low-powered studies. To our knowledge, no comparative studies examining platelet-rich plasma treatment for partial ulnar collateral ligament tears in the elbow currently exist. Current evidence suggests that different platelet-rich plasma formulations are needed for different tissues and pathologies. Ultimately, improved understanding of the underlying structural and compositional deficiencies of the injured tissue will help to identify the biologic needs that can potentially be targeted with platelet-rich plasma.",2017,English,Jbjs reviews,wos,10.2106/JBJS.RVW.17.00024,https://doi.org/10.2106/JBJS.RVW.17.00024,28953136.0,https://pubmed.ncbi.nlm.nih.gov/28953136/,Wang+plateletrichplasmainorthopaedicsurgeryacriticalanalysisrevie+2017,plateletrichplasmainorthopaedicsurgeryacriticalanalysisrevie+2017,"PLATELET-RICH PLASMA IN ORTHOPAEDIC SURGERY A Critical Analysis Review Platelet-rich plasma has shown great promise and potential to stimulate biologic activity in difficult-to-heal musculoskeletal tissue. However, the optimal formulation, method of administration, and dosing for different tissues have yet to be determined. Within a given platelet-rich plasma preparation technique, there is a high degree of inter-subject and intra-subject variability in the composition of platelet-rich plasma produced. This likely contributes to the inconsistent results reported in the current platelet-rich plasma literature. Current evidence best supports the use of platelet-rich plasma as a treatment for osteoarthritis of the knee. Evidence on the use of platelet-rich plasma as a treatment or adjunct for rotator cuff repair, lateral epicondylitis, hamstring injuries, anterior cruciate ligament (ACL) reconstruction, patellar tendinopathy, Achilles tendinopathy, and fractures is inconsistent or only available from low-powered studies. To our knowledge, no comparative studies examining platelet-rich plasma treatment for partial ulnar collateral ligament tears in the elbow currently exist. Current evidence suggests that different platelet-rich plasma formulations are needed for different tissues and pathologies. Ultimately, improved understanding of the underlying structural and compositional deficiencies of the injured tissue will help to identify the biologic needs that can potentially be targeted with platelet-rich plasma."
288,15,16,Alaia (2021),BPTB,"Alaia MJ, Fried JW, Bloom DA, Hurley ET, Popovic J, Baron SL, Campbell KA, Strauss EJ, Jazrawi LM",Alaia,"Author Reply to ""Regarding 'Tranexamic Acid Has No Effect on Postoperative Hemarthrosis or Pain Control After Anterior Cruciate Ligament Reconstruction Using Bone-Patellar Tendon-Bone Autograft: A Double-Blind, Randomized, Controlled Trial'"".","authorreplyto""regarding'tranexamicacidhasnoeffectonpostopera",,2021,English,Arthroscopy : the journal of arthroscopic & related surgery : official publication of the arthroscopy association of north america and the international arthroscopy association,pubmed,10.1016/j.arthro.2021.02.040,https://doi.org/10.1016/j.arthro.2021.02.040,34225992.0,https://pubmed.ncbi.nlm.nih.gov/34225992/,"Alaia+authorreplyto""regarding'tranexamicacidhasnoeffectonpostopera+2021","authorreplyto""regarding'tranexamicacidhasnoeffectonpostopera+2021",
289,16,17,Zhang (2021),BPTB,"Zhang S, Dai Y, Xiao C",Zhang,"Regarding ""Tranexamic Acid Has No Effect on Postoperative Hemarthrosis or Pain Control After Anterior Cruciate Ligament Reconstruction Using Bone-Patellar Tendon-Bone Autograft: A Double-Blind, Randomized, Controlled Trial"".","regarding""tranexamicacidhasnoeffectonpostoperativehemarthros",,2021,English,Arthroscopy : the journal of arthroscopic & related surgery : official publication of the arthroscopy association of north america and the international arthroscopy association,pubmed,10.1016/j.arthro.2021.02.039,https://doi.org/10.1016/j.arthro.2021.02.039,34225991.0,https://pubmed.ncbi.nlm.nih.gov/34225991/,"Zhang+regarding""tranexamicacidhasnoeffectonpostoperativehemarthros+2021","regarding""tranexamicacidhasnoeffectonpostoperativehemarthros+2021",
305,33,34,Wasserman (2017),BPTB,"Wasserman BR, Singh BC, Kaplan DJ, Weinberg M, Meislin R, Jazrawi LM, Strauss EJ",Wasserman,Braking Reaction Time After Right-Knee Anterior Cruciate Ligament Reconstruction: A Comparison of 3 Grafts.,brakingreactiontimeafterrightkneeanteriorcruciateligamentrec,"PURPOSE: To determine when patients recover the ability to safely operate the brakes of an automobile after a right-knee anterior cruciate ligament reconstruction (ACLR). METHODS: A computerized driving simulator was used to determine braking ability after an isolated right-knee ACLR. Thirty healthy volunteers were tested at 1 visit to determine normal mean values, and 27 treatment subjects were tested at 1 week, 3 weeks, and 6 weeks after ACLR. Nine study subjects were treated with a patella tendon (BPTB) autograft, 9 were treated with a hamstring (HS) autograft, and 9 were treated with a tibialis anterior (TA) allograft. The driving simulator collected data on brake reaction time (BRT), brake travel time (BTT), and total brake time (TBT) at each visit. RESULTS: The control group generated a BRT of 725 milliseconds, BTT of 2.87 seconds, and TBT of 3.59 seconds. At week 1, all treatment patients had significant differences compared with controls for BRT, BTT, and TBT, except the BTT of the HS group. At week 3, all measures for the allograft group and the BRT for both autograft groups were no longer significantly different compared with controls, but significant differences were found for TBT in the HS and BPTB groups (P = .03, P = .01). At week 6, BRT, BTT, and TBT were no longer significantly different for either the HS group or BPTB group. CONCLUSIONS: Patients who underwent a right-knee ACLR with a TA allograft regained normal braking times by week 3 postoperatively. In contrast, those treated with a BPTB or HS autograft demonstrated significantly delayed braking times at 3 weeks but returned to normal braking ability by week 6. Those treated with an autograft had an earlier return of normalized BRT than BTT. LEVEL OF EVIDENCE: Level III, case-control series.",2017,English,Arthroscopy : the journal of arthroscopic & related surgery : official publication of the arthroscopy association of north america and the international arthroscopy association,pubmed,10.1016/j.arthro.2016.05.043,https://doi.org/10.1016/j.arthro.2016.05.043,27570169.0,https://pubmed.ncbi.nlm.nih.gov/27570169/,Wasserman+brakingreactiontimeafterrightkneeanteriorcruciateligamentrec+2017,brakingreactiontimeafterrightkneeanteriorcruciateligamentrec+2017,"Braking Reaction Time After Right-Knee Anterior Cruciate Ligament Reconstruction: A Comparison of 3 Grafts. PURPOSE: To determine when patients recover the ability to safely operate the brakes of an automobile after a right-knee anterior cruciate ligament reconstruction (ACLR). METHODS: A computerized driving simulator was used to determine braking ability after an isolated right-knee ACLR. Thirty healthy volunteers were tested at 1 visit to determine normal mean values, and 27 treatment subjects were tested at 1 week, 3 weeks, and 6 weeks after ACLR. Nine study subjects were treated with a patella tendon (BPTB) autograft, 9 were treated with a hamstring (HS) autograft, and 9 were treated with a tibialis anterior (TA) allograft. The driving simulator collected data on brake reaction time (BRT), brake travel time (BTT), and total brake time (TBT) at each visit. RESULTS: The control group generated a BRT of 725 milliseconds, BTT of 2.87 seconds, and TBT of 3.59 seconds. At week 1, all treatment patients had significant differences compared with controls for BRT, BTT, and TBT, except the BTT of the HS group. At week 3, all measures for the allograft group and the BRT for both autograft groups were no longer significantly different compared with controls, but significant differences were found for TBT in the HS and BPTB groups (P = .03, P = .01). At week 6, BRT, BTT, and TBT were no longer significantly different for either the HS group or BPTB group. CONCLUSIONS: Patients who underwent a right-knee ACLR with a TA allograft regained normal braking times by week 3 postoperatively. In contrast, those treated with a BPTB or HS autograft demonstrated significantly delayed braking times at 3 weeks but returned to normal braking ability by week 6. Those treated with an autograft had an earlier return of normalized BRT than BTT. LEVEL OF EVIDENCE: Level III, case-control series."
307,38,39,Gupta (2016),BPTB,"Gupta R, Kapoor D, Kapoor L, Malhotra A, Masih GD, Kapoor A, Joshi S",Gupta,Immediate post-operative pain in anterior cruciate ligament reconstruction surgery with bone patellar tendon bone graft versus hamstring graft.,immediatepostoperativepaininanteriorcruciateligamentreconstr,"BACKGROUND: Pain in the immediate post-operative period after anterior cruciate ligament (ACL) surgery, apart from an unpleasant experience for the patient, can act as a barrier for static quadriceps contractions and optimum execution of the initial rehabilitation protocol resulting in slow recovery and a later return to full function for a sportsperson. There is no report in the literature comparing pain in the immediate post-operative period after using the two most widely used autografts, bone patellar tendon bone (BPTB) graft and hamstring graft. METHODS: The present study compared the visual analogue scale (VAS) pain score in the immediate post-operative period after arthroscopic ACL reconstruction with the BPTB and hamstring autografts. Both groups consisted of 50 patients each. The mean age of the BPTB and hamstring cohorts was 26.9 +/- 7.3 years (age range 18-59 years) and 26.7 +/- 9.0 years (age range 17-52 years), respectively. Unpaired t test was applied to compare pain scores between the BPTB and hamstring cohorts. RESULTS: In the present study, patients in the BPTB cohort showed higher mean pain scores across all the post-operative time intervals except at 6 h. However, the difference in the mean VAS pain score at post-operative 6, 12,18, 24, 36 and 48 h in the two groups was statistically not significant (p value of 1, 0.665, 0.798, 0.377, 0.651 and 0.215 at 6, 12, 18, 24, 36 and 48 h, respectively). CONCLUSIONS: Our study concludes that the arthroscopic ACL reconstruction with BPTB autograft and hamstring autograft is associated with similar pain in the immediate post-operative period. As a result, aggressive physiotherapy regime is not affected by the type of graft being used for ACL reconstruction, as the pain scores in the immediate post-operative period are similar for both techniques. TRIAL REGISTRATION: Clinical Trials Registry-India, CTRI/2016/01/006502.",2016,English,Journal of orthopaedic surgery and research,pubmed,10.1186/s13018-016-0399-5,https://doi.org/10.1186/s13018-016-0399-5,27277002.0,https://pubmed.ncbi.nlm.nih.gov/27277002/,Gupta+immediatepostoperativepaininanteriorcruciateligamentreconstr+2016,immediatepostoperativepaininanteriorcruciateligamentreconstr+2016,"Immediate post-operative pain in anterior cruciate ligament reconstruction surgery with bone patellar tendon bone graft versus hamstring graft. BACKGROUND: Pain in the immediate post-operative period after anterior cruciate ligament (ACL) surgery, apart from an unpleasant experience for the patient, can act as a barrier for static quadriceps contractions and optimum execution of the initial rehabilitation protocol resulting in slow recovery and a later return to full function for a sportsperson. There is no report in the literature comparing pain in the immediate post-operative period after using the two most widely used autografts, bone patellar tendon bone (BPTB) graft and hamstring graft. METHODS: The present study compared the visual analogue scale (VAS) pain score in the immediate post-operative period after arthroscopic ACL reconstruction with the BPTB and hamstring autografts. Both groups consisted of 50 patients each. The mean age of the BPTB and hamstring cohorts was 26.9 +/- 7.3 years (age range 18-59 years) and 26.7 +/- 9.0 years (age range 17-52 years), respectively. Unpaired t test was applied to compare pain scores between the BPTB and hamstring cohorts. RESULTS: In the present study, patients in the BPTB cohort showed higher mean pain scores across all the post-operative time intervals except at 6 h. However, the difference in the mean VAS pain score at post-operative 6, 12,18, 24, 36 and 48 h in the two groups was statistically not significant (p value of 1, 0.665, 0.798, 0.377, 0.651 and 0.215 at 6, 12, 18, 24, 36 and 48 h, respectively). CONCLUSIONS: Our study concludes that the arthroscopic ACL reconstruction with BPTB autograft and hamstring autograft is associated with similar pain in the immediate post-operative period. As a result, aggressive physiotherapy regime is not affected by the type of graft being used for ACL reconstruction, as the pain scores in the immediate post-operative period are similar for both techniques. TRIAL REGISTRATION: Clinical Trials Registry-India, CTRI/2016/01/006502."
318,52,53,Leitgeb (2014),BPTB,"Leitgeb J, Köttstorfer J, Schuster R, Kovar FM, Platzer P, Aldrian S",Leitgeb,Primary anterior cruciate ligament reconstruction in athletes: a 5-year follow up comparing patellar tendon versus hamstring tendon autograft.,primaryanteriorcruciateligamentreconstructioninathletes:a5ye,"INTRODUCTION: ACL reconstruction with quadruple hamstring graft (HT) as well as bone-patellar tendon-bone autograft (PT) is a frequent procedure in athletes after ACL rupture. Both techniques are reported to provide for satisfying results but only few articles compare both techniques. MATERIAL AND METHODS: Prospective evaluation was performed on 96 patients with isolated ACL rupture undergoing reconstruction with a HT or PT autograft by a single surgeon at our institution. Long time follow-up after five years included the IKDC and KOOS evaluation form as well as clinical assessment (ROM, Lachmann testing, KT-2000). RESULTS: Comparing both methods revealed no significant differences regarding IKDC and KOOS. The KT-2000 arthrometer testing showed a slightly increased mean laxity in the HT group. There were no differences regarding harvest side symptoms comparing HT and PT as well as one and two incision technique. Kneeling pain was significantly less common after HT autograft. HT as well as PT autograft achieve equally good clinical results in athletes at five year follow-up with no significant difference regarding knee stability. Although no difference concerning the harvest site was identified, HT seems to be favorable for patients who work in a kneeling position.",2014,English,Wiener klinische wochenschrift,pubmed,10.1007/s00508-014-0550-4,https://doi.org/10.1007/s00508-014-0550-4,24825597.0,https://pubmed.ncbi.nlm.nih.gov/24825597/,Leitgeb+primaryanteriorcruciateligamentreconstructioninathletes:a5ye+2014,primaryanteriorcruciateligamentreconstructioninathletes:a5ye+2014,"Primary anterior cruciate ligament reconstruction in athletes: a 5-year follow up comparing patellar tendon versus hamstring tendon autograft. INTRODUCTION: ACL reconstruction with quadruple hamstring graft (HT) as well as bone-patellar tendon-bone autograft (PT) is a frequent procedure in athletes after ACL rupture. Both techniques are reported to provide for satisfying results but only few articles compare both techniques. MATERIAL AND METHODS: Prospective evaluation was performed on 96 patients with isolated ACL rupture undergoing reconstruction with a HT or PT autograft by a single surgeon at our institution. Long time follow-up after five years included the IKDC and KOOS evaluation form as well as clinical assessment (ROM, Lachmann testing, KT-2000). RESULTS: Comparing both methods revealed no significant differences regarding IKDC and KOOS. The KT-2000 arthrometer testing showed a slightly increased mean laxity in the HT group. There were no differences regarding harvest side symptoms comparing HT and PT as well as one and two incision technique. Kneeling pain was significantly less common after HT autograft. HT as well as PT autograft achieve equally good clinical results in athletes at five year follow-up with no significant difference regarding knee stability. Although no difference concerning the harvest site was identified, HT seems to be favorable for patients who work in a kneeling position."
335,98,99,Ageberg (2009),BPTB,"Ageberg E, Roos HP, Silbernagel KG, Thomeé R, Roos EM",Ageberg,Knee extension and flexion muscle power after anterior cruciate ligament reconstruction with patellar tendon graft or hamstring tendons graft: a cross-sectional comparison 3 years post surgery.,kneeextensionandflexionmusclepowerafteranteriorcruciateligam,"Hamstring muscles play a major role in knee-joint stabilization after anterior cruciate ligament (ACL) injury. Weakness of the knee extensors after ACL reconstruction with patellar tendon (PT) graft, and in the knee flexors after reconstruction with hamstring tendons (HT) graft has been observed up to 2 years post surgery, but not later. In these studies, isokinetic muscle torque was used. However, muscle power has been suggested to be a more sensitive and sport-specific measures of strength. The aim was to study quadriceps and hamstring muscle power in patients with ACL injury treated with surgical reconstruction with PT or HT grafts at a mean of 3 years after surgery. Twenty subjects with PT and 16 subjects with HT grafts (mean age at follow up 30 years, range 20-39, 25% women), who were all included in a prospective study and followed the same goal-based rehabilitation protocol for at least 4 months, were assessed with reliable, valid, and responsive tests of quadriceps and hamstring muscle power at 3 years (SD 0.9, range 2-5) after surgery. The mean difference between legs (injured minus uninjured), the hamstring to quadriceps (H:Q, hamstring divided by quadriceps) ratio, and the limb symmetry index (LSI, injured leg divided by uninjured and multiplied by 100) value, were used for comparisons between the groups (analysis of variance). The mean difference between the injured and uninjured legs was greater in the HT than in the PT group for knee flexion power (-21.3 vs. 7.7 W, p = 0.001). Patients with HT graft had lower H:Q ratio in the injured leg than the patients with PT graft (0.63 vs. 0.77, p = 0.012). They also had lower LSI for knee flexion power than those in the PT group (88 vs. 106%, p < 0.001). No differences were found between the groups for knee extension power. The lower hamstring muscle power, and the lower hamstring to quadriceps ratio in the HT graft group than in the PT graft group 3 years (range 2-5) after ACL reconstruction, reflect imbalance of knee muscles after reconstruction with HT graft that may have a negative effect on dynamic knee-joint stabilization.",2009,English,Knee surgery sports traumatology arthroscopy : official journal of the esska,pubmed,10.1007/s00167-008-0645-4,https://doi.org/10.1007/s00167-008-0645-4,18982311.0,https://pubmed.ncbi.nlm.nih.gov/18982311/,Ageberg+kneeextensionandflexionmusclepowerafteranteriorcruciateligam+2009,kneeextensionandflexionmusclepowerafteranteriorcruciateligam+2009,"Knee extension and flexion muscle power after anterior cruciate ligament reconstruction with patellar tendon graft or hamstring tendons graft: a cross-sectional comparison 3 years post surgery. Hamstring muscles play a major role in knee-joint stabilization after anterior cruciate ligament (ACL) injury. Weakness of the knee extensors after ACL reconstruction with patellar tendon (PT) graft, and in the knee flexors after reconstruction with hamstring tendons (HT) graft has been observed up to 2 years post surgery, but not later. In these studies, isokinetic muscle torque was used. However, muscle power has been suggested to be a more sensitive and sport-specific measures of strength. The aim was to study quadriceps and hamstring muscle power in patients with ACL injury treated with surgical reconstruction with PT or HT grafts at a mean of 3 years after surgery. Twenty subjects with PT and 16 subjects with HT grafts (mean age at follow up 30 years, range 20-39, 25% women), who were all included in a prospective study and followed the same goal-based rehabilitation protocol for at least 4 months, were assessed with reliable, valid, and responsive tests of quadriceps and hamstring muscle power at 3 years (SD 0.9, range 2-5) after surgery. The mean difference between legs (injured minus uninjured), the hamstring to quadriceps (H:Q, hamstring divided by quadriceps) ratio, and the limb symmetry index (LSI, injured leg divided by uninjured and multiplied by 100) value, were used for comparisons between the groups (analysis of variance). The mean difference between the injured and uninjured legs was greater in the HT than in the PT group for knee flexion power (-21.3 vs. 7.7 W, p = 0.001). Patients with HT graft had lower H:Q ratio in the injured leg than the patients with PT graft (0.63 vs. 0.77, p = 0.012). They also had lower LSI for knee flexion power than those in the PT group (88 vs. 106%, p < 0.001). No differences were found between the groups for knee extension power. The lower hamstring muscle power, and the lower hamstring to quadriceps ratio in the HT graft group than in the PT graft group 3 years (range 2-5) after ACL reconstruction, reflect imbalance of knee muscles after reconstruction with HT graft that may have a negative effect on dynamic knee-joint stabilization."
337,101,102,Hantes (2008),BPTB,"Hantes ME, Basdekis GK, Varitimidis SE, Giotikas D, Petinaki E, Malizos KN",Hantes,Autograft contamination during preparation for anterior cruciate ligament reconstruction.,autograftcontaminationduringpreparationforanteriorcruciateli,"BACKGROUND: The autograft preparation process for anterior cruciate ligament reconstruction has a potential for graft contamination. The purpose of this study was to evaluate the possibility of contamination of the bone-patellar tendon-bone and hamstring tendon autograft during preparation for anterior cruciate ligament reconstruction. METHODS: A primary isolated reconstruction of the anterior cruciate ligament with use of bone-patellar tendon-bone autograft (thirty patients) and hamstring tendon autograft (thirty patients) was performed in a prospective, consecutive series of patients. Three tissue samples were obtained for culture from each graft at different time-intervals during the graft preparation. In addition, the erythrocyte sedimentation rate and the C-reactive protein level were evaluated preoperatively and on the third, seventh, and twentieth postoperative days, and the clinical course of all patients was monitored. RESULTS: The time needed for graft preparation was significantly longer for hamstring autografts (nineteen minutes) than for bone-patellar tendon-bone autografts (ten minutes) (p = 0.032). In the hamstring group, cultures of graft tissue from four patients (13%) were positive for bacteria. In the bone-patellar tendon-bone group, cultures of graft tissue from three patients (10%) were positive for bacteria; the difference between groups was not significant (p = 0.923). No patient had development of a postoperative infection. There were no differences between patients with a contaminated graft and those with an uncontaminated graft with regard to postoperative changes in the erythrocyte sedimentation rate or the C-reactive protein level at all time-intervals. CONCLUSIONS: A high rate (12%) of autograft contamination can be expected during autograft preparation for anterior cruciate ligament reconstruction. The contamination rate is almost equal for both bone-patellar tendon-bone and hamstring tendon autografts. We could not identify an association between contaminated grafts implanted in the knee and postoperative inflammatory markers such as the erythrocyte sedimentation rate and the C-reactive protein level.",2008,English,The journal of bone and joint surgery. american volume,pubmed,10.2106/JBJS.G.00806,https://doi.org/10.2106/JBJS.G.00806,18381313.0,https://pubmed.ncbi.nlm.nih.gov/18381313/,Hantes+autograftcontaminationduringpreparationforanteriorcruciateli+2008,autograftcontaminationduringpreparationforanteriorcruciateli+2008,"Autograft contamination during preparation for anterior cruciate ligament reconstruction. BACKGROUND: The autograft preparation process for anterior cruciate ligament reconstruction has a potential for graft contamination. The purpose of this study was to evaluate the possibility of contamination of the bone-patellar tendon-bone and hamstring tendon autograft during preparation for anterior cruciate ligament reconstruction. METHODS: A primary isolated reconstruction of the anterior cruciate ligament with use of bone-patellar tendon-bone autograft (thirty patients) and hamstring tendon autograft (thirty patients) was performed in a prospective, consecutive series of patients. Three tissue samples were obtained for culture from each graft at different time-intervals during the graft preparation. In addition, the erythrocyte sedimentation rate and the C-reactive protein level were evaluated preoperatively and on the third, seventh, and twentieth postoperative days, and the clinical course of all patients was monitored. RESULTS: The time needed for graft preparation was significantly longer for hamstring autografts (nineteen minutes) than for bone-patellar tendon-bone autografts (ten minutes) (p = 0.032). In the hamstring group, cultures of graft tissue from four patients (13%) were positive for bacteria. In the bone-patellar tendon-bone group, cultures of graft tissue from three patients (10%) were positive for bacteria; the difference between groups was not significant (p = 0.923). No patient had development of a postoperative infection. There were no differences between patients with a contaminated graft and those with an uncontaminated graft with regard to postoperative changes in the erythrocyte sedimentation rate or the C-reactive protein level at all time-intervals. CONCLUSIONS: A high rate (12%) of autograft contamination can be expected during autograft preparation for anterior cruciate ligament reconstruction. The contamination rate is almost equal for both bone-patellar tendon-bone and hamstring tendon autografts. We could not identify an association between contaminated grafts implanted in the knee and postoperative inflammatory markers such as the erythrocyte sedimentation rate and the C-reactive protein level."
342,106,107,Pinczewski (2007),BPTB,"Pinczewski LA, Lyman J, Salmon LJ, Russell VJ, Roe J, Linklater J",Pinczewski,"A 10-year comparison of anterior cruciate ligament reconstructions with hamstring tendon and patellar tendon autograft: a controlled, prospective trial.",a10yearcomparisonofanteriorcruciateligamentreconstructionswi,"BACKGROUND: There are no controlled, prospective studies comparing the 10-year outcomes of anterior cruciate ligament (ACL) reconstruction using patellar tendon (PT) and 4-strand hamstring tendon (HT) autografts. HYPOTHESIS: Comparable results are possible with HT and PT autografts. STUDY DESIGN: Cohort study; Level of evidence, 2. METHODS: One hundred eighty ACL-deficient knees that met inclusion criteria underwent ACL reconstruction (90 HT autograft, 90 PT autograft) by one surgeon and were treated with an accelerated rehabilitation program. All knees were observed in a prospective fashion with subjective, objective, and radiographic evaluation at 2, 5, 7, and 10-year intervals. RESULTS: At 10 years, there were no differences in graft rupture rates (7/90 PT vs. 12/90 HT, P = .24). There were 20 contralateral ACL ruptures in the PT group, compared with 9 in the HT group (P = .02). In all patients, graft rupture was associated with instrumented laxity >2 mm at 2 years (P = .001). Normal or near-normal function of the knee was reported in 97% of patients in both groups. In the PT group, harvest-site symptoms (P = .001) and kneeling pain (P = .01) were more common than in the HT group. More patients reported pain with strenuous activities in PT knees than in HT knees (P = .05). Radiographic osteoarthritis was more common in PT knees than the HT-reconstructed knees (P = .04). The difference, however, was composed of patients with mild osteoarthritis. Other predictors of radiographic osteoarthritis were <90% single-legged hop test at 1 year and the need for further knee surgery. An ""ideal"" outcome, defined as an overall International Knee Documentation Committee grade of A or B and a radiographic grade of A at 10 years after ACL reconstruction, was associated with <3 mm of instrumented laxity at 2 years, the absence of additional surgery in the knee, and HT grafts. CONCLUSIONS: It is possible to obtain excellent results with both HT and PT autografts. We recommend HT reconstructions to our patients because of decreased harvest-site symptoms and radiographic osteoarthritis.",2007,English,The american journal of sports medicine,pubmed,10.1177/0363546506296042,https://doi.org/10.1177/0363546506296042,17261567.0,https://pubmed.ncbi.nlm.nih.gov/17261567/,Pinczewski+a10yearcomparisonofanteriorcruciateligamentreconstructionswi+2007,a10yearcomparisonofanteriorcruciateligamentreconstructionswi+2007,"A 10-year comparison of anterior cruciate ligament reconstructions with hamstring tendon and patellar tendon autograft: a controlled, prospective trial. BACKGROUND: There are no controlled, prospective studies comparing the 10-year outcomes of anterior cruciate ligament (ACL) reconstruction using patellar tendon (PT) and 4-strand hamstring tendon (HT) autografts. HYPOTHESIS: Comparable results are possible with HT and PT autografts. STUDY DESIGN: Cohort study; Level of evidence, 2. METHODS: One hundred eighty ACL-deficient knees that met inclusion criteria underwent ACL reconstruction (90 HT autograft, 90 PT autograft) by one surgeon and were treated with an accelerated rehabilitation program. All knees were observed in a prospective fashion with subjective, objective, and radiographic evaluation at 2, 5, 7, and 10-year intervals. RESULTS: At 10 years, there were no differences in graft rupture rates (7/90 PT vs. 12/90 HT, P = .24). There were 20 contralateral ACL ruptures in the PT group, compared with 9 in the HT group (P = .02). In all patients, graft rupture was associated with instrumented laxity >2 mm at 2 years (P = .001). Normal or near-normal function of the knee was reported in 97% of patients in both groups. In the PT group, harvest-site symptoms (P = .001) and kneeling pain (P = .01) were more common than in the HT group. More patients reported pain with strenuous activities in PT knees than in HT knees (P = .05). Radiographic osteoarthritis was more common in PT knees than the HT-reconstructed knees (P = .04). The difference, however, was composed of patients with mild osteoarthritis. Other predictors of radiographic osteoarthritis were <90% single-legged hop test at 1 year and the need for further knee surgery. An ""ideal"" outcome, defined as an overall International Knee Documentation Committee grade of A or B and a radiographic grade of A at 10 years after ACL reconstruction, was associated with <3 mm of instrumented laxity at 2 years, the absence of additional surgery in the knee, and HT grafts. CONCLUSIONS: It is possible to obtain excellent results with both HT and PT autografts. We recommend HT reconstructions to our patients because of decreased harvest-site symptoms and radiographic osteoarthritis."
343,107,108,Chouliaras (2007),BPTB,"Chouliaras V, Ristanis S, Moraiti C, Stergiou N, Georgoulis AD",Chouliaras,Effectiveness of reconstruction of the anterior cruciate ligament with quadrupled hamstrings and bone-patellar tendon-bone autografts: an in vivo study comparing tibial internal-external rotation.,effectivenessofreconstructionoftheanteriorcruciateligamentwi,"BACKGROUND: The 2 most frequently used autografts for anterior cruciate ligament reconstruction are the bone-patellar tendon-bone and the quadrupled hamstrings tendon. HYPOTHESIS: Hamstring tendon graft is superior to patellar tendon graft in restoring tibial rotation during highly demanding activities because of its superiority in strength and linear stiffness and because it is closer morphologically to the anatomy of the natural anterior cruciate ligament. STUDY DESIGN: Case control study; Level of evidence, 3. METHODS: Eleven patients with patellar tendon graft anterior cruciate ligament reconstruction, 11 patients with hamstring tendon graft anterior cruciate ligament reconstruction, and 11 controls were assessed. Kinematic data were collected (50 Hz) with a 6-camera optoelectronic system while the subjects descended stairs and, immediately after, pivoted on their landing leg. The dependent variable examined was the tibial internal-external rotation during pivoting. All patients in both groups were also assessed clinically and with the use of a KT-1000 arthrometer to evaluate anterior tibial translation. RESULTS: The results demonstrated that reconstructions with either graft successfully restored anterior tibial translation. However, both anterior cruciate ligament reconstruction groups had significantly increased tibial rotation when compared with the controls, whereas no differences were found between the 2 reconstructed groups. CONCLUSION: The 2 most frequently used autografts for anterior cruciate ligament reconstruction cannot restore tibial rotation to normal levels. CLINICAL RELEVANCE: New surgical techniques are needed that can better approximate the actual anatomy and function of the anterior cruciate ligament.",2007,English,The american journal of sports medicine,pubmed,10.1177/0363546506296040,https://doi.org/10.1177/0363546506296040,17251174.0,https://pubmed.ncbi.nlm.nih.gov/17251174/,Chouliaras+effectivenessofreconstructionoftheanteriorcruciateligamentwi+2007,effectivenessofreconstructionoftheanteriorcruciateligamentwi+2007,"Effectiveness of reconstruction of the anterior cruciate ligament with quadrupled hamstrings and bone-patellar tendon-bone autografts: an in vivo study comparing tibial internal-external rotation. BACKGROUND: The 2 most frequently used autografts for anterior cruciate ligament reconstruction are the bone-patellar tendon-bone and the quadrupled hamstrings tendon. HYPOTHESIS: Hamstring tendon graft is superior to patellar tendon graft in restoring tibial rotation during highly demanding activities because of its superiority in strength and linear stiffness and because it is closer morphologically to the anatomy of the natural anterior cruciate ligament. STUDY DESIGN: Case control study; Level of evidence, 3. METHODS: Eleven patients with patellar tendon graft anterior cruciate ligament reconstruction, 11 patients with hamstring tendon graft anterior cruciate ligament reconstruction, and 11 controls were assessed. Kinematic data were collected (50 Hz) with a 6-camera optoelectronic system while the subjects descended stairs and, immediately after, pivoted on their landing leg. The dependent variable examined was the tibial internal-external rotation during pivoting. All patients in both groups were also assessed clinically and with the use of a KT-1000 arthrometer to evaluate anterior tibial translation. RESULTS: The results demonstrated that reconstructions with either graft successfully restored anterior tibial translation. However, both anterior cruciate ligament reconstruction groups had significantly increased tibial rotation when compared with the controls, whereas no differences were found between the 2 reconstructed groups. CONCLUSION: The 2 most frequently used autografts for anterior cruciate ligament reconstruction cannot restore tibial rotation to normal levels. CLINICAL RELEVANCE: New surgical techniques are needed that can better approximate the actual anatomy and function of the anterior cruciate ligament."
351,118,119,Gobbi (2006),BPTB,"Gobbi A, Francisco R",Gobbi,Factors affecting return to sports after anterior cruciate ligament reconstruction with patellar tendon and hamstring graft: a prospective clinical investigation.,factorsaffectingreturntosportsafteranteriorcruciateligamentr,"In athletes, anterior cruciate ligament (ACL) reconstruction is recommended after injury to restore the normal knee function and allow subsequent return to sport. Successful ACL reconstruction with patellar tendon (PT) and hamstring tendon (HT) grafts combined with a well-structured rehabilitation program could bring athletes back to their previous level of sport activities. We prospectively followed-up 100 athletes who underwent ACL reconstruction with either PT (n=50) or HT grafts (n=50). Evaluation was done pre-operatively and post-operatively (3, 6, 12, and 24 months) using International Knee Documentation Committee (IKDC), Lysholm, Noyes, and Tegner scales. Subjective assessment numeric evaluation (SANE), knee activity rating scale (Marx) and a psychological profile questionnaire (psychovitality) were also utilized. Objective evaluations included isokinetic tests and computerized knee motion analysis. Data gathered were statistically analyzed using the Mann-Whitney non-parametric U-test. Among the 100 patients who have undergone ACL reconstruction, 65% returned to the same level of sports, 24% changed sports and 11% ceased sport activities. No significant difference (P>0.05) in outcome between PT and HT grafts were observed. No significant differences (P>0.05) were noted between athletes who ""returned"" to their previous sport and those who ""did not return"" to sports at the same level when using the IKDC, Lysholm, Noyes, and Tegner knee evaluation scales. However, significant difference was observed with the knee scores obtained by those who returned and those who completely ceased participation in sport activities. Computerized laxity test revealed that 90% of these patients have less than 3 mm side-to-side difference with no significant difference between HT and PT groups. Patients who ""returned to sports"" obtained significantly better scores with the Marx scale (P=0.001) and the psychovitality questionnaire (P=0.001) than those who did not. Conventional knee scales including IKDC, Lysholm, Noyes, and Tegner remain as reliable means of evaluating outcome of ACL reconstruction. However, the data obtained from these are not sufficient to determine which among the patients who had knee reconstruction can successfully return to sport. The use of the Marx knee activity rating scale and the evaluation of the athletes' psychological profile are additional scales that can be useful in determining which among the patients treated have a better chance of returning to their pre-injury activity levels.",2006,English,Knee surgery sports traumatology arthroscopy : official journal of the esska,pubmed,10.1007/s00167-006-0050-9,https://doi.org/10.1007/s00167-006-0050-9,16496124.0,https://pubmed.ncbi.nlm.nih.gov/16496124/,Gobbi+factorsaffectingreturntosportsafteranteriorcruciateligamentr+2006,factorsaffectingreturntosportsafteranteriorcruciateligamentr+2006,"Factors affecting return to sports after anterior cruciate ligament reconstruction with patellar tendon and hamstring graft: a prospective clinical investigation. In athletes, anterior cruciate ligament (ACL) reconstruction is recommended after injury to restore the normal knee function and allow subsequent return to sport. Successful ACL reconstruction with patellar tendon (PT) and hamstring tendon (HT) grafts combined with a well-structured rehabilitation program could bring athletes back to their previous level of sport activities. We prospectively followed-up 100 athletes who underwent ACL reconstruction with either PT (n=50) or HT grafts (n=50). Evaluation was done pre-operatively and post-operatively (3, 6, 12, and 24 months) using International Knee Documentation Committee (IKDC), Lysholm, Noyes, and Tegner scales. Subjective assessment numeric evaluation (SANE), knee activity rating scale (Marx) and a psychological profile questionnaire (psychovitality) were also utilized. Objective evaluations included isokinetic tests and computerized knee motion analysis. Data gathered were statistically analyzed using the Mann-Whitney non-parametric U-test. Among the 100 patients who have undergone ACL reconstruction, 65% returned to the same level of sports, 24% changed sports and 11% ceased sport activities. No significant difference (P>0.05) in outcome between PT and HT grafts were observed. No significant differences (P>0.05) were noted between athletes who ""returned"" to their previous sport and those who ""did not return"" to sports at the same level when using the IKDC, Lysholm, Noyes, and Tegner knee evaluation scales. However, significant difference was observed with the knee scores obtained by those who returned and those who completely ceased participation in sport activities. Computerized laxity test revealed that 90% of these patients have less than 3 mm side-to-side difference with no significant difference between HT and PT groups. Patients who ""returned to sports"" obtained significantly better scores with the Marx scale (P=0.001) and the psychovitality questionnaire (P=0.001) than those who did not. Conventional knee scales including IKDC, Lysholm, Noyes, and Tegner remain as reliable means of evaluating outcome of ACL reconstruction. However, the data obtained from these are not sufficient to determine which among the patients who had knee reconstruction can successfully return to sport. The use of the Marx knee activity rating scale and the evaluation of the athletes' psychological profile are additional scales that can be useful in determining which among the patients treated have a better chance of returning to their pre-injury activity levels."
373,171,172,Jansson (1999),BPTB,"Jansson KA, Harilainen A, Sandelin J, Karjalainen PT, Aronen HJ, Tallroth K",Jansson,"Bone tunnel enlargement after anterior cruciate ligament reconstruction with the hamstring autograft and endobutton fixation technique. A clinical, radiographic and magnetic resonance imaging study with 2 years follow-up.",bonetunnelenlargementafteranteriorcruciateligamentreconstruc,"The aim of this study was to describe the contrast-enhanced magnetic resonance imaging (MRI) appearance of bone tunnel enlargement detected on radiography after anterior cruciate ligament (ACL) reconstruction with semitendinosus and gracilis tendon endobutton (STG-endobutton) fixation technique. Fourteen patients with a STG-endobutton ACL reconstruction were examined 3 months (n = 1), 1 year (n = 1) and 2 years (n = 12) postoperatively. An age- and sex-matched group with a bone-patellar tendon-bone (BTB) autograft ACL reconstruction with similar follow-up was taken as control. Data on clinical examination, laxity and isokinetic muscle torque measurements, anteroposterior and lateral view radiography were obtained, and knee scores (Lysholm and Tegner) were collected. Contrast-enhanced MRI was performed in the STG-endobutton group with a 1.5-T imager. There were no statistical differences between the groups with respect to clinical findings, stability tests, or knee scores. In the STG-endobutton group the average femoral and tibial bone tunnel diameter detected on anteroposterior view radiography had increased at 2-year follow-up by 33% and 23%, respectively. On MRI the ligamentous graft itself was not enhanced by the contrast medium whereas periligamentous tissue within and around the STG graft bundles showed mild contrast enhancement. In conclusion, the MRI results suggest that enhancing periligamentous tissue accumulated in and around the STG graft associated with the tunnel expansion. In spite of the significant bone tunnel enlargement observed on the follow-up radiography the STG-endobutton knees were stable and the patients satisfied.",1999,English,Knee surgery sports traumatology arthroscopy : official journal of the esska,pubmed,10.1007/s001670050166,https://doi.org/10.1007/s001670050166,10525698.0,https://pubmed.ncbi.nlm.nih.gov/10525698/,Jansson+bonetunnelenlargementafteranteriorcruciateligamentreconstruc+1999,bonetunnelenlargementafteranteriorcruciateligamentreconstruc+1999,"Bone tunnel enlargement after anterior cruciate ligament reconstruction with the hamstring autograft and endobutton fixation technique. A clinical, radiographic and magnetic resonance imaging study with 2 years follow-up. The aim of this study was to describe the contrast-enhanced magnetic resonance imaging (MRI) appearance of bone tunnel enlargement detected on radiography after anterior cruciate ligament (ACL) reconstruction with semitendinosus and gracilis tendon endobutton (STG-endobutton) fixation technique. Fourteen patients with a STG-endobutton ACL reconstruction were examined 3 months (n = 1), 1 year (n = 1) and 2 years (n = 12) postoperatively. An age- and sex-matched group with a bone-patellar tendon-bone (BTB) autograft ACL reconstruction with similar follow-up was taken as control. Data on clinical examination, laxity and isokinetic muscle torque measurements, anteroposterior and lateral view radiography were obtained, and knee scores (Lysholm and Tegner) were collected. Contrast-enhanced MRI was performed in the STG-endobutton group with a 1.5-T imager. There were no statistical differences between the groups with respect to clinical findings, stability tests, or knee scores. In the STG-endobutton group the average femoral and tibial bone tunnel diameter detected on anteroposterior view radiography had increased at 2-year follow-up by 33% and 23%, respectively. On MRI the ligamentous graft itself was not enhanced by the contrast medium whereas periligamentous tissue within and around the STG graft bundles showed mild contrast enhancement. In conclusion, the MRI results suggest that enhancing periligamentous tissue accumulated in and around the STG graft associated with the tunnel expansion. In spite of the significant bone tunnel enlargement observed on the follow-up radiography the STG-endobutton knees were stable and the patients satisfied."
483,494,495,Kaya (2019),QT,"Kaya D, Guney-Deniz H, Sayaca C, Calik M, Doral MN",Kaya,"Effects on Lower Extremity Neuromuscular Control Exercises on Knee Proprioception, Muscle Strength, and Functional Level in Patients with ACL Reconstruction.",effectsonlowerextremityneuromuscularcontrolexercisesonkneepr,"OBJECTIVE: The purpose of this study was to determine the effects of lower extremity motor control exercises on knee proprioception, muscle strength, and functional level in patients with anterior cruciate ligament reconstruction (ACL-R). MATERIALS AND METHODS: Thirty-two of the 57 patients with ACL-R using tibialis anterior allografts were divided into two groups. Group I: lower extremity motor control exercises were added to the standard rehabilitation program. Group II: standard rehabilitation program was applied. Effects of lower extremity motor control exercises on quadriceps and hamstring muscles strength, knee joint position sense, and hop test were evaluated. RESULTS: There were no differences in muscle strength and endurance of the quadriceps and hamstring between the operative and nonoperative sides in Group I (p > 0.05) while there were significant differences in strength of the quadriceps and hamstring between the operative and nonoperative sides in Group II (p < 0.05). There were significant differences in the endurance of the quadriceps and hamstring and knee joint position sense at 15 degrees , 45 degrees , and 75 degrees  between the operative sides of the patients in both groups (p < 0.05). CONCLUSIONS: The neuromuscular control exercises program was found to be more effective in reducing the difference in strength while the standard program was found to be more effective in reducing the difference in endurance between the operated knee and the other knee. This study revealed that neuromuscular control exercises should also be used to improve knee proprioception sense following ACL-R.",2019,English,Biomed research international,pubmed,10.1155/2019/1694695,https://doi.org/10.1155/2019/1694695,31828089.0,https://pubmed.ncbi.nlm.nih.gov/31828089/,Kaya+effectsonlowerextremityneuromuscularcontrolexercisesonkneepr+2019,effectsonlowerextremityneuromuscularcontrolexercisesonkneepr+2019,"Effects on Lower Extremity Neuromuscular Control Exercises on Knee Proprioception, Muscle Strength, and Functional Level in Patients with ACL Reconstruction. OBJECTIVE: The purpose of this study was to determine the effects of lower extremity motor control exercises on knee proprioception, muscle strength, and functional level in patients with anterior cruciate ligament reconstruction (ACL-R). MATERIALS AND METHODS: Thirty-two of the 57 patients with ACL-R using tibialis anterior allografts were divided into two groups. Group I: lower extremity motor control exercises were added to the standard rehabilitation program. Group II: standard rehabilitation program was applied. Effects of lower extremity motor control exercises on quadriceps and hamstring muscles strength, knee joint position sense, and hop test were evaluated. RESULTS: There were no differences in muscle strength and endurance of the quadriceps and hamstring between the operative and nonoperative sides in Group I (p > 0.05) while there were significant differences in strength of the quadriceps and hamstring between the operative and nonoperative sides in Group II (p < 0.05). There were significant differences in the endurance of the quadriceps and hamstring and knee joint position sense at 15 degrees , 45 degrees , and 75 degrees  between the operative sides of the patients in both groups (p < 0.05). CONCLUSIONS: The neuromuscular control exercises program was found to be more effective in reducing the difference in strength while the standard program was found to be more effective in reducing the difference in endurance between the operated knee and the other knee. This study revealed that neuromuscular control exercises should also be used to improve knee proprioception sense following ACL-R."
522,983,32,Runer (2023),BPTB,"Runer A, Keeling L, Wagala N, Nugraha H, Ãzbek EA, Hughes JD, Musahl V",Runer,"Current trends in graft choice for primary anterior cruciate ligament reconstruction - part II: In-vivo kinematics, patient reported outcomes, re-rupture rates, strength recovery, return to sports and complications",currenttrendsingraftchoiceforprimaryanteriorcruciateligament,"Postoperative patient satisfaction after anterior cruciate ligament reconstruction (ACL-R) is influenced mainly by the degree of pain, the need for reoperation, and functional performance in daily activities and sports. Graft choice has shown to have an influence on postoperative outcomes after ACL-R. While patient reported outcomes measurements do not differ between graft options, evidence shows that normal knee kinematics is not fully restored after ACL-R with an increase in postoperative anterior tibial translation (ATT). Postoperative graft rupture rates seem to favor bone-patella-tendon-bone (BPTB) and quadriceps tendon (QT) autografts over HT or allografts. While return to sports rates seem comparable between different graft types, postoperative extensor strength is reduced in patients with BPTB and QT whereas flexion strength is weakened in patients with HT. Postoperative donor site morbidity is highest in BPTB but comparable between HT and QT. With all graft options having advantages and drawbacks, graft choice must be individualized and chosen in accordance with the patient.",2023,English,Journal of experimental orthopaedics,wos,10.1186/s40634-023-00601-3,https://doi.org/10.1186/s40634-023-00601-3,37014518.0,https://pubmed.ncbi.nlm.nih.gov/37014518/,Runer+currenttrendsingraftchoiceforprimaryanteriorcruciateligament+2023,currenttrendsingraftchoiceforprimaryanteriorcruciateligament+2023,"Current trends in graft choice for primary anterior cruciate ligament reconstruction - part II: In-vivo kinematics, patient reported outcomes, re-rupture rates, strength recovery, return to sports and complications Postoperative patient satisfaction after anterior cruciate ligament reconstruction (ACL-R) is influenced mainly by the degree of pain, the need for reoperation, and functional performance in daily activities and sports. Graft choice has shown to have an influence on postoperative outcomes after ACL-R. While patient reported outcomes measurements do not differ between graft options, evidence shows that normal knee kinematics is not fully restored after ACL-R with an increase in postoperative anterior tibial translation (ATT). Postoperative graft rupture rates seem to favor bone-patella-tendon-bone (BPTB) and quadriceps tendon (QT) autografts over HT or allografts. While return to sports rates seem comparable between different graft types, postoperative extensor strength is reduced in patients with BPTB and QT whereas flexion strength is weakened in patients with HT. Postoperative donor site morbidity is highest in BPTB but comparable between HT and QT. With all graft options having advantages and drawbacks, graft choice must be individualized and chosen in accordance with the patient."
540,1013,62,Kursumovic (2020),BPTB,"Kursumovic K, Charalambous CP",Kursumovic,"RELATIONSHIP OF GRAFT TYPE AND VANCOMYCIN PRESOAKING TO RATE OF INFECTION IN ANTERIOR CRUCIATE LIGAMENT RECONSTRUCTION A Meta-Analysis of 198 Studies with 68,453 Grafts",relationshipofgrafttypeandvancomycinpresoakingtorateofinfect,"Background:Infection is a devastating complication in anterior cruciate ligament reconstruction (ACLR) surgery. Given the rarity of infection, pooling individual studies via meta-analysis can allow more meaningful evaluation of factors influencing infection rates. We aimed to determine the relationship of graft type and vancomycin graft presoaking to bacterial infection rates following ACLR. Methods:A systematic literature search was conducted on PubMed, Ovid MEDLINE, Embase, and CENTRAL (Cochrane Register of Controlled Trials). Included articles were those reporting on primary arthroscopic or open ACLR procedures, using hamstring (HT) or bone-patellar tendon-bone (BPTB) autografts or allografts of any type, with regard to the outcome of infection (deep infection or septic arthritis). Meta-analyses were performed to estimate the overall infection rates in ACLR surgery according to graft type and to examine the effect of presoaking grafts in vancomycin on infection rates. Results:We identified 306 bacterial infections in 68,453 grafts across 198 studies. The overall estimated ACL graft infection rate in our meta-analysis was 0.9% (95% confidence interval [CI] = 0.8% to 1.0%). HT autografts were associated with a higher infection rate (1.1%, CI = 0.9% to 1.2%) than BPTB autografts (0.7%, CI = 0.6% to 0.9%) and allografts (0.5%, CI = 0.4% to 0.8%) (Q = 15.58, p < 0.001). Presoaking HT autografts in vancomycin reduced infection rates to 0.1% (CI = 0.0% to 0.4%) (Q = 10.62, p = 0.001). Conclusions:Infection following ACLR remains a rare but serious complication. HT autografts are associated with higher infection rates than other graft types. Presoaking HT autografts in vancomycin reduces infection rates by an estimated tenfold. Level of Evidence:Therapeutic Level IV. See Instructions for Authors for a complete description of levels of evidence.",2020,English,Jbjs reviews,wos,10.2106/JBJS.RVW.19.00156,https://doi.org/10.2106/JBJS.RVW.19.00156,32759615.0,https://pubmed.ncbi.nlm.nih.gov/32759615/,Kursumovic+relationshipofgrafttypeandvancomycinpresoakingtorateofinfect+2020,relationshipofgrafttypeandvancomycinpresoakingtorateofinfect+2020,"RELATIONSHIP OF GRAFT TYPE AND VANCOMYCIN PRESOAKING TO RATE OF INFECTION IN ANTERIOR CRUCIATE LIGAMENT RECONSTRUCTION A Meta-Analysis of 198 Studies with 68,453 Grafts Background:Infection is a devastating complication in anterior cruciate ligament reconstruction (ACLR) surgery. Given the rarity of infection, pooling individual studies via meta-analysis can allow more meaningful evaluation of factors influencing infection rates. We aimed to determine the relationship of graft type and vancomycin graft presoaking to bacterial infection rates following ACLR. Methods:A systematic literature search was conducted on PubMed, Ovid MEDLINE, Embase, and CENTRAL (Cochrane Register of Controlled Trials). Included articles were those reporting on primary arthroscopic or open ACLR procedures, using hamstring (HT) or bone-patellar tendon-bone (BPTB) autografts or allografts of any type, with regard to the outcome of infection (deep infection or septic arthritis). Meta-analyses were performed to estimate the overall infection rates in ACLR surgery according to graft type and to examine the effect of presoaking grafts in vancomycin on infection rates. Results:We identified 306 bacterial infections in 68,453 grafts across 198 studies. The overall estimated ACL graft infection rate in our meta-analysis was 0.9% (95% confidence interval [CI] = 0.8% to 1.0%). HT autografts were associated with a higher infection rate (1.1%, CI = 0.9% to 1.2%) than BPTB autografts (0.7%, CI = 0.6% to 0.9%) and allografts (0.5%, CI = 0.4% to 0.8%) (Q = 15.58, p < 0.001). Presoaking HT autografts in vancomycin reduced infection rates to 0.1% (CI = 0.0% to 0.4%) (Q = 10.62, p = 0.001). Conclusions:Infection following ACLR remains a rare but serious complication. HT autografts are associated with higher infection rates than other graft types. Presoaking HT autografts in vancomycin reduces infection rates by an estimated tenfold. Level of Evidence:Therapeutic Level IV. See Instructions for Authors for a complete description of levels of evidence."
545,1022,71,Bailey (2020),BPTB,Bailey L,Bailey,"Author Reply to ""Regarding 'Adductor Canal Nerve Versus Femoral Nerve Blockade for Pain Control and Quadriceps Function Following Anterior Cruciate Ligament Reconstruction With Patellar Tendon Autograft: A Prospective Randomized Trial'""","authorreplyto""regarding'adductorcanalnerveversusfemoralnerve",,2020,English,Arthroscopy-the journal of arthroscopic and related surgery,wos,10.1016/j.arthro.2020.01.002,https://doi.org/10.1016/j.arthro.2020.01.002,32139040.0,https://pubmed.ncbi.nlm.nih.gov/32139040/,"Bailey+authorreplyto""regarding'adductorcanalnerveversusfemoralnerve+2020","authorreplyto""regarding'adductorcanalnerveversusfemoralnerve+2020",
546,1023,72,Min (2020),BPTB,Min H,Min,"Regarding ""Adductor Canal Nerve Versus Femoral Nerve Blockade for Pain Control and Quadriceps Function Following Anterior Cruciate Ligament Reconstruction With Patellar Tendon Autograft: A Prospective Randomized Trial""","regarding""adductorcanalnerveversusfemoralnerveblockadeforpai",,2020,English,Arthroscopy-the journal of arthroscopic and related surgery,wos,10.1016/j.arthro.2020.01.001,https://doi.org/10.1016/j.arthro.2020.01.001,32139041.0,https://pubmed.ncbi.nlm.nih.gov/32139041/,"Min+regarding""adductorcanalnerveversusfemoralnerveblockadeforpai+2020","regarding""adductorcanalnerveversusfemoralnerveblockadeforpai+2020",
548,1025,74,Rahardja (2020),BPTB,"Rahardja R, Zhu M, Love H, Clatworthy MG, Monk AP, Young SW",Rahardja,Effect of Graft Choice on Revision and Contralateral Anterior Cruciate Ligament Reconstruction: Results From the New Zealand ACL Registry,effectofgraftchoiceonrevisionandcontralateralanteriorcruciat,"Background: The patellar tendon is often considered the ""gold standard"" graft for reducing the risk of graft rupture after anterior cruciate ligament (ACL) reconstruction. However, its use may also be associated with an increased risk of injury to the contralateral ACL. Purpose: To clarify the association between graft choice and the risk of revision and contralateral ACL reconstruction. Study Design: Cohort study; Level of evidence, 2. Methods: Prospective data captured by the New Zealand ACL Registry between April 2014 and December 2018 were reviewed. All primary ACL reconstructions performed using either a hamstring tendon or patellar tendon autograft were included. Cox regression survival analysis adjusting for patient factors was performed to compare the risk of revision and contralateral ACL reconstruction between the hamstring tendon graft and the patellar tendon graft. Results: A total of 7155 primary ACL reconstructions were reviewed, of which 5563 (77.7%) were performed using a hamstring tendon graft and 1592 (22.3%) were performed using a patellar tendon graft. Patients with a hamstring tendon graft had a revision rate of 2.7% compared with 1.3% in patients with a patellar tendon graft (adjusted hazard ratio [HR], 2.51; 95% CI, 1.55-4.06; P < .001). The patellar tendon graft was associated with an increased risk of contralateral ACL reconstruction compared with the hamstring tendon graft (adjusted HR, 1.91; 95% CI, 1.15-3.16; P = .012). The number needed to treat (NNT) with a patellar tendon graft to prevent 1 revision was 73.6. However, the NNT with a hamstring tendon graft to prevent 1 contralateral reconstruction was 116.3. Conclusion: Use of a patellar tendon graft reduced the risk of graft rupture but was associated with an increased risk of injury to the contralateral ACL. Adequate rehabilitation and informed decision making on return to activity and injury prevention measures may be important in preventing subsequent injury to the healthy knee.",2020,English,American journal of sports medicine,wos,10.1177/0363546519885148,https://doi.org/10.1177/0363546519885148,31730379.0,https://pubmed.ncbi.nlm.nih.gov/31730379/,Rahardja+effectofgraftchoiceonrevisionandcontralateralanteriorcruciat+2020,effectofgraftchoiceonrevisionandcontralateralanteriorcruciat+2020,"Effect of Graft Choice on Revision and Contralateral Anterior Cruciate Ligament Reconstruction: Results From the New Zealand ACL Registry Background: The patellar tendon is often considered the ""gold standard"" graft for reducing the risk of graft rupture after anterior cruciate ligament (ACL) reconstruction. However, its use may also be associated with an increased risk of injury to the contralateral ACL. Purpose: To clarify the association between graft choice and the risk of revision and contralateral ACL reconstruction. Study Design: Cohort study; Level of evidence, 2. Methods: Prospective data captured by the New Zealand ACL Registry between April 2014 and December 2018 were reviewed. All primary ACL reconstructions performed using either a hamstring tendon or patellar tendon autograft were included. Cox regression survival analysis adjusting for patient factors was performed to compare the risk of revision and contralateral ACL reconstruction between the hamstring tendon graft and the patellar tendon graft. Results: A total of 7155 primary ACL reconstructions were reviewed, of which 5563 (77.7%) were performed using a hamstring tendon graft and 1592 (22.3%) were performed using a patellar tendon graft. Patients with a hamstring tendon graft had a revision rate of 2.7% compared with 1.3% in patients with a patellar tendon graft (adjusted hazard ratio [HR], 2.51; 95% CI, 1.55-4.06; P < .001). The patellar tendon graft was associated with an increased risk of contralateral ACL reconstruction compared with the hamstring tendon graft (adjusted HR, 1.91; 95% CI, 1.15-3.16; P = .012). The number needed to treat (NNT) with a patellar tendon graft to prevent 1 revision was 73.6. However, the NNT with a hamstring tendon graft to prevent 1 contralateral reconstruction was 116.3. Conclusion: Use of a patellar tendon graft reduced the risk of graft rupture but was associated with an increased risk of injury to the contralateral ACL. Adequate rehabilitation and informed decision making on return to activity and injury prevention measures may be important in preventing subsequent injury to the healthy knee."
554,1039,88,Riaz (2018),BPTB,"Riaz O, Aqil A, Mannan A, Hossain F, Ali M, Chakrabarty G, Radcliffe G",Riaz,Quadriceps Tendon-Bone or Patellar Tendon-Bone Autografts When Reconstructing the Anterior Cruciate Ligament: A Meta-analysis,quadricepstendonboneorpatellartendonboneautograftswhenrecons,"Objective: We aimed to quantitatively assess the outcomes of studies, comparing the use of Bone-patellar tendon-bone (BPTB) and the quadriceps tendon-bone (QTB) autografts when reconstructing the anterior cruciate ligament (ACL). Data Sources: MEDLINE, Embase, and CINAHL databases were searched for relevant articles published between January 1980 and January 2015 for the purpose of identifying studies comparing BPTB and QTB autografts for ACL reconstruction. Included studies were assessed regarding their methodological quality before analysis. Outcomes analyzed were graft failure rates, objective and subjective stability assessments, as well as the presence and severity of donor site morbidity. Main Results: Five studies contributed to the quantitative analysis of 806 patients with 452 patients included in the BPTB group and 354 patients in the QTB group. Graft failure rates were similar between the 2 groups [odds ratio (OR) = 0.61; confidence interval (CI) = 0.17-2.15; Z = 0.78, P = 0.44]. There were no significant differences between the 2 groups when testing anteroposterior stability using an arthrometer (standardized mean difference = 0.07; CI = -0.12-0.25; Z = 0.70, P = 0.48). At 1 year postoperatively, there was no difference in the percentage of patients with a positive pivot shift test between the 2 groups (OR = 1.0; CI = 0.85-1.18; Z = 0.01, P = 0.99). However, significantly less patients had graft site pain 1 year after surgery in the QTB group (OR = 0.10; CI = 0.02-0.43; Z = 3.12, P = 0.002). Similarly, fewer patients reported moderate to severe pain while kneeling, in the QTB group (OR = 0.16; CI = 0.07-0.37; Z = 4.26, P < 0.001). Conclusions: This study demonstrates comparable survival rates and joint stability when BPTB and QTB grafts are used. However, fewer adverse donor site symptoms are evident with QTB grafts.",2018,English,Clinical journal of sport medicine,wos,10.1097/JSM.0000000000000451,https://doi.org/10.1097/JSM.0000000000000451,28654440.0,https://pubmed.ncbi.nlm.nih.gov/28654440/,Riaz+quadricepstendonboneorpatellartendonboneautograftswhenrecons+2018,quadricepstendonboneorpatellartendonboneautograftswhenrecons+2018,"Quadriceps Tendon-Bone or Patellar Tendon-Bone Autografts When Reconstructing the Anterior Cruciate Ligament: A Meta-analysis Objective: We aimed to quantitatively assess the outcomes of studies, comparing the use of Bone-patellar tendon-bone (BPTB) and the quadriceps tendon-bone (QTB) autografts when reconstructing the anterior cruciate ligament (ACL). Data Sources: MEDLINE, Embase, and CINAHL databases were searched for relevant articles published between January 1980 and January 2015 for the purpose of identifying studies comparing BPTB and QTB autografts for ACL reconstruction. Included studies were assessed regarding their methodological quality before analysis. Outcomes analyzed were graft failure rates, objective and subjective stability assessments, as well as the presence and severity of donor site morbidity. Main Results: Five studies contributed to the quantitative analysis of 806 patients with 452 patients included in the BPTB group and 354 patients in the QTB group. Graft failure rates were similar between the 2 groups [odds ratio (OR) = 0.61; confidence interval (CI) = 0.17-2.15; Z = 0.78, P = 0.44]. There were no significant differences between the 2 groups when testing anteroposterior stability using an arthrometer (standardized mean difference = 0.07; CI = -0.12-0.25; Z = 0.70, P = 0.48). At 1 year postoperatively, there was no difference in the percentage of patients with a positive pivot shift test between the 2 groups (OR = 1.0; CI = 0.85-1.18; Z = 0.01, P = 0.99). However, significantly less patients had graft site pain 1 year after surgery in the QTB group (OR = 0.10; CI = 0.02-0.43; Z = 3.12, P = 0.002). Similarly, fewer patients reported moderate to severe pain while kneeling, in the QTB group (OR = 0.16; CI = 0.07-0.37; Z = 4.26, P < 0.001). Conclusions: This study demonstrates comparable survival rates and joint stability when BPTB and QTB grafts are used. However, fewer adverse donor site symptoms are evident with QTB grafts."
555,1040,89,Bansal (2018),BPTB,"Bansal A, Lamplot JD, VandenBerg J, Brophy RH",Bansal,Meta-analysis of the Risk of Infections After Anterior Cruciate Ligament Reconstruction by Graft Type,metaanalysisoftheriskofinfectionsafteranteriorcruciateligame,"Background: An infection after anterior cruciate ligament (ACL) reconstruction is a relatively rare but challenging complication. There are no meta-analyses comparing the incidence of infections after ACL reconstruction with the various available graft choices. Purpose: To compare the incidence of infections after ACL reconstruction with bone-patellar tendon-bone (BPTB) autografts compared with hamstring autografts, with a secondary aim of comparing the incidence of infections after reconstruction with autografts compared with allografts. Study Design: Meta-analysis. Methods: A systematic review was performed to identify level 1 and 2 studies that reported the incidence of infections by graft type after ACL reconstruction. Studies that evaluated patients undergoing primary ACL reconstruction with an autograft, allograft, or combination of autograft and allograft and reported the number of postoperative infections by graft type utilized were considered for inclusion. Studies were excluded if they included revision ACL reconstruction or did not specify the number of infections by graft type. Study findings were reviewed, and meta-analysis was performed when data were sufficiently homogeneous. Results: Twenty-one studies meeting criteria were identified from the literature review. Meta-analysis revealed a significant difference in the incidence of deep infections between BPTB autografts and hamstring autografts, with the BPTB group displaying a 77% lower incidence of infections compared with the hamstring group (relative risk [RR], 0.23; 95% CI, 0.097-0.54). The incidence of infections was 66% lower with BPTB autografts compared with all other graft types, with a pooled RR of 0.33 (95% CI, 0.15-0.71). There was no significant difference in the incidence of infections after ACL reconstruction with autografts compared with allografts (RR, 1.035; 95% CI, 0.589-1.819). Conclusion: The findings of this meta-analysis demonstrate a significantly lower incidence of deep infections after ACL reconstruction with BPTB autografts compared with hamstring autografts but not compared with allografts.",2018,English,American journal of sports medicine,wos,10.1177/0363546517714450,https://doi.org/10.1177/0363546517714450,28737955.0,https://pubmed.ncbi.nlm.nih.gov/28737955/,Bansal+metaanalysisoftheriskofinfectionsafteranteriorcruciateligame+2018,metaanalysisoftheriskofinfectionsafteranteriorcruciateligame+2018,"Meta-analysis of the Risk of Infections After Anterior Cruciate Ligament Reconstruction by Graft Type Background: An infection after anterior cruciate ligament (ACL) reconstruction is a relatively rare but challenging complication. There are no meta-analyses comparing the incidence of infections after ACL reconstruction with the various available graft choices. Purpose: To compare the incidence of infections after ACL reconstruction with bone-patellar tendon-bone (BPTB) autografts compared with hamstring autografts, with a secondary aim of comparing the incidence of infections after reconstruction with autografts compared with allografts. Study Design: Meta-analysis. Methods: A systematic review was performed to identify level 1 and 2 studies that reported the incidence of infections by graft type after ACL reconstruction. Studies that evaluated patients undergoing primary ACL reconstruction with an autograft, allograft, or combination of autograft and allograft and reported the number of postoperative infections by graft type utilized were considered for inclusion. Studies were excluded if they included revision ACL reconstruction or did not specify the number of infections by graft type. Study findings were reviewed, and meta-analysis was performed when data were sufficiently homogeneous. Results: Twenty-one studies meeting criteria were identified from the literature review. Meta-analysis revealed a significant difference in the incidence of deep infections between BPTB autografts and hamstring autografts, with the BPTB group displaying a 77% lower incidence of infections compared with the hamstring group (relative risk [RR], 0.23; 95% CI, 0.097-0.54). The incidence of infections was 66% lower with BPTB autografts compared with all other graft types, with a pooled RR of 0.33 (95% CI, 0.15-0.71). There was no significant difference in the incidence of infections after ACL reconstruction with autografts compared with allografts (RR, 1.035; 95% CI, 0.589-1.819). Conclusion: The findings of this meta-analysis demonstrate a significantly lower incidence of deep infections after ACL reconstruction with BPTB autografts compared with hamstring autografts but not compared with allografts."
557,1043,92,Eysturoy (2018),BPTB,"Eysturoy NH, Nissen KA, Nielsen T, Lind M",Eysturoy,The Influence of Graft Fixation Methods on Revision Rates After Primary Anterior Cruciate Ligament Reconstruction,theinfluenceofgraftfixationmethodsonrevisionratesafterprimar,"Background: The method of graft fixation in primary anterior cruciate ligament (ACL) reconstruction is important for initial stability of the graft. Poor graft fixation can result in failure of the reconstruction. The effect of ACL graft fixation principles and fixation implant combinations on the risk of revision after ACL reconstruction is not well understood. Purpose: The study aimed to compare the risk of revision among 4 categories of femoral fixation divided by their principle of function using a hamstring tendon (HT) graft only. Furthermore, this study aimed to compare the risk of revision among the most frequently used combinations (tibia and femur) of graft fixation implants in a national patient cohort. Study Design: Cohort study; Level of evidence, 3. Methods: The authors divided the femoral fixation constructs into 4 categories by their principle of function: cortical suspensory fixation, adjustable cortical suspensory fixation, intratunnel transfixation, and interference screw (aperture) fixation. Data on revision rates and graft fixation methods were extracted from the Danish ACL Reconstruction Registry. The study included patients who underwent primary ACL reconstruction with either an HT or patellar tendon (PT) graft and were followed up at 2 to 10 years. Revision rates at 2-year and full follow-up were extracted for the category of graft fixation in the femur as well as for the most common implant combinations (those involving >175 patients). Patients with infrequently used fixation devices were excluded from this analysis. The HT group included 14 frequently used combinations (n > 175), and there were 2 such combinations in the PT group. A total of 13,200 ACL reconstructions were included in the study. For ACL reconstruction with an HT graft, there were 4680 with cortical suspensory fixation, 577 with adjustable cortical suspensory fixation, 5921 with intratunnel transfixation, and 617 with interference screw fixation. There were 1405 ACL reconstructions with a PT graft. Results: When only comparing primary ACL reconstructions using an HT graft, cortical suspensory fixation exhibited a significantly higher risk of revision at 2-year follow-up than the other categories of femoral fixation (hazard ratio [HR], 1.24 [95% CI, 1.07-1.44]; P < .05). Intratunnel transfixation exhibited a significantly lower risk of revision (HR, 0.83 [95% CI, 0.73-0.94]; P < .05). Comparing the most frequently used femoral/tibial fixation implant combinations with the mean risk of revision, Endobutton/Intrafix and Endobutton/Biosure PEEK for HT grafts exhibited an increased risk of revision, with an relative risk (RR) of 1.36 (95% CI, 1.03-1.81; P < . 05) and 1.55 (95% CI, 1.15-2.09; P < . 05), respectively. The Atlantech metal screw/metal screw and Softsilk/Softsilk combinations (both for PT grafts) exhibited a significantly decreased risk of revision, with an RR of 0.41 (95% CI, 0.18-0.91; P < . 05) and 0.36 (95% CI, 0.15-0.87; P <. 05), respectively. Conclusion: When comparing ACL graft fixation methods in the 4 categories using an HT graft, cortical suspensory fixation was found to have a significantly increased risk of revision, while intratunnel transfixation exhibited a lower risk of revision. Both Endobutton/Intrafix and Endobutton/Biosure PEEK implant combinations exhibited a significantly higher risk of revision. For PT grafts, Atlantech metal screw/metal screw and Softsilk/Softsilk exhibited a significantly lower risk of revision.",2018,English,American journal of sports medicine,wos,10.1177/0363546517748924,https://doi.org/10.1177/0363546517748924,29337596.0,https://pubmed.ncbi.nlm.nih.gov/29337596/,Eysturoy+theinfluenceofgraftfixationmethodsonrevisionratesafterprimar+2018,theinfluenceofgraftfixationmethodsonrevisionratesafterprimar+2018,"The Influence of Graft Fixation Methods on Revision Rates After Primary Anterior Cruciate Ligament Reconstruction Background: The method of graft fixation in primary anterior cruciate ligament (ACL) reconstruction is important for initial stability of the graft. Poor graft fixation can result in failure of the reconstruction. The effect of ACL graft fixation principles and fixation implant combinations on the risk of revision after ACL reconstruction is not well understood. Purpose: The study aimed to compare the risk of revision among 4 categories of femoral fixation divided by their principle of function using a hamstring tendon (HT) graft only. Furthermore, this study aimed to compare the risk of revision among the most frequently used combinations (tibia and femur) of graft fixation implants in a national patient cohort. Study Design: Cohort study; Level of evidence, 3. Methods: The authors divided the femoral fixation constructs into 4 categories by their principle of function: cortical suspensory fixation, adjustable cortical suspensory fixation, intratunnel transfixation, and interference screw (aperture) fixation. Data on revision rates and graft fixation methods were extracted from the Danish ACL Reconstruction Registry. The study included patients who underwent primary ACL reconstruction with either an HT or patellar tendon (PT) graft and were followed up at 2 to 10 years. Revision rates at 2-year and full follow-up were extracted for the category of graft fixation in the femur as well as for the most common implant combinations (those involving >175 patients). Patients with infrequently used fixation devices were excluded from this analysis. The HT group included 14 frequently used combinations (n > 175), and there were 2 such combinations in the PT group. A total of 13,200 ACL reconstructions were included in the study. For ACL reconstruction with an HT graft, there were 4680 with cortical suspensory fixation, 577 with adjustable cortical suspensory fixation, 5921 with intratunnel transfixation, and 617 with interference screw fixation. There were 1405 ACL reconstructions with a PT graft. Results: When only comparing primary ACL reconstructions using an HT graft, cortical suspensory fixation exhibited a significantly higher risk of revision at 2-year follow-up than the other categories of femoral fixation (hazard ratio [HR], 1.24 [95% CI, 1.07-1.44]; P < .05). Intratunnel transfixation exhibited a significantly lower risk of revision (HR, 0.83 [95% CI, 0.73-0.94]; P < .05). Comparing the most frequently used femoral/tibial fixation implant combinations with the mean risk of revision, Endobutton/Intrafix and Endobutton/Biosure PEEK for HT grafts exhibited an increased risk of revision, with an relative risk (RR) of 1.36 (95% CI, 1.03-1.81; P < . 05) and 1.55 (95% CI, 1.15-2.09; P < . 05), respectively. The Atlantech metal screw/metal screw and Softsilk/Softsilk combinations (both for PT grafts) exhibited a significantly decreased risk of revision, with an RR of 0.41 (95% CI, 0.18-0.91; P < . 05) and 0.36 (95% CI, 0.15-0.87; P <. 05), respectively. Conclusion: When comparing ACL graft fixation methods in the 4 categories using an HT graft, cortical suspensory fixation was found to have a significantly increased risk of revision, while intratunnel transfixation exhibited a lower risk of revision. Both Endobutton/Intrafix and Endobutton/Biosure PEEK implant combinations exhibited a significantly higher risk of revision. For PT grafts, Atlantech metal screw/metal screw and Softsilk/Softsilk exhibited a significantly lower risk of revision."
559,1045,94,Costa (2018),BPTB,"Costa LA, Foni NO, Antonioli E, de Carvalho RT, Paiao ID, Lenza M, Ferretti M",Costa,Analysis of 500 anterior cruciate ligament reconstructions from a private institutional register,analysisof500anteriorcruciateligamentreconstructionsfromapri,"Purpose The aims of this study are to describe the epidemiological characteristics of anterior cruciate ligament reconstructions in a private hospital in Brazil and to determine trends in medical practice for comparison with previous studies. Methods We retrospectively reviewed the anterior cruciate ligament institutional register to obtain data from all patients who underwent primary anterior cruciate ligament reconstruction from July 2014 to June 2016. Descriptive statistics were used to summarize the sample. Specific statistical tests were used to assess associations between the meniscal lesion and other variables. Results During the study period, 72.6% out of 500 patients were male. The mean age at surgery was 35.1 years. The mean age was higher among females than among males (37.3 +/- 12.1 vs 34.3 +/- 10.8 years). The median time from injury to surgery was 44 days. The most common femoral and tibial fixations used were suspensory fixation (60.8%) and interference screw (96%), respectively. The most commonly used graft was hamstring tendon (70.2%), followed by bone-patellar tendon-bone (28.8%). A meniscal lesion was noted in 44.8% of cases. Partial meniscectomy was performed in 69.5% of meniscal lesions, and meniscal repair was performed in 14.1% of lesions. The mean length of hospital stay was 1.4 days. The proportion of men in the group of patients with an associated meniscal lesion was higher than that in the group of patients without a meniscal lesion (p = 0.007). Conclusions In this study, we identified that the vast majority of surgeries were performed in male patients in all age groups, and patients older than 30 years and with a short time from injury to surgery predominated. Concerning surgical technique, we noted a low rate of meniscal repair and a higher preference for the use of hamstring graft and suspensory fixation on the femoral side.",2018,English,Plos one,wos,10.1371/journal.pone.0191414,https://doi.org/10.1371/journal.pone.0191414,29351558.0,https://pubmed.ncbi.nlm.nih.gov/29351558/,Costa+analysisof500anteriorcruciateligamentreconstructionsfromapri+2018,analysisof500anteriorcruciateligamentreconstructionsfromapri+2018,"Analysis of 500 anterior cruciate ligament reconstructions from a private institutional register Purpose The aims of this study are to describe the epidemiological characteristics of anterior cruciate ligament reconstructions in a private hospital in Brazil and to determine trends in medical practice for comparison with previous studies. Methods We retrospectively reviewed the anterior cruciate ligament institutional register to obtain data from all patients who underwent primary anterior cruciate ligament reconstruction from July 2014 to June 2016. Descriptive statistics were used to summarize the sample. Specific statistical tests were used to assess associations between the meniscal lesion and other variables. Results During the study period, 72.6% out of 500 patients were male. The mean age at surgery was 35.1 years. The mean age was higher among females than among males (37.3 +/- 12.1 vs 34.3 +/- 10.8 years). The median time from injury to surgery was 44 days. The most common femoral and tibial fixations used were suspensory fixation (60.8%) and interference screw (96%), respectively. The most commonly used graft was hamstring tendon (70.2%), followed by bone-patellar tendon-bone (28.8%). A meniscal lesion was noted in 44.8% of cases. Partial meniscectomy was performed in 69.5% of meniscal lesions, and meniscal repair was performed in 14.1% of lesions. The mean length of hospital stay was 1.4 days. The proportion of men in the group of patients with an associated meniscal lesion was higher than that in the group of patients without a meniscal lesion (p = 0.007). Conclusions In this study, we identified that the vast majority of surgeries were performed in male patients in all age groups, and patients older than 30 years and with a short time from injury to surgery predominated. Concerning surgical technique, we noted a low rate of meniscal repair and a higher preference for the use of hamstring graft and suspensory fixation on the femoral side."
563,1053,102,Thompson (2016),BPTB,"Thompson SM, Salmon LJ, Waller A, Linklater J, Roe JP, Pinczewski LA",Thompson,Twenty-Year Outcome of a Longitudinal Prospective Evaluation of Isolated Endoscopic Anterior Cruciate Ligament Reconstruction With Patellar Tendon or Hamstring Autograft,twentyyearoutcomeofalongitudinalprospectiveevaluationofisola,"Background: Long-term prospective studies of isolated endoscopic anterior cruciate ligament (ACL) reconstruction are limited and may include confounding factors. Purpose: This study aimed to compare the outcomes of isolated ACL reconstruction using the patellar tendon (PT) autograft and the hamstring (HT) autograft in 180 patients over 20 years. Study Design: Cohort study; Level of evidence, 2. Methods: A total of 180 participants undergoing isolated ACL reconstruction between 1993 and 1994 were prospectively recruited. Evaluation was performed at 1, 2, 5, 7, 10, 15, and 20 years after surgery and included the International Knee Documentation Committee (IKDC) knee ligament evaluation with radiographic evaluation, KT-1000 arthrometer side-to-side difference, and subjective scores. Results: Over 20 years, there were 16 patients (18%) and 9 patients (10%) with an ACL graft rupture in the HT and PT groups, respectively (P = .13). ACL graft rupture was associated with male sex (odds ratio [OR], 3.9; P = .007), nonideal tunnel position (OR, 3.6; P = .019), and age <18 years at the time of surgery (OR, 4.6; P = .003). The odds of a contralateral ACL rupture were increased in patients with the PT graft compared with patients with the HT graft (OR, 2.2; P = .02) and those aged <18 years at the time of surgery (OR, 3.4; P = .001). The mean IKDC scores at 20-year follow-up were 86 and 89 for the PT and HT groups, respectively (P = .18). At 20 years, 53% and 57% of the PT and HT groups participated in strenuous or very strenuous activities (P = .55), kneeling pain was present in 63% and 20% of the PT and HT groups (P = .018), and radiographic osteoarthritic change was found in 61% and 41% of the PT and HT groups (P = .008), respectively. Conclusion: Compared with patients who received the HT graft, patients who received the PT graft had significantly worse outcomes with regard to radiologically detectable osteoarthritis, kneeling pain, and contralateral ACL injury. At 20-year follow-up, both HT and PT autografts continued to provide good subjective outcomes and objective stability. However, further ACL injury is common, particularly in male individuals, younger patients, and those with tunnel malposition.",2016,English,American journal of sports medicine,wos,10.1177/0363546516658041,https://doi.org/10.1177/0363546516658041,27492972.0,https://pubmed.ncbi.nlm.nih.gov/27492972/,Thompson+twentyyearoutcomeofalongitudinalprospectiveevaluationofisola+2016,twentyyearoutcomeofalongitudinalprospectiveevaluationofisola+2016,"Twenty-Year Outcome of a Longitudinal Prospective Evaluation of Isolated Endoscopic Anterior Cruciate Ligament Reconstruction With Patellar Tendon or Hamstring Autograft Background: Long-term prospective studies of isolated endoscopic anterior cruciate ligament (ACL) reconstruction are limited and may include confounding factors. Purpose: This study aimed to compare the outcomes of isolated ACL reconstruction using the patellar tendon (PT) autograft and the hamstring (HT) autograft in 180 patients over 20 years. Study Design: Cohort study; Level of evidence, 2. Methods: A total of 180 participants undergoing isolated ACL reconstruction between 1993 and 1994 were prospectively recruited. Evaluation was performed at 1, 2, 5, 7, 10, 15, and 20 years after surgery and included the International Knee Documentation Committee (IKDC) knee ligament evaluation with radiographic evaluation, KT-1000 arthrometer side-to-side difference, and subjective scores. Results: Over 20 years, there were 16 patients (18%) and 9 patients (10%) with an ACL graft rupture in the HT and PT groups, respectively (P = .13). ACL graft rupture was associated with male sex (odds ratio [OR], 3.9; P = .007), nonideal tunnel position (OR, 3.6; P = .019), and age <18 years at the time of surgery (OR, 4.6; P = .003). The odds of a contralateral ACL rupture were increased in patients with the PT graft compared with patients with the HT graft (OR, 2.2; P = .02) and those aged <18 years at the time of surgery (OR, 3.4; P = .001). The mean IKDC scores at 20-year follow-up were 86 and 89 for the PT and HT groups, respectively (P = .18). At 20 years, 53% and 57% of the PT and HT groups participated in strenuous or very strenuous activities (P = .55), kneeling pain was present in 63% and 20% of the PT and HT groups (P = .018), and radiographic osteoarthritic change was found in 61% and 41% of the PT and HT groups (P = .008), respectively. Conclusion: Compared with patients who received the HT graft, patients who received the PT graft had significantly worse outcomes with regard to radiologically detectable osteoarthritis, kneeling pain, and contralateral ACL injury. At 20-year follow-up, both HT and PT autografts continued to provide good subjective outcomes and objective stability. However, further ACL injury is common, particularly in male individuals, younger patients, and those with tunnel malposition."
566,1066,115,Baverel (2015),BPTB,"Baverel L, Demey G, Odri GA, Leroy P, Saffarini M, Dejour D",Baverel,Do outcomes of outpatient ACL reconstruction vary with graft type?,dooutcomesofoutpatientaclreconstructionvarywithgrafttype?,"Background: Studies establishing the feasibility of anterior cruciate ligament (ACL) reconstruction as an outpatient procedure in France were usually conducted with hamstring tendon grafts. The objective of this study was to evaluate the outcomes of outpatient ACL reconstruction according to whether the graft was harvested from the hamstring tendons or patellar tendon. Hypothesis: Outpatient ACL reconstruction can be performed using any type of graft. Methods: A single-centre retrospective study was conducted in consecutive patients older than 16 years who had primary ACL reconstruction using patellar tendon or hamstring tendons, with or without lateral tenodesis. Patients who underwent other procedures on bones or peripheral ligaments and those with a previous history of ACL reconstruction were excluded. The primary evaluation criterion was the occurrence of complications within 45 days after surgery. Secondary evaluation criteria were the visual analogue scale (VAS) for pain during the first 3 postoperative days, patient satisfaction on day 3, and the IKDC and Lysholm clinical scores on day 45. Results: The analysis included 104 knees (one knee per patient). Hamstring tendons were used in 77(74%) knees and patellar tendon in 27(26%) knees. In the hamstring group, 2(2.6%) patients spent the first postoperative night in the hospital and 2 others were re-admitted. No hospitalisations were recorded in the patellar-tendon group. None of the patients required revision surgery within 45 days of the reconstruction procedure. None of the postoperative criteria studied showed statistically significant differences between the two groups. Discussion: ACL reconstruction can be performed on an outpatient basis using any type of graft. The main determinants of successful outpatient ACL reconstruction are a standardised clinical management strategy and an appropriate anaesthesia protocol. (C) 2015 Elsevier Masson SAS. All rights reserved.",2015,English,Orthopaedics & traumatology-surgery & research,wos,10.1016/j.otsr.2015.08.012,https://doi.org/10.1016/j.otsr.2015.08.012,26494618.0,https://pubmed.ncbi.nlm.nih.gov/26494618/,Baverel+dooutcomesofoutpatientaclreconstructionvarywithgrafttype?+2015,dooutcomesofoutpatientaclreconstructionvarywithgrafttype?+2015,"Do outcomes of outpatient ACL reconstruction vary with graft type? Background: Studies establishing the feasibility of anterior cruciate ligament (ACL) reconstruction as an outpatient procedure in France were usually conducted with hamstring tendon grafts. The objective of this study was to evaluate the outcomes of outpatient ACL reconstruction according to whether the graft was harvested from the hamstring tendons or patellar tendon. Hypothesis: Outpatient ACL reconstruction can be performed using any type of graft. Methods: A single-centre retrospective study was conducted in consecutive patients older than 16 years who had primary ACL reconstruction using patellar tendon or hamstring tendons, with or without lateral tenodesis. Patients who underwent other procedures on bones or peripheral ligaments and those with a previous history of ACL reconstruction were excluded. The primary evaluation criterion was the occurrence of complications within 45 days after surgery. Secondary evaluation criteria were the visual analogue scale (VAS) for pain during the first 3 postoperative days, patient satisfaction on day 3, and the IKDC and Lysholm clinical scores on day 45. Results: The analysis included 104 knees (one knee per patient). Hamstring tendons were used in 77(74%) knees and patellar tendon in 27(26%) knees. In the hamstring group, 2(2.6%) patients spent the first postoperative night in the hospital and 2 others were re-admitted. No hospitalisations were recorded in the patellar-tendon group. None of the patients required revision surgery within 45 days of the reconstruction procedure. None of the postoperative criteria studied showed statistically significant differences between the two groups. Discussion: ACL reconstruction can be performed on an outpatient basis using any type of graft. The main determinants of successful outpatient ACL reconstruction are a standardised clinical management strategy and an appropriate anaesthesia protocol. (C) 2015 Elsevier Masson SAS. All rights reserved."
568,1073,122,Andernord (2014),BPTB,"Andernord D, BjÃ¶rnsson H, Petzold M, Eriksson BI, Forssblad M, Karlsson J, Samuelsson K",Andernord,"Surgical Predictors of Early Revision Surgery After Anterior Cruciate Ligament Reconstruction Results From the Swedish National Knee Ligament Register on 13,102 Patients",surgicalpredictorsofearlyrevisionsurgeryafteranteriorcruciat,"Background: An important objective of anterior cruciate ligament (ACL) registries is to detect and report early graft failure and revision surgery after ACL reconstruction. Purpose: To investigate surgical variables and identify predictors of revision surgery after ACL reconstruction. Study Design: Prospective cohort study; Level of evidence, 2. Methods: This prospective cohort study was based on data from the Swedish National Knee Ligament Register during the years 2005 through 2011. Eight surgical variables were investigated: graft selection, graft width, single-bundle or double-bundle techniques, femoral graft fixation, tibial graft fixation, injury-to-surgery interval, injuries to menisci, and injuries to cartilage. The primary endpoint was the 2-year incidence of revision surgery. Relative risks (RRs) and 95% confidence intervals (CIs) were calculated and adjusted for confounders by use of multivariate statistics. Results: A total of 13,102 patients were included (5541 women [42%] and 7561 men [58%]; P < .001). Hamstring tendon autografts accounted for 90% (11,764 patients) of all reconstructions, of which 96% were performed with a single-bundle technique (11,339 patients). Patellar tendon autografts accounted for the remaining 10% (1338 patients). At index reconstruction, observed injuries to menisci and cartilage were common (40% and 28%, respectively). The overall 2-year incidence of revision surgery was 1.60% (women, 1.57%; men, 1.63%; P = .854). Patients with metal interference screw fixation of a semitendinosus tendon autograft on the tibia had a significantly reduced risk of early revision surgery (RR = 0.32; 95% CI, 0.12-0.90; P = .031). Conclusion: Metal interference screw fixation of a semitendinosus tendon autograft on the tibia was an independent predictor of significantly lower 2-year incidence of revision surgery. Graft selection, graft width, a single-bundle or a double-bundle technique, femoral graft fixation, the injury-to-surgery interval, and meniscus injury were not predictors of early revision surgery.",2014,English,American journal of sports medicine,wos,10.1177/0363546514531396,https://doi.org/10.1177/0363546514531396,24778266.0,https://pubmed.ncbi.nlm.nih.gov/24778266/,Andernord+surgicalpredictorsofearlyrevisionsurgeryafteranteriorcruciat+2014,surgicalpredictorsofearlyrevisionsurgeryafteranteriorcruciat+2014,"Surgical Predictors of Early Revision Surgery After Anterior Cruciate Ligament Reconstruction Results From the Swedish National Knee Ligament Register on 13,102 Patients Background: An important objective of anterior cruciate ligament (ACL) registries is to detect and report early graft failure and revision surgery after ACL reconstruction. Purpose: To investigate surgical variables and identify predictors of revision surgery after ACL reconstruction. Study Design: Prospective cohort study; Level of evidence, 2. Methods: This prospective cohort study was based on data from the Swedish National Knee Ligament Register during the years 2005 through 2011. Eight surgical variables were investigated: graft selection, graft width, single-bundle or double-bundle techniques, femoral graft fixation, tibial graft fixation, injury-to-surgery interval, injuries to menisci, and injuries to cartilage. The primary endpoint was the 2-year incidence of revision surgery. Relative risks (RRs) and 95% confidence intervals (CIs) were calculated and adjusted for confounders by use of multivariate statistics. Results: A total of 13,102 patients were included (5541 women [42%] and 7561 men [58%]; P < .001). Hamstring tendon autografts accounted for 90% (11,764 patients) of all reconstructions, of which 96% were performed with a single-bundle technique (11,339 patients). Patellar tendon autografts accounted for the remaining 10% (1338 patients). At index reconstruction, observed injuries to menisci and cartilage were common (40% and 28%, respectively). The overall 2-year incidence of revision surgery was 1.60% (women, 1.57%; men, 1.63%; P = .854). Patients with metal interference screw fixation of a semitendinosus tendon autograft on the tibia had a significantly reduced risk of early revision surgery (RR = 0.32; 95% CI, 0.12-0.90; P = .031). Conclusion: Metal interference screw fixation of a semitendinosus tendon autograft on the tibia was an independent predictor of significantly lower 2-year incidence of revision surgery. Graft selection, graft width, a single-bundle or a double-bundle technique, femoral graft fixation, the injury-to-surgery interval, and meniscus injury were not predictors of early revision surgery."
573,1093,142,Leal-Blanquet (2011),BPTB,"Leal-Blanquet J, Alentorn-Geli E, Tuneu J, ValentÃ­ JR, Maestro A",Leal-Blanquet,Anterior Cruciate Ligament Reconstruction: A Multicenter Prospective Cohort Study Evaluating 3 Different Grafts Using Same Bone Drilling Method,anteriorcruciateligamentreconstruction:amulticenterprospecti,"Objective: To compare the clinical outcomes after anterior cruciate ligament (ACL) reconstruction with bone-patellar tendon-bone autograft (BPTBAu), BPTB allograft (BPTBAll), or hamstring (semitendinosusgracilis) tendon autograft (HTAu), performing bone drilling with same methods in terms of transtibial drilling, orientation, positioning, and width of femoral and tibial tunnels. Design: Multicenter prospective cohort study (level of evidence II). Setting: Departments of Orthopedic Surgery of Centro Medico Teknon (Barcelona, Spain) Clinica Universitaria de Navarra (Navarra, Spain), and Clinica FREMAP (Gijon, Spain). Patients: All patients with ACL tears attending 3 different institutions between January 2004 and June 2006 were approached for eligibility and those meeting inclusion criteria finally participated in this study. Intervention: Each institution was assigned to perform a specific surgical technique. Patients were prospectively followed after undergoing ACL reconstruction with BPTBAu, BPTBAll, or HTAu, with a minimum follow-up of 24 months. Main Outcome Measures: Included knee laxity and International Knee Documentation Committee (IKDC) score. Knee laxity was assessed with the KT-1000 arthrometer (evaluated with neutral and external rotation positions) and both Lachman and pivot shift tests. Additional outcomes included main symptoms (anterior knee pain, swelling, crepitation, and instability), disturbance in knee sensation, visual analogue scale (VAS) for satisfaction with surgery, range of motion (ROM), and isokinetic knee strength. Results: There were no significant differences among the 3 groups for any of the clinical outcomes, except for a slightly greater KT-1000-measured knee laxity in external rotation in the BPTBAu compared with the other groups. All patients demonstrated grade A or B of the IKDC. The mean VAS for satisfaction with surgery in all patients was 8.5. Conclusions: The selection of the surgical technique for ACL reconstruction may be based on the surgeon's preferences.",2011,English,Clinical journal of sport medicine,wos,10.1097/JSM.0b013e31822153cb,https://doi.org/10.1097/JSM.0b013e31822153cb,21694588.0,https://pubmed.ncbi.nlm.nih.gov/21694588/,Leal-Blanquet+anteriorcruciateligamentreconstruction:amulticenterprospecti+2011,anteriorcruciateligamentreconstruction:amulticenterprospecti+2011,"Anterior Cruciate Ligament Reconstruction: A Multicenter Prospective Cohort Study Evaluating 3 Different Grafts Using Same Bone Drilling Method Objective: To compare the clinical outcomes after anterior cruciate ligament (ACL) reconstruction with bone-patellar tendon-bone autograft (BPTBAu), BPTB allograft (BPTBAll), or hamstring (semitendinosusgracilis) tendon autograft (HTAu), performing bone drilling with same methods in terms of transtibial drilling, orientation, positioning, and width of femoral and tibial tunnels. Design: Multicenter prospective cohort study (level of evidence II). Setting: Departments of Orthopedic Surgery of Centro Medico Teknon (Barcelona, Spain) Clinica Universitaria de Navarra (Navarra, Spain), and Clinica FREMAP (Gijon, Spain). Patients: All patients with ACL tears attending 3 different institutions between January 2004 and June 2006 were approached for eligibility and those meeting inclusion criteria finally participated in this study. Intervention: Each institution was assigned to perform a specific surgical technique. Patients were prospectively followed after undergoing ACL reconstruction with BPTBAu, BPTBAll, or HTAu, with a minimum follow-up of 24 months. Main Outcome Measures: Included knee laxity and International Knee Documentation Committee (IKDC) score. Knee laxity was assessed with the KT-1000 arthrometer (evaluated with neutral and external rotation positions) and both Lachman and pivot shift tests. Additional outcomes included main symptoms (anterior knee pain, swelling, crepitation, and instability), disturbance in knee sensation, visual analogue scale (VAS) for satisfaction with surgery, range of motion (ROM), and isokinetic knee strength. Results: There were no significant differences among the 3 groups for any of the clinical outcomes, except for a slightly greater KT-1000-measured knee laxity in external rotation in the BPTBAu compared with the other groups. All patients demonstrated grade A or B of the IKDC. The mean VAS for satisfaction with surgery in all patients was 8.5. Conclusions: The selection of the surgical technique for ACL reconstruction may be based on the surgeon's preferences."
616,595,596,Kokki (2000),QT,"Kokki H, Väätäinen U, Miettinen H, Parviainen A, Könönen M, Partanen J",Kokki,Tourniquet-induced enmg changes in arthroscopic anterior cruciate ligament reconstruction. A comparison of low and high-pressure tourniquet systems.,tourniquetinducedenmgchangesinarthroscopicanteriorcruciateli,"BACKGROUND AND AIMS: The use of a tourniquet during surgery is associated with a risk of neurological disorders. We compared whether a new tourniquet system using low pressure (250 mmHg) is safer than a standard tourniquet system using higher inflation pressure (350 mmHg). MATERIALS AND METHODS: Thirty-one patients (ASA I-II), ages 16-48 years, were studied with ENMG preoperatively and 3 weeks postoperatively following arthroscopic anterior cruciate ligament reconstruction. Tourniquet times varied between 30 and 146 min. RESULTS: Postoperative slowing of motor and sensory conduction was observed, as well as an increase of the minimum peroneal F-response and tibial H-reflex latencies. The sensory amplitude of the sural nerve decreased. Vastus medialis of the quadriceps femoris muscle showed a reduced interference pattern in ENMG in maximal voluntary effort postoperatively. No differences were found in measured results between the low and high pressure tourniquet systems. CONCLUSIONS: Slight postoperative ENMG alterations were demonstrated but the use of both tourniquet systems is safe within the limit of tourniquet times of less than 2 h.",2000,English,Annales chirurgiae et gynaecologiae,pubmed,,,11204965.0,https://pubmed.ncbi.nlm.nih.gov/11204965/,Kokki+tourniquetinducedenmgchangesinarthroscopicanteriorcruciateli+2000,tourniquetinducedenmgchangesinarthroscopicanteriorcruciateli+2000,"Tourniquet-induced enmg changes in arthroscopic anterior cruciate ligament reconstruction. A comparison of low and high-pressure tourniquet systems. BACKGROUND AND AIMS: The use of a tourniquet during surgery is associated with a risk of neurological disorders. We compared whether a new tourniquet system using low pressure (250 mmHg) is safer than a standard tourniquet system using higher inflation pressure (350 mmHg). MATERIALS AND METHODS: Thirty-one patients (ASA I-II), ages 16-48 years, were studied with ENMG preoperatively and 3 weeks postoperatively following arthroscopic anterior cruciate ligament reconstruction. Tourniquet times varied between 30 and 146 min. RESULTS: Postoperative slowing of motor and sensory conduction was observed, as well as an increase of the minimum peroneal F-response and tibial H-reflex latencies. The sensory amplitude of the sural nerve decreased. Vastus medialis of the quadriceps femoris muscle showed a reduced interference pattern in ENMG in maximal voluntary effort postoperatively. No differences were found in measured results between the low and high pressure tourniquet systems. CONCLUSIONS: Slight postoperative ENMG alterations were demonstrated but the use of both tourniquet systems is safe within the limit of tourniquet times of less than 2 h."
663,1230,279,Smith (2007),HT,"Smith TO, Davies L",Smith,Efficacy of continuous passive motion after anterior cruciate ligament reconstruction: A systematic review,efficacyofcontinuouspassivemotionafteranteriorcruciateligame,"The application of continuous passive motion (CPM) following anterior cruciate ligament (ACL) is viewed with controversy by both orthopaedic surgeons and physiotherapists. The objective of this review was to assess the efficacy of CPM following ACL reconstruction. An electronic search was performed using the electronic databases AMED, British Nursing Index, CINAHL, the Cochrane database, EMBASE, ovid Medline, Physiotherapy Evidence Database (PEDro) and Pubmed. All English language, human subject, clinical trials, comparing the effects of CPM against a non-CPM group following ACL reconstruction were reviewed. The methodological quality of the literature was assessed independently by two reviewers using the PEDro scoring system. Eight papers including 505 ACL reconstructions were reviewed. The findings of this review suggested that it was unclear whether the application of CPM post-operatively has any benefit for ACL reconstruction patients. Furthermore, there were numerous methodological weaknesses within the evidence-base. In the absence of strong evidence, the continued use of CPM cannot be supported. Further study is recommended to improve the evidence-base, assess different CPM protocols, evaluate the efficacy of CPM following hamstring tendon grafts, and to assess functional outcomes and quality of life in patients who have and have not received CPM following an ACL reconstruction. (C) 2007 Elsevier Ltd. All rights reserved.",2007,English,Physical therapy in sport,wos,10.1016/j.ptsp.2007.02.002,https://doi.org/10.1016/j.ptsp.2007.02.002,,,Smith+efficacyofcontinuouspassivemotionafteranteriorcruciateligame+2007,efficacyofcontinuouspassivemotionafteranteriorcruciateligame+2007,"Efficacy of continuous passive motion after anterior cruciate ligament reconstruction: A systematic review The application of continuous passive motion (CPM) following anterior cruciate ligament (ACL) is viewed with controversy by both orthopaedic surgeons and physiotherapists. The objective of this review was to assess the efficacy of CPM following ACL reconstruction. An electronic search was performed using the electronic databases AMED, British Nursing Index, CINAHL, the Cochrane database, EMBASE, ovid Medline, Physiotherapy Evidence Database (PEDro) and Pubmed. All English language, human subject, clinical trials, comparing the effects of CPM against a non-CPM group following ACL reconstruction were reviewed. The methodological quality of the literature was assessed independently by two reviewers using the PEDro scoring system. Eight papers including 505 ACL reconstructions were reviewed. The findings of this review suggested that it was unclear whether the application of CPM post-operatively has any benefit for ACL reconstruction patients. Furthermore, there were numerous methodological weaknesses within the evidence-base. In the absence of strong evidence, the continued use of CPM cannot be supported. Further study is recommended to improve the evidence-base, assess different CPM protocols, evaluate the efficacy of CPM following hamstring tendon grafts, and to assess functional outcomes and quality of life in patients who have and have not received CPM following an ACL reconstruction. (C) 2007 Elsevier Ltd. All rights reserved."
674,985,34,Zhao (2022),BPTB,"Zhao L, Lu M, Deng M",Zhao,"Outcome of bone-patellar tendon-bone vs hamstring tendon autograft for anterior cruciate ligament reconstruction A meta-analysis of randomized controlled trials with a 5-year minimum follow-up (vol 99, e23476, 2020)",outcomeofbonepatellartendonbonevshamstringtendonautograftfor,,2022,English,Medicine,wos,10.1097/MD.0000000000029873,https://doi.org/10.1097/MD.0000000000029873,,,Zhao+outcomeofbonepatellartendonbonevshamstringtendonautograftfor+2022,outcomeofbonepatellartendonbonevshamstringtendonautograftfor+2022,
676,1097,146,Barenius (2011),BPTB,"Barenius B, Nordlander M, Ponzer S, Tidermark J, Eriksson K",Barenius,"Quality of life and clinical outcome after anterior cruciate ligament reconstruction using patellar tendon graft or quadrupled semitendinosus graft: an 8-year follow-up of a randomized controlled trial (vol 38, pg 1533, 2010)",qualityoflifeandclinicaloutcomeafteranteriorcruciateligament,,2011,English,American journal of sports medicine,wos,10.1177/0363546511405964,https://doi.org/10.1177/0363546511405964,,,Barenius+qualityoflifeandclinicaloutcomeafteranteriorcruciateligament+2011,qualityoflifeandclinicaloutcomeafteranteriorcruciateligament+2011,
679,1050,99,Maletis (2017),BPTB,"Maletis GB, Chen J, Inacio MCS, Love RM, Funahashi TT",Maletis,Increased Risk of Revision After Anterior Cruciate Ligament Reconstruction With Bone-Patellar Tendon-Bone Allografts Compared With Autografts,increasedriskofrevisionafteranteriorcruciateligamentreconstr,"Background: The use of allograft tissue for anterior cruciate ligament reconstruction (ACLR) remains controversial. Purpose: To compare the risk of aseptic revision between bone-patellar tendon-bone (BPTB) autografts and BPTB allografts. Study Design: Cohort study; Level of evidence, 2. Methods: A retrospective cohort study of prospectively collected data was conducted using the Kaiser Permanente ACLR Registry. A cohort of patients who underwent primary unilateral ACLR with BPTB autografts and BPTB allografts was identified. Aseptic revision was the endpoint. The type of graft and allograft processing method (nonprocessed, <1.8-Mrad, and 1.8-Mrad irradiation) were the exposures of interest evaluated. Age (21 and 22 years) was evaluated as an effect modifier. Analyses were adjusted for age, sex, and race. Kaplan-Meier curves and Cox proportional hazards models were employed. Hazard ratios (HRs) and 95% CIs are provided. Results: The BPTB cohort consisted of 5586 patients: 3783 (67.7%) were male, 2359 (42.2%) were white, 1029 (18.4%) had allografts (nonprocessed: 155; <1.8 Mrad: 525; 1.8 Mrad: 288), and 4557 (81.6%) had autografts. The median age was 34.9 years (interquartile range [IQR], 25.4-44.0) for allograft cases and 22.0 years (IQR, 17.6-30.0) for autograft cases. The estimated cumulative revision rate at 2 years was 4.1% (95% CI, 2.9%-5.9%) for allografts and 1.7% (95% CI, 1.3%-2.2%) for autografts. BPTB allografts had a significantly higher adjusted risk of revision than BPTB autografts (HR, 4.54; 95% CI, 3.03-6.79; P < .001). This higher risk of revision was consistent with all allograft processing methods when compared with autografts and was also consistently higher in patients with allografts regardless of age. Conclusion: When BPTB allograft tissue was used for ACLR, an overall 4.54 times adjusted higher risk of revision was observed compared with surgery performed with a BPTB autograft. Whether the tissue was irradiated with either high- or low-dose radiation, chemically processed, or not processed at all made little difference in the risk of revision. The differences in the revision risk were also consistent in younger and older patients. Surgeons and patients should be aware of the increased risk of revision when a BPTB allograft is used for ACLR.",2017,English,American journal of sports medicine,wos,10.1177/0363546517690386,https://doi.org/10.1177/0363546517690386,28277740.0,https://pubmed.ncbi.nlm.nih.gov/28277740/,Maletis+increasedriskofrevisionafteranteriorcruciateligamentreconstr+2017,increasedriskofrevisionafteranteriorcruciateligamentreconstr+2017,"Increased Risk of Revision After Anterior Cruciate Ligament Reconstruction With Bone-Patellar Tendon-Bone Allografts Compared With Autografts Background: The use of allograft tissue for anterior cruciate ligament reconstruction (ACLR) remains controversial. Purpose: To compare the risk of aseptic revision between bone-patellar tendon-bone (BPTB) autografts and BPTB allografts. Study Design: Cohort study; Level of evidence, 2. Methods: A retrospective cohort study of prospectively collected data was conducted using the Kaiser Permanente ACLR Registry. A cohort of patients who underwent primary unilateral ACLR with BPTB autografts and BPTB allografts was identified. Aseptic revision was the endpoint. The type of graft and allograft processing method (nonprocessed, <1.8-Mrad, and 1.8-Mrad irradiation) were the exposures of interest evaluated. Age (21 and 22 years) was evaluated as an effect modifier. Analyses were adjusted for age, sex, and race. Kaplan-Meier curves and Cox proportional hazards models were employed. Hazard ratios (HRs) and 95% CIs are provided. Results: The BPTB cohort consisted of 5586 patients: 3783 (67.7%) were male, 2359 (42.2%) were white, 1029 (18.4%) had allografts (nonprocessed: 155; <1.8 Mrad: 525; 1.8 Mrad: 288), and 4557 (81.6%) had autografts. The median age was 34.9 years (interquartile range [IQR], 25.4-44.0) for allograft cases and 22.0 years (IQR, 17.6-30.0) for autograft cases. The estimated cumulative revision rate at 2 years was 4.1% (95% CI, 2.9%-5.9%) for allografts and 1.7% (95% CI, 1.3%-2.2%) for autografts. BPTB allografts had a significantly higher adjusted risk of revision than BPTB autografts (HR, 4.54; 95% CI, 3.03-6.79; P < .001). This higher risk of revision was consistent with all allograft processing methods when compared with autografts and was also consistently higher in patients with allografts regardless of age. Conclusion: When BPTB allograft tissue was used for ACLR, an overall 4.54 times adjusted higher risk of revision was observed compared with surgery performed with a BPTB autograft. Whether the tissue was irradiated with either high- or low-dose radiation, chemically processed, or not processed at all made little difference in the risk of revision. The differences in the revision risk were also consistent in younger and older patients. Surgeons and patients should be aware of the increased risk of revision when a BPTB allograft is used for ACLR."
