,Unnamed: 0,id,study,subgroup,authors,first_author,title,short_title,abstract,year,language,journal,source,doi,doi_url,pmid,pmid_url,title+author+year,title+year,tiab
0,1,2,Martorell-de (2025),BPTB,"Martorell-de Fortuny L, Torres-Claramunt R, Sánchez-Soler JF, Perelli S, Hinarejos P, Monllau JC",Martorell-de,Patellar bone defect grafting does not reduce anterior knee pain after bone-patellar tendon-bone anterior cruciate ligament reconstruction.,patellarbonedefectgraftingdoesnotreduceanteriorkneepainafter,"PURPOSE: Donor site morbidity is the main drawback to using bone-patellar tendon-bone (BPTB) as a graft in anterior cruciate ligament (ACL) reconstruction. The objective of the study was to determine whether refilling the patellar bone defect after BPTB harvesting with autograft bone decreased kneeling pain to a greater degree when compared with a group in which bone defect is left unaddressed. METHODS: This is a randomised single-blinded controlled study. Forty patients were randomised into two groups; group 1: Patellar bone defect filled with autologous bone; group 2: Bone defect left undressed. Pain was measured by means of pressure algometry (PA). Functional outcomes were measured with the Kujala and Victorian Institute of Sport Assessment-Patella (VISA-P) score. Magnetic resonance imaging (MRI) was done to measure bone buildup between groups at the 1-year follow-up. RESULTS: No differences were observed in the different algometry measurements and the scores were assessed at 3, 6 and 12 months postoperatively. The ratio of void filled remained consistently higher (p = 0.003) in group 1 when compared to group 2. CONCLUSIONS: Although refilling the lower pole of the patella with autologous bone from the harvested BPTB autograft loads the bone defect, it does not reduce pain at the donor site 1 year after surgery. LEVEL OF EVIDENCE: Level 1, therapeutic study.",2025,English,Knee Surg Sports Traumatol Arthrosc,pubmed,10.1002/ksa.12449,https://doi.org/10.1002/ksa.12449,39194385.0,https://pubmed.ncbi.nlm.nih.gov/39194385/,Martorell-de+patellarbonedefectgraftingdoesnotreduceanteriorkneepainafter+2025,patellarbonedefectgraftingdoesnotreduceanteriorkneepainafter+2025,"Patellar bone defect grafting does not reduce anterior knee pain after bone-patellar tendon-bone anterior cruciate ligament reconstruction. PURPOSE: Donor site morbidity is the main drawback to using bone-patellar tendon-bone (BPTB) as a graft in anterior cruciate ligament (ACL) reconstruction. The objective of the study was to determine whether refilling the patellar bone defect after BPTB harvesting with autograft bone decreased kneeling pain to a greater degree when compared with a group in which bone defect is left unaddressed. METHODS: This is a randomised single-blinded controlled study. Forty patients were randomised into two groups; group 1: Patellar bone defect filled with autologous bone; group 2: Bone defect left undressed. Pain was measured by means of pressure algometry (PA). Functional outcomes were measured with the Kujala and Victorian Institute of Sport Assessment-Patella (VISA-P) score. Magnetic resonance imaging (MRI) was done to measure bone buildup between groups at the 1-year follow-up. RESULTS: No differences were observed in the different algometry measurements and the scores were assessed at 3, 6 and 12 months postoperatively. The ratio of void filled remained consistently higher (p = 0.003) in group 1 when compared to group 2. CONCLUSIONS: Although refilling the lower pole of the patella with autologous bone from the harvested BPTB autograft loads the bone defect, it does not reduce pain at the donor site 1 year after surgery. LEVEL OF EVIDENCE: Level 1, therapeutic study."
2,25,26,Biswal (2016),BPTB,"Biswal UK, Balaji G, Nema S, Poduval M, Menon J, Patro DK",Biswal,Correlation of tunnel widening and tunnel positioning with short-term functional outcomes in single-bundle anterior cruciate ligament reconstruction using patellar tendon versus hamstring graft: a prospective study.,correlationoftunnelwideningandtunnelpositioningwithshortterm,"OBJECTIVE: To study the correlation between tunnel widening and tunnel position with short-term functional outcomes post-ACL reconstruction with patellar tendon and hamstring autografts in young adults. MATERIALS AND METHODS: A total of 33 patients who underwent ACL reconstruction between October 2013 and February 2015 were included and followed up for 6 months. A standardized surgical technique was used for each graft type. Intra-op arthroscopy findings and drilled tunnel diameters were noted. They were followed up for 3 and 6 months. Radiological assessment was done at 3 and 6 months with clinical score assessment at 6 months. RESULTS: At 6 months, clinical scores were comparable in both groups. Tunnel widening in both femoral and tibial tunnel at 3 and 6 months were significantly higher in STG group (p values <0.05). The rate of widening was higher in 0-3 months and reduced in 3-6 months. There was statistically significant negative correlation between femoral tunnel widening by CT and IKDC score at 6 months (p value 0.049). We found a positive correlation between posterior positioning of femoral tunnel and Lysholm and IKDC scores. The correlation with Lysholm scores was statistically significant (p value 0.046). CONCLUSION: To conclude, tunnel widening is more with hamstrings graft. Femoral tunnel widening has significant negative correlation with that of IKDC scores at 6 months. Posterior femoral tunnel positioning and Lysholm scores at 6 months had significant correlation.",2016,English,Eur J Orthop Surg Traumatol,pubmed,10.1007/s00590-016-1809-4,https://doi.org/10.1007/s00590-016-1809-4,27376940.0,https://pubmed.ncbi.nlm.nih.gov/27376940/,Biswal+correlationoftunnelwideningandtunnelpositioningwithshortterm+2016,correlationoftunnelwideningandtunnelpositioningwithshortterm+2016,"Correlation of tunnel widening and tunnel positioning with short-term functional outcomes in single-bundle anterior cruciate ligament reconstruction using patellar tendon versus hamstring graft: a prospective study. OBJECTIVE: To study the correlation between tunnel widening and tunnel position with short-term functional outcomes post-ACL reconstruction with patellar tendon and hamstring autografts in young adults. MATERIALS AND METHODS: A total of 33 patients who underwent ACL reconstruction between October 2013 and February 2015 were included and followed up for 6 months. A standardized surgical technique was used for each graft type. Intra-op arthroscopy findings and drilled tunnel diameters were noted. They were followed up for 3 and 6 months. Radiological assessment was done at 3 and 6 months with clinical score assessment at 6 months. RESULTS: At 6 months, clinical scores were comparable in both groups. Tunnel widening in both femoral and tibial tunnel at 3 and 6 months were significantly higher in STG group (p values <0.05). The rate of widening was higher in 0-3 months and reduced in 3-6 months. There was statistically significant negative correlation between femoral tunnel widening by CT and IKDC score at 6 months (p value 0.049). We found a positive correlation between posterior positioning of femoral tunnel and Lysholm and IKDC scores. The correlation with Lysholm scores was statistically significant (p value 0.046). CONCLUSION: To conclude, tunnel widening is more with hamstrings graft. Femoral tunnel widening has significant negative correlation with that of IKDC scores at 6 months. Posterior femoral tunnel positioning and Lysholm scores at 6 months had significant correlation."
3,26,27,Iliopoulos (2017),BPTB,"Iliopoulos E, Galanis N, Zafeiridis A, Iosifidis M, Papadopoulos P, Potoupnis M, Geladas N, Vrabas IS, Kirkos J",Iliopoulos,Anatomic single-bundle anterior cruciate ligament reconstruction improves walking economy: hamstrings tendon versus patellar tendon grafts.,anatomicsinglebundleanteriorcruciateligamentreconstructionim,"PURPOSE: Anterior cruciate ligament (ACL) injury is associated with a pathologic gait pattern and increased energy cost during locomotion. ACL reconstruction could improve the gait pattern. Hamstrings tendon (HAM) and bone-patellar tendon-bone (BPTB) grafts are usually used for reconstruction. The aim of this study was to compare the efficacy of anatomic ACL reconstruction with HAM and BPTB grafts on improving and normalizing the energy cost and physiologic reserves during flat, uphill, and downhill walking. METHODS: Twenty male subjects with unilateral ACL injuries were randomly assigned to ACL reconstruction with a HAM (n = 10) or BPTB (n = 10) graft. Ten matched controls were also enrolled. All participants performed three 8-min walking tasks at 0, +10, and -10 % gradients before and 9 months after surgery. Energy cost (oxygen consumption, VO(2)), heart rate (HR), and ventilation (VE) were measured. Lysholm/IKDC scores were recorded. RESULTS: Pre-operatively, VO(2), HR, and VE were higher in the HAM and BPTB groups than in controls during walking at 0, +10, and -10 % gradients (p < 0.001-0.01). Post-operatively, both HAM and BPTB groups showed reduced VO(2), HR, and VE during the three walking tasks (p < 0.001-0.01). Although the post-operative VO(2) in both surgical groups reached 90-95 % of the normative (control) value during walking, it remained elevated against the value observed in controls (p < 0.001-0.01). The HAM and BPTB groups showed no differences in post-surgical VO(2) or HR during walking at all three gradients. CONCLUSION: Anatomic ACL reconstruction with either HAM or BPTB graft resulted in similar short-term improvements in energy cost and nearly normalized locomotion economy and cardiorespiratory reserves during flat, uphill, and downhill walking. The improved locomotion economy is an additional benefit of anatomic ACL reconstruction, irrespective of the type of graft used, that the orthopaedic surgeons should consider. LEVEL OF EVIDENCE: II.",2017,English,Knee Surg Sports Traumatol Arthrosc,pubmed,10.1007/s00167-016-4229-4,https://doi.org/10.1007/s00167-016-4229-4,27371291.0,https://pubmed.ncbi.nlm.nih.gov/27371291/,Iliopoulos+anatomicsinglebundleanteriorcruciateligamentreconstructionim+2017,anatomicsinglebundleanteriorcruciateligamentreconstructionim+2017,"Anatomic single-bundle anterior cruciate ligament reconstruction improves walking economy: hamstrings tendon versus patellar tendon grafts. PURPOSE: Anterior cruciate ligament (ACL) injury is associated with a pathologic gait pattern and increased energy cost during locomotion. ACL reconstruction could improve the gait pattern. Hamstrings tendon (HAM) and bone-patellar tendon-bone (BPTB) grafts are usually used for reconstruction. The aim of this study was to compare the efficacy of anatomic ACL reconstruction with HAM and BPTB grafts on improving and normalizing the energy cost and physiologic reserves during flat, uphill, and downhill walking. METHODS: Twenty male subjects with unilateral ACL injuries were randomly assigned to ACL reconstruction with a HAM (n = 10) or BPTB (n = 10) graft. Ten matched controls were also enrolled. All participants performed three 8-min walking tasks at 0, +10, and -10 % gradients before and 9 months after surgery. Energy cost (oxygen consumption, VO(2)), heart rate (HR), and ventilation (VE) were measured. Lysholm/IKDC scores were recorded. RESULTS: Pre-operatively, VO(2), HR, and VE were higher in the HAM and BPTB groups than in controls during walking at 0, +10, and -10 % gradients (p < 0.001-0.01). Post-operatively, both HAM and BPTB groups showed reduced VO(2), HR, and VE during the three walking tasks (p < 0.001-0.01). Although the post-operative VO(2) in both surgical groups reached 90-95 % of the normative (control) value during walking, it remained elevated against the value observed in controls (p < 0.001-0.01). The HAM and BPTB groups showed no differences in post-surgical VO(2) or HR during walking at all three gradients. CONCLUSION: Anatomic ACL reconstruction with either HAM or BPTB graft resulted in similar short-term improvements in energy cost and nearly normalized locomotion economy and cardiorespiratory reserves during flat, uphill, and downhill walking. The improved locomotion economy is an additional benefit of anatomic ACL reconstruction, irrespective of the type of graft used, that the orthopaedic surgeons should consider. LEVEL OF EVIDENCE: II."
4,36,37,Valentí (2014),BPTB,"Valentí Azcárate A, Lamo-Espinosa J, Aquerreta Beola JD, Hernandez Gonzalez M, Mora Gasque G, Valentí Nin JR",Valentí,Comparison between two different platelet-rich plasma preparations and control applied during anterior cruciate ligament reconstruction. Is there any evidence to support their use?,comparisonbetweentwodifferentplateletrichplasmapreparationsa,"INTRODUCTION: To compare the clinical, analytical and graft maturation effects of two different platelet-rich plasma (PRP) preparations applied during anterior cruciate ligament (ACL) reconstruction. MATERIALS AND METHODS: A total of 150 patients with ACL disruption were included in the study. Arthroscopic ACL reconstruction with patellar tendon allograft was conducted on all knees using the same protocol. One hundred patients were prospectively randomised to either a group to receive double-spinning platelet-enriched gel (PRP) with leukocytes (n=50) or to a non-gel group (n=50). Finally, we included 50 patients treated with a platelet-rich preparation from a single-spinning procedure (PRGF Endoret((R)) Technology) without leukocytes. Inflammatory parameters, including C-reactive protein (CRP) and knee perimeters (PER), were measured 24 hours and 10 days after surgery. Postoperative pain score (visual analogue score [VAS]) was recorded the day after surgery. Follow-up visits occurred postoperatively at 3, 6, and 12 months. The International Knee Documentation Committee scale (IKDC) was included to compare functional state, and MRI was conducted 6 months after surgery. RESULTS: The PRGF group showed a statistically significant improvement in swelling and inflammatory parameters compared with the other two groups at 24 hours after surgery (p<0.05). The results did not show any significant differences between groups for MRI and clinical scores. CONCLUSIONS: PRGF used in ACL allograft reconstruction was associated with reduced swelling; however, the intensity and uniformity of the graft on MRI were similar in the three groups, and there was no clinical or pain improvement compared with the control group. LEVEL OF EVIDENCE: II.",2014,English,Injury,pubmed,10.1016/S0020-1383(14)70008-7,https://doi.org/10.1016/S0020-1383(14)70008-7,25384473.0,https://pubmed.ncbi.nlm.nih.gov/25384473/,Valentí+comparisonbetweentwodifferentplateletrichplasmapreparationsa+2014,comparisonbetweentwodifferentplateletrichplasmapreparationsa+2014,"Comparison between two different platelet-rich plasma preparations and control applied during anterior cruciate ligament reconstruction. Is there any evidence to support their use? INTRODUCTION: To compare the clinical, analytical and graft maturation effects of two different platelet-rich plasma (PRP) preparations applied during anterior cruciate ligament (ACL) reconstruction. MATERIALS AND METHODS: A total of 150 patients with ACL disruption were included in the study. Arthroscopic ACL reconstruction with patellar tendon allograft was conducted on all knees using the same protocol. One hundred patients were prospectively randomised to either a group to receive double-spinning platelet-enriched gel (PRP) with leukocytes (n=50) or to a non-gel group (n=50). Finally, we included 50 patients treated with a platelet-rich preparation from a single-spinning procedure (PRGF Endoret((R)) Technology) without leukocytes. Inflammatory parameters, including C-reactive protein (CRP) and knee perimeters (PER), were measured 24 hours and 10 days after surgery. Postoperative pain score (visual analogue score [VAS]) was recorded the day after surgery. Follow-up visits occurred postoperatively at 3, 6, and 12 months. The International Knee Documentation Committee scale (IKDC) was included to compare functional state, and MRI was conducted 6 months after surgery. RESULTS: The PRGF group showed a statistically significant improvement in swelling and inflammatory parameters compared with the other two groups at 24 hours after surgery (p<0.05). The results did not show any significant differences between groups for MRI and clinical scores. CONCLUSIONS: PRGF used in ACL allograft reconstruction was associated with reduced swelling; however, the intensity and uniformity of the graft on MRI were similar in the three groups, and there was no clinical or pain improvement compared with the control group. LEVEL OF EVIDENCE: II."
5,39,40,Kautzner (2015),BPTB,"Kautzner J, Kos P, Hanus M, Trc T, Havlas V",Kautzner,A comparison of ACL reconstruction using patellar tendon versus hamstring autograft in female patients: a prospective randomised study.,acomparisonofaclreconstructionusingpatellartendonversushamst,"PURPOSE: The incidence of an anterior cruciate ligament (ACL) tear is highest in female patients; however, it is not apparent whether graft choice affects clinical results. The aim of this prospective randomised study was to evaluate clinical results of an ACL reconstruction using patellar tendon [bone-patellar tendon-bone (BTB)] or hamstring graft (HS) in female patients. METHODS: Inclusion criteria were traumatic instability, no signs of osteoarthritis, no previous instability and no contralateral knee instability. Inclusion criteria were met in 150 patients, mean age 26 (17-47) years. Patients were randomised into two groups of 75 patients according to graft type; all had the same rehabilitation protocol. Tegner Lysholm knee score and stability were evaluated pre-operatively and one and two years postoperatively. The difference between groups was statistically evaluated using unpaired t test. RESULTS: Of the 150 patients, all completed one year follow-up; three were lost to follow-up at two years. There was no significant difference in functional scores and knee stability between groups. The HS group had significantly less anterior knee pain in the first six months postoperatively. CONCLUSION: ACL reconstruction significantly improves clinical results and stability of the knee. Difference in Lysholm score and stability between groups was not significant. Neither group showed higher tendency to graft failure within two years. Graft choice for reconstruction in female patients should be surgeon specific and individualised, as both grafts studied achieved comparable results.",2015,English,Int Orthop,pubmed,10.1007/s00264-014-2495-7,https://doi.org/10.1007/s00264-014-2495-7,25128968.0,https://pubmed.ncbi.nlm.nih.gov/25128968/,Kautzner+acomparisonofaclreconstructionusingpatellartendonversushamst+2015,acomparisonofaclreconstructionusingpatellartendonversushamst+2015,"A comparison of ACL reconstruction using patellar tendon versus hamstring autograft in female patients: a prospective randomised study. PURPOSE: The incidence of an anterior cruciate ligament (ACL) tear is highest in female patients; however, it is not apparent whether graft choice affects clinical results. The aim of this prospective randomised study was to evaluate clinical results of an ACL reconstruction using patellar tendon [bone-patellar tendon-bone (BTB)] or hamstring graft (HS) in female patients. METHODS: Inclusion criteria were traumatic instability, no signs of osteoarthritis, no previous instability and no contralateral knee instability. Inclusion criteria were met in 150 patients, mean age 26 (17-47) years. Patients were randomised into two groups of 75 patients according to graft type; all had the same rehabilitation protocol. Tegner Lysholm knee score and stability were evaluated pre-operatively and one and two years postoperatively. The difference between groups was statistically evaluated using unpaired t test. RESULTS: Of the 150 patients, all completed one year follow-up; three were lost to follow-up at two years. There was no significant difference in functional scores and knee stability between groups. The HS group had significantly less anterior knee pain in the first six months postoperatively. CONCLUSION: ACL reconstruction significantly improves clinical results and stability of the knee. Difference in Lysholm score and stability between groups was not significant. Neither group showed higher tendency to graft failure within two years. Graft choice for reconstruction in female patients should be surgeon specific and individualised, as both grafts studied achieved comparable results."
8,50,51,Seijas (2013),BPTB,"Seijas R, Ares O, Catala J, Alvarez-Diaz P, Cusco X, Cugat R",Seijas,Magnetic resonance imaging evaluation of patellar tendon graft remodelling after anterior cruciate ligament reconstruction with or without platelet-rich plasma.,magneticresonanceimagingevaluationofpatellartendongraftremod,"PURPOSE: To evaluate the stages of patellar tendon graft remodelling using magnetic resonance imaging (MRI) after anterior cruciate ligament (ACL) reconstruction with or without platelet-rich plasma (PRP) injection. METHODS: 98 patients aged 18 to 65 years with complete rupture of the ACL were randomised to undergo reconstruction with the autologous patellar tendon grafts with or without PRP injection. For the PRP group, 8 ml of PRP was obtained in the surgery room and was percutaneously injected into the suprapatellar joint after portal suture. MRI was obtained at months 4, 6, and 12. Remodelling stages of the grafts were classified as hypointense, mildly hyperintense, moderately hyperintense, severely hyperintense, and diffusely hyperintense by a radiologist blinded to treatment allocation. RESULTS: More patients in the PRP group than controls attained higher stages of remodelling at month 4 (p=0.003), month 6 (p=0.0001), and month 12 (p=0.354). CONCLUSION: PRP enabled faster remodelling of patellar tendon grafts.",2013,English,J Orthop Surg (Hong Kong),pubmed,10.1177/230949901302100105,https://doi.org/10.1177/230949901302100105,23629979.0,https://pubmed.ncbi.nlm.nih.gov/23629979/,Seijas+magneticresonanceimagingevaluationofpatellartendongraftremod+2013,magneticresonanceimagingevaluationofpatellartendongraftremod+2013,"Magnetic resonance imaging evaluation of patellar tendon graft remodelling after anterior cruciate ligament reconstruction with or without platelet-rich plasma. PURPOSE: To evaluate the stages of patellar tendon graft remodelling using magnetic resonance imaging (MRI) after anterior cruciate ligament (ACL) reconstruction with or without platelet-rich plasma (PRP) injection. METHODS: 98 patients aged 18 to 65 years with complete rupture of the ACL were randomised to undergo reconstruction with the autologous patellar tendon grafts with or without PRP injection. For the PRP group, 8 ml of PRP was obtained in the surgery room and was percutaneously injected into the suprapatellar joint after portal suture. MRI was obtained at months 4, 6, and 12. Remodelling stages of the grafts were classified as hypointense, mildly hyperintense, moderately hyperintense, severely hyperintense, and diffusely hyperintense by a radiologist blinded to treatment allocation. RESULTS: More patients in the PRP group than controls attained higher stages of remodelling at month 4 (p=0.003), month 6 (p=0.0001), and month 12 (p=0.354). CONCLUSION: PRP enabled faster remodelling of patellar tendon grafts."
10,59,60,Ward (2011),BPTB,"Ward TR, Burns AW, Gillespie MJ, Scarvell JM, Smith PN",Ward,Bicruciate-stabilised total knee replacements produce more normal sagittal plane kinematics than posterior-stabilised designs.,bicruciatestabilisedtotalkneereplacementsproducemorenormalsa,"Bicruciate-stabilised total knee replacement (TKR) aims to restore normal kinematics by replicating the function of both cruciate ligaments. We performed a prospective, randomised controlled trial in which bicruciate- and posterior-stabilised TKRs were implanted in 13 and 15 osteo-arthritic knees, respectively. The mean age of the bicruciate-stabilised group was 63.9 years (SD 10.00) and that of the posterior-stabilised group 63.2 years (SD 6.7). A control group comprised 14 normal subjects with a mean age of 67.9 years (SD 7.9). The patellar tendon angle (PTA) was measured one week pre-operatively and at seven weeks post-operatively during knee extension, flexion and step-up exercises. At near full extension during step-up, the bicruciate-stabilised TKR produced a higher mean PTA than the posterior-stabilised TKR, indicating that the bicruciate design at least partially restored the kinematic role of the anterior cruciate ligament. The bicruciate-stabilised TKR largely restored the pre-operative kinematics, whereas the posterior-stabilised TKR resulted in a consistently lower PTA at all activities. The PTA in the pre-operative knees was higher than in the control group during the step-up and at near full knee extension. Overall, both groups generated a more normal PTA than that seen in previous studies in high knee flexion. This suggested that both designs of TKR were more effective at replicating the kinematic role of the posterior cruciate ligament than those used in previous studies.",2011,English,J Bone Joint Surg Br,pubmed,10.1302/0301-620X.93B7.26208,https://doi.org/10.1302/0301-620X.93B7.26208,21705562.0,https://pubmed.ncbi.nlm.nih.gov/21705562/,Ward+bicruciatestabilisedtotalkneereplacementsproducemorenormalsa+2011,bicruciatestabilisedtotalkneereplacementsproducemorenormalsa+2011,"Bicruciate-stabilised total knee replacements produce more normal sagittal plane kinematics than posterior-stabilised designs. Bicruciate-stabilised total knee replacement (TKR) aims to restore normal kinematics by replicating the function of both cruciate ligaments. We performed a prospective, randomised controlled trial in which bicruciate- and posterior-stabilised TKRs were implanted in 13 and 15 osteo-arthritic knees, respectively. The mean age of the bicruciate-stabilised group was 63.9 years (SD 10.00) and that of the posterior-stabilised group 63.2 years (SD 6.7). A control group comprised 14 normal subjects with a mean age of 67.9 years (SD 7.9). The patellar tendon angle (PTA) was measured one week pre-operatively and at seven weeks post-operatively during knee extension, flexion and step-up exercises. At near full extension during step-up, the bicruciate-stabilised TKR produced a higher mean PTA than the posterior-stabilised TKR, indicating that the bicruciate design at least partially restored the kinematic role of the anterior cruciate ligament. The bicruciate-stabilised TKR largely restored the pre-operative kinematics, whereas the posterior-stabilised TKR resulted in a consistently lower PTA at all activities. The PTA in the pre-operative knees was higher than in the control group during the step-up and at near full knee extension. Overall, both groups generated a more normal PTA than that seen in previous studies in high knee flexion. This suggested that both designs of TKR were more effective at replicating the kinematic role of the posterior cruciate ligament than those used in previous studies."
13,64,65,Volpi (2010),BPTB,"Volpi P, Cervellin M, Denti M, Bait C, Melegati G, Quaglia A, de Girolamo L",Volpi,ACL reconstruction in sports active people: transtibial DB technique with ST/G vs. transtibial SB technique with BPTB: preliminary results.,aclreconstructioninsportsactivepeople:transtibialdbtechnique,"The single-bundle ACL reconstruction ensures good outcomes and it is a well-established and widespread technique. Nevertheless, some patients still present residual pain and instability. Recent studies have showed that the double-bundle technique restores better natural ACL-fitting kinematics. Long-term clinical studies comparing the two surgical techniques are not frequent and there is no instrument to evaluate function and kinematics during the knee rotation in vivo. In this randomised prospective study performed on sportive people, we compare the BPTB single-bundle ACL reconstruction technique, which is the most common surgical technique performed on these patients' category, with the ACL double-bundle reconstruction technique (DB), in order to evaluate possible differences between the groups. Comparing the two groups, no statistically significant difference regarding the post-operative Lysholm score (p=0.368) the Tegner activity scale (p=0.519) and the arthrometric evaluation with KT-1000 (p=0.74) have been observed. On the contrary, the IKDC evaluation showed a statistically significant difference (p=0.004) better results of the DB group. Moreover, as assessed by the Tegner activity scale, only patients of the DB group were able to return to sports at a pre-injury level. Our data suggest that the double bundle ST/G ACL reconstruction technique results into slightly better outcome than the traditional technique of single-bundle BPTB. The verification and quantification of the advantages of this technique is anticipated with future studies focusing to the accurate measurement of knee rotation during different activities.",2010,English,Injury,pubmed,10.1016/j.injury.2010.09.029,https://doi.org/10.1016/j.injury.2010.09.029,20934698.0,https://pubmed.ncbi.nlm.nih.gov/20934698/,Volpi+aclreconstructioninsportsactivepeople:transtibialdbtechnique+2010,aclreconstructioninsportsactivepeople:transtibialdbtechnique+2010,"ACL reconstruction in sports active people: transtibial DB technique with ST/G vs. transtibial SB technique with BPTB: preliminary results. The single-bundle ACL reconstruction ensures good outcomes and it is a well-established and widespread technique. Nevertheless, some patients still present residual pain and instability. Recent studies have showed that the double-bundle technique restores better natural ACL-fitting kinematics. Long-term clinical studies comparing the two surgical techniques are not frequent and there is no instrument to evaluate function and kinematics during the knee rotation in vivo. In this randomised prospective study performed on sportive people, we compare the BPTB single-bundle ACL reconstruction technique, which is the most common surgical technique performed on these patients' category, with the ACL double-bundle reconstruction technique (DB), in order to evaluate possible differences between the groups. Comparing the two groups, no statistically significant difference regarding the post-operative Lysholm score (p=0.368) the Tegner activity scale (p=0.519) and the arthrometric evaluation with KT-1000 (p=0.74) have been observed. On the contrary, the IKDC evaluation showed a statistically significant difference (p=0.004) better results of the DB group. Moreover, as assessed by the Tegner activity scale, only patients of the DB group were able to return to sports at a pre-injury level. Our data suggest that the double bundle ST/G ACL reconstruction technique results into slightly better outcome than the traditional technique of single-bundle BPTB. The verification and quantification of the advantages of this technique is anticipated with future studies focusing to the accurate measurement of knee rotation during different activities."
15,67,68,Moraiti (2010),BPTB,"Moraiti CO, Stergiou N, Vasiliadis HS, Motsis E, Georgoulis A",Moraiti,Anterior cruciate ligament reconstruction results in alterations in gait variability.,anteriorcruciateligamentreconstructionresultsinalterationsin,"INTRODUCTION: The temporal structure of gait variability has shown that healthy human gait exhibits long-range correlations and deterministic properties which allow the neuromuscular system to be flexible and adaptable to stresses. Pathology results in deterioration of these properties. We examined structure of gait variability after ACL reconstruction with either BPTB or quadrupled ST/G tendon autografts. METHODS: Six patients with BPTB reconstruction, six with ST/G reconstruction and six healthy controls walked on a treadmill at their self-selected pace. Two minutes of continuous kinematic data were recorded with a 6-camera optoelectronic system. The nonlinear measure of the largest Lyapunov Exponent (LyE) was estimated from the knee flexion-extension time series from 100 continuous walking strides to assess the structure of gait variability. RESULTS: The reconstructed limbs in both reconstructed groups exhibited significantly larger LyE values than the control limbs (p<0.05), even though clinical outcomes indicated complete restoration. No significant differences were found between the two autografts. In addition, the intact contralateral leg produced significant higher LyE values as compared with the ACL-reconstructed leg in both groups. No interaction was found. DISCUSSION: The larger LyE values indicate that the reconstructed knees of both reconstructed groups exhibit more divergence in the movement trajectories during gait. The larger Lye values found in the intact leg in both reconstructed groups could be interpreted as a compensatory mechanism. However, the increased divergence found in both limbs may present an alternative explanation for the impaired neuromuscular performance and increased susceptibility to future pathology, which is supported by the increased amount of osteoarthritis found in ACL-reconstructed patients.",2010,English,Gait Posture,pubmed,10.1016/j.gaitpost.2010.04.008,https://doi.org/10.1016/j.gaitpost.2010.04.008,20591671.0,https://pubmed.ncbi.nlm.nih.gov/20591671/,Moraiti+anteriorcruciateligamentreconstructionresultsinalterationsin+2010,anteriorcruciateligamentreconstructionresultsinalterationsin+2010,"Anterior cruciate ligament reconstruction results in alterations in gait variability. INTRODUCTION: The temporal structure of gait variability has shown that healthy human gait exhibits long-range correlations and deterministic properties which allow the neuromuscular system to be flexible and adaptable to stresses. Pathology results in deterioration of these properties. We examined structure of gait variability after ACL reconstruction with either BPTB or quadrupled ST/G tendon autografts. METHODS: Six patients with BPTB reconstruction, six with ST/G reconstruction and six healthy controls walked on a treadmill at their self-selected pace. Two minutes of continuous kinematic data were recorded with a 6-camera optoelectronic system. The nonlinear measure of the largest Lyapunov Exponent (LyE) was estimated from the knee flexion-extension time series from 100 continuous walking strides to assess the structure of gait variability. RESULTS: The reconstructed limbs in both reconstructed groups exhibited significantly larger LyE values than the control limbs (p<0.05), even though clinical outcomes indicated complete restoration. No significant differences were found between the two autografts. In addition, the intact contralateral leg produced significant higher LyE values as compared with the ACL-reconstructed leg in both groups. No interaction was found. DISCUSSION: The larger LyE values indicate that the reconstructed knees of both reconstructed groups exhibit more divergence in the movement trajectories during gait. The larger Lye values found in the intact leg in both reconstructed groups could be interpreted as a compensatory mechanism. However, the increased divergence found in both limbs may present an alternative explanation for the impaired neuromuscular performance and increased susceptibility to future pathology, which is supported by the increased amount of osteoarthritis found in ACL-reconstructed patients."
17,76,77,Ristanis (2009),BPTB,"Ristanis S, Stergiou N, Siarava E, Ntoulia A, Mitsionis G, Georgoulis AD",Ristanis,Effect of femoral tunnel placement for reconstruction of the anterior cruciate ligament on tibial rotation.,effectoffemoraltunnelplacementforreconstructionoftheanterior,"BACKGROUND: Rotational knee movement after reconstruction of the anterior cruciate ligament has been difficult to quantify. The purpose of this study was to identify in vivo whether a more horizontal placement of the femoral tunnel (in the ten o'clock position rather than in the eleven o'clock position) can restore rotational kinematics, during highly demanding dynamic activities, in a knee in which a bone-patellar tendon-bone graft had been used to reconstruct the anterior cruciate ligament. METHODS: We evaluated ten patients in whom a bone-patellar tendon-bone graft had been used to reconstruct the anterior cruciate ligament with the femoral tunnel in the eleven o'clock position, ten patients who had had the same procedure with the femoral tunnel in the ten o'clock position, and ten healthy controls. Kinematic data were collected while the subjects (1) descended from a stairway, made foot contact, and then pivoted 90 degrees on the landing lower limb and (2) jumped from a platform, landed with both feet on the ground, and pivoted 90 degrees on the right or left lower limb. The dependent variable that we examined was tibial rotation during pivoting. RESULTS: The results demonstrated that reconstruction of the anterior cruciate ligament with the femoral tunnel in either the ten or the eleven o'clock position successfully restored anterior tibial translation. However, both techniques resulted in tibial rotation values, during the dynamic activities evaluated, that were significantly larger than those in the intact contralateral lower limbs and those in the healthy controls. Tibial rotation did not differ significantly between the two reconstruction groups or between the healthy controls and the intact contralateral lower limbs. However, we noticed that positioning the tunnel at ten o'clock resulted in slightly decreased rotation values that may have clinical relevance but not statistical significance. CONCLUSIONS: Regardless of which of the two tested positions was utilized to fix the graft to the femur, reconstruction of the anterior cruciate ligament did not restore normal tibial rotation during dynamic activities.",2009,English,J Bone Joint Surg Am,pubmed,10.2106/JBJS.H.00940,https://doi.org/10.2106/JBJS.H.00940,19723992.0,https://pubmed.ncbi.nlm.nih.gov/19723992/,Ristanis+effectoffemoraltunnelplacementforreconstructionoftheanterior+2009,effectoffemoraltunnelplacementforreconstructionoftheanterior+2009,"Effect of femoral tunnel placement for reconstruction of the anterior cruciate ligament on tibial rotation. BACKGROUND: Rotational knee movement after reconstruction of the anterior cruciate ligament has been difficult to quantify. The purpose of this study was to identify in vivo whether a more horizontal placement of the femoral tunnel (in the ten o'clock position rather than in the eleven o'clock position) can restore rotational kinematics, during highly demanding dynamic activities, in a knee in which a bone-patellar tendon-bone graft had been used to reconstruct the anterior cruciate ligament. METHODS: We evaluated ten patients in whom a bone-patellar tendon-bone graft had been used to reconstruct the anterior cruciate ligament with the femoral tunnel in the eleven o'clock position, ten patients who had had the same procedure with the femoral tunnel in the ten o'clock position, and ten healthy controls. Kinematic data were collected while the subjects (1) descended from a stairway, made foot contact, and then pivoted 90 degrees on the landing lower limb and (2) jumped from a platform, landed with both feet on the ground, and pivoted 90 degrees on the right or left lower limb. The dependent variable that we examined was tibial rotation during pivoting. RESULTS: The results demonstrated that reconstruction of the anterior cruciate ligament with the femoral tunnel in either the ten or the eleven o'clock position successfully restored anterior tibial translation. However, both techniques resulted in tibial rotation values, during the dynamic activities evaluated, that were significantly larger than those in the intact contralateral lower limbs and those in the healthy controls. Tibial rotation did not differ significantly between the two reconstruction groups or between the healthy controls and the intact contralateral lower limbs. However, we noticed that positioning the tunnel at ten o'clock resulted in slightly decreased rotation values that may have clinical relevance but not statistical significance. CONCLUSIONS: Regardless of which of the two tested positions was utilized to fix the graft to the femur, reconstruction of the anterior cruciate ligament did not restore normal tibial rotation during dynamic activities."
25,99,100,Isberg (2006),BPTB,"Isberg J, Faxén E, Brandsson S, Eriksson BI, Kärrholm J, Karlsson J",Isberg,Early active extension after anterior cruciate ligament reconstruction does not result in increased laxity of the knee.,earlyactiveextensionafteranteriorcruciateligamentreconstruct,"If permission of full active and passive extension immediately after an anterior cruciate ligament (ACL) reconstruction will increase the post-operative laxity of the knee has been a subject of discussion. We investigated whether a post-operative rehabilitation protocol including active and passive extension without any restrictions in extension immediately after an ACL reconstruction would increase the post-operative anterior-posterior knee laxity (A-P laxity). Our hypothesis was that full active and passive extension immediately after an ACL reconstruction would have no effect on the A-P laxity and clinical results up to 2 years after the operation. Twenty-two consecutive patients (14 men, 8 women, median age 21 years, range 17-41) were included. All the patients had a unilateral ACL rupture and no other ligament injuries or any other history of previous knee injuries. The surgical procedure was identical in all patients and one experienced surgeon operated on all the patients, using the bone-patellar tendon-bone autograft. The post-operative rehabilitation programme was identical in both groups, except for extension training during the first 4 weeks post-operatively. The patients were randomly allocated to post-operative rehabilitation programmes either allowing (Group A, n=11) or not allowing [Group B (30 to -10 degrees ), n=11] full active and passive extension immediately after the operation. They were evaluated pre-operatively and at 6 months and 2 years after the reconstruction. To evaluate the A-P knee laxity, radiostereometric analysis (RSA) and KT-1000 arthrometer (KT-1000) measurements were used, range of motion, Lysholm score, Tegner activity level, the International Knee Documentation Committee (IKDC) evaluation system and one-leg-hop test quotient were used. Pre-operatively, the RSA measurements revealed side-to-side differences in Group A of 8.6 mm (2.3-15.4), median (range) and in Group B of 7.2 mm (2.2-17.4) (n.s.). The corresponding KT-1000 values were for Group A, 2.0 mm (0-8.0) and Group B, 4.0 mm (0-10.0) (n.s.). At 2 years, the differences between the two groups were minimal, regardless of the method that had been used. The RSA measurements in Group A were 2.7 mm (0-10.7) and in Group B 2.8 (-1.8 to 9.5). The KT-1000 values were for Group A, 1.0 mm (-1.5 to 3.5), and for Group B, 0.5 mm (-1.0 to 4.0), without any significant differences between the groups. Nor did the Lysholm score, Tegner activity level, IKDC or one-leg-hop test differ. Early active and passive extension training, without any restrictions in extension, immediately after an ACL reconstruction using bone-patellar tendon-bone graft did not increase post-operative knee laxity up to 2 years after the ACL reconstruction.",2006,English,Knee Surg Sports Traumatol Arthrosc,pubmed,10.1007/s00167-006-0138-2,https://doi.org/10.1007/s00167-006-0138-2,16955299.0,https://pubmed.ncbi.nlm.nih.gov/16955299/,Isberg+earlyactiveextensionafteranteriorcruciateligamentreconstruct+2006,earlyactiveextensionafteranteriorcruciateligamentreconstruct+2006,"Early active extension after anterior cruciate ligament reconstruction does not result in increased laxity of the knee. If permission of full active and passive extension immediately after an anterior cruciate ligament (ACL) reconstruction will increase the post-operative laxity of the knee has been a subject of discussion. We investigated whether a post-operative rehabilitation protocol including active and passive extension without any restrictions in extension immediately after an ACL reconstruction would increase the post-operative anterior-posterior knee laxity (A-P laxity). Our hypothesis was that full active and passive extension immediately after an ACL reconstruction would have no effect on the A-P laxity and clinical results up to 2 years after the operation. Twenty-two consecutive patients (14 men, 8 women, median age 21 years, range 17-41) were included. All the patients had a unilateral ACL rupture and no other ligament injuries or any other history of previous knee injuries. The surgical procedure was identical in all patients and one experienced surgeon operated on all the patients, using the bone-patellar tendon-bone autograft. The post-operative rehabilitation programme was identical in both groups, except for extension training during the first 4 weeks post-operatively. The patients were randomly allocated to post-operative rehabilitation programmes either allowing (Group A, n=11) or not allowing [Group B (30 to -10 degrees ), n=11] full active and passive extension immediately after the operation. They were evaluated pre-operatively and at 6 months and 2 years after the reconstruction. To evaluate the A-P knee laxity, radiostereometric analysis (RSA) and KT-1000 arthrometer (KT-1000) measurements were used, range of motion, Lysholm score, Tegner activity level, the International Knee Documentation Committee (IKDC) evaluation system and one-leg-hop test quotient were used. Pre-operatively, the RSA measurements revealed side-to-side differences in Group A of 8.6 mm (2.3-15.4), median (range) and in Group B of 7.2 mm (2.2-17.4) (n.s.). The corresponding KT-1000 values were for Group A, 2.0 mm (0-8.0) and Group B, 4.0 mm (0-10.0) (n.s.). At 2 years, the differences between the two groups were minimal, regardless of the method that had been used. The RSA measurements in Group A were 2.7 mm (0-10.7) and in Group B 2.8 (-1.8 to 9.5). The KT-1000 values were for Group A, 1.0 mm (-1.5 to 3.5), and for Group B, 0.5 mm (-1.0 to 4.0), without any significant differences between the groups. Nor did the Lysholm score, Tegner activity level, IKDC or one-leg-hop test differ. Early active and passive extension training, without any restrictions in extension, immediately after an ACL reconstruction using bone-patellar tendon-bone graft did not increase post-operative knee laxity up to 2 years after the ACL reconstruction."
31,124,125,Mikkelsen (2003),BPTB,"Mikkelsen C, Cerulli G, Lorenzini M, Bergstrand G, Werner S",Mikkelsen,Can a post-operative brace in slight hyperextension prevent extension deficit after anterior cruciate ligament reconstruction? A prospective randomised study.,canapostoperativebraceinslighthyperextensionpreventextension,"It has been our observation that post-operative anterior cruciate ligament (ACL) braces together with the post-operative bandages do not always allow the knee to reach full extension. In ten uninjured knees with known hyperextension, the knees were bandaged in the same way as after an ACL-reconstruction. The knees were then studied radiologically in a Hypex brace set at 0 degrees, -5 degrees and -10 degrees of knee extension. Not a single knee was found to be straight in the brace set at 0 degrees. At -5 degrees most of the knees were straight or in slight hyperextension. It took -10 degrees to get all knees straight or in hyperextension. In a prospective randomised study 44 patients who underwent an arthroscopic ACL-reconstruction with a bone patellar tendon bone graft were randomised to use either a brace set at -5 degrees or a straight brace (0 degrees ) for at least the first three postoperative weeks. Before and three months after surgery range of motion was determined, using a goniometer with long arms, and sagittal knee laxity was measured with a KT-2000 arthrometer at manual max. Pre- and post-operative pain was evaluated with the Visual Analogue Scale (VAS). The same examiner (blindfolded to what type of brace was used) performed all the measurements. At three months, two of the 22 patients with the brace set at -5 degrees and twelve of the 22 patients with the straight brace had a loss of full extension of 2 degrees or more ( p<0.001). No significant differences were found between the groups in terms of knee flexion, sagittal knee laxity or post-operative pain. Although extension deficit after ACL-reconstruction can be prevented also in other ways, a Hypex brace set at -5 degrees seems to be an easy way of ensuring full knee extension.",2003,English,Knee Surg Sports Traumatol Arthrosc,pubmed,10.1007/s00167-003-0406-3,https://doi.org/10.1007/s00167-003-0406-3,12897981.0,https://pubmed.ncbi.nlm.nih.gov/12897981/,Mikkelsen+canapostoperativebraceinslighthyperextensionpreventextension+2003,canapostoperativebraceinslighthyperextensionpreventextension+2003,"Can a post-operative brace in slight hyperextension prevent extension deficit after anterior cruciate ligament reconstruction? A prospective randomised study. It has been our observation that post-operative anterior cruciate ligament (ACL) braces together with the post-operative bandages do not always allow the knee to reach full extension. In ten uninjured knees with known hyperextension, the knees were bandaged in the same way as after an ACL-reconstruction. The knees were then studied radiologically in a Hypex brace set at 0 degrees, -5 degrees and -10 degrees of knee extension. Not a single knee was found to be straight in the brace set at 0 degrees. At -5 degrees most of the knees were straight or in slight hyperextension. It took -10 degrees to get all knees straight or in hyperextension. In a prospective randomised study 44 patients who underwent an arthroscopic ACL-reconstruction with a bone patellar tendon bone graft were randomised to use either a brace set at -5 degrees or a straight brace (0 degrees ) for at least the first three postoperative weeks. Before and three months after surgery range of motion was determined, using a goniometer with long arms, and sagittal knee laxity was measured with a KT-2000 arthrometer at manual max. Pre- and post-operative pain was evaluated with the Visual Analogue Scale (VAS). The same examiner (blindfolded to what type of brace was used) performed all the measurements. At three months, two of the 22 patients with the brace set at -5 degrees and twelve of the 22 patients with the straight brace had a loss of full extension of 2 degrees or more ( p<0.001). No significant differences were found between the groups in terms of knee flexion, sagittal knee laxity or post-operative pain. Although extension deficit after ACL-reconstruction can be prevented also in other ways, a Hypex brace set at -5 degrees seems to be an easy way of ensuring full knee extension."
32,125,126,Straw (2003),BPTB,"Straw R, Colclough K, Geutjens GG",Straw,Arthroscopically assisted ACL reconstruction. Is a drain necessary?,arthroscopicallyassistedaclreconstructionisadrainnecessary?,"We report on the results of a prospective randomised controlled trial to evaluate the use of an intra-articular drain following arthroscopically assisted ACL reconstruction using patellar tendon autograft. Forty-nine patients were recruited for the trial and randomised into receiving or not receiving a drain following surgery. An independent observer who was blinded for the use of the drain assessed the knees for swelling, range of movement (ROM) and pain at 2, 4 and 6 weeks postoperatively. Muscle strength was assessed at 12 weeks following surgery using the KIN COM III isometric dynamometer. We found that the knees that were drained following surgery initially had less swelling and a better ROM. However, at 4 weeks this difference had disappeared. At 3 and 6 months, there was no functional difference between the two groups. We recommend that no drain be used following ACL reconstruction as removal of the drain is uncomfortable and carries theoretical and avoidable risks.",2003,English,Knee,pubmed,10.1016/s0968-0160(02)00150-3,https://doi.org/10.1016/s0968-0160(02)00150-3,12893151.0,https://pubmed.ncbi.nlm.nih.gov/12893151/,Straw+arthroscopicallyassistedaclreconstructionisadrainnecessary?+2003,arthroscopicallyassistedaclreconstructionisadrainnecessary?+2003,"Arthroscopically assisted ACL reconstruction. Is a drain necessary? We report on the results of a prospective randomised controlled trial to evaluate the use of an intra-articular drain following arthroscopically assisted ACL reconstruction using patellar tendon autograft. Forty-nine patients were recruited for the trial and randomised into receiving or not receiving a drain following surgery. An independent observer who was blinded for the use of the drain assessed the knees for swelling, range of movement (ROM) and pain at 2, 4 and 6 weeks postoperatively. Muscle strength was assessed at 12 weeks following surgery using the KIN COM III isometric dynamometer. We found that the knees that were drained following surgery initially had less swelling and a better ROM. However, at 4 weeks this difference had disappeared. At 3 and 6 months, there was no functional difference between the two groups. We recommend that no drain be used following ACL reconstruction as removal of the drain is uncomfortable and carries theoretical and avoidable risks."
33,128,129,Muren (2003),BPTB,"Muren O, Dahlstedt L, Dalén N",Muren,"Reconstruction of acute anterior cruciate ligament injuries: a prospective, randomised study of 40 patients with 7-year follow-up. No advantage of synthetic augmentation compared to a traditional patellar tendon graft.",reconstructionofacuteanteriorcruciateligamentinjuries:aprosp,"BACKGROUND: In a prospective, randomised study, we compared the results of anterior cruciate ligament reconstruction using the conventional medial patellar tendon strip procedure with the Kennedy ligament augmentation device (LAD) over-the-top augmentation technique. The aim of the study was to see if the addition of this device, with its specific potential complications (infection, synovitis, mechanical failure) and increased costs, gave better functional stability and less donor site morbidity. METHODS: Forty patients ( n=20+20) with high physical demands, anterior cruciate ligament rupture less than 3 weeks old, and positive Lachman and pivot shift tests were included in the study. They were randomised by instructions in a sealed envelope that was randomly chosen. Postoperatively, they were immobilised in a plaster of Paris cast for 2 weeks. Full weight-bearing was not allowed until 6 weeks after the operation. Strength training on the operated side started when movement was restored to nearly normal, usually after 8-10 weeks. Return to full sport activity was allowed 1 year after the operation. Clinical and arthrometric follow-up was performed yearly using the Lysholm functional score, Tegner activity score, KT-1000 testing, Lachman and pivot shift tests. Follow-up lasted 3-9 years (mean 7 years). RESULTS AND CONCLUSIONS: At last follow-up we found no statistical difference in stability tests, functional or activity scores; both groups showed stable improvement concerning scores and arthrometry compared with the preoperative values. No advantages were associated with the use of the Kennedy LAD, and we do not recommend it or a similar device for uncomplicated cases. New augmentation devices are simply launched onto the market, and we recommend caution and thorough evaluation in prospective, randomised studies before they are adopted into use.",2003,English,Arch Orthop Trauma Surg,pubmed,10.1007/s00402-002-0457-9,https://doi.org/10.1007/s00402-002-0457-9,12734710.0,https://pubmed.ncbi.nlm.nih.gov/12734710/,Muren+reconstructionofacuteanteriorcruciateligamentinjuries:aprosp+2003,reconstructionofacuteanteriorcruciateligamentinjuries:aprosp+2003,"Reconstruction of acute anterior cruciate ligament injuries: a prospective, randomised study of 40 patients with 7-year follow-up. No advantage of synthetic augmentation compared to a traditional patellar tendon graft. BACKGROUND: In a prospective, randomised study, we compared the results of anterior cruciate ligament reconstruction using the conventional medial patellar tendon strip procedure with the Kennedy ligament augmentation device (LAD) over-the-top augmentation technique. The aim of the study was to see if the addition of this device, with its specific potential complications (infection, synovitis, mechanical failure) and increased costs, gave better functional stability and less donor site morbidity. METHODS: Forty patients ( n=20+20) with high physical demands, anterior cruciate ligament rupture less than 3 weeks old, and positive Lachman and pivot shift tests were included in the study. They were randomised by instructions in a sealed envelope that was randomly chosen. Postoperatively, they were immobilised in a plaster of Paris cast for 2 weeks. Full weight-bearing was not allowed until 6 weeks after the operation. Strength training on the operated side started when movement was restored to nearly normal, usually after 8-10 weeks. Return to full sport activity was allowed 1 year after the operation. Clinical and arthrometric follow-up was performed yearly using the Lysholm functional score, Tegner activity score, KT-1000 testing, Lachman and pivot shift tests. Follow-up lasted 3-9 years (mean 7 years). RESULTS AND CONCLUSIONS: At last follow-up we found no statistical difference in stability tests, functional or activity scores; both groups showed stable improvement concerning scores and arthrometry compared with the preoperative values. No advantages were associated with the use of the Kennedy LAD, and we do not recommend it or a similar device for uncomplicated cases. New augmentation devices are simply launched onto the market, and we recommend caution and thorough evaluation in prospective, randomised studies before they are adopted into use."
34,129,130,Otsuka (2003),BPTB,"Otsuka H, Ishibashi Y, Tsuda E, Sasaki K, Toh S",Otsuka,Comparison of three techniques of anterior cruciate ligament reconstruction with bone-patellar tendon-bone graft. Differences in anterior tibial translation and tunnel enlargement with each technique.,comparisonofthreetechniquesofanteriorcruciateligamentreconst,"BACKGROUND: Anatomic fixation of the graft in anterior cruciate ligament reconstruction has improved stability of the reconstructed knee joint in experimental studies. HYPOTHESIS: Anatomic fixation of the bone-patellar tendon-bone autograft will reduce tunnel enlargement and improve clinical results. STUDY DESIGN: Prospective cohort study. METHODS: Sixty patients were randomly divided into three groups: a nonanatomic fixation group (traditional single-incision reconstruction), an anatomic fixation group (reconstruction in which a bone plug was grafted into the tibial tunnel), and an anatomic fixation group with all-inside reconstruction. Stability of the knee joint was examined with a KT-1000 arthrometer at 2, 4, 6, 12, and 24 months after surgery. At 12 months, anteroposterior and lateral radiographs were made to assess tunnel enlargement. RESULTS: Although the magnitude of tibial displacement gradually increased after reconstruction in all three groups, the anatomic fixation group had significantly better stability than the groups undergoing nonanatomic fixation or all-inside anatomic fixation at 4 and 6 months after anterior cruciate ligament reconstruction. However, there was no significant difference between the three groups at 24 months. Regarding the tibial tunnel, residual rates and enlargement of tunnels were different between the reconstruction techniques. The nonanatomic reconstruction group had significantly greater tunnel enlargement. CONCLUSION: Anatomic fixation of the graft decreased the tunnel enlargement but had no effect on knee stability at 2-year follow-up.",2003,English,Am J Sports Med,pubmed,10.1177/03635465030310022101,https://doi.org/10.1177/03635465030310022101,12642266.0,https://pubmed.ncbi.nlm.nih.gov/12642266/,Otsuka+comparisonofthreetechniquesofanteriorcruciateligamentreconst+2003,comparisonofthreetechniquesofanteriorcruciateligamentreconst+2003,"Comparison of three techniques of anterior cruciate ligament reconstruction with bone-patellar tendon-bone graft. Differences in anterior tibial translation and tunnel enlargement with each technique. BACKGROUND: Anatomic fixation of the graft in anterior cruciate ligament reconstruction has improved stability of the reconstructed knee joint in experimental studies. HYPOTHESIS: Anatomic fixation of the bone-patellar tendon-bone autograft will reduce tunnel enlargement and improve clinical results. STUDY DESIGN: Prospective cohort study. METHODS: Sixty patients were randomly divided into three groups: a nonanatomic fixation group (traditional single-incision reconstruction), an anatomic fixation group (reconstruction in which a bone plug was grafted into the tibial tunnel), and an anatomic fixation group with all-inside reconstruction. Stability of the knee joint was examined with a KT-1000 arthrometer at 2, 4, 6, 12, and 24 months after surgery. At 12 months, anteroposterior and lateral radiographs were made to assess tunnel enlargement. RESULTS: Although the magnitude of tibial displacement gradually increased after reconstruction in all three groups, the anatomic fixation group had significantly better stability than the groups undergoing nonanatomic fixation or all-inside anatomic fixation at 4 and 6 months after anterior cruciate ligament reconstruction. However, there was no significant difference between the three groups at 24 months. Regarding the tibial tunnel, residual rates and enlargement of tunnels were different between the reconstruction techniques. The nonanatomic reconstruction group had significantly greater tunnel enlargement. CONCLUSION: Anatomic fixation of the graft decreased the tunnel enlargement but had no effect on knee stability at 2-year follow-up."
38,137,138,Nau (2002),BPTB,"Nau T, Lavoie P, Duval N",Nau,A new generation of artificial ligaments in reconstruction of the anterior cruciate ligament. Two-year follow-up of a randomised trial.,anewgenerationofartificialligamentsinreconstructionoftheante,"We have undertaken a randomised clinical trial comparing two methods of reconstruction of the anterior cruciate ligament in patients with chronic instability. We used an ipsilateral bone-patellar-tendon-bone autograft in 27 patients and the Ligament Advancement Reinforcement System (LARS) artificial ligament in 26. Assessment before and at two, six, 12 and 24 months after surgery, included the history, physical examination, a modified International Knee Documentation Committee (IKDC) score, the Tegner score, the Knee Injury and Osteoarthritis Outcome Score (KOOS) and instrumented laxity testing. There were no cases of reactive synovitis or of infection of the knee, and there was no difference regarding the failure rate between the two groups. The IKDC showed no significant differences between the two groups at any stage of the follow-up. The KOOS evaluation showed consistently better results in all subscales for the LARS group during the first year of follow-up. After 24 months these differences were no longer evident. Instrument-tested laxity was greater in the LARS group at all stages of follow-up, but the differences were not significant at 24 months. Our findings suggest that at follow-up at 24 months the LARS ligament seems to be a satisfactory treatment option, especially when an early return to high levels of activity is demanded.",2002,English,J Bone Joint Surg Br,pubmed,10.1302/0301-620x.84b3.12400,https://doi.org/10.1302/0301-620x.84b3.12400,12002492.0,https://pubmed.ncbi.nlm.nih.gov/12002492/,Nau+anewgenerationofartificialligamentsinreconstructionoftheante+2002,anewgenerationofartificialligamentsinreconstructionoftheante+2002,"A new generation of artificial ligaments in reconstruction of the anterior cruciate ligament. Two-year follow-up of a randomised trial. We have undertaken a randomised clinical trial comparing two methods of reconstruction of the anterior cruciate ligament in patients with chronic instability. We used an ipsilateral bone-patellar-tendon-bone autograft in 27 patients and the Ligament Advancement Reinforcement System (LARS) artificial ligament in 26. Assessment before and at two, six, 12 and 24 months after surgery, included the history, physical examination, a modified International Knee Documentation Committee (IKDC) score, the Tegner score, the Knee Injury and Osteoarthritis Outcome Score (KOOS) and instrumented laxity testing. There were no cases of reactive synovitis or of infection of the knee, and there was no difference regarding the failure rate between the two groups. The IKDC showed no significant differences between the two groups at any stage of the follow-up. The KOOS evaluation showed consistently better results in all subscales for the LARS group during the first year of follow-up. After 24 months these differences were no longer evident. Instrument-tested laxity was greater in the LARS group at all stages of follow-up, but the differences were not significant at 24 months. Our findings suggest that at follow-up at 24 months the LARS ligament seems to be a satisfactory treatment option, especially when an early return to high levels of activity is demanded."
40,140,141,Hess (2002),BPTB,"Hess T, Duchow J, Roland S, Kohn D",Hess,Single-versus two-incision technique in anterior cruciate ligament replacement: influence on postoperative muscle function.,singleversustwoincisiontechniqueinanteriorcruciateligamentre,"The purpose of this study was to find out whether the single-incision technique for anterior cruciate ligament repair has advantages over the two-incision technique in terms of muscular function up to 1 year postoperatively. Twenty patients who underwent unilateral anterior cruciate ligament reconstruction with bone-patellar tendon-bone autografts were randomly assigned to one of the two procedures. Both groups (10 patients in each) were followed up at 1 year. Lysholm and International Knee Documentation scores and thigh circumferences were markedly reduced after surgery in both groups but improved up until the last follow-up examination at 12 months postoperatively. Clinical examination, functional scores, stabilometry measurements, and thigh circumferences did not differ between the two groups. Isokinetic evaluation revealed a significant reduction of extensor peak torques in both groups that was most pronounced at 3 months, then improved continuously but was still present 12 months postoperatively. A significant reduction of peak torques, up to 35%, was seen in the flexor muscles of the involved legs compared with the contralateral legs, but this deficit vanished completely after 12 months in both groups. At 3 and 6 months, for the flexor as well as the extensor muscles, the deficits in peak torque on the injured sides were found to have improved faster in the single-incision group. These results indicate improved dynamic muscle function with use of the single-incision technique because the dissection of the vastus lateralis muscle that occurs in the two-incision technique is avoided.",2002,English,Am J Sports Med,pubmed,10.1177/03635465020300011801,https://doi.org/10.1177/03635465020300011801,11798992.0,https://pubmed.ncbi.nlm.nih.gov/11798992/,Hess+singleversustwoincisiontechniqueinanteriorcruciateligamentre+2002,singleversustwoincisiontechniqueinanteriorcruciateligamentre+2002,"Single-versus two-incision technique in anterior cruciate ligament replacement: influence on postoperative muscle function. The purpose of this study was to find out whether the single-incision technique for anterior cruciate ligament repair has advantages over the two-incision technique in terms of muscular function up to 1 year postoperatively. Twenty patients who underwent unilateral anterior cruciate ligament reconstruction with bone-patellar tendon-bone autografts were randomly assigned to one of the two procedures. Both groups (10 patients in each) were followed up at 1 year. Lysholm and International Knee Documentation scores and thigh circumferences were markedly reduced after surgery in both groups but improved up until the last follow-up examination at 12 months postoperatively. Clinical examination, functional scores, stabilometry measurements, and thigh circumferences did not differ between the two groups. Isokinetic evaluation revealed a significant reduction of extensor peak torques in both groups that was most pronounced at 3 months, then improved continuously but was still present 12 months postoperatively. A significant reduction of peak torques, up to 35%, was seen in the flexor muscles of the involved legs compared with the contralateral legs, but this deficit vanished completely after 12 months in both groups. At 3 and 6 months, for the flexor as well as the extensor muscles, the deficits in peak torque on the injured sides were found to have improved faster in the single-incision group. These results indicate improved dynamic muscle function with use of the single-incision technique because the dissection of the vastus lateralis muscle that occurs in the two-incision technique is avoided."
41,142,143,Kotani (2001),BPTB,"Kotani A, Ishii Y",Kotani,Reconstruction of the anterior cruciate ligament using poly-L-lactide interference screws or titanium screws: a comparative study.,reconstructionoftheanteriorcruciateligamentusingpolyllactide,"In the present clinical trial, interference screws, made of poly-L-lactic acid and applied in 46 knees, were compared to titanium screws employed in 45 knees for reconstructing the anterior cruciate ligament using bone-patellar tendon-bone. An identical surgical technique was applied to both groups; and neither group disclosed apparent side effects such as synovitis caused by hydrolysis of the PLLA or abnormal biochemical findings in the blood. There was no significant difference in the postoperative outcome between the two groups.",2001,English,Knee,pubmed,10.1016/s0968-0160(01)00087-4,https://doi.org/10.1016/s0968-0160(01)00087-4,11706694.0,https://pubmed.ncbi.nlm.nih.gov/11706694/,Kotani+reconstructionoftheanteriorcruciateligamentusingpolyllactide+2001,reconstructionoftheanteriorcruciateligamentusingpolyllactide+2001,"Reconstruction of the anterior cruciate ligament using poly-L-lactide interference screws or titanium screws: a comparative study. In the present clinical trial, interference screws, made of poly-L-lactic acid and applied in 46 knees, were compared to titanium screws employed in 45 knees for reconstructing the anterior cruciate ligament using bone-patellar tendon-bone. An identical surgical technique was applied to both groups; and neither group disclosed apparent side effects such as synovitis caused by hydrolysis of the PLLA or abnormal biochemical findings in the blood. There was no significant difference in the postoperative outcome between the two groups."
42,144,145,Mariani (2001),BPTB,"Mariani PP, Camillieri G, Margheritini F",Mariani,Transcondylar screw fixation in anterior cruciate ligament reconstruction.,transcondylarscrewfixationinanteriorcruciateligamentreconstr,"PURPOSE: The purpose of this study was to investigate the outcomes of 2 different methods of femoral fixation for arthroscopically assisted anterior cruciate ligament (ACL) reconstruction. TYPE OF STUDY: Double-blind prospective study. METHODS: Fifty-five patients were prospectively evaluated at 2-year follow-up. In group A, 24 patients underwent arthroscopic ACL reconstruction with bone-patellar tendon-bone and interference screw fixation. In group B, 31 patients underwent arthroscopic ACL reconstruction with bone-patellar tendon-bone and transcondylar screw fixation. Patients were evaluated by using the IKDC form, Lysholm-II form, Tegner scoring system, and KT-2000 arthrometer. RESULTS: In group A, final IKDC clinical evaluation achieved 0% grade A, 62.5% grade B, 25% grade C, and 12.5% grade D. In group B, 29.1% achieved grade A, 54.8% grade B, 12.9% grade C, and 3.2% grade D. The difference was statistically significant (P <.05). The injured versus normal side-to-side KT-2000 difference at maximum manual loading was 3.68 mm (SD, 1.71) in group A and 1.64 (SD, 2.05) in group B (P <.0001). CONCLUSIONS: This prospective study could not provide significant data suggesting that 1 method of fixation is superior to the other. Therefore, we consider both methods comparable in terms of stability and functional outcome at short-term follow-up. Transcondylar fixation offers the following advantages: fixation without intra-articular hardware, greater bone-to-bone fixation, and the possibility of fixation with breakage of the posterior femoral tunnel wall. Moreover, this method may be a useful alternative in revision ACL surgery.",2001,English,Arthroscopy,pubmed,10.1053/jars.2001.25277,https://doi.org/10.1053/jars.2001.25277,11536090.0,https://pubmed.ncbi.nlm.nih.gov/11536090/,Mariani+transcondylarscrewfixationinanteriorcruciateligamentreconstr+2001,transcondylarscrewfixationinanteriorcruciateligamentreconstr+2001,"Transcondylar screw fixation in anterior cruciate ligament reconstruction. PURPOSE: The purpose of this study was to investigate the outcomes of 2 different methods of femoral fixation for arthroscopically assisted anterior cruciate ligament (ACL) reconstruction. TYPE OF STUDY: Double-blind prospective study. METHODS: Fifty-five patients were prospectively evaluated at 2-year follow-up. In group A, 24 patients underwent arthroscopic ACL reconstruction with bone-patellar tendon-bone and interference screw fixation. In group B, 31 patients underwent arthroscopic ACL reconstruction with bone-patellar tendon-bone and transcondylar screw fixation. Patients were evaluated by using the IKDC form, Lysholm-II form, Tegner scoring system, and KT-2000 arthrometer. RESULTS: In group A, final IKDC clinical evaluation achieved 0% grade A, 62.5% grade B, 25% grade C, and 12.5% grade D. In group B, 29.1% achieved grade A, 54.8% grade B, 12.9% grade C, and 3.2% grade D. The difference was statistically significant (P <.05). The injured versus normal side-to-side KT-2000 difference at maximum manual loading was 3.68 mm (SD, 1.71) in group A and 1.64 (SD, 2.05) in group B (P <.0001). CONCLUSIONS: This prospective study could not provide significant data suggesting that 1 method of fixation is superior to the other. Therefore, we consider both methods comparable in terms of stability and functional outcome at short-term follow-up. Transcondylar fixation offers the following advantages: fixation without intra-articular hardware, greater bone-to-bone fixation, and the possibility of fixation with breakage of the posterior femoral tunnel wall. Moreover, this method may be a useful alternative in revision ACL surgery."
45,149,150,Webster (2001),BPTB,"Webster KE, Feller JA, Hameister KA",Webster,Bone tunnel enlargement following anterior cruciate ligament reconstruction: a randomised comparison of hamstring and patellar tendon grafts with 2-year follow-up.,bonetunnelenlargementfollowinganteriorcruciateligamentrecons,"Radiographic tibial and femoral bone tunnel enlargement has been demonstrated following anterior cruciate ligament (ACL) reconstruction. This study investigated whether bone tunnel enlargement differs between four-strand hamstring (HS) and patellar tendon (PT) ACL reconstructions over the course of a 2-year follow-up. Patients undergoing primary ACL reconstruction (n = 65) were randomised to receive either a PT or HS autograft. Femoral fixation in both groups was by means of an Endobutton. On the tibial side the PT grafts were fixed using a metallic interference screw, and the HS tendons by sutures tied to a fixation post. The PT grafts were inserted such that the proximal end of the distal bone block was within 10 mm of the tibial articular surface, resulting in a portion of free patellar tendon in the femoral tunnel immediately proximal to the articular surface. Patients were reviewed after 4 months and 1 and 2 years. Tunnel enlargement was determined by measuring the widths of the femoral and tibial tunnels with a digital caliper in both lateral and anteroposterior radiographs. Because of the presence of the interference screw and the proximity of the bone block to the tibial articular surface, the tibial tunnel could not be reliably measured in the PT group. Measurements were corrected for magnification, and changes in tunnel width were recorded relative to the diameters drilled at surgery. Standard clinical measures were also noted. In 32% of patients in the PT group there was femoral tunnel obliteration from 4 months onwards. For the other patients there was a significantly greater increase in femoral tunnel width in the HS group than in the PT group at each follow-up, but no significant change with time. There was also a marked increase in tibial tunnel width in the HS group at 4 months but not thereafter. There was no relationship between tunnel enlargement and clinical measurements. Although tunnel enlargement is more common and greater with HS grafts, it does not appear to affect the clinical outcome in the first 2 postoperative years. Femoral suspensory fixation does not in itself appear to be the principal cause of femoral tunnel enlargement, at least for PT grafts.",2001,English,Knee Surg Sports Traumatol Arthrosc,pubmed,10.1007/s001670100191,https://doi.org/10.1007/s001670100191,11354858.0,https://pubmed.ncbi.nlm.nih.gov/11354858/,Webster+bonetunnelenlargementfollowinganteriorcruciateligamentrecons+2001,bonetunnelenlargementfollowinganteriorcruciateligamentrecons+2001,"Bone tunnel enlargement following anterior cruciate ligament reconstruction: a randomised comparison of hamstring and patellar tendon grafts with 2-year follow-up. Radiographic tibial and femoral bone tunnel enlargement has been demonstrated following anterior cruciate ligament (ACL) reconstruction. This study investigated whether bone tunnel enlargement differs between four-strand hamstring (HS) and patellar tendon (PT) ACL reconstructions over the course of a 2-year follow-up. Patients undergoing primary ACL reconstruction (n = 65) were randomised to receive either a PT or HS autograft. Femoral fixation in both groups was by means of an Endobutton. On the tibial side the PT grafts were fixed using a metallic interference screw, and the HS tendons by sutures tied to a fixation post. The PT grafts were inserted such that the proximal end of the distal bone block was within 10 mm of the tibial articular surface, resulting in a portion of free patellar tendon in the femoral tunnel immediately proximal to the articular surface. Patients were reviewed after 4 months and 1 and 2 years. Tunnel enlargement was determined by measuring the widths of the femoral and tibial tunnels with a digital caliper in both lateral and anteroposterior radiographs. Because of the presence of the interference screw and the proximity of the bone block to the tibial articular surface, the tibial tunnel could not be reliably measured in the PT group. Measurements were corrected for magnification, and changes in tunnel width were recorded relative to the diameters drilled at surgery. Standard clinical measures were also noted. In 32% of patients in the PT group there was femoral tunnel obliteration from 4 months onwards. For the other patients there was a significantly greater increase in femoral tunnel width in the HS group than in the PT group at each follow-up, but no significant change with time. There was also a marked increase in tibial tunnel width in the HS group at 4 months but not thereafter. There was no relationship between tunnel enlargement and clinical measurements. Although tunnel enlargement is more common and greater with HS grafts, it does not appear to affect the clinical outcome in the first 2 postoperative years. Femoral suspensory fixation does not in itself appear to be the principal cause of femoral tunnel enlargement, at least for PT grafts."
47,152,153,Brandsson (2001),BPTB,"Brandsson S, Faxén E, Kartus J, Eriksson BI, Karlsson J",Brandsson,"Is a knee brace advantageous after anterior cruciate ligament surgery? A prospective, randomised study with a two-year follow-up.",isakneebraceadvantageousafteranteriorcruciateligamentsurgery,"The aim of this study was to evaluate the use of a knee brace after arthroscopic anterior cruciate ligament reconstruction using central third patellar tendon autografts. Fifty patients were randomly allocated to two groups. The patients in Group A wore a brace for three weeks postoperatively, while the patients in Group B were rehabilitated without the use of a brace. Pre-operatively, the groups were comparable in terms of age, sex, activity level, knee laxity and muscle strength. The follow-up examination was performed by one independent observer. All the patients were followed up for a minimum of two years. At the follow-up, there were no significant differences between the study groups in terms of the Tegner activity level, Lysholm score, IKDC evaluation system, one-leg-hop quotient, KT-1000 measurements and isokinetic torque. Using the visual analogue scale, the patients in Group A evaluated their pain during the first two post-operative weeks as 1.0 (0-7), compared with 2.3 (0-9) in Group B (P= 0.04). Furthermore, the patients in Group A had a tendency towards fewer problems with swelling, haemathrosis and wound leakage during the early post-operative period (P=0.08). We conclude that the patients who were rehabilitated with the use of a brace had less pain and a tendency towards fewer complications during the early post-operative period than the patients who were rehabilitated without the use of a brace. However, there were no differences in terms of function or knee laxity at the two-year follow-up.",2001,English,Scand J Med Sci Sports,pubmed,10.1034/j.1600-0838.2001.011002110.x,https://doi.org/10.1034/j.1600-0838.2001.011002110.x,11252459.0,https://pubmed.ncbi.nlm.nih.gov/11252459/,Brandsson+isakneebraceadvantageousafteranteriorcruciateligamentsurgery+2001,isakneebraceadvantageousafteranteriorcruciateligamentsurgery+2001,"Is a knee brace advantageous after anterior cruciate ligament surgery? A prospective, randomised study with a two-year follow-up. The aim of this study was to evaluate the use of a knee brace after arthroscopic anterior cruciate ligament reconstruction using central third patellar tendon autografts. Fifty patients were randomly allocated to two groups. The patients in Group A wore a brace for three weeks postoperatively, while the patients in Group B were rehabilitated without the use of a brace. Pre-operatively, the groups were comparable in terms of age, sex, activity level, knee laxity and muscle strength. The follow-up examination was performed by one independent observer. All the patients were followed up for a minimum of two years. At the follow-up, there were no significant differences between the study groups in terms of the Tegner activity level, Lysholm score, IKDC evaluation system, one-leg-hop quotient, KT-1000 measurements and isokinetic torque. Using the visual analogue scale, the patients in Group A evaluated their pain during the first two post-operative weeks as 1.0 (0-7), compared with 2.3 (0-9) in Group B (P= 0.04). Furthermore, the patients in Group A had a tendency towards fewer problems with swelling, haemathrosis and wound leakage during the early post-operative period (P=0.08). We conclude that the patients who were rehabilitated with the use of a brace had less pain and a tendency towards fewer complications during the early post-operative period than the patients who were rehabilitated without the use of a brace. However, there were no differences in terms of function or knee laxity at the two-year follow-up."
57,166,167,Gatt (1998),BPTB,"Gatt CJ Jr, Parker RD, Tetzlaff JE, Szabo MZ, Dickerson AB",Gatt,Preemptive analgesia: its role and efficacy in anterior cruciate ligament reconstruction.,preemptiveanalgesia:itsroleandefficacyinanteriorcruciateliga,"As more outpatient orthopaedic surgical procedures are performed, postoperative pain control has gained importance. The benefits of preemptive analgesia, the use of analgesics or anesthetics or both before painful stimuli to prevent or reduce pain, have been widely published in the anesthesia and general surgery literature, but not in orthopaedic literature. We prospectively compared the effects, on postoperative pain and narcotic use, of intraarticular preoperative injections of 1) placebo with epinephrine, 2) bupivacaine with epinephrine, and 3) bupivacaine and morphine with epinephrine. Thirty patients (10 in each group) underwent arthroscopic anterior cruciate ligament reconstruction using patellar tendon autograft under general anesthesia. Pain was assessed with a 10-point visual analog scale pre- and postoperatively, and postoperative narcotic pain medication use was recorded. Postoperative pain was significantly greater in group 1 (placebo) than in the preemptive-treatment groups (groups 2 and 3), and in group 2 than in group 3. The differences became less apparent with time, and after 1 hour, no significant differences in pain scores existed between the groups. However, intravenous narcotic pain medication was administered in the recovery room to patients with pain scores greater than 5, equalizing pain scores. Group 3 used significantly less postoperative narcotic medication than group 1. Preemptive analgesia using intraarticular bupivacaine and morphine with epinephrine resulted in lower pain scores during the 1st hour after an arthroscopic anterior cruciate ligament reconstruction than did preemptive treatment with bupivacaine and epinephrine or placebo and epinephrine.",1998,English,Am J Sports Med,pubmed,10.1177/03635465980260040901,https://doi.org/10.1177/03635465980260040901,9689372.0,https://pubmed.ncbi.nlm.nih.gov/9689372/,Gatt+preemptiveanalgesia:itsroleandefficacyinanteriorcruciateliga+1998,preemptiveanalgesia:itsroleandefficacyinanteriorcruciateliga+1998,"Preemptive analgesia: its role and efficacy in anterior cruciate ligament reconstruction. As more outpatient orthopaedic surgical procedures are performed, postoperative pain control has gained importance. The benefits of preemptive analgesia, the use of analgesics or anesthetics or both before painful stimuli to prevent or reduce pain, have been widely published in the anesthesia and general surgery literature, but not in orthopaedic literature. We prospectively compared the effects, on postoperative pain and narcotic use, of intraarticular preoperative injections of 1) placebo with epinephrine, 2) bupivacaine with epinephrine, and 3) bupivacaine and morphine with epinephrine. Thirty patients (10 in each group) underwent arthroscopic anterior cruciate ligament reconstruction using patellar tendon autograft under general anesthesia. Pain was assessed with a 10-point visual analog scale pre- and postoperatively, and postoperative narcotic pain medication use was recorded. Postoperative pain was significantly greater in group 1 (placebo) than in the preemptive-treatment groups (groups 2 and 3), and in group 2 than in group 3. The differences became less apparent with time, and after 1 hour, no significant differences in pain scores existed between the groups. However, intravenous narcotic pain medication was administered in the recovery room to patients with pain scores greater than 5, equalizing pain scores. Group 3 used significantly less postoperative narcotic medication than group 1. Preemptive analgesia using intraarticular bupivacaine and morphine with epinephrine resulted in lower pain scores during the 1st hour after an arthroscopic anterior cruciate ligament reconstruction than did preemptive treatment with bupivacaine and epinephrine or placebo and epinephrine."
59,168,169,Brandsson (1998),BPTB,"Brandsson S, Faxén E, Eriksson BI, Kälebo P, Swärd L, Lundin O, Karlsson J",Brandsson,Closing patellar tendon defects after anterior cruciate ligament reconstruction: absence of any benefit.,closingpatellartendondefectsafteranteriorcruciateligamentrec,"The most common graft in anterior cruciate ligament (ACL) surgery involves using the central one-third of the patellar tendon. Knowledge concerning the postoperative disability after harvesting the patellar tendon is, however, limited. The aim of this study was to evaluate the impact patellar tendon suture and bone grafting of the patellar bone defect might have in terms of functional outcome and patellofemoral pain after harvesting the bone-tendon-bone graft, compared with leaving the harvested site non-sutured and non-grafted. Sixty patients, scheduled for arthroscopically assisted ACL reconstruction, were randomly allocated to two groups. In group I, suture of the patellar tendon and bone grafting of the patellar defect were performed. In group II, the tendon gap and the patellar defect were left open. Preoperatively, there was no significant difference between the groups when comparing objective knee stability, as measured with a KT-1000 laxity meter, Lysholm score, Tegner activity level, IKDC score, or patello-femoral pain score. Both groups had a significantly improved Lysholm score at the 2-year follow-up, without any difference between them. Tegner's activity level was significantly lower at follow-up, compared with the pre-injury level in both groups. The patellofemoral pain score improved significantly after the reconstruction, without any difference between the groups. Ultrasonography did not reveal any difference between the groups in terms of healing of the tendon gap. This study revealed no differences in donor site morbidity, functional outcome, patellofemoral pain score or knee joint stability between the two treatment groups. The conclusion is that suture of the patellar tendon and bone grafting of the patellar defect do not improve the functional results or reduce donor site morbidity after arthroscopically assisted ACL.",1998,English,Knee Surg Sports Traumatol Arthrosc,pubmed,10.1007/s001670050077,https://doi.org/10.1007/s001670050077,9604191.0,https://pubmed.ncbi.nlm.nih.gov/9604191/,Brandsson+closingpatellartendondefectsafteranteriorcruciateligamentrec+1998,closingpatellartendondefectsafteranteriorcruciateligamentrec+1998,"Closing patellar tendon defects after anterior cruciate ligament reconstruction: absence of any benefit. The most common graft in anterior cruciate ligament (ACL) surgery involves using the central one-third of the patellar tendon. Knowledge concerning the postoperative disability after harvesting the patellar tendon is, however, limited. The aim of this study was to evaluate the impact patellar tendon suture and bone grafting of the patellar bone defect might have in terms of functional outcome and patellofemoral pain after harvesting the bone-tendon-bone graft, compared with leaving the harvested site non-sutured and non-grafted. Sixty patients, scheduled for arthroscopically assisted ACL reconstruction, were randomly allocated to two groups. In group I, suture of the patellar tendon and bone grafting of the patellar defect were performed. In group II, the tendon gap and the patellar defect were left open. Preoperatively, there was no significant difference between the groups when comparing objective knee stability, as measured with a KT-1000 laxity meter, Lysholm score, Tegner activity level, IKDC score, or patello-femoral pain score. Both groups had a significantly improved Lysholm score at the 2-year follow-up, without any difference between them. Tegner's activity level was significantly lower at follow-up, compared with the pre-injury level in both groups. The patellofemoral pain score improved significantly after the reconstruction, without any difference between the groups. Ultrasonography did not reveal any difference between the groups in terms of healing of the tendon gap. This study revealed no differences in donor site morbidity, functional outcome, patellofemoral pain score or knee joint stability between the two treatment groups. The conclusion is that suture of the patellar tendon and bone grafting of the patellar defect do not improve the functional results or reduce donor site morbidity after arthroscopically assisted ACL."
61,173,174,Gerich (1997),BPTB,"Gerich TG, Cassim A, Lattermann C, Lobenhoffer HP",Gerich,Pullout strength of tibial graft fixation in anterior cruciate ligament replacement with a patellar tendon graft: interference screw versus staple fixation in human knees.,pulloutstrengthoftibialgraftfixationinanteriorcruciateligame,"The endoscopic single incision technique for anterior cruciate ligament (ACL) reconstruction with a femoral half-tunnel may lead to a graft/tunnel mismatch and subsequent protrusion of the block from the tibial tunnel. The typical tibial fixation with an interference screw is not possible in these cases. Fixation with staples in a bony groove inferior to the tunnel outlet can be used as an alternative technique. Current literature does not provide biomechanical data of either fixation technique in a human model. This study was performed to evaluate the primary biomechanical parameters of this technique compared with a standard interference screw fixation of the block. Fifty-five fresh-frozen relatively young (mean age 44 years) human cadaver knee joints were used. Grafts were harvested from the patellar tendon midportion with bone blocks of 25 mm length and 9 mm width. A 10-mm tibial tunnel was drilled from the anteromedial cortex to the center of the tibial insertion of the ACL. Three different sizes of interference screws (7 x 30, 9 x 20, 9 x 30 mm) were chosen as a standard control procedure (n = 40). For tibial bone-block fixation the graft was placed through the tunnel, and the screw was then inserted on the cancellous or the cortical surface, respectively. Fifteen knees were treated by staple fixation. A groove was created inferior to the tunnel outlet with a chisel. The bone block was fixed in this groove with two barbed stainless steel staples. Tensile testing in both groups was carried out under an axial load parallel to the tibial tunnel in a Zwick testing machine with a velocity of 1 mm/s. Dislocation of the graft and stiffness were calculated at 175 N load. Maximum load to failure using interference screws varied between 506 and 758 N. Load to failure using staples was 588 N. Dislocation of the graft ranged between 3.8 and 4.7 mm for interference screw fixation and was 4.7 mm for staples. Stiffness calculated at 175 N load was significantly higher in staple fixation. With either fixation technique, the recorded failure loads were sufficient to withstand the graft loads which are to be expected during the rehabilitation period. Staple fixation of the bone block outside of the tunnel resulted in a fixation strength comparable to interference screw fixation.",1997,English,Knee Surg Sports Traumatol Arthrosc,pubmed,10.1007/s001670050032,https://doi.org/10.1007/s001670050032,9228314.0,https://pubmed.ncbi.nlm.nih.gov/9228314/,Gerich+pulloutstrengthoftibialgraftfixationinanteriorcruciateligame+1997,pulloutstrengthoftibialgraftfixationinanteriorcruciateligame+1997,"Pullout strength of tibial graft fixation in anterior cruciate ligament replacement with a patellar tendon graft: interference screw versus staple fixation in human knees. The endoscopic single incision technique for anterior cruciate ligament (ACL) reconstruction with a femoral half-tunnel may lead to a graft/tunnel mismatch and subsequent protrusion of the block from the tibial tunnel. The typical tibial fixation with an interference screw is not possible in these cases. Fixation with staples in a bony groove inferior to the tunnel outlet can be used as an alternative technique. Current literature does not provide biomechanical data of either fixation technique in a human model. This study was performed to evaluate the primary biomechanical parameters of this technique compared with a standard interference screw fixation of the block. Fifty-five fresh-frozen relatively young (mean age 44 years) human cadaver knee joints were used. Grafts were harvested from the patellar tendon midportion with bone blocks of 25 mm length and 9 mm width. A 10-mm tibial tunnel was drilled from the anteromedial cortex to the center of the tibial insertion of the ACL. Three different sizes of interference screws (7 x 30, 9 x 20, 9 x 30 mm) were chosen as a standard control procedure (n = 40). For tibial bone-block fixation the graft was placed through the tunnel, and the screw was then inserted on the cancellous or the cortical surface, respectively. Fifteen knees were treated by staple fixation. A groove was created inferior to the tunnel outlet with a chisel. The bone block was fixed in this groove with two barbed stainless steel staples. Tensile testing in both groups was carried out under an axial load parallel to the tibial tunnel in a Zwick testing machine with a velocity of 1 mm/s. Dislocation of the graft and stiffness were calculated at 175 N load. Maximum load to failure using interference screws varied between 506 and 758 N. Load to failure using staples was 588 N. Dislocation of the graft ranged between 3.8 and 4.7 mm for interference screw fixation and was 4.7 mm for staples. Stiffness calculated at 175 N load was significantly higher in staple fixation. With either fixation technique, the recorded failure loads were sufficient to withstand the graft loads which are to be expected during the rehabilitation period. Staple fixation of the bone block outside of the tunnel resulted in a fixation strength comparable to interference screw fixation."
62,176,177,Thuresson (1996),BPTB,"Thuresson P, Sandberg R, Johansson O, Balkfors B, Westlin N",Thuresson,Anterior cruciate ligament reconstruction with the patellar tendon--augmentation or not? A 2-year follow-up of 82 patients.,anteriorcruciateligamentreconstructionwiththepatellartendona,"The aim of this bi-centre study was to assess the possible effects of the addition of the Kennedy ligament augmentation device (LAD) in the reconstruction of the anterior cruciate ligament (ACL). The method of reconstruction used was a modification of the Bruckner and Brostrom procedures, using the medial third of the patellar tendon tunnelled through the proximal tibia into the lateral femoral condyle and fastened with pull-out sutures. Eighty-two patients with chronic ACL insufficiency and severe symptoms of instability in spite of physiotherapy were randomly selected for reconstruction with or without a LAD. The LAD-augmented knees had the synthetic augmentation stitched to and embedded into the autogenous tissue and the composite graft was pulled through a femoral tunnel and stapled proximally. The patients were followed up regularly and the 2-year results are presented here. The outcome in both groups was good. The augmented-knee group had a larger extension deficit 1 month post-operatively compared to the non-augmented knee group but a smaller extension deficit at the 2-year follow-up. There was no difference in the median of the Lysholm knee function score but there were more patients in the non-augmented group with a lower Lysholm knee function score at the 2-year follow-up.",1996,English,Scand J Med Sci Sports,pubmed,10.1111/j.1600-0838.1996.tb00099.x,https://doi.org/10.1111/j.1600-0838.1996.tb00099.x,8896099.0,https://pubmed.ncbi.nlm.nih.gov/8896099/,Thuresson+anteriorcruciateligamentreconstructionwiththepatellartendona+1996,anteriorcruciateligamentreconstructionwiththepatellartendona+1996,"Anterior cruciate ligament reconstruction with the patellar tendon--augmentation or not? A 2-year follow-up of 82 patients. The aim of this bi-centre study was to assess the possible effects of the addition of the Kennedy ligament augmentation device (LAD) in the reconstruction of the anterior cruciate ligament (ACL). The method of reconstruction used was a modification of the Bruckner and Brostrom procedures, using the medial third of the patellar tendon tunnelled through the proximal tibia into the lateral femoral condyle and fastened with pull-out sutures. Eighty-two patients with chronic ACL insufficiency and severe symptoms of instability in spite of physiotherapy were randomly selected for reconstruction with or without a LAD. The LAD-augmented knees had the synthetic augmentation stitched to and embedded into the autogenous tissue and the composite graft was pulled through a femoral tunnel and stapled proximally. The patients were followed up regularly and the 2-year results are presented here. The outcome in both groups was good. The augmented-knee group had a larger extension deficit 1 month post-operatively compared to the non-augmented knee group but a smaller extension deficit at the 2-year follow-up. There was no difference in the median of the Lysholm knee function score but there were more patients in the non-augmented group with a lower Lysholm knee function score at the 2-year follow-up."
68,183,184,Cerullo (1995),BPTB,"Cerullo G, Puddu G, Gianní E, Damiani A, Pigozzi F",Cerullo,Anterior cruciate ligament patellar tendon reconstruction: it is probably better to leave the tendon defect open!,anteriorcruciateligamentpatellartendonreconstruction:itispro,"The purpose of our prospective study was to establish whether or not in anterior cruciate ligament (ACL) patellar tendon reconstruction the tendon defect has to be closed. In 50 consecutive ACL patellar tendon reconstructions, the tendon defect was randomly closed (group I) or left open (group II). The following data were recorded from all patients on the 4th and 14th days post operation: range of motion (ROM), pain at rest, pain and validity at isometric contraction, ability of bent leg raising (at 4th day) and straight leg raising (at 14th day). All the patients underwent ultrasonographic examination after 3 months and X-ray scanning at 6 months post operation. Forty patients underwent a CT-scan examination at 6 months. Thirty patients underwent isokinetic testing between 10 and 12 months post operation. Evaluating the immediate post operation data, no statistically significant differences emerged between the two groups. Ultrasonography showed in 68% of the knees of group I (defect closed) a thickened patellar tendon (PT), while in 60% of group II it was of normal thickness. No patients of either group developed patella infera by X-ray evaluation 6 months post operation. CT scans at 6 months showed that 100% of the knees of group I had a thickened PT in toto (nearly twice as thick as normal). Scar tissue was present not only in its central third but also in more than half of the cases in the medial and lateral third. In group II 75% of the patients had a normal thickness PT and 25% presented with only a minimal thickening. Scar tissue was distinguished only at its central third.(ABSTRACT TRUNCATED AT 250 WORDS)",1995,English,Knee Surg Sports Traumatol Arthrosc,pubmed,10.1007/BF01553519,https://doi.org/10.1007/BF01553519,7773814.0,https://pubmed.ncbi.nlm.nih.gov/7773814/,Cerullo+anteriorcruciateligamentpatellartendonreconstruction:itispro+1995,anteriorcruciateligamentpatellartendonreconstruction:itispro+1995,"Anterior cruciate ligament patellar tendon reconstruction: it is probably better to leave the tendon defect open! The purpose of our prospective study was to establish whether or not in anterior cruciate ligament (ACL) patellar tendon reconstruction the tendon defect has to be closed. In 50 consecutive ACL patellar tendon reconstructions, the tendon defect was randomly closed (group I) or left open (group II). The following data were recorded from all patients on the 4th and 14th days post operation: range of motion (ROM), pain at rest, pain and validity at isometric contraction, ability of bent leg raising (at 4th day) and straight leg raising (at 14th day). All the patients underwent ultrasonographic examination after 3 months and X-ray scanning at 6 months post operation. Forty patients underwent a CT-scan examination at 6 months. Thirty patients underwent isokinetic testing between 10 and 12 months post operation. Evaluating the immediate post operation data, no statistically significant differences emerged between the two groups. Ultrasonography showed in 68% of the knees of group I (defect closed) a thickened patellar tendon (PT), while in 60% of group II it was of normal thickness. No patients of either group developed patella infera by X-ray evaluation 6 months post operation. CT scans at 6 months showed that 100% of the knees of group I had a thickened PT in toto (nearly twice as thick as normal). Scar tissue was present not only in its central third but also in more than half of the cases in the medial and lateral third. In group II 75% of the patients had a normal thickness PT and 25% presented with only a minimal thickening. Scar tissue was distinguished only at its central third.(ABSTRACT TRUNCATED AT 250 WORDS)"
69,184,185,Kohn (1994),BPTB,"Kohn D, Sander-Beuermann A",Kohn,Donor-site morbidity after harvest of a bone-tendon-bone patellar tendon autograft.,donorsitemorbidityafterharvestofabonetendonbonepatellartendo,"The effects of closure of the peritendineum and bone grafting of the patellar defect after harvest of the bone-tendon-bone patellar tendon autograft was investigated prospectively in two groups of 25 patients. Anterior cruciate ligament (ACL) reconstruction was performed with minimally invasive techniques either arthroscopically or via mini-arthrotomy. Patellar height, size of bony and tendon defects, and overall result were followed up for 2 years postoperatively. The results showed that closure of the peritendineum enhances healing of the patellar tendon defect and restores a normal appearance of the tendon within 2 years. We have stopped bone grafting the patellar defect with cancellous bone because of the risk of formation of painful spurs at the inferior pole of the patella which occurred in 36% of patients.",1994,English,Knee Surg Sports Traumatol Arthrosc,pubmed,10.1007/BF01845591,https://doi.org/10.1007/BF01845591,8536044.0,https://pubmed.ncbi.nlm.nih.gov/8536044/,Kohn+donorsitemorbidityafterharvestofabonetendonbonepatellartendo+1994,donorsitemorbidityafterharvestofabonetendonbonepatellartendo+1994,"Donor-site morbidity after harvest of a bone-tendon-bone patellar tendon autograft. The effects of closure of the peritendineum and bone grafting of the patellar defect after harvest of the bone-tendon-bone patellar tendon autograft was investigated prospectively in two groups of 25 patients. Anterior cruciate ligament (ACL) reconstruction was performed with minimally invasive techniques either arthroscopically or via mini-arthrotomy. Patellar height, size of bony and tendon defects, and overall result were followed up for 2 years postoperatively. The results showed that closure of the peritendineum enhances healing of the patellar tendon defect and restores a normal appearance of the tendon within 2 years. We have stopped bone grafting the patellar defect with cancellous bone because of the risk of formation of painful spurs at the inferior pole of the patella which occurred in 36% of patients."
70,186,187,Rosen (1992),BPTB,"Rosen MA, Jackson DW, Atwell EA",Rosen,The efficacy of continuous passive motion in the rehabilitation of anterior cruciate ligament reconstructions.,theefficacyofcontinuouspassivemotionintherehabilitationofant,"Seventy-five patients undergoing arthroscopically-assisted anterior cruciate ligament reconstruction by the same surgeon were divided into three random subgroups. All of the anterior cruciate ligament reconstructions used the middle third of the ipsilateral patellar tendon autograft. Patients undergoing meniscal repair, extraarticular procedures, or repair of other ligaments were excluded. The 75 patients were divided into subgroups to assess the benefits or disadvantages of early active motion (25 patients), continuous passive motion (25 patients), and a combination of both (25 patients) during the first 30 days after surgery. All patients were evaluated at specific intervals for 6 months after surgery. Data recorded included drain output, medication usage, tourniquet time, leg involved, hospital stay length, KT-1000 testing (before surgery in the anesthetized patient, after the procedure was completed, and 2 and 6 months after surgery), and range of motion. Radiographs and the International Knee Evaluation Form were also used to evaluate the results. No statistically significant differences were found between the three groups. Side-to-side anterior-posterior differences, stability, and restoration of full range of motion were similar in each subgroup at each evaluated interval. In this prospective study of motion, started immediately after anterior cruciate ligament reconstruction, passive and active methods were shown to have identical results. A supervised active and passive motion program during the 1st month had the same results as either one used individually.",1992,English,Am J Sports Med,pubmed,10.1177/036354659202000205,https://doi.org/10.1177/036354659202000205,1558237.0,https://pubmed.ncbi.nlm.nih.gov/1558237/,Rosen+theefficacyofcontinuouspassivemotionintherehabilitationofant+1992,theefficacyofcontinuouspassivemotionintherehabilitationofant+1992,"The efficacy of continuous passive motion in the rehabilitation of anterior cruciate ligament reconstructions. Seventy-five patients undergoing arthroscopically-assisted anterior cruciate ligament reconstruction by the same surgeon were divided into three random subgroups. All of the anterior cruciate ligament reconstructions used the middle third of the ipsilateral patellar tendon autograft. Patients undergoing meniscal repair, extraarticular procedures, or repair of other ligaments were excluded. The 75 patients were divided into subgroups to assess the benefits or disadvantages of early active motion (25 patients), continuous passive motion (25 patients), and a combination of both (25 patients) during the first 30 days after surgery. All patients were evaluated at specific intervals for 6 months after surgery. Data recorded included drain output, medication usage, tourniquet time, leg involved, hospital stay length, KT-1000 testing (before surgery in the anesthetized patient, after the procedure was completed, and 2 and 6 months after surgery), and range of motion. Radiographs and the International Knee Evaluation Form were also used to evaluate the results. No statistically significant differences were found between the three groups. Side-to-side anterior-posterior differences, stability, and restoration of full range of motion were similar in each subgroup at each evaluated interval. In this prospective study of motion, started immediately after anterior cruciate ligament reconstruction, passive and active methods were shown to have identical results. A supervised active and passive motion program during the 1st month had the same results as either one used individually."
71,187,188,Richmond (1991),BPTB,"Richmond JC, Gladstone J, MacGillivray J",Richmond,Continuous passive motion after arthroscopically assisted anterior cruciate ligament reconstruction: comparison of short- versus long-term use.,continuouspassivemotionafterarthroscopicallyassistedanterior,"The use of continuous passive motion (CPM) following anterior cruciate ligament (ACL) reconstruction has become common. The duration of use of CPM for maximal therapeutic benefit is not known. This study compared 4-day CPM use with 14-day CPM use following arthroscopic ACL reconstruction using a bone-patellar tendon-bone autograft prospectively in 20 patients. The patients were randomly allocated to the CPM 4-day group [6 h daily CPM for 4 days in hospital followed by intermittent passive motion (IPM) at home] or to the CPM 14-day group (6 h daily CPM for 14 days). The objective parameters measured were girth measurements at four lower limb locations for joint swelling and muscle atrophy; range of motion of the knee, measured goniometrically; and KT-1000 arthrometry measurements for joint laxity. The measurements were made prior to surgery, and on days 2, 7, 14, and 42, postoperatively. There were no statistically significant differences (p greater than 0.05) at 42 days postoperatively between groups in all parameters measured with the exception of KT-1000 laxity at 42 days.",1991,English,Arthroscopy,pubmed,10.1016/0749-8063(91)90076-a,https://doi.org/10.1016/0749-8063(91)90076-a,2009118.0,https://pubmed.ncbi.nlm.nih.gov/2009118/,Richmond+continuouspassivemotionafterarthroscopicallyassistedanterior+1991,continuouspassivemotionafterarthroscopicallyassistedanterior+1991,"Continuous passive motion after arthroscopically assisted anterior cruciate ligament reconstruction: comparison of short- versus long-term use. The use of continuous passive motion (CPM) following anterior cruciate ligament (ACL) reconstruction has become common. The duration of use of CPM for maximal therapeutic benefit is not known. This study compared 4-day CPM use with 14-day CPM use following arthroscopic ACL reconstruction using a bone-patellar tendon-bone autograft prospectively in 20 patients. The patients were randomly allocated to the CPM 4-day group [6 h daily CPM for 4 days in hospital followed by intermittent passive motion (IPM) at home] or to the CPM 14-day group (6 h daily CPM for 14 days). The objective parameters measured were girth measurements at four lower limb locations for joint swelling and muscle atrophy; range of motion of the knee, measured goniometrically; and KT-1000 arthrometry measurements for joint laxity. The measurements were made prior to surgery, and on days 2, 7, 14, and 42, postoperatively. There were no statistically significant differences (p greater than 0.05) at 42 days postoperatively between groups in all parameters measured with the exception of KT-1000 laxity at 42 days."
74,198,199,Low (2024),HT,"Low CA, Teo SH",Low,"Higher rates of anatomical insertion of medial hamstring tendon regeneration post-anterior cruciate ligament reconstruction with stump preservation graft harvesting technique: A prospective, randomised, double-blinded clinical trial with magnetic resonance imaging evaluation.",higherratesofanatomicalinsertionofmedialhamstringtendonregen,"OBJECTIVE(S): The purpose of this study was to compare the regeneration of semitendinosus and gracilis tendons from two different graft harvesting techniques, which are the stump preservation and conventional graft harvesting techniques. We hypothesised that the stump preservation graft harvesting technique, which preserved the distal attachment of tendons at their insertion, would facilitate anatomical regeneration to the pes anserinus. METHODS: This is a prospective, randomised, double-blinded study whereby thirty consecutive patients who underwent single bundle anterior cruciate ligament reconstruction with ipsilateral semitendinosus and gracilis autografts were recruited. The patients were randomly assigned to the stump preservation group (14 patients) or conventional group (16 patients). Magnetic resonance imaging (MRI) evaluation was performed preoperatively and at six months post-operatively. RESULTS: At 6-month follow-up, MRI evaluations showed a higher percentage of insertion of regenerated semitendinosus and gracilis at the pes anserinus in the stump preservation group (75.0%) than that in the conventional group (68.8%). There was a significantly higher proximal shift of the musculotendinous junction of semitendinosus (5.70 ​cm versus 3.36 ​cm, p ​= ​0.029) and gracilis (5.28 ​cm versus 3.16 ​cm, p ​= ​0.045) in the conventional group post-operatively. CONCLUSION: The stump preservation technique yields a higher percentage of anatomical insertion of regenerated tendons and a lesser amount of proximal shift of the musculotendinous junction. LEVEL OF EVIDENCE: III - Prospective study with up to two negative criteria.",2024,English,J ISAKOS,pubmed,10.1016/j.jisako.2024.04.013,https://doi.org/10.1016/j.jisako.2024.04.013,38677365.0,https://pubmed.ncbi.nlm.nih.gov/38677365/,Low+higherratesofanatomicalinsertionofmedialhamstringtendonregen+2024,higherratesofanatomicalinsertionofmedialhamstringtendonregen+2024,"Higher rates of anatomical insertion of medial hamstring tendon regeneration post-anterior cruciate ligament reconstruction with stump preservation graft harvesting technique: A prospective, randomised, double-blinded clinical trial with magnetic resonance imaging evaluation. OBJECTIVE(S): The purpose of this study was to compare the regeneration of semitendinosus and gracilis tendons from two different graft harvesting techniques, which are the stump preservation and conventional graft harvesting techniques. We hypothesised that the stump preservation graft harvesting technique, which preserved the distal attachment of tendons at their insertion, would facilitate anatomical regeneration to the pes anserinus. METHODS: This is a prospective, randomised, double-blinded study whereby thirty consecutive patients who underwent single bundle anterior cruciate ligament reconstruction with ipsilateral semitendinosus and gracilis autografts were recruited. The patients were randomly assigned to the stump preservation group (14 patients) or conventional group (16 patients). Magnetic resonance imaging (MRI) evaluation was performed preoperatively and at six months post-operatively. RESULTS: At 6-month follow-up, MRI evaluations showed a higher percentage of insertion of regenerated semitendinosus and gracilis at the pes anserinus in the stump preservation group (75.0%) than that in the conventional group (68.8%). There was a significantly higher proximal shift of the musculotendinous junction of semitendinosus (5.70 ​cm versus 3.36 ​cm, p ​= ​0.029) and gracilis (5.28 ​cm versus 3.16 ​cm, p ​= ​0.045) in the conventional group post-operatively. CONCLUSION: The stump preservation technique yields a higher percentage of anatomical insertion of regenerated tendons and a lesser amount of proximal shift of the musculotendinous junction. LEVEL OF EVIDENCE: III - Prospective study with up to two negative criteria."
75,201,202,Ma (2023),HT,"Ma W, Yang Y, Ha X",Ma,Two-stage ligament reconstruction with remnant preservation as treatment of knee dislocation.,twostageligamentreconstructionwithremnantpreservationastreat,"OBJECTIVE: The purpose of this study was to evaluate the clinical outcomes of two-stage reconstruction (peripheral reconstruction in phase I and central anterior cruciate ligament (ACL) / posterior cruciate ligament (PCL) reconstruction in phase II) with remnant preservation for patients with knee dislocation. METHODS: A total of 70 patients (10 IIIM, 17 IIIL, and 43 IV) with knee dislocation were randomly divided into the remnant-preserved group and the simple reconstruction group. Patients underwent two-stage reconstruction, including the reconstruction of collateral ligament in phase I and the reconstruction of ACL/PCL in phase II (12 weeks after phase I). Grafts were harvested from the semitendinosus and gracilis tendons from both lower limbs. After the surgery, the joint flexion and extension, bone tunnel and ligament healing, and joint stability were evaluated. RESULTS: After the surgery, the lateral stability recovered in all patients, and X-ray revealed a good position of bone tunnel. Follow-up was performed at 12 months postoperatively and ranged from 24 to 91 months. At the final follow-up, knee flexion angle, IKDC, Lysholm, and Tegner scores were all higher in both groups compared to the preoperative period. Notably, the remnant-preserved group showed superior results in these parameters compared to the simple reconstruction group. There was statistical significance between the two groups in terms of the Lachman test. CONCLUSION: The knee function was well recovered after two-stage ligament reconstruction with remnant preservation.",2023,English,BMC Surg,pubmed,10.1186/s12893-023-02271-5,https://doi.org/10.1186/s12893-023-02271-5,38066516.0,https://pubmed.ncbi.nlm.nih.gov/38066516/,Ma+twostageligamentreconstructionwithremnantpreservationastreat+2023,twostageligamentreconstructionwithremnantpreservationastreat+2023,"Two-stage ligament reconstruction with remnant preservation as treatment of knee dislocation. OBJECTIVE: The purpose of this study was to evaluate the clinical outcomes of two-stage reconstruction (peripheral reconstruction in phase I and central anterior cruciate ligament (ACL) / posterior cruciate ligament (PCL) reconstruction in phase II) with remnant preservation for patients with knee dislocation. METHODS: A total of 70 patients (10 IIIM, 17 IIIL, and 43 IV) with knee dislocation were randomly divided into the remnant-preserved group and the simple reconstruction group. Patients underwent two-stage reconstruction, including the reconstruction of collateral ligament in phase I and the reconstruction of ACL/PCL in phase II (12 weeks after phase I). Grafts were harvested from the semitendinosus and gracilis tendons from both lower limbs. After the surgery, the joint flexion and extension, bone tunnel and ligament healing, and joint stability were evaluated. RESULTS: After the surgery, the lateral stability recovered in all patients, and X-ray revealed a good position of bone tunnel. Follow-up was performed at 12 months postoperatively and ranged from 24 to 91 months. At the final follow-up, knee flexion angle, IKDC, Lysholm, and Tegner scores were all higher in both groups compared to the preoperative period. Notably, the remnant-preserved group showed superior results in these parameters compared to the simple reconstruction group. There was statistical significance between the two groups in terms of the Lachman test. CONCLUSION: The knee function was well recovered after two-stage ligament reconstruction with remnant preservation."
77,206,207,Saki (2023),HT,"Saki F, Shafiee H, Tahayori B, Ramezani F",Saki,The effects of core stabilization exercises on the neuromuscular function of athletes with ACL reconstruction.,theeffectsofcorestabilizationexercisesontheneuromuscularfunc,"Athletes who have undergone anterior cruciate ligament reconstruction (ACLR) often exhibit persistently impaired kinematics and strength. Core stability training appears to be effective for reducing high-risk landing mechanics and preventing primary anterior cruciate ligament (ACL) injuries; however, there have been few attempts to examine their effects in athletes who have undergone ACLR. This study aimed to investigate the effect of eight weeks of simple core stability training on core endurance, hip strength, and knee kinematics in ACLR athletes. Twenty-six male athletes (20-30 years old) with a history of ACL surgery with hamstring tendon autograft were randomly divided into training (n = 13) and control groups (n = 13). The training group performed core stability exercises for eight weeks before starting their team training; the control group did not receive any intervention. Both groups continued their regular team schedule. The core endurance, hip muscle strength, and knee kinematics were assessed by the McGill test, a hand-held dynamometer, and video-taping, respectively. Analysis of covariance test was used for data analysis. The training group showed a significant increase in core endurance, hip abductor and external rotator strength, knee flexion angle, and a significant decrease in the knee valgus angle during single-leg landing in post-training tests compared to their baseline tests (P < 0.05). Our results demonstrated that core stability exercise alters neuromuscular function to a level that is clinically acceptable and statistically significant. Because of the high incidence rate of secondary ACL injury after ACLR, it is recommended that athletes with a history of ACLR benefit from adding core stability exercises to warm-up routines or tertiary prevention programs even after completing post-operative rehabilitation. It is fast and not time-consuming to perform for athletes to reduce the risk factors of re-injury. Trial registration: This study was registered in the Iranian Registry of Clinical Trials with the number IRCT20190224042827N2, registered on 19 December 2019.",2023,English,Sci Rep,pubmed,10.1038/s41598-023-29126-6,https://doi.org/10.1038/s41598-023-29126-6,36750662.0,https://pubmed.ncbi.nlm.nih.gov/36750662/,Saki+theeffectsofcorestabilizationexercisesontheneuromuscularfunc+2023,theeffectsofcorestabilizationexercisesontheneuromuscularfunc+2023,"The effects of core stabilization exercises on the neuromuscular function of athletes with ACL reconstruction. Athletes who have undergone anterior cruciate ligament reconstruction (ACLR) often exhibit persistently impaired kinematics and strength. Core stability training appears to be effective for reducing high-risk landing mechanics and preventing primary anterior cruciate ligament (ACL) injuries; however, there have been few attempts to examine their effects in athletes who have undergone ACLR. This study aimed to investigate the effect of eight weeks of simple core stability training on core endurance, hip strength, and knee kinematics in ACLR athletes. Twenty-six male athletes (20-30 years old) with a history of ACL surgery with hamstring tendon autograft were randomly divided into training (n = 13) and control groups (n = 13). The training group performed core stability exercises for eight weeks before starting their team training; the control group did not receive any intervention. Both groups continued their regular team schedule. The core endurance, hip muscle strength, and knee kinematics were assessed by the McGill test, a hand-held dynamometer, and video-taping, respectively. Analysis of covariance test was used for data analysis. The training group showed a significant increase in core endurance, hip abductor and external rotator strength, knee flexion angle, and a significant decrease in the knee valgus angle during single-leg landing in post-training tests compared to their baseline tests (P < 0.05). Our results demonstrated that core stability exercise alters neuromuscular function to a level that is clinically acceptable and statistically significant. Because of the high incidence rate of secondary ACL injury after ACLR, it is recommended that athletes with a history of ACLR benefit from adding core stability exercises to warm-up routines or tertiary prevention programs even after completing post-operative rehabilitation. It is fast and not time-consuming to perform for athletes to reduce the risk factors of re-injury. Trial registration: This study was registered in the Iranian Registry of Clinical Trials with the number IRCT20190224042827N2, registered on 19 December 2019."
80,211,212,Jin (2022),HT,"Jin T, Li Y, Yang G, Liao X, Wang G, Wang F",Jin,Comparison of Rapid Rehabilitation after Anterior Cruciate Ligament Reconstruction with Tensioning Technique and Traditional Rehabilitation.,comparisonofrapidrehabilitationafteranteriorcruciateligament,"To investigate the efficacy of a fast rehabilitation program for the recovery of knee joint function after arthroscopic autologous hamstring tendon transplantation for reconstruction of the anterior cruciate ligament (ACL), from January 1, 2017, to March 31, 2019, a total of 65 patients with ACL injury were randomly divided into a study group and a control group. Both groups were treated with autologous hamstring tendon to reconstruct the anterior cruciate ligament, arthroscopic transplantation, and decompression techniques. The research group was treated with a fast rehabilitation program. The control group was treated with traditional rehabilitation program. Knee flexion angles were measured at 2, 4, and 8 weeks postoperatively. KT-1000 knee anterior stability was measured at 3, 6, and 12 months after operation. Knee function was assessed by subjective knee function assessment scale (IKDC) and Lysholm knee score. The knee curvature, KT-1000 measurement, IKDC score, and Lysholm score were compared between the two groups before and after treatment. KT-1000 measured value, IKDC score, and Lysholm score in 2 groups were significantly improved 3, 6, and 12 months compared with those before treatment, and the difference was statistically significant (P < 0.001). Comparison between the two groups: 2 weeks, 4 weeks, and 8 weeks after treatment, the knee curvature in the study group was better than that in the control group, and the difference was statistically significant (P < 0.001); there was no significant difference in the measured values of KT-1000 between the two groups 3, 6, and 12 months after treatment (P > 0.05); IKDC score and Lysholm score in the study group 3 and 6 months after treatment were significantly better than those in the control group, with statistical significance (P < 0.001); there was no significant difference in IKDC score and Lysholm score between the two groups 12 months after treatment (P >0.05). Autograft hamstring tendon transplantation and tense-reducing technique for anatomical reconstruction of anterior cruciate ligament under arthroscopy combined with rapid rehabilitation program can quickly, safely, and effectively restore the knee function of patients, greatly shortening the rehabilitation period of patients.",2022,English,Dis Markers,pubmed,10.1155/2022/6779207,https://doi.org/10.1155/2022/6779207,35811663.0,https://pubmed.ncbi.nlm.nih.gov/35811663/,Jin+comparisonofrapidrehabilitationafteranteriorcruciateligament+2022,comparisonofrapidrehabilitationafteranteriorcruciateligament+2022,"Comparison of Rapid Rehabilitation after Anterior Cruciate Ligament Reconstruction with Tensioning Technique and Traditional Rehabilitation. To investigate the efficacy of a fast rehabilitation program for the recovery of knee joint function after arthroscopic autologous hamstring tendon transplantation for reconstruction of the anterior cruciate ligament (ACL), from January 1, 2017, to March 31, 2019, a total of 65 patients with ACL injury were randomly divided into a study group and a control group. Both groups were treated with autologous hamstring tendon to reconstruct the anterior cruciate ligament, arthroscopic transplantation, and decompression techniques. The research group was treated with a fast rehabilitation program. The control group was treated with traditional rehabilitation program. Knee flexion angles were measured at 2, 4, and 8 weeks postoperatively. KT-1000 knee anterior stability was measured at 3, 6, and 12 months after operation. Knee function was assessed by subjective knee function assessment scale (IKDC) and Lysholm knee score. The knee curvature, KT-1000 measurement, IKDC score, and Lysholm score were compared between the two groups before and after treatment. KT-1000 measured value, IKDC score, and Lysholm score in 2 groups were significantly improved 3, 6, and 12 months compared with those before treatment, and the difference was statistically significant (P < 0.001). Comparison between the two groups: 2 weeks, 4 weeks, and 8 weeks after treatment, the knee curvature in the study group was better than that in the control group, and the difference was statistically significant (P < 0.001); there was no significant difference in the measured values of KT-1000 between the two groups 3, 6, and 12 months after treatment (P > 0.05); IKDC score and Lysholm score in the study group 3 and 6 months after treatment were significantly better than those in the control group, with statistical significance (P < 0.001); there was no significant difference in IKDC score and Lysholm score between the two groups 12 months after treatment (P >0.05). Autograft hamstring tendon transplantation and tense-reducing technique for anatomical reconstruction of anterior cruciate ligament under arthroscopy combined with rapid rehabilitation program can quickly, safely, and effectively restore the knee function of patients, greatly shortening the rehabilitation period of patients."
84,235,236,Kouloumentas (2019),HT,"Kouloumentas P, Kavroudakis E, Charalampidis E, Kavroudakis D, Triantafyllopoulos GK",Kouloumentas,Superior knee flexor strength at 2 years with all-inside short-graft anterior cruciate ligament reconstruction vs a conventional hamstring technique.,superiorkneeflexorstrengthat2yearswithallinsideshortgraftant,"PURPOSE: To compare the ""all-inside technique"" for anterior cruciate ligament (ACL) reconstruction using a short, quadrupled semitendinosus tendon (ST4) autograft and suspensory cortical fixation on both the femoral and tibial side vs the ""conventional technique"" using a semitendinosus/gracilis (ST/G) autograft fixed with a suspensory device on the femoral side and with an interference screw on the tibial side, in terms of clinical and functional outcomes. METHODS: A total of 90 patients were enrolled, randomised into two groups, and prospectively followed. Group A comprised 45 patients treated with the all-inside technique and Group B included 45 patients treated with the conventional ACL technique (55 males, 35 females; mean age 28.7 +/- 11.3 years). Patients completed the Lysholm knee score, the International Knee Documentation Committee (IKDC) score, the Knee Injury and Osteoarthritis Score (KOOS), and the Knee Society Score (KSS) preoperatively and at 2 years postoperatively. Anterior tibial translation measurement (KT-1000 arthrometer) and isokinetic testing of the operative vs non-operative limb were also conducted and the limb symmetry index (LSI) was determined. RESULTS: At 24 months, the Lysholm, IKDC, KOOS, and KSS scores between the two groups were similar (n.s.). Anterior tibial translation between the operative and non-operative knee was also similar among the two groups (n.s.). Patients of Group A had significantly higher mean LSIs in terms of flexor peak torque (1.0 +/- 0.1 vs 0.9 +/- 0.1; p < 0.001), time-to-peak (0.9 +/- 0.1 vs 0.8 +/- 0.1; p < 0.001) and total work (0.9 +/- 0.1 vs 0.8 +/- 0.1; p < 0.001) at 180 degrees /s, and significantly better mean LSI for isometric flexor/extensor ratio at 90 degrees  (1.1 +/- 0.3 vs 0.8 +/- 0.2; p < 0.001). CONCLUSION: The all-inside ACL reconstruction with an ST4 autograft and cortical button fixation on both ends is a viable alternative to the conventional technique. It affords preservation of knee flexor strength, which is of advantage, especially when treating athletes with ACL injury. LEVEL OF EVIDENCE: I.",2019,English,Knee Surg Sports Traumatol Arthrosc,pubmed,10.1007/s00167-019-05456-9,https://doi.org/10.1007/s00167-019-05456-9,30888448.0,https://pubmed.ncbi.nlm.nih.gov/30888448/,Kouloumentas+superiorkneeflexorstrengthat2yearswithallinsideshortgraftant+2019,superiorkneeflexorstrengthat2yearswithallinsideshortgraftant+2019,"Superior knee flexor strength at 2 years with all-inside short-graft anterior cruciate ligament reconstruction vs a conventional hamstring technique. PURPOSE: To compare the ""all-inside technique"" for anterior cruciate ligament (ACL) reconstruction using a short, quadrupled semitendinosus tendon (ST4) autograft and suspensory cortical fixation on both the femoral and tibial side vs the ""conventional technique"" using a semitendinosus/gracilis (ST/G) autograft fixed with a suspensory device on the femoral side and with an interference screw on the tibial side, in terms of clinical and functional outcomes. METHODS: A total of 90 patients were enrolled, randomised into two groups, and prospectively followed. Group A comprised 45 patients treated with the all-inside technique and Group B included 45 patients treated with the conventional ACL technique (55 males, 35 females; mean age 28.7 +/- 11.3 years). Patients completed the Lysholm knee score, the International Knee Documentation Committee (IKDC) score, the Knee Injury and Osteoarthritis Score (KOOS), and the Knee Society Score (KSS) preoperatively and at 2 years postoperatively. Anterior tibial translation measurement (KT-1000 arthrometer) and isokinetic testing of the operative vs non-operative limb were also conducted and the limb symmetry index (LSI) was determined. RESULTS: At 24 months, the Lysholm, IKDC, KOOS, and KSS scores between the two groups were similar (n.s.). Anterior tibial translation between the operative and non-operative knee was also similar among the two groups (n.s.). Patients of Group A had significantly higher mean LSIs in terms of flexor peak torque (1.0 +/- 0.1 vs 0.9 +/- 0.1; p < 0.001), time-to-peak (0.9 +/- 0.1 vs 0.8 +/- 0.1; p < 0.001) and total work (0.9 +/- 0.1 vs 0.8 +/- 0.1; p < 0.001) at 180 degrees /s, and significantly better mean LSI for isometric flexor/extensor ratio at 90 degrees  (1.1 +/- 0.3 vs 0.8 +/- 0.2; p < 0.001). CONCLUSION: The all-inside ACL reconstruction with an ST4 autograft and cortical button fixation on both ends is a viable alternative to the conventional technique. It affords preservation of knee flexor strength, which is of advantage, especially when treating athletes with ACL injury. LEVEL OF EVIDENCE: I."
87,245,246,Cavaignac (2018),HT,"Cavaignac E, Marot V, Faruch M, Reina N, Murgier J, Accadbled F, Berard E, Chiron P",Cavaignac,Hamstring Graft Incorporation According to the Length of the Graft Inside Tunnels.,hamstringgraftincorporationaccordingtothelengthofthegraftins,"BACKGROUND: Anterior cruciate ligament (ACL) reconstruction with a quadrupled semitendinosus (ST4) graft is an evolution of the standard technique with 2 hamstring tendons (semitendinosus + gracilis [STG]). However, there is no published comparison of how well these 2 types of hamstring grafts are incorporated into the bone tunnels. Because the ST4 graft is shorter, there is less graft material inside the tunnels. PURPOSE: To use magnetic resonance imaging (MRI) to compare graft incorporation in the tibial bone tunnels 1 year after ACL reconstruction with either an STG graft or ST4 graft. STUDY DESIGN: Cohort study; Level of evidence, 2. METHODS: Sixty-two patients who underwent ACL reconstruction were enrolled prospectively: 31 with an ST4 graft and 31 with an STG graft. The same surgical technique, fixation method, and postoperative protocol were used in both groups. Graft incorporation and ligamentization were evaluated with MRI after 1 year of follow-up. The following parameters were evaluated: signal-to-noise quotient (SNQ), tibial tunnel enlargement, signal intensity at the bone-graft interface, and graft signal according to the Howell scale. The number of participants needed to show that the mean SNQ did not differ between the 2 techniques was 31 in each group (with a 1-sided alpha of 2.5% and a 1-sided beta of 10.0%). The Student t test was used to compare the distribution of continuous secondary endpoints. RESULTS: The mean SNQ was 5.2 +/- 4.5 for the STG group and 5.9 +/- 3.7 for the ST4 group ( P = .5100). The mean tibial tunnel widening was 93.7% +/- 51.7% for the STG group versus 80.0% +/- 42.9% for the ST4 group ( P = .2605). The groups did not differ in signal intensity at the bone-graft interface ( P = .7502) or in graft signal according to the Howell scale ( P = .4544). CONCLUSION: At the 1-year postoperative follow-up, incorporation and ligamentization of the STG and ST4 grafts were the same based on MRI analysis. The results were at least as good with the ST4 technique as with the standard STG technique in terms of incorporation and ligamentization.",2018,English,Am J Sports Med,pubmed,10.1177/0363546517733472,https://doi.org/10.1177/0363546517733472,29065271.0,https://pubmed.ncbi.nlm.nih.gov/29065271/,Cavaignac+hamstringgraftincorporationaccordingtothelengthofthegraftins+2018,hamstringgraftincorporationaccordingtothelengthofthegraftins+2018,"Hamstring Graft Incorporation According to the Length of the Graft Inside Tunnels. BACKGROUND: Anterior cruciate ligament (ACL) reconstruction with a quadrupled semitendinosus (ST4) graft is an evolution of the standard technique with 2 hamstring tendons (semitendinosus + gracilis [STG]). However, there is no published comparison of how well these 2 types of hamstring grafts are incorporated into the bone tunnels. Because the ST4 graft is shorter, there is less graft material inside the tunnels. PURPOSE: To use magnetic resonance imaging (MRI) to compare graft incorporation in the tibial bone tunnels 1 year after ACL reconstruction with either an STG graft or ST4 graft. STUDY DESIGN: Cohort study; Level of evidence, 2. METHODS: Sixty-two patients who underwent ACL reconstruction were enrolled prospectively: 31 with an ST4 graft and 31 with an STG graft. The same surgical technique, fixation method, and postoperative protocol were used in both groups. Graft incorporation and ligamentization were evaluated with MRI after 1 year of follow-up. The following parameters were evaluated: signal-to-noise quotient (SNQ), tibial tunnel enlargement, signal intensity at the bone-graft interface, and graft signal according to the Howell scale. The number of participants needed to show that the mean SNQ did not differ between the 2 techniques was 31 in each group (with a 1-sided alpha of 2.5% and a 1-sided beta of 10.0%). The Student t test was used to compare the distribution of continuous secondary endpoints. RESULTS: The mean SNQ was 5.2 +/- 4.5 for the STG group and 5.9 +/- 3.7 for the ST4 group ( P = .5100). The mean tibial tunnel widening was 93.7% +/- 51.7% for the STG group versus 80.0% +/- 42.9% for the ST4 group ( P = .2605). The groups did not differ in signal intensity at the bone-graft interface ( P = .7502) or in graft signal according to the Howell scale ( P = .4544). CONCLUSION: At the 1-year postoperative follow-up, incorporation and ligamentization of the STG and ST4 grafts were the same based on MRI analysis. The results were at least as good with the ST4 technique as with the standard STG technique in terms of incorporation and ligamentization."
92,273,274,Fujii (2015),HT,"Fujii M, Furumatsu T, Miyazawa S, Okada Y, Tanaka T, Ozaki T, Abe N",Fujii,Intercondylar notch size influences cyclops formation after anterior cruciate ligament reconstruction.,intercondylarnotchsizeinfluencescyclopsformationafteranterio,"PURPOSE: The purpose of this study was to investigate the incidence of cyclops lesions and its relationship with the cross-sectional area of the intercondylar notch. METHODS: For this study, 55 patients (24 male and 31 female) underwent follow-up arthroscopy after bi-socket anterior cruciate ligament reconstruction with hamstring tendon grafts were included. All patients underwent magnetic resonance imaging measurements of intercondylar notch dimensions. We compared the femoral intercondylar notch sizes and bone tunnel sizes between knees with cyclops lesions (cyclops group) and those without cyclops lesions (no-cyclops group). The mean percentage of the tunnel size to the cross-sectional area of the femoral intercondylar notch was also compared between the groups. The median follow-up duration was 3.8 years. RESULTS: Cyclops lesions were found in 15 of the 55 knees (27.3 %) on second-look arthroscopy (cyclops group). Only 6 of the 55 knees (10.9 %) had extension loss (cyclops syndrome). The cyclops group included 3 men and 12 women. The two groups showed a statistical difference in sex variation (P = 0.04). No significant differences were found in the femoral and tibial tunnel sizes between the two groups. The cross-sectional area of the femoral intercondylar notch was significantly smaller in the cyclops group (251.7 +/- 63.2 mm(2)) than in the no-cyclops group (335.6 +/- 77.6 mm(2)) (P < 0.001). The percentage of the total femoral tunnel size to the cross-sectional area of the femoral intercondylar notch was significantly higher in the cyclops group (18.6 +/- 5.3 %) than in the no-cyclops group (13.2 +/- 3.6 %) (P = 0.02). CONCLUSIONS: A smaller intercondylar notch size may be a potential risk factor for cyclops lesion formation. LEVEL OF EVIDENCE: Case-control study, Level IV.",2015,English,Knee Surg Sports Traumatol Arthrosc,pubmed,10.1007/s00167-014-2891-y,https://doi.org/10.1007/s00167-014-2891-y,24549261.0,https://pubmed.ncbi.nlm.nih.gov/24549261/,Fujii+intercondylarnotchsizeinfluencescyclopsformationafteranterio+2015,intercondylarnotchsizeinfluencescyclopsformationafteranterio+2015,"Intercondylar notch size influences cyclops formation after anterior cruciate ligament reconstruction. PURPOSE: The purpose of this study was to investigate the incidence of cyclops lesions and its relationship with the cross-sectional area of the intercondylar notch. METHODS: For this study, 55 patients (24 male and 31 female) underwent follow-up arthroscopy after bi-socket anterior cruciate ligament reconstruction with hamstring tendon grafts were included. All patients underwent magnetic resonance imaging measurements of intercondylar notch dimensions. We compared the femoral intercondylar notch sizes and bone tunnel sizes between knees with cyclops lesions (cyclops group) and those without cyclops lesions (no-cyclops group). The mean percentage of the tunnel size to the cross-sectional area of the femoral intercondylar notch was also compared between the groups. The median follow-up duration was 3.8 years. RESULTS: Cyclops lesions were found in 15 of the 55 knees (27.3 %) on second-look arthroscopy (cyclops group). Only 6 of the 55 knees (10.9 %) had extension loss (cyclops syndrome). The cyclops group included 3 men and 12 women. The two groups showed a statistical difference in sex variation (P = 0.04). No significant differences were found in the femoral and tibial tunnel sizes between the two groups. The cross-sectional area of the femoral intercondylar notch was significantly smaller in the cyclops group (251.7 +/- 63.2 mm(2)) than in the no-cyclops group (335.6 +/- 77.6 mm(2)) (P < 0.001). The percentage of the total femoral tunnel size to the cross-sectional area of the femoral intercondylar notch was significantly higher in the cyclops group (18.6 +/- 5.3 %) than in the no-cyclops group (13.2 +/- 3.6 %) (P = 0.02). CONCLUSIONS: A smaller intercondylar notch size may be a potential risk factor for cyclops lesion formation. LEVEL OF EVIDENCE: Case-control study, Level IV."
94,281,282,Iorio (2013),HT,"Iorio R, Di Sanzo V, Vadalà A, Mazza D, Valeo L, Messano GA, Redler A, Iorio C, Bolle G, Conteduca F, Ferretti A",Iorio,Nanohydroxyapatite-based bone graft substitute in tunnel enlargement after ACL surgery: RMN study.,nanohydroxyapatitebasedbonegraftsubstituteintunnelenlargemen,"BACKGROUND AND AIM: A successful anterior cruciate ligament reconstruction (ACL) requires solid healing of the tendon graft in the bone tunnel. New biological strategies have already been proposed with the aim of improving ACL graft healing and therefore allowing a faster rehabilitative program. The aim of this prospective study was to clinically and radiologically evaluate the efficacy of nanohydroxyapatite bone-base grafts in facilitating bone-tendon incorporation after ACL reconstruction with hamstrings (HS). As far as we know, this is the first study that has tried to asses the efficacy of such a type of bone substitute on human beings. MATERIALS AND METHODS: 40 male patients with chronic ACL rupture who underwent surgical reconstruction with 4-strand semitendinosus and gracilis tendon autograft via a single-bundle technique. Patients were randomly assigned to enter group A (20 patients, nanohydroxyapatite group) or group B (20 patients, control group). Preoperative and postoperative clinical evaluation was always performed, in a blinded way, assessing the Lachman and Pivot-shift tests and range of motion (ROM) of the affected knee. The Lysholm knee score, Tegner activity level, subjective and objective International Knee Documentation Committee (IKDC) forms, and 30 lb KT-1000 arthrometer evaluations. Patients underwent a magnetic resonance imaging (MRI) exam at 30, 90 and 180 days after surgery by the same musculoskeletal radiologist in a blinded way. RESULTS: As for the clinical evaluation, Lysholm, Tegner, IKDC scales, and KT-1000 arthrometer results did not show any significant difference between the two groups. Radiological data show a tendency toward better results in regard to the graft strength signal, the graftbone interface, and bone edema remodeling process, these parameters show significant differences between the two groups only at the short or mid-term follow-ups, while they are never significant at the mid-to long-term follow-up. CONCLUSIONS: In conclusion the use of nanohydroxyapatite bone substitute does not provide significant clinical improvements in terms of better knee stability or patient satisfaction.",2013,English,Clin Ter,pubmed,10.7417/CT.2013.1540,https://doi.org/10.7417/CT.2013.1540,23698210.0,https://pubmed.ncbi.nlm.nih.gov/23698210/,Iorio+nanohydroxyapatitebasedbonegraftsubstituteintunnelenlargemen+2013,nanohydroxyapatitebasedbonegraftsubstituteintunnelenlargemen+2013,"Nanohydroxyapatite-based bone graft substitute in tunnel enlargement after ACL surgery: RMN study. BACKGROUND AND AIM: A successful anterior cruciate ligament reconstruction (ACL) requires solid healing of the tendon graft in the bone tunnel. New biological strategies have already been proposed with the aim of improving ACL graft healing and therefore allowing a faster rehabilitative program. The aim of this prospective study was to clinically and radiologically evaluate the efficacy of nanohydroxyapatite bone-base grafts in facilitating bone-tendon incorporation after ACL reconstruction with hamstrings (HS). As far as we know, this is the first study that has tried to asses the efficacy of such a type of bone substitute on human beings. MATERIALS AND METHODS: 40 male patients with chronic ACL rupture who underwent surgical reconstruction with 4-strand semitendinosus and gracilis tendon autograft via a single-bundle technique. Patients were randomly assigned to enter group A (20 patients, nanohydroxyapatite group) or group B (20 patients, control group). Preoperative and postoperative clinical evaluation was always performed, in a blinded way, assessing the Lachman and Pivot-shift tests and range of motion (ROM) of the affected knee. The Lysholm knee score, Tegner activity level, subjective and objective International Knee Documentation Committee (IKDC) forms, and 30 lb KT-1000 arthrometer evaluations. Patients underwent a magnetic resonance imaging (MRI) exam at 30, 90 and 180 days after surgery by the same musculoskeletal radiologist in a blinded way. RESULTS: As for the clinical evaluation, Lysholm, Tegner, IKDC scales, and KT-1000 arthrometer results did not show any significant difference between the two groups. Radiological data show a tendency toward better results in regard to the graft strength signal, the graftbone interface, and bone edema remodeling process, these parameters show significant differences between the two groups only at the short or mid-term follow-ups, while they are never significant at the mid-to long-term follow-up. CONCLUSIONS: In conclusion the use of nanohydroxyapatite bone substitute does not provide significant clinical improvements in terms of better knee stability or patient satisfaction."
97,286,287,Mirzatolooei (2013),HT,"Mirzatolooei F, Alamdari MT, Khalkhali HR",Mirzatolooei,The impact of platelet-rich plasma on the prevention of tunnel widening in anterior cruciate ligament reconstruction using quadrupled autologous hamstring tendon: a randomised clinical trial.,theimpactofplateletrichplasmaonthepreventionoftunnelwidening,"The use of platelet-rich plasma (PRP) as an adjuvant to tissue repair is gaining favour in orthopaedic surgery. Tunnel widening after anterior cruciate ligament (ACL) reconstruction is a recognised phenomenon that could compromise revision surgery. The purpose of this study was to determine whether PRP might prevent tunnel widening in ACL reconstruction.Patients undergoing ACL reconstruction using a hamstring graft were randomly allocated either to have PRP introduced into the tunnels peri-operatively or not. CT scanning of the knees was carried out on the day after surgery and at three months post-operatively and the width of the tunnels was measured. Patients were also evaluated clinically at three months, when laxity was also measured.Each group comprised 25 patients, and at three months post-operatively all were pain-free with stable knees, a negative Lachman test and a good range of movement. Arthrometric results had improved significantly in both groups (p < 0.001). Despite slightly less tunnel widening in the PRP group, there was no significant difference between the groups at the femoral opening or the mid-tunnel (p = 0.370 and p = 0.363, respectively) nor at the tibial opening or mid-tunnel (p = 0.333 and p = 0.177, respectively).We conclude that PRP has no significant effect in preventing tunnel widening after ACL reconstruction.",2013,English,Bone Joint J,pubmed,10.1302/0301-620X.95B1.30487,https://doi.org/10.1302/0301-620X.95B1.30487,23307675.0,https://pubmed.ncbi.nlm.nih.gov/23307675/,Mirzatolooei+theimpactofplateletrichplasmaonthepreventionoftunnelwidening+2013,theimpactofplateletrichplasmaonthepreventionoftunnelwidening+2013,"The impact of platelet-rich plasma on the prevention of tunnel widening in anterior cruciate ligament reconstruction using quadrupled autologous hamstring tendon: a randomised clinical trial. The use of platelet-rich plasma (PRP) as an adjuvant to tissue repair is gaining favour in orthopaedic surgery. Tunnel widening after anterior cruciate ligament (ACL) reconstruction is a recognised phenomenon that could compromise revision surgery. The purpose of this study was to determine whether PRP might prevent tunnel widening in ACL reconstruction.Patients undergoing ACL reconstruction using a hamstring graft were randomly allocated either to have PRP introduced into the tunnels peri-operatively or not. CT scanning of the knees was carried out on the day after surgery and at three months post-operatively and the width of the tunnels was measured. Patients were also evaluated clinically at three months, when laxity was also measured.Each group comprised 25 patients, and at three months post-operatively all were pain-free with stable knees, a negative Lachman test and a good range of movement. Arthrometric results had improved significantly in both groups (p < 0.001). Despite slightly less tunnel widening in the PRP group, there was no significant difference between the groups at the femoral opening or the mid-tunnel (p = 0.370 and p = 0.363, respectively) nor at the tibial opening or mid-tunnel (p = 0.333 and p = 0.177, respectively).We conclude that PRP has no significant effect in preventing tunnel widening after ACL reconstruction."
100,292,293,Lee (2012),HT,"Lee S, Kim H, Jang J, Seong SC, Lee MC",Lee,Intraoperative correlation analysis between tunnel position and translational and rotational stability in single- and double-bundle anterior cruciate ligament reconstruction.,intraoperativecorrelationanalysisbetweentunnelpositionandtra,"PURPOSE: To determine the relation between the tunnel positions and the kinematic improvement of the knee joint after single-bundle (SB) and double-bundle (DB) anterior cruciate ligament (ACL) reconstructions. METHODS: The study included 42 patients who underwent either SB (n = 21) or DB (n = 21) ACL reconstruction using hamstring tendon autograft. Anterior tibial translation and rotational laxity were measured by a navigation system before and after graft fixation. Three-dimensional computed tomography measurement was conducted for evaluation of tunnel placements. Regression analysis was carried out to determine the association between the postoperative kinematic change and the tunnel position. RESULTS: The average tunnel location was mostly different between the SB and posterolateral bundle (PLB) tunnels, as well as between the anteromedial bundle (AMB) and PLB tunnels of DB ACL reconstructions, whereas the SB and AMB tunnels were similar in the tibial mediolateral and femoral deep-shallow positions. A regression curve showed that the PLB femoral tunnel position was correlated with rotation whereas both the SB and AMB femoral tunnel locations were mostly correlated with anterior tibial translation. CONCLUSIONS: The PLB tunnel location in DB ACL reconstruction had a considerable effect on rotational laxity, whereas the SB and AMB tunnel locations mostly influenced anterior tibial translation. LEVEL OF EVIDENCE: Level III, case-control study.",2012,English,Arthroscopy,pubmed,10.1016/j.arthro.2012.03.027,https://doi.org/10.1016/j.arthro.2012.03.027,22717211.0,https://pubmed.ncbi.nlm.nih.gov/22717211/,Lee+intraoperativecorrelationanalysisbetweentunnelpositionandtra+2012,intraoperativecorrelationanalysisbetweentunnelpositionandtra+2012,"Intraoperative correlation analysis between tunnel position and translational and rotational stability in single- and double-bundle anterior cruciate ligament reconstruction. PURPOSE: To determine the relation between the tunnel positions and the kinematic improvement of the knee joint after single-bundle (SB) and double-bundle (DB) anterior cruciate ligament (ACL) reconstructions. METHODS: The study included 42 patients who underwent either SB (n = 21) or DB (n = 21) ACL reconstruction using hamstring tendon autograft. Anterior tibial translation and rotational laxity were measured by a navigation system before and after graft fixation. Three-dimensional computed tomography measurement was conducted for evaluation of tunnel placements. Regression analysis was carried out to determine the association between the postoperative kinematic change and the tunnel position. RESULTS: The average tunnel location was mostly different between the SB and posterolateral bundle (PLB) tunnels, as well as between the anteromedial bundle (AMB) and PLB tunnels of DB ACL reconstructions, whereas the SB and AMB tunnels were similar in the tibial mediolateral and femoral deep-shallow positions. A regression curve showed that the PLB femoral tunnel position was correlated with rotation whereas both the SB and AMB femoral tunnel locations were mostly correlated with anterior tibial translation. CONCLUSIONS: The PLB tunnel location in DB ACL reconstruction had a considerable effect on rotational laxity, whereas the SB and AMB tunnel locations mostly influenced anterior tibial translation. LEVEL OF EVIDENCE: Level III, case-control study."
103,298,299,Gobbi (2012),HT,"Gobbi A, Mahajan V, Karnatzikos G, Nakamura N",Gobbi,Single- versus double-bundle ACL reconstruction: is there any difference in stability and function at 3-year followup?,singleversusdoublebundleaclreconstruction:isthereanydifferen,"BACKGROUND: Despite a number of studies comparing postoperative stability and function after anatomic double-bundle and single-bundle anterior cruciate ligament reconstruction (ACLR), it remains unclear whether double-bundle reconstruction improves stability or function. QUESTIONS/PURPOSES: We therefore asked whether patients having single- and double-bundle ACLR using semitendinosus (ST) alone differed with regard to (1) postoperative stability; (2) ROM; and (3) five functional scores. METHODS: We prospectively followed 60 patients with an isolated anterior cruciate ligament (ACL) injury. Thirty patients underwent single-bundle and 30 patients underwent double-bundle ACL reconstruction. Clinically we assessed stability and range of motion (ROM); anteroposterior stability was assessed by Rolimeter and rotational stability by a pivot shift test. Function was assessed by IKDC, Noyes, Lysholm, Marx, and Tegner activity scales. The minimum followup was 36 months (mean, 46.2 months; range, 36-60 months). RESULTS: Residual anteroposterior laxity at 3 years postoperatively was similar in both groups: 1.4 +/- 0.3 mm versus 1.4 +/- 0.2 mm, respectively. We observed no difference in the pivot shift test. ROM was similar in both groups, although double-bundle patients required more physical therapy sessions to gain full ROM. IKDC, Noyes, Lysholm, Marx, and Tegner scores were similar at final followup. CONCLUSION: Double-bundle reconstruction of the ACL did not improve function or stability compared with single-bundle reconstruction. LEVEL OF EVIDENCE: Level II, therapeutic study. See Guidelines for Authors for a complete description of levels of evidence.",2012,English,Clin Orthop Relat Res,pubmed,10.1007/s11999-011-1940-9,https://doi.org/10.1007/s11999-011-1940-9,21667181.0,https://pubmed.ncbi.nlm.nih.gov/21667181/,Gobbi+singleversusdoublebundleaclreconstruction:isthereanydifferen+2012,singleversusdoublebundleaclreconstruction:isthereanydifferen+2012,"Single- versus double-bundle ACL reconstruction: is there any difference in stability and function at 3-year followup? BACKGROUND: Despite a number of studies comparing postoperative stability and function after anatomic double-bundle and single-bundle anterior cruciate ligament reconstruction (ACLR), it remains unclear whether double-bundle reconstruction improves stability or function. QUESTIONS/PURPOSES: We therefore asked whether patients having single- and double-bundle ACLR using semitendinosus (ST) alone differed with regard to (1) postoperative stability; (2) ROM; and (3) five functional scores. METHODS: We prospectively followed 60 patients with an isolated anterior cruciate ligament (ACL) injury. Thirty patients underwent single-bundle and 30 patients underwent double-bundle ACL reconstruction. Clinically we assessed stability and range of motion (ROM); anteroposterior stability was assessed by Rolimeter and rotational stability by a pivot shift test. Function was assessed by IKDC, Noyes, Lysholm, Marx, and Tegner activity scales. The minimum followup was 36 months (mean, 46.2 months; range, 36-60 months). RESULTS: Residual anteroposterior laxity at 3 years postoperatively was similar in both groups: 1.4 +/- 0.3 mm versus 1.4 +/- 0.2 mm, respectively. We observed no difference in the pivot shift test. ROM was similar in both groups, although double-bundle patients required more physical therapy sessions to gain full ROM. IKDC, Noyes, Lysholm, Marx, and Tegner scores were similar at final followup. CONCLUSION: Double-bundle reconstruction of the ACL did not improve function or stability compared with single-bundle reconstruction. LEVEL OF EVIDENCE: Level II, therapeutic study. See Guidelines for Authors for a complete description of levels of evidence."
107,307,308,Kawano (2011),HT,"Kawano CT, de Moraes Barros Fucs PM, Severino NR",Kawano,Pretensioning of quadruple flexor tendon grafts in two types of femoral fixation: quasi-randomised controlled pilot study.,pretensioningofquadrupleflexortendongraftsintwotypesoffemora,"Pretensioning of the flexor tendon graft of the knee is used to improve the stability of anterior cruciate ligament (ACL) reconstructions. The objective was to demonstrate the pretensioning of grafts of the semitendinosus and gracilis in situ with range of flexion and extension of 0-110 degrees , and determine the appropriate number of cycles in two types of femoral fixation. ACL reconstruction was performed in 60 patients, aged 16-48 years, 90% male, with 50% right knees and 50% left knees, divided into two groups of 30 patients: One with the femur fixed using interference screws (direct form) and the other with the transcondylar cross-pin screw (from a distance). Total length of the grafts, their circumference and the measurements on the radiographs of length of the grafts submitted to pretensioning and the measurements with ten, 25 and 50 cycles of flexion and extension were determined. There was no significant difference in relation to the total tendon lengths and their circumferences. The lengths of the portions submitted to pretensioning were significantly different: 7.90 cm for the interference and 10.92 cm for the transcondylar (mean). After tensioning, in the interference and transcondylar groups, respectively, lengthening was 3.57 mm/3.97 mm with ten, 6.30 mm/7.03 mm with 25, and 6.83 mm/7.7 mm with 50 cycles. The greater the length of the graft, the greater the lengthening on pretensioning throughout the substance; the shorter the length, the earlier the end of the lengthening was achieved, close to 25 cycles; more than ten cycles were necessary, 25 being sufficient.",2011,English,Int Orthop,pubmed,10.1007/s00264-010-1036-2,https://doi.org/10.1007/s00264-010-1036-2,20495802.0,https://pubmed.ncbi.nlm.nih.gov/20495802/,Kawano+pretensioningofquadrupleflexortendongraftsintwotypesoffemora+2011,pretensioningofquadrupleflexortendongraftsintwotypesoffemora+2011,"Pretensioning of quadruple flexor tendon grafts in two types of femoral fixation: quasi-randomised controlled pilot study. Pretensioning of the flexor tendon graft of the knee is used to improve the stability of anterior cruciate ligament (ACL) reconstructions. The objective was to demonstrate the pretensioning of grafts of the semitendinosus and gracilis in situ with range of flexion and extension of 0-110 degrees , and determine the appropriate number of cycles in two types of femoral fixation. ACL reconstruction was performed in 60 patients, aged 16-48 years, 90% male, with 50% right knees and 50% left knees, divided into two groups of 30 patients: One with the femur fixed using interference screws (direct form) and the other with the transcondylar cross-pin screw (from a distance). Total length of the grafts, their circumference and the measurements on the radiographs of length of the grafts submitted to pretensioning and the measurements with ten, 25 and 50 cycles of flexion and extension were determined. There was no significant difference in relation to the total tendon lengths and their circumferences. The lengths of the portions submitted to pretensioning were significantly different: 7.90 cm for the interference and 10.92 cm for the transcondylar (mean). After tensioning, in the interference and transcondylar groups, respectively, lengthening was 3.57 mm/3.97 mm with ten, 6.30 mm/7.03 mm with 25, and 6.83 mm/7.7 mm with 50 cycles. The greater the length of the graft, the greater the lengthening on pretensioning throughout the substance; the shorter the length, the earlier the end of the lengthening was achieved, close to 25 cycles; more than ten cycles were necessary, 25 being sufficient."
108,312,313,Ibrahim (2009),HT,"Ibrahim SA, Hamido F, Al Misfer AK, Mahgoob A, Ghafar SA, Alhran H",Ibrahim,Anterior cruciate ligament reconstruction using autologous hamstring double bundle graft compared with single bundle procedures.,anteriorcruciateligamentreconstructionusingautologoushamstri,"A total of 218 patients with unilateral anterior cruciate ligament deficiency were randomly assigned to one of four groups. In group A an anatomical double bundle anterior cruciate ligament reconstruction was performed; group B were treated by a single bundle using an Endobutton for femoral fixation; in group C by a single bundle using RigidFix cross pins for femoral fixation; and in group D by a single bundle using a bioabsorbable TransFix II screw for femoral fixation. For tibial fixation a bioabsorbable Intrafix interference screw was used for all the groups and the graft was fashioned from the semitendinosus and gracilis tendons in all patients. In all, 18 patients were lost to follow-up. The remaining 200 were subjected to a clinical evaluation, with assessment of the anterior drawer, Lachman's and the pivot-shift tests, and KT-1000 arthrometer measurement. They also completed the International Knee Documentation Committee, Lysholm knee and Tegner activity scores. At a mean of 29 months (25 to 38) follow-up there were no significant differences concerning time between injury and range of movement and Lysholm knee scores among the four groups. However, the double bundle method showed significantly better results for the pivot-shift test (p = 0.002). The KT 1000 measurements showed a mean difference between the reconstructed knee and the patients' normal knee of 1.4 mm in the double bundle group and 2.4 mm in the single bundle group; which was statistically significant. The Lachman and anterior drawer tests also showed superior results for the double bundle method. The International Knee Documentation Committee scale showed no significant difference among the groups (p < 0.001). On clinical evaluation the double bundle group showed less laxity than the single bundle groups. However, regardless of the technique, all knees were improved by anterior cruciate ligament reconstruction compared with their pre-operative status.",2009,English,J Bone Joint Surg Br,pubmed,10.1302/0301-620X.91B10.21886,https://doi.org/10.1302/0301-620X.91B10.21886,19794165.0,https://pubmed.ncbi.nlm.nih.gov/19794165/,Ibrahim+anteriorcruciateligamentreconstructionusingautologoushamstri+2009,anteriorcruciateligamentreconstructionusingautologoushamstri+2009,"Anterior cruciate ligament reconstruction using autologous hamstring double bundle graft compared with single bundle procedures. A total of 218 patients with unilateral anterior cruciate ligament deficiency were randomly assigned to one of four groups. In group A an anatomical double bundle anterior cruciate ligament reconstruction was performed; group B were treated by a single bundle using an Endobutton for femoral fixation; in group C by a single bundle using RigidFix cross pins for femoral fixation; and in group D by a single bundle using a bioabsorbable TransFix II screw for femoral fixation. For tibial fixation a bioabsorbable Intrafix interference screw was used for all the groups and the graft was fashioned from the semitendinosus and gracilis tendons in all patients. In all, 18 patients were lost to follow-up. The remaining 200 were subjected to a clinical evaluation, with assessment of the anterior drawer, Lachman's and the pivot-shift tests, and KT-1000 arthrometer measurement. They also completed the International Knee Documentation Committee, Lysholm knee and Tegner activity scores. At a mean of 29 months (25 to 38) follow-up there were no significant differences concerning time between injury and range of movement and Lysholm knee scores among the four groups. However, the double bundle method showed significantly better results for the pivot-shift test (p = 0.002). The KT 1000 measurements showed a mean difference between the reconstructed knee and the patients' normal knee of 1.4 mm in the double bundle group and 2.4 mm in the single bundle group; which was statistically significant. The Lachman and anterior drawer tests also showed superior results for the double bundle method. The International Knee Documentation Committee scale showed no significant difference among the groups (p < 0.001). On clinical evaluation the double bundle group showed less laxity than the single bundle groups. However, regardless of the technique, all knees were improved by anterior cruciate ligament reconstruction compared with their pre-operative status."
110,322,323,Edgar (2008),HT,"Edgar CM, Zimmer S, Kakar S, Jones H, Schepsis AA",Edgar,Prospective comparison of auto and allograft hamstring tendon constructs for ACL reconstruction.,prospectivecomparisonofautoandallografthamstringtendonconstr,"Although allograft use for primary anterior cruciate ligament reconstruction has continued to increase during the last 10 years, concerns remain regarding the long-term function of allografts (primarily that they may stretch with time) and clinical efficacy compared with autograft tendons. We attempted to address these issues by prospectively comparing identical quadrupled hamstring autografts with allograft constructs for primary anterior cruciate ligament reconstruction in patients with a minimum followup of 3 years. Eighty-four patients (37 with autografts and 47 with allografts) were enrolled; the mean followup was 52 +/- 11 months for the autograft group and 48 +/- 8 months for the allograft group. Outcome measurements included objective and subjective International Knee Documentation Committee scores, Lysholm scores, Tegner activity scales, and KT-1000 arthrometer measurements. The two cohorts were similar in average age, acute or chronic nature of the anterior cruciate ligament rupture, and incidence of concomitant meniscal surgeries. At final followup, we found no difference in terms of Tegner, Lysholm, KT-1000, or International Knee Documentation Committee scores. Five anterior cruciate ligament reconstructions failed: three in the autograft group and two in the allograft group. Our data suggest laxity is not increased in allograft tendons compared with autografts and clinical outcome scores 3 to 6 years after surgery are similar. LEVEL OF EVIDENCE: Level II, therapeutic study. See the Guidelines for Authors for a complete description of levels of evidence.",2008,English,Clin Orthop Relat Res,pubmed,10.1007/s11999-008-0305-5,https://doi.org/10.1007/s11999-008-0305-5,18575944.0,https://pubmed.ncbi.nlm.nih.gov/18575944/,Edgar+prospectivecomparisonofautoandallografthamstringtendonconstr+2008,prospectivecomparisonofautoandallografthamstringtendonconstr+2008,"Prospective comparison of auto and allograft hamstring tendon constructs for ACL reconstruction. Although allograft use for primary anterior cruciate ligament reconstruction has continued to increase during the last 10 years, concerns remain regarding the long-term function of allografts (primarily that they may stretch with time) and clinical efficacy compared with autograft tendons. We attempted to address these issues by prospectively comparing identical quadrupled hamstring autografts with allograft constructs for primary anterior cruciate ligament reconstruction in patients with a minimum followup of 3 years. Eighty-four patients (37 with autografts and 47 with allografts) were enrolled; the mean followup was 52 +/- 11 months for the autograft group and 48 +/- 8 months for the allograft group. Outcome measurements included objective and subjective International Knee Documentation Committee scores, Lysholm scores, Tegner activity scales, and KT-1000 arthrometer measurements. The two cohorts were similar in average age, acute or chronic nature of the anterior cruciate ligament rupture, and incidence of concomitant meniscal surgeries. At final followup, we found no difference in terms of Tegner, Lysholm, KT-1000, or International Knee Documentation Committee scores. Five anterior cruciate ligament reconstructions failed: three in the autograft group and two in the allograft group. Our data suggest laxity is not increased in allograft tendons compared with autografts and clinical outcome scores 3 to 6 years after surgery are similar. LEVEL OF EVIDENCE: Level II, therapeutic study. See the Guidelines for Authors for a complete description of levels of evidence."
113,326,327,Kuskucu (2008),HT,Kuskucu SM,Kuskucu,Comparison of short-term results of bone tunnel enlargement between EndoButton CL and cross-pin fixation systems after chronic anterior cruciate ligament reconstruction with autologous quadrupled hamstring tendons.,comparisonofshorttermresultsofbonetunnelenlargementbetweenen,"We performed arthroscopic anterior cruciate ligament (ACL) reconstructions of chronic ACL rupture with autologous hamstring tendon grafts in males (mean age 23.9 years). Thirty-two cross-pin fixations and 24 EndoButton CL fixations were performed on the femoral side. Distal fixations on the tibial side were maintained with interference screws plus a staple. Tunnel enlargement was evaluated using X-rays. Femoral and tibial tunnels were measured at three levels 5 mm apart, and average enlargement was calculated after correction for magnification. Tunnel enlargement 12 months after surgery was greater for the EndoButton CL system (femoral side 43.71%, tibial side 51.11%) than for the cross-pin system (femoral side 32.61%, tibial side 25.62%); the difference was significant only on the tibial side. Both proximal fixation techniques were judged clinically successful (follow-up 16 - 36 months). The far fixation point in the EndoButton CL group may be related to mechanical loosening.",2008,English,J Int Med Res,pubmed,10.1177/147323000803600104,https://doi.org/10.1177/147323000803600104,18230264.0,https://pubmed.ncbi.nlm.nih.gov/18230264/,Kuskucu+comparisonofshorttermresultsofbonetunnelenlargementbetweenen+2008,comparisonofshorttermresultsofbonetunnelenlargementbetweenen+2008,"Comparison of short-term results of bone tunnel enlargement between EndoButton CL and cross-pin fixation systems after chronic anterior cruciate ligament reconstruction with autologous quadrupled hamstring tendons. We performed arthroscopic anterior cruciate ligament (ACL) reconstructions of chronic ACL rupture with autologous hamstring tendon grafts in males (mean age 23.9 years). Thirty-two cross-pin fixations and 24 EndoButton CL fixations were performed on the femoral side. Distal fixations on the tibial side were maintained with interference screws plus a staple. Tunnel enlargement was evaluated using X-rays. Femoral and tibial tunnels were measured at three levels 5 mm apart, and average enlargement was calculated after correction for magnification. Tunnel enlargement 12 months after surgery was greater for the EndoButton CL system (femoral side 43.71%, tibial side 51.11%) than for the cross-pin system (femoral side 32.61%, tibial side 25.62%); the difference was significant only on the tibial side. Both proximal fixation techniques were judged clinically successful (follow-up 16 - 36 months). The far fixation point in the EndoButton CL group may be related to mechanical loosening."
115,329,330,Gurney (2008),HT,"Gurney AB, Wascher DC",Gurney,Absorption of dexamethasone sodium phosphate in human connective tissue using iontophoresis.,absorptionofdexamethasonesodiumphosphateinhumanconnectivetis,"BACKGROUND: Iontophoresis ostensibly facilitates the delivery of medications through the skin to underlying tissues using a direct electrical current. Dexamethasone is the most commonly used medication with iontophoresis to treat a variety of connective tissue disorders. HYPOTHESIS: Iontophoresis will facilitate the absorption of dexamethasone into connective tissue compared with diffusion. STUDY DESIGN: Controlled laboratory study. METHODS: Twenty-nine adults undergoing anterior cruciate ligament reconstructive surgery using the semitendinosus/gracilis autograft were randomly assigned to either a true iontophoresis (TI) or sham iontophoresis (SI). In the TI group, a 40-mA/min dose of iontophoresis using a 0.4% (4 mg/mL) solution of dexamethasone was used targeting the semitendinosus tendon just before surgery. The SI group underwent the same treatment, but the machine was not turned on. Tissue was extracted within 4 hours of treatment and analyzed for dexamethasone. In addition, 2 control samples were sent to the laboratory for analysis. RESULTS: There was a statistically significant difference in dexamethasone concentrations between the groups (P = .0216). Of the 16 samples in the TI group, 8 had measurable amounts of dexamethasone, with an average concentration of 2.906 ng/g of tendon tissue. In the SI group, 1 of the 13 samples had measurable amounts of dexamethasone with an average concentration of 0.205 ng/g of tendon tissue. The control samples contained no dexamethasone. CONCLUSION: Iontophoresis facilitates the transmission of dexamethasone to connective tissues in humans. CLINICAL RELEVANCE: Iontophoresis can deliver dexamethasone to connective tissues in humans.",2008,English,Am J Sports Med,pubmed,10.1177/0363546507311597,https://doi.org/10.1177/0363546507311597,18192495.0,https://pubmed.ncbi.nlm.nih.gov/18192495/,Gurney+absorptionofdexamethasonesodiumphosphateinhumanconnectivetis+2008,absorptionofdexamethasonesodiumphosphateinhumanconnectivetis+2008,"Absorption of dexamethasone sodium phosphate in human connective tissue using iontophoresis. BACKGROUND: Iontophoresis ostensibly facilitates the delivery of medications through the skin to underlying tissues using a direct electrical current. Dexamethasone is the most commonly used medication with iontophoresis to treat a variety of connective tissue disorders. HYPOTHESIS: Iontophoresis will facilitate the absorption of dexamethasone into connective tissue compared with diffusion. STUDY DESIGN: Controlled laboratory study. METHODS: Twenty-nine adults undergoing anterior cruciate ligament reconstructive surgery using the semitendinosus/gracilis autograft were randomly assigned to either a true iontophoresis (TI) or sham iontophoresis (SI). In the TI group, a 40-mA/min dose of iontophoresis using a 0.4% (4 mg/mL) solution of dexamethasone was used targeting the semitendinosus tendon just before surgery. The SI group underwent the same treatment, but the machine was not turned on. Tissue was extracted within 4 hours of treatment and analyzed for dexamethasone. In addition, 2 control samples were sent to the laboratory for analysis. RESULTS: There was a statistically significant difference in dexamethasone concentrations between the groups (P = .0216). Of the 16 samples in the TI group, 8 had measurable amounts of dexamethasone, with an average concentration of 2.906 ng/g of tendon tissue. In the SI group, 1 of the 13 samples had measurable amounts of dexamethasone with an average concentration of 0.205 ng/g of tendon tissue. The control samples contained no dexamethasone. CONCLUSION: Iontophoresis facilitates the transmission of dexamethasone to connective tissues in humans. CLINICAL RELEVANCE: Iontophoresis can deliver dexamethasone to connective tissues in humans."
117,331,332,Papachristou (2008),HT,"Papachristou G, Sourlas J, Plessas S, Papachristou K",Papachristou,Arthroscopic ACL reconstruction with Delta plasty: an innovative approach with hamstrings' transfer and double tibial tunnel.,arthroscopicaclreconstructionwithdeltaplasty:aninnovativeapp,"We propose a new technique, with double bundle, double tibial tunnels with a bridge between them, using the hamstrings as auto-grafts, retaining either their central or peripheral attachment. A prospective series of 41 patients underwent primary reconstruction of the anterior cruciate ligament by one surgeon, arthroscopically and electronically assisted; 37 were men and 4 were women with a mean age of 24.7 years. The mean follow-up was 19.05 (12-30) months. Normal function and joint stability was achieved. The patients returned to full occupational activities within 3-6 months after the operation. The function of hamstrings was not disturbed. Two patients have sustained a new injury without rupture of the grafts. The Noulis-Lachman test was negative in 35 knees. Positive Pivot shift, post-operatively, was present in 15.45% of patients. The IKDC score was 84.55. In the proposed ACL reconstruction technique, the two tendons are transferred and used as grafts, with gracillis and semitendinosus retaining their distal and central attachment, respectively; the former superimposed upon the latter while entering the femoral tunnel. The tibial tunnels leave a bone bridge ranging between 12 and 15 mm within the footprints of ACL. The two bundles are tensioned, each at different angle. This configuration imitates both the anatomy and the function of ACL and controls not only the anterior translation, but also the rotatory stability. With this innovative technique, the final outcome is improved, thus being closer to normal, as evidenced from previous experiments and the present prospective series.",2008,English,Knee Surg Sports Traumatol Arthrosc,pubmed,10.1007/s00167-007-0426-5,https://doi.org/10.1007/s00167-007-0426-5,17934715.0,https://pubmed.ncbi.nlm.nih.gov/17934715/,Papachristou+arthroscopicaclreconstructionwithdeltaplasty:aninnovativeapp+2008,arthroscopicaclreconstructionwithdeltaplasty:aninnovativeapp+2008,"Arthroscopic ACL reconstruction with Delta plasty: an innovative approach with hamstrings' transfer and double tibial tunnel. We propose a new technique, with double bundle, double tibial tunnels with a bridge between them, using the hamstrings as auto-grafts, retaining either their central or peripheral attachment. A prospective series of 41 patients underwent primary reconstruction of the anterior cruciate ligament by one surgeon, arthroscopically and electronically assisted; 37 were men and 4 were women with a mean age of 24.7 years. The mean follow-up was 19.05 (12-30) months. Normal function and joint stability was achieved. The patients returned to full occupational activities within 3-6 months after the operation. The function of hamstrings was not disturbed. Two patients have sustained a new injury without rupture of the grafts. The Noulis-Lachman test was negative in 35 knees. Positive Pivot shift, post-operatively, was present in 15.45% of patients. The IKDC score was 84.55. In the proposed ACL reconstruction technique, the two tendons are transferred and used as grafts, with gracillis and semitendinosus retaining their distal and central attachment, respectively; the former superimposed upon the latter while entering the femoral tunnel. The tibial tunnels leave a bone bridge ranging between 12 and 15 mm within the footprints of ACL. The two bundles are tensioned, each at different angle. This configuration imitates both the anatomy and the function of ACL and controls not only the anterior translation, but also the rotatory stability. With this innovative technique, the final outcome is improved, thus being closer to normal, as evidenced from previous experiments and the present prospective series."
118,344,345,Vadalà (2007),HT,"Vadalà A, Iorio R, De Carli A, Argento G, Di Sanzo V, Conteduca F, Ferretti A",Vadalà,"The effect of accelerated, brace free, rehabilitation on bone tunnel enlargement after ACL reconstruction using hamstring tendons: a CT study.",theeffectofacceleratedbracefreerehabilitationonbonetunnelenl,"The mechanism of bone tunnel enlargement following anterior cruciate ligament (ACL) reconstruction is not yet clearly understood. Many authors hypothesized that aggressive rehabilitation protocols may be a potential factor for bone tunnel enlargement, especially in reconstructions performed with hamstrings autograft. The purpose of this study was to evaluate the effect of a brace free rehabilitation on the tunnel enlargement after ACL reconstruction using doubled semitendinosus and gracilis tendons (DGST): our hypothesis was that early post-operative knee motion increase the diameters of the tibial and femoral bone tunnels. Forty-five consecutive patients undergoing ACL reconstruction for chronic ACL deficiency were selected. All patients were operated by the same surgeon using autologous DGST and the same fixation devices. Patients with associated ligaments injuries and or severe chondral damage were excluded. The patients were randomly assigned to enter the control group (group A, standard post-operative rehabilitation) and the study group (group B, brace free accelerated rehabilitation). A CT scan was used to exactly determine the diameters of both femoral and tibial tunnels at various levels of lateral femoral condyle and proximal tibia, using a previously described method [17]. Measurements were done by an independent radiologist in a blinded fashion the day after the operation and at a mean follow-up of 10 months (range 9-11). Statistical analysis was performed using paired t-test. The mean femoral tunnel diameter increased significantly from 9.04 +/- 0.05 (post-operative) to 9.30 +/- 0.8 mm (follow-up) in group A and from 9.04 +/- 0.03 to 9.94 +/- 1.12 mm in group B. The mean tibial tunnel diameter increased significantly from 9.03 +/- 0.04 to 10.01 +/- 0.80 mm in group A and from 9.04 +/- 0.03 to 10.60 +/- 0.78 mm in group B. The increase in femoral and tunnel diameters observed in the study group was significantly higher than that observed in the control group. Our results suggest that bone tunnel enlargement after ACL reconstruction using hamstrings autograft can be increased by an accelerated, brace free, rehabilitation protocol.",2007,English,Knee Surg Sports Traumatol Arthrosc,pubmed,10.1007/s00167-006-0219-2,https://doi.org/10.1007/s00167-006-0219-2,17149647.0,https://pubmed.ncbi.nlm.nih.gov/17149647/,Vadalà+theeffectofacceleratedbracefreerehabilitationonbonetunnelenl+2007,theeffectofacceleratedbracefreerehabilitationonbonetunnelenl+2007,"The effect of accelerated, brace free, rehabilitation on bone tunnel enlargement after ACL reconstruction using hamstring tendons: a CT study. The mechanism of bone tunnel enlargement following anterior cruciate ligament (ACL) reconstruction is not yet clearly understood. Many authors hypothesized that aggressive rehabilitation protocols may be a potential factor for bone tunnel enlargement, especially in reconstructions performed with hamstrings autograft. The purpose of this study was to evaluate the effect of a brace free rehabilitation on the tunnel enlargement after ACL reconstruction using doubled semitendinosus and gracilis tendons (DGST): our hypothesis was that early post-operative knee motion increase the diameters of the tibial and femoral bone tunnels. Forty-five consecutive patients undergoing ACL reconstruction for chronic ACL deficiency were selected. All patients were operated by the same surgeon using autologous DGST and the same fixation devices. Patients with associated ligaments injuries and or severe chondral damage were excluded. The patients were randomly assigned to enter the control group (group A, standard post-operative rehabilitation) and the study group (group B, brace free accelerated rehabilitation). A CT scan was used to exactly determine the diameters of both femoral and tibial tunnels at various levels of lateral femoral condyle and proximal tibia, using a previously described method [17]. Measurements were done by an independent radiologist in a blinded fashion the day after the operation and at a mean follow-up of 10 months (range 9-11). Statistical analysis was performed using paired t-test. The mean femoral tunnel diameter increased significantly from 9.04 +/- 0.05 (post-operative) to 9.30 +/- 0.8 mm (follow-up) in group A and from 9.04 +/- 0.03 to 9.94 +/- 1.12 mm in group B. The mean tibial tunnel diameter increased significantly from 9.03 +/- 0.04 to 10.01 +/- 0.80 mm in group A and from 9.04 +/- 0.03 to 10.60 +/- 0.78 mm in group B. The increase in femoral and tunnel diameters observed in the study group was significantly higher than that observed in the control group. Our results suggest that bone tunnel enlargement after ACL reconstruction using hamstrings autograft can be increased by an accelerated, brace free, rehabilitation protocol."
119,345,346,Yagi (2007),HT,"Yagi M, Kuroda R, Nagamune K, Yoshiya S, Kurosaka M",Yagi,Double-bundle ACL reconstruction can improve rotational stability.,doublebundleaclreconstructioncanimproverotationalstability,"Double-bundle anterior cruciate ligament (ACL) reconstruction reproduces anteromedial and posterolateral bundles, and thus has theoretical advantages over conventional single-bundle reconstruction in controlling rotational torque in vitro. However, its superiority in clinical practice has not been proven. We analyzed rotational stability with three reconstruction techniques in 60 consecutive patients who were randomly divided into three groups (double-bundle, anteromedial single-bundle, posterolateral single-bundle). In the reconstructive procedure, the hamstring tendon was harvested and used as a free tendon graft. Followup examinations were performed 1 year after surgery. Anteroposterior laxity of the knee was examined with a KT-1000 arthrometer, whereas rotatory instability, as elicited by the pivot shift test, was assessed using a new measurement system incorporating three-dimensional electromagnetic sensors. Routine clinical evaluations, including KT examination, demonstrated no differences among the three groups. However, using the new measurement system, patients with double-bundle ACL reconstruction showed better pivot shift control of complex instability than patients with anteromedial and posterolateral single-bundle reconstruction.",2007,English,Clin Orthop Relat Res,pubmed,10.1097/BLO.0b013e31802ba45c,https://doi.org/10.1097/BLO.0b013e31802ba45c,17091015.0,https://pubmed.ncbi.nlm.nih.gov/17091015/,Yagi+doublebundleaclreconstructioncanimproverotationalstability+2007,doublebundleaclreconstructioncanimproverotationalstability+2007,"Double-bundle ACL reconstruction can improve rotational stability. Double-bundle anterior cruciate ligament (ACL) reconstruction reproduces anteromedial and posterolateral bundles, and thus has theoretical advantages over conventional single-bundle reconstruction in controlling rotational torque in vitro. However, its superiority in clinical practice has not been proven. We analyzed rotational stability with three reconstruction techniques in 60 consecutive patients who were randomly divided into three groups (double-bundle, anteromedial single-bundle, posterolateral single-bundle). In the reconstructive procedure, the hamstring tendon was harvested and used as a free tendon graft. Followup examinations were performed 1 year after surgery. Anteroposterior laxity of the knee was examined with a KT-1000 arthrometer, whereas rotatory instability, as elicited by the pivot shift test, was assessed using a new measurement system incorporating three-dimensional electromagnetic sensors. Routine clinical evaluations, including KT examination, demonstrated no differences among the three groups. However, using the new measurement system, patients with double-bundle ACL reconstruction showed better pivot shift control of complex instability than patients with anteromedial and posterolateral single-bundle reconstruction."
121,351,352,Yasuda (2006),HT,"Yasuda K, Kondo E, Ichiyama H, Tanabe Y, Tohyama H",Yasuda,Clinical evaluation of anatomic double-bundle anterior cruciate ligament reconstruction procedure using hamstring tendon grafts: comparisons among 3 different procedures.,clinicalevaluationofanatomicdoublebundleanteriorcruciateliga,"PURPOSE: To compare the clinical outcome of anatomic double-bundle anterior cruciate ligament (ACL) reconstruction with that of nonanatomic single- and double-bundle reconstructions. TYPE OF STUDY: Prospective comparative cohort study. METHODS: Seventy-two patients with unilateral ACL-deficient knees were randomly divided into 3 groups. Concerning all background factors, there were no statistical differences among the 3 groups. In group S (n = 24), single-bundle ACL reconstruction was performed. In group N-AD (n = 24), nonanatomic double-bundle reconstruction was carried out. In group AD (n = 24), anatomic double-bundle reconstruction was performed. One surgeon performed all operations using hamstring tendon autografts. Each patient underwent clinical examinations, before surgery and at 2 years. RESULTS: No intraoperative and postoperative complications were experienced in each group. There were no significant differences concerning the time for operation among the 3 groups. The statistical analysis showed a significant difference in the postoperative side-to-side anterior laxity among the 3 groups (P = .006). The laxity was significantly less (P = .002) in group AD (1.1 mm) than in group S (2.8 mm), while there was no significant difference (P = .072) between groups AD and N-AD. Concerning the pivot-shift test, group AD was significantly superior to group S (P = .025). There were no significant differences in the range of knee motion, the muscle torque, and the International Knee Documentation Committee evaluation. CONCLUSIONS: On the basis of the KT-2000 measurement, the side-to-side anterior laxity of our anatomic double-bundle ACL reconstruction was significantly better than that of the single-bundle reconstruction with the hamstring tendon graft, although there were no significant differences in the other clinical measures among any of the 3 procedures. LEVEL OF EVIDENCE: Level II.",2006,English,Arthroscopy,pubmed,10.1016/j.arthro.2005.12.017,https://doi.org/10.1016/j.arthro.2005.12.017,16517306.0,https://pubmed.ncbi.nlm.nih.gov/16517306/,Yasuda+clinicalevaluationofanatomicdoublebundleanteriorcruciateliga+2006,clinicalevaluationofanatomicdoublebundleanteriorcruciateliga+2006,"Clinical evaluation of anatomic double-bundle anterior cruciate ligament reconstruction procedure using hamstring tendon grafts: comparisons among 3 different procedures. PURPOSE: To compare the clinical outcome of anatomic double-bundle anterior cruciate ligament (ACL) reconstruction with that of nonanatomic single- and double-bundle reconstructions. TYPE OF STUDY: Prospective comparative cohort study. METHODS: Seventy-two patients with unilateral ACL-deficient knees were randomly divided into 3 groups. Concerning all background factors, there were no statistical differences among the 3 groups. In group S (n = 24), single-bundle ACL reconstruction was performed. In group N-AD (n = 24), nonanatomic double-bundle reconstruction was carried out. In group AD (n = 24), anatomic double-bundle reconstruction was performed. One surgeon performed all operations using hamstring tendon autografts. Each patient underwent clinical examinations, before surgery and at 2 years. RESULTS: No intraoperative and postoperative complications were experienced in each group. There were no significant differences concerning the time for operation among the 3 groups. The statistical analysis showed a significant difference in the postoperative side-to-side anterior laxity among the 3 groups (P = .006). The laxity was significantly less (P = .002) in group AD (1.1 mm) than in group S (2.8 mm), while there was no significant difference (P = .072) between groups AD and N-AD. Concerning the pivot-shift test, group AD was significantly superior to group S (P = .025). There were no significant differences in the range of knee motion, the muscle torque, and the International Knee Documentation Committee evaluation. CONCLUSIONS: On the basis of the KT-2000 measurement, the side-to-side anterior laxity of our anatomic double-bundle ACL reconstruction was significantly better than that of the single-bundle reconstruction with the hamstring tendon graft, although there were no significant differences in the other clinical measures among any of the 3 procedures. LEVEL OF EVIDENCE: Level II."
123,355,356,Kim (2006),HT,"Kim SG, Kurosawa H, Sakuraba K, Ikeda H, Takazawa S",Kim,The effect of initial graft tension on postoperative clinical outcome in anterior cruciate ligament reconstruction with semitendinosus tendon.,theeffectofinitialgrafttensiononpostoperativeclinicaloutcome,"INTRODUCTION: The goal of this study is to establish the influence of tensioning the graft during anterior cruciate ligament (ACL) reconstruction, with a semitendinosus tendon graft, on postoperative stability. TYPE OF STUDY: Prospective controlled clinical trial. MATERIAL AND METHODS: Forty-eight patients were randomly allocated to three groups in which three different tensions, 8, 12, or 15 kg force, was applied on the reconstructed ACL during the operation. The patients were observed for 1 year or more after surgery (min. 1 year, max. 2 years 8 months). Clinical outcome was evaluated using the visual analogue scale, anterior knee laxity (using the KT2000 arthrometer) and the torque of the knee extensor. RESULTS: Postoperatively, the average side-to-side differences in anterior laxity were 1.3 mm in the 8 kg group, 2.1 mm in the 12 kg, and 2.4 mm in the 15 kg group. The visual analogue scale averaged 84, 83, and 79 mm, respectively. There were no significant differences among the three groups. There were also no significant differences between the groups for muscle strength recovery during isokinetic and isometric contraction at 1 year postoperatively. CONCLUSION: There were no significant differences among the groups in subjective clinical results, anterior laxity, and knee extensor strength in the ACL reconstructions that used the autogenous semitendinosus tendon graft.",2006,English,Arch Orthop Trauma Surg,pubmed,10.1007/s00402-005-0045-x,https://doi.org/10.1007/s00402-005-0045-x,16193302.0,https://pubmed.ncbi.nlm.nih.gov/16193302/,Kim+theeffectofinitialgrafttensiononpostoperativeclinicaloutcome+2006,theeffectofinitialgrafttensiononpostoperativeclinicaloutcome+2006,"The effect of initial graft tension on postoperative clinical outcome in anterior cruciate ligament reconstruction with semitendinosus tendon. INTRODUCTION: The goal of this study is to establish the influence of tensioning the graft during anterior cruciate ligament (ACL) reconstruction, with a semitendinosus tendon graft, on postoperative stability. TYPE OF STUDY: Prospective controlled clinical trial. MATERIAL AND METHODS: Forty-eight patients were randomly allocated to three groups in which three different tensions, 8, 12, or 15 kg force, was applied on the reconstructed ACL during the operation. The patients were observed for 1 year or more after surgery (min. 1 year, max. 2 years 8 months). Clinical outcome was evaluated using the visual analogue scale, anterior knee laxity (using the KT2000 arthrometer) and the torque of the knee extensor. RESULTS: Postoperatively, the average side-to-side differences in anterior laxity were 1.3 mm in the 8 kg group, 2.1 mm in the 12 kg, and 2.4 mm in the 15 kg group. The visual analogue scale averaged 84, 83, and 79 mm, respectively. There were no significant differences among the three groups. There were also no significant differences between the groups for muscle strength recovery during isokinetic and isometric contraction at 1 year postoperatively. CONCLUSION: There were no significant differences among the groups in subjective clinical results, anterior laxity, and knee extensor strength in the ACL reconstructions that used the autogenous semitendinosus tendon graft."
125,357,358,Sato (2005),HT,"Sato N, Higuchi H, Terauchi M, Kimura M, Takagishi K",Sato,Quantitative evaluation of anterior tibial translation during isokinetic motion in knees with anterior cruciate ligament reconstruction using either patellar or hamstring tendon grafts.,quantitativeevaluationofanteriortibialtranslationduringisoki,"We studied 79 patients with unilateral injury to the anterior cruciate ligament (ACL). The patients were randomly allocated to reconstruction with autologous patellar bone-tendon-bone (BTB) grafts (49 knees) or hamstring tendon (ST) grafts (30 knees). We measured anterior tibial translation (ATT) during isokinetic concentric contraction exercise 18-20 months after surgery using a computerized electrogoniometer. In both groups the highest ATT during exercise was observed at a knee flexion of about 20 degrees and was 13.5+/-3.0 mm in the BTB group and 13.9+/-3.4 mm in the ST group. There was no difference in the ATT between the reconstructed and healthy knees. For a range of knee flexion between 30 and 50 degrees the ATT in the ST group was significantly higher on the reconstructed side than on the healthy side. In the BTB group, the mean ATT in the reconstructed group was similar to that on the healthy side at a knee flexion angle between 0 and 90 degrees .",2005,English,Int Orthop,pubmed,10.1007/s00264-005-0011-9,https://doi.org/10.1007/s00264-005-0011-9,16075231.0,https://pubmed.ncbi.nlm.nih.gov/16075231/,Sato+quantitativeevaluationofanteriortibialtranslationduringisoki+2005,quantitativeevaluationofanteriortibialtranslationduringisoki+2005,"Quantitative evaluation of anterior tibial translation during isokinetic motion in knees with anterior cruciate ligament reconstruction using either patellar or hamstring tendon grafts. We studied 79 patients with unilateral injury to the anterior cruciate ligament (ACL). The patients were randomly allocated to reconstruction with autologous patellar bone-tendon-bone (BTB) grafts (49 knees) or hamstring tendon (ST) grafts (30 knees). We measured anterior tibial translation (ATT) during isokinetic concentric contraction exercise 18-20 months after surgery using a computerized electrogoniometer. In both groups the highest ATT during exercise was observed at a knee flexion of about 20 degrees and was 13.5+/-3.0 mm in the BTB group and 13.9+/-3.4 mm in the ST group. There was no difference in the ATT between the reconstructed and healthy knees. For a range of knee flexion between 30 and 50 degrees the ATT in the ST group was significantly higher on the reconstructed side than on the healthy side. In the BTB group, the mean ATT in the reconstructed group was similar to that on the healthy side at a knee flexion angle between 0 and 90 degrees ."
135,397,398,Zhang (2025),QT,"Zhang D, Wang X, Huang G, Wu L, He Y, Huang Y, Zhang G",Zhang,Ultrasound guided proximal adductor canal and pes anserinus blocks improve early recovery after arthroscopic ACL reconstruction.,ultrasoundguidedproximaladductorcanalandpesanserinusblocksim,"To explore the impact of ultrasound-guided proximal adductor canal and pes anserinus tendon block on early recovery after anterior cruciate ligament reconstruction surgery via daytime knee arthroscopy. A total of 127 patients, aged 18-60 years, with ASA class I-II, undergoing anterior cruciate ligament reconstruction via knee arthroscopy under general anesthesia with laryngeal mask airway intubation, were selected. These patients were randomly divided into three groups: Group C (43 cases), Group N(1) (41 cases), and Group N(2) (43 cases). Control group C: received proximal block of the adductor canal with 0.5% ropivacaine (15 ml); Experimental group N(1): received proximal block of the adductor canal combined with tendon block of the pes anserinus with 0.5% ropivacaine (15 ml per site); Experimental group N(2): received proximal block of the adductor canal combined with tendon block of the pes anserinus with 0.5% ropivacaine plus 5 mg dexamethasone (15 ml per site). Record the VAS scores at each time point after awakening, 3 h after surgery, 6 h after surgery, 12 h after surgery, 24 h after surgery, 48 h after surgery, and 72 h after surgery during rest and knee flexion activities of the knee joint. Record the quadriceps muscle strength after awakening, Ramsay sedation score after awakening, time of first ambulation after surgery, and the amount of sufentanil, propofol, and remifentanil used during the operation. Record the amount of tramadol and flurbiprofen axetil added postoperatively. Record the anxiety scores and rapid eye movement sleep behavior disorder scores before and 3 days after surgery. Record the occurrence of breakthrough pain and adverse reactions 3 days after surgery. Compared with Group C, both Group N(1) and Group N(2) showed significantly lower rest and activity VAS scores at all time points on postoperative day 3 (P < 0.05), earlier time to first ambulation after surgery (P < 0.05), significantly lower HADS-A scores and sleep scores on postoperative day 3 (P < 0.05), significantly higher Ramsay sedation scores after awakening (P < 0.05), and significantly reduced use of additional tramadol and flurbiprofen axetil after surgery (P < 0.05). The intraoperative sufentanil dosage was also significantly reduced (P < 0.05). There were no statistically significant differences in quadriceps muscle strength and adverse reactions during the awakening period among the three groups (P > 0.05). Ultrasound-guided proximal adductor canal and pes anserinus tendon block (15 ml of 0.5% ropivacaine each) can effectively alleviate pain 3 days after anterior cruciate ligament reconstruction surgery under knee arthroscopy, with good analgesic effects, and has minimal impact on quadriceps muscle strength after awakening, promoting early postoperative ambulation; at the same time, this blocking method can reduce the occurrence of postoperative anxiety and sleep disorders.",2025,English,Sci Rep,pubmed,10.1038/s41598-025-94343-0,https://doi.org/10.1038/s41598-025-94343-0,40133434.0,https://pubmed.ncbi.nlm.nih.gov/40133434/,Zhang+ultrasoundguidedproximaladductorcanalandpesanserinusblocksim+2025,ultrasoundguidedproximaladductorcanalandpesanserinusblocksim+2025,"Ultrasound guided proximal adductor canal and pes anserinus blocks improve early recovery after arthroscopic ACL reconstruction. To explore the impact of ultrasound-guided proximal adductor canal and pes anserinus tendon block on early recovery after anterior cruciate ligament reconstruction surgery via daytime knee arthroscopy. A total of 127 patients, aged 18-60 years, with ASA class I-II, undergoing anterior cruciate ligament reconstruction via knee arthroscopy under general anesthesia with laryngeal mask airway intubation, were selected. These patients were randomly divided into three groups: Group C (43 cases), Group N(1) (41 cases), and Group N(2) (43 cases). Control group C: received proximal block of the adductor canal with 0.5% ropivacaine (15 ml); Experimental group N(1): received proximal block of the adductor canal combined with tendon block of the pes anserinus with 0.5% ropivacaine (15 ml per site); Experimental group N(2): received proximal block of the adductor canal combined with tendon block of the pes anserinus with 0.5% ropivacaine plus 5 mg dexamethasone (15 ml per site). Record the VAS scores at each time point after awakening, 3 h after surgery, 6 h after surgery, 12 h after surgery, 24 h after surgery, 48 h after surgery, and 72 h after surgery during rest and knee flexion activities of the knee joint. Record the quadriceps muscle strength after awakening, Ramsay sedation score after awakening, time of first ambulation after surgery, and the amount of sufentanil, propofol, and remifentanil used during the operation. Record the amount of tramadol and flurbiprofen axetil added postoperatively. Record the anxiety scores and rapid eye movement sleep behavior disorder scores before and 3 days after surgery. Record the occurrence of breakthrough pain and adverse reactions 3 days after surgery. Compared with Group C, both Group N(1) and Group N(2) showed significantly lower rest and activity VAS scores at all time points on postoperative day 3 (P < 0.05), earlier time to first ambulation after surgery (P < 0.05), significantly lower HADS-A scores and sleep scores on postoperative day 3 (P < 0.05), significantly higher Ramsay sedation scores after awakening (P < 0.05), and significantly reduced use of additional tramadol and flurbiprofen axetil after surgery (P < 0.05). The intraoperative sufentanil dosage was also significantly reduced (P < 0.05). There were no statistically significant differences in quadriceps muscle strength and adverse reactions during the awakening period among the three groups (P > 0.05). Ultrasound-guided proximal adductor canal and pes anserinus tendon block (15 ml of 0.5% ropivacaine each) can effectively alleviate pain 3 days after anterior cruciate ligament reconstruction surgery under knee arthroscopy, with good analgesic effects, and has minimal impact on quadriceps muscle strength after awakening, promoting early postoperative ambulation; at the same time, this blocking method can reduce the occurrence of postoperative anxiety and sleep disorders."
136,398,399,Li (2025),QT,"Li S, Lu B, Zhang Y, Liu J, Xu W, Li Q",Li,The effect of neuromuscular electrical stimulation superimposed on quadriceps training on gait dynamics after anterior cruciate ligament reconstruction.,theeffectofneuromuscularelectricalstimulationsuperimposedonq,"BACKGROUND: Abnormal gait dynamics are an important risk factor responsible for the high incidence of traumatic knee osteoarthritis in patients undergoing anterior cruciate ligament (ACL) reconstruction. OBJECTIVE: To evaluate the effect of neuromuscular electrical stimulation (NMES) superimposed quadriceps training on gait dynamics. METHODS: A total of 32 postoperative patients were randomly allocated to the NMES and conventional training (CT) groups, with 16 patients per group. Patients in the CT group received the standardized conventional training for 60 min per day, 3 days per week for 6 weeks, while those in the NMES group received the same conventional training, but with NMES superimposed on the conventional open chain training of the quadriceps. The amount of time for training was equal between the two groups. Patients were evaluated at 8 and 14 weeks after surgery. The outcome measurements were maximum voluntary isometric contraction (MVIC) of the quadriceps used to assess the quadriceps strength, Lysholm score used to assess knee function and peak vertical ground reaction force (PvGRF), heel medial (HM) peak pressure and heel lateral (HL) peak pressure used to assess gait dynamics. RESULTS: Compared to the CT group, the NMES group had greater improvements in quadriceps strength (p<0.001, effect size = 2.93), knee function (p = 0.049, effect size = 2.06), and gait loading (including HL peak pressure (P = 0.007, effect size = 0.89) and PvGRF (P = 0.019, effect size = 0.62)). After the intervention, participants in both groups had a significantly lower rearfoot impulse and significantly higher forefoot impulse. CONCLUSIONS: The NMES superimposed on conventional quadriceps open chain training has shown additional improvements in gait loading in patients after ACL reconstruction, which suggests it may contribute to delaying the onset of early postoperative traumatic knee osteoarthritis. In addition, changes in foot impulse may suggest a progressive trend in quadriceps avoidance gait in the early postoperative period.",2025,English,J Back Musculoskelet Rehabil,pubmed,10.1177/10538127241296376,https://doi.org/10.1177/10538127241296376,39970465.0,https://pubmed.ncbi.nlm.nih.gov/39970465/,Li+theeffectofneuromuscularelectricalstimulationsuperimposedonq+2025,theeffectofneuromuscularelectricalstimulationsuperimposedonq+2025,"The effect of neuromuscular electrical stimulation superimposed on quadriceps training on gait dynamics after anterior cruciate ligament reconstruction. BACKGROUND: Abnormal gait dynamics are an important risk factor responsible for the high incidence of traumatic knee osteoarthritis in patients undergoing anterior cruciate ligament (ACL) reconstruction. OBJECTIVE: To evaluate the effect of neuromuscular electrical stimulation (NMES) superimposed quadriceps training on gait dynamics. METHODS: A total of 32 postoperative patients were randomly allocated to the NMES and conventional training (CT) groups, with 16 patients per group. Patients in the CT group received the standardized conventional training for 60 min per day, 3 days per week for 6 weeks, while those in the NMES group received the same conventional training, but with NMES superimposed on the conventional open chain training of the quadriceps. The amount of time for training was equal between the two groups. Patients were evaluated at 8 and 14 weeks after surgery. The outcome measurements were maximum voluntary isometric contraction (MVIC) of the quadriceps used to assess the quadriceps strength, Lysholm score used to assess knee function and peak vertical ground reaction force (PvGRF), heel medial (HM) peak pressure and heel lateral (HL) peak pressure used to assess gait dynamics. RESULTS: Compared to the CT group, the NMES group had greater improvements in quadriceps strength (p<0.001, effect size = 2.93), knee function (p = 0.049, effect size = 2.06), and gait loading (including HL peak pressure (P = 0.007, effect size = 0.89) and PvGRF (P = 0.019, effect size = 0.62)). After the intervention, participants in both groups had a significantly lower rearfoot impulse and significantly higher forefoot impulse. CONCLUSIONS: The NMES superimposed on conventional quadriceps open chain training has shown additional improvements in gait loading in patients after ACL reconstruction, which suggests it may contribute to delaying the onset of early postoperative traumatic knee osteoarthritis. In addition, changes in foot impulse may suggest a progressive trend in quadriceps avoidance gait in the early postoperative period."
137,399,400,Cao (2025),QT,"Cao X, Liu J, Zhao J, Feng S, Zhao Z",Cao,Evaluation of the Application of BOth Sides Up Ball Training Combined With Resistance Training in Joint Stability Improvement Following Anterior Cruciate Ligament Reconstruction Surgery in Teenage Athletes.,evaluationoftheapplicationofbothsidesupballtrainingcombinedw,"Adolescent athletes participating in sports involving sudden directional changes, pivoting, and jumping frequently sustain anterior cruciate ligament (ACL) ruptures. ACL reconstruction (ACLR) surgery is often required, followed by a lengthy rehabilitation period. This study aims to evaluate the effectiveness of combining BOth Sides Up (BOSU) ball exercises with conventional resistance training in the recovery of joint stability and function after ACLR in adolescent athletes. Thirty adolescent athletes (ages 14-18) who underwent ACLR were randomly allocated to either the control group receiving traditional postoperative rehabilitation (n = 15) or the intervention group combining BOSU ball training with resistance exercises (n = 15). Joint stability, proprioception, strength, and functional outcomes were assessed before the procedure, as well as 3, 6, and 12 months after the operation using the KT-1000 arthrometer, Y-balance test, isokinetic dynamometry, and the ACL-Return to Sport after Injury ACL-Return to Sport after Injury (ACL-RSI) scale. The intervention group demonstrated notably better anterior-posterior knee joint stability (P < .05) than the control group at the 6-month and 12-month follow-ups after the surgery, greater reach distances in the Star Excursion Balance Test (P < .05), higher quadriceps and hamstring strength ratios (P < .05), and superior ACL-RSI scores (P < .01). Incorporating BOSU ball training with resistance exercises appears to be more effective than traditional rehabilitation alone in enhancing joint stability and neuromuscular control after ACLR in adolescent athletes. These results provide evidence supporting the incorporation of unstable surfaces into a comprehensive rehabilitation program to optimize recovery and safe return to sports.",2025,English,J Sport Rehabil,pubmed,10.1123/jsr.2024-0160,https://doi.org/10.1123/jsr.2024-0160,39947195.0,https://pubmed.ncbi.nlm.nih.gov/39947195/,Cao+evaluationoftheapplicationofbothsidesupballtrainingcombinedw+2025,evaluationoftheapplicationofbothsidesupballtrainingcombinedw+2025,"Evaluation of the Application of BOth Sides Up Ball Training Combined With Resistance Training in Joint Stability Improvement Following Anterior Cruciate Ligament Reconstruction Surgery in Teenage Athletes. Adolescent athletes participating in sports involving sudden directional changes, pivoting, and jumping frequently sustain anterior cruciate ligament (ACL) ruptures. ACL reconstruction (ACLR) surgery is often required, followed by a lengthy rehabilitation period. This study aims to evaluate the effectiveness of combining BOth Sides Up (BOSU) ball exercises with conventional resistance training in the recovery of joint stability and function after ACLR in adolescent athletes. Thirty adolescent athletes (ages 14-18) who underwent ACLR were randomly allocated to either the control group receiving traditional postoperative rehabilitation (n = 15) or the intervention group combining BOSU ball training with resistance exercises (n = 15). Joint stability, proprioception, strength, and functional outcomes were assessed before the procedure, as well as 3, 6, and 12 months after the operation using the KT-1000 arthrometer, Y-balance test, isokinetic dynamometry, and the ACL-Return to Sport after Injury ACL-Return to Sport after Injury (ACL-RSI) scale. The intervention group demonstrated notably better anterior-posterior knee joint stability (P < .05) than the control group at the 6-month and 12-month follow-ups after the surgery, greater reach distances in the Star Excursion Balance Test (P < .05), higher quadriceps and hamstring strength ratios (P < .05), and superior ACL-RSI scores (P < .01). Incorporating BOSU ball training with resistance exercises appears to be more effective than traditional rehabilitation alone in enhancing joint stability and neuromuscular control after ACLR in adolescent athletes. These results provide evidence supporting the incorporation of unstable surfaces into a comprehensive rehabilitation program to optimize recovery and safe return to sports."
144,420,421,Sole (2021),QT,"Sole G, Lamb P, Pataky T, Klima S, Navarre P, Hammer N",Sole,Immediate and 6-week effects of wearing a knee sleeve following anterior cruciate ligament reconstruction: a cross-over laboratory and randomised clinical trial.,immediateand6weekeffectsofwearingakneesleevefollowinganterio,"BACKGROUND: Rehabilitation following anterior cruciate ligament (ACL) reconstructions is based mainly on comprehensive progressive exercise programmes using a multi-dimensional approach. Elastic knee sleeves may be useful adjuncts to rehabilitation. The aim of this study was to determine the immediate and 6-week effects of wearing a knee sleeve on person-reported outcomes and function in participants who had undergone an ACL reconstruction and who had residual self-reported functional limitations. METHODS: Individuals with ACL reconstruction in the previous 6 months to 5 years were recruited. Immediate effects of a commercially-available elastic knee sleeve on single-leg horizontal hop distance were explored using a cross-over design. Following this first session, participants were randomised into a Control Group and a Sleeve Group who wore the sleeve for 6 weeks, at least 1 h daily. Outcome measures for the randomised clinical trial (RCT) were the International Knee Documentation Classification Subjective Knee Form (IKDC-SKF) score, the single-leg horizontal hop distance, and isokinetic quadriceps and hamstring peak torque. Linear mixed models were used to determine random effects. Where both limbs were measured at multiple time points, a random measurement occasion effect nested within participant was used. RESULTS: Thirty-four individuals (16 women) with ACL reconstruction completed the cross-over trial. Hop distance for the injured side during the sleeve condition increased by 3.6 % (95 % CI 0.4-6.8 %, p = 0.025). There was no evidence of differential changes between groups for the IKDC-SKF (Sleeve Group n = 15; Control Group n = 16; p = 0.327), or relative improvement in the injured side compared to the uninjured side for the physical performance measures (Sleeve Group n = 12, Control Group n = 12; three-way interaction p = 0.533 [hop distance], 0.381 [quadriceps isokinetic peak torque], and 0.592 [hamstring isokinetic peak torque]). CONCLUSIONS: Single-leg hop distance of the ACL reconstructed side improved when wearing a knee sleeve. Wearing the knee sleeve over 6 weeks did not lead to enhanced improvements in self-reported knee function, hop distance and thigh muscle strength compared to the control group. TRIAL REGISTRATION: The trial was prospectively registered with the Australia New Zealand Clinical Trials Registry No: ACTRN12618001083280 , 28 June 2018.",2021,English,BMC Musculoskelet Disord,pubmed,10.1186/s12891-021-04540-x,https://doi.org/10.1186/s12891-021-04540-x,34348704.0,https://pubmed.ncbi.nlm.nih.gov/34348704/,Sole+immediateand6weekeffectsofwearingakneesleevefollowinganterio+2021,immediateand6weekeffectsofwearingakneesleevefollowinganterio+2021,"Immediate and 6-week effects of wearing a knee sleeve following anterior cruciate ligament reconstruction: a cross-over laboratory and randomised clinical trial. BACKGROUND: Rehabilitation following anterior cruciate ligament (ACL) reconstructions is based mainly on comprehensive progressive exercise programmes using a multi-dimensional approach. Elastic knee sleeves may be useful adjuncts to rehabilitation. The aim of this study was to determine the immediate and 6-week effects of wearing a knee sleeve on person-reported outcomes and function in participants who had undergone an ACL reconstruction and who had residual self-reported functional limitations. METHODS: Individuals with ACL reconstruction in the previous 6 months to 5 years were recruited. Immediate effects of a commercially-available elastic knee sleeve on single-leg horizontal hop distance were explored using a cross-over design. Following this first session, participants were randomised into a Control Group and a Sleeve Group who wore the sleeve for 6 weeks, at least 1 h daily. Outcome measures for the randomised clinical trial (RCT) were the International Knee Documentation Classification Subjective Knee Form (IKDC-SKF) score, the single-leg horizontal hop distance, and isokinetic quadriceps and hamstring peak torque. Linear mixed models were used to determine random effects. Where both limbs were measured at multiple time points, a random measurement occasion effect nested within participant was used. RESULTS: Thirty-four individuals (16 women) with ACL reconstruction completed the cross-over trial. Hop distance for the injured side during the sleeve condition increased by 3.6 % (95 % CI 0.4-6.8 %, p = 0.025). There was no evidence of differential changes between groups for the IKDC-SKF (Sleeve Group n = 15; Control Group n = 16; p = 0.327), or relative improvement in the injured side compared to the uninjured side for the physical performance measures (Sleeve Group n = 12, Control Group n = 12; three-way interaction p = 0.533 [hop distance], 0.381 [quadriceps isokinetic peak torque], and 0.592 [hamstring isokinetic peak torque]). CONCLUSIONS: Single-leg hop distance of the ACL reconstructed side improved when wearing a knee sleeve. Wearing the knee sleeve over 6 weeks did not lead to enhanced improvements in self-reported knee function, hop distance and thigh muscle strength compared to the control group. TRIAL REGISTRATION: The trial was prospectively registered with the Australia New Zealand Clinical Trials Registry No: ACTRN12618001083280 , 28 June 2018."
148,428,429,Coulondre (2022),QT,"Coulondre C, Souron R, Rambaud A, Dalmais É, Espeit L, Neri T, Pinaroli A, Estour G, Millet GY, Rupp T, Feasson L, Edouard P, Lapole T",Coulondre,Local vibration training improves the recovery of quadriceps strength in early rehabilitation after anterior cruciate ligament reconstruction: A feasibility randomised controlled trial.,localvibrationtrainingimprovestherecoveryofquadricepsstrengt,"BACKGROUND: After anterior cruciate ligament reconstruction (ACLR), quadriceps strength must be maximised as early as possible. OBJECTIVES: We tested whether local vibration training (LVT) during the early post-ACLR period (i.e.,  approximately 10 weeks) could improve strength recovery. METHODS: This was a multicentric, open, parallel-group, randomised controlled trial. Thirty individuals attending ACLR were randomised by use of a dedicated Web application to 2 groups: vibration (standardised rehabilitation plus LVT, n=16) or control (standardised rehabilitation alone, n=14). Experimenters, physiotherapists and participants were not blinded. Both groups received 24 sessions of standardised rehabilitation over  approximately 10 weeks. In addition, the vibration group received 1 hour of vibration applied to the relaxed quadriceps of the injured leg at the end of each rehabilitation session. The primary outcome - maximal isometric strength of both injured and non-injured legs (i.e., allowing for limb asymmetry measurement) - was evaluated before ACLR (PRE) and after the 10-week rehabilitation (POST). RESULTS: Seven participants were lost to follow-up, so data for 23 participants were used in the complete-case analysis. For the injured leg, the mean (SD) decrease in maximal strength from PRE to POST was significantly lower for the vibration than control group (n=11, -16% [10] vs. n=12, -30% [11]; P=0.0045, Cohen's d effect size=1.33). Mean PRE-POST change in limb symmetry was lower for the vibration than control group (-19% [11] vs. -29% [13]) but not significantly (P=0.051, Cohen's d effect size=0.85). CONCLUSION: LVT improved strength recovery after ACLR. This feasibility study suggests that LVT applied to relaxed muscles is a promising modality of vibration therapy that could be implemented early in ACLR. TRIAL REGISTRATION: ClinicalTrials.gov: NCT02929004.",2022,English,Ann Phys Rehabil Med,pubmed,10.1016/j.rehab.2020.08.005,https://doi.org/10.1016/j.rehab.2020.08.005,33059096.0,https://pubmed.ncbi.nlm.nih.gov/33059096/,Coulondre+localvibrationtrainingimprovestherecoveryofquadricepsstrengt+2022,localvibrationtrainingimprovestherecoveryofquadricepsstrengt+2022,"Local vibration training improves the recovery of quadriceps strength in early rehabilitation after anterior cruciate ligament reconstruction: A feasibility randomised controlled trial. BACKGROUND: After anterior cruciate ligament reconstruction (ACLR), quadriceps strength must be maximised as early as possible. OBJECTIVES: We tested whether local vibration training (LVT) during the early post-ACLR period (i.e.,  approximately 10 weeks) could improve strength recovery. METHODS: This was a multicentric, open, parallel-group, randomised controlled trial. Thirty individuals attending ACLR were randomised by use of a dedicated Web application to 2 groups: vibration (standardised rehabilitation plus LVT, n=16) or control (standardised rehabilitation alone, n=14). Experimenters, physiotherapists and participants were not blinded. Both groups received 24 sessions of standardised rehabilitation over  approximately 10 weeks. In addition, the vibration group received 1 hour of vibration applied to the relaxed quadriceps of the injured leg at the end of each rehabilitation session. The primary outcome - maximal isometric strength of both injured and non-injured legs (i.e., allowing for limb asymmetry measurement) - was evaluated before ACLR (PRE) and after the 10-week rehabilitation (POST). RESULTS: Seven participants were lost to follow-up, so data for 23 participants were used in the complete-case analysis. For the injured leg, the mean (SD) decrease in maximal strength from PRE to POST was significantly lower for the vibration than control group (n=11, -16% [10] vs. n=12, -30% [11]; P=0.0045, Cohen's d effect size=1.33). Mean PRE-POST change in limb symmetry was lower for the vibration than control group (-19% [11] vs. -29% [13]) but not significantly (P=0.051, Cohen's d effect size=0.85). CONCLUSION: LVT improved strength recovery after ACLR. This feasibility study suggests that LVT applied to relaxed muscles is a promising modality of vibration therapy that could be implemented early in ACLR. TRIAL REGISTRATION: ClinicalTrials.gov: NCT02929004."
149,431,432,Barnett (2020),QT,"Barnett S, Badger GJ, Kiapour A, Yen YM, Henderson R, Freiberger C, Proffen B, Sant N, Trainor B, Fleming BC, Micheli LJ, Murray MM, Kramer DE",Barnett,Females Have Earlier Muscle Strength and Functional Recovery After Bridge-Enhanced Anterior Cruciate Ligament Repair.,femaleshaveearliermusclestrengthandfunctionalrecoveryafterbr,"Background: While a sex effect on outcomes following anterior cruciate ligament (ACL) reconstruction surgery has been previously documented, less is known following bridge-enhanced ACL repair (BEAR). We hypothesized that female sex would have significantly worse early functional outcomes and higher retear rates following primary repair of the ACL enhanced with a tissue-engineered scaffold. Methods: Sixty-five patients (28 males and 37 females), age 14-35 with a complete ACL tear underwent primary repair of the ACL enhanced with a tissue-engineered scaffold (bridge-enhanced ACL repair) within 45 days of injury. International Knee Documentation Committee (IKDC) and Knee Injury and Osteoarthritis Outcome (KOOS) scores, as well as instrumented anteroposterior (AP) laxity through KT-1000 testing and functional outcome measures were obtained at time points up to 2 years postoperatively and compared between males and females using mixed model repeated measures analyses and chi square tests. Results: There was no significant sex difference on the postoperative IKDC Subjective Score at 3, 6, 12, or 24 months or any of the five KOOS scores at 12 and 24 months. Instrumented AP laxity testing demonstrated mean (standard deviation) side-to-side differences that were similar in the two sexes at 2 years; 1.7 (2.7) mm and 1.5 (3.7) mm in females and males, respectively, p = 0.72. At 6 months postoperatively, males had a larger deficit in hamstring strength on the operated leg (14.0% vs. 1.7%; p = 0.03) and a larger deficit in quadriceps strength on the operated leg (11.3% vs. 2.0%; p = 0.004); however, no sex difference was noted at 12 or 24 months. Females demonstrated superior single leg hop testing at 6 and 12 months ([91.3% vs. 78.1%, p = 0.001], [96.9% vs. 87.0%, p = 0.01] respectively). There were no significant sex differences on ipsilateral (males; 14.3% vs. females; 13.9%, p = 1.00) or contralateral (males; 3.6% vs. females; 2.8%, p = 1.00) ACL reinjury rates. Conclusions: Female subjects had better hamstring and quadriceps strength indices at 6 months than males as well as better hop test results at the 6 and 12-month time period. Despite this, there was no significant sex difference on patient-reported outcomes and objective AP laxity testing at time points up to 2 years postoperatively. Impact statement This is the first study comparing sex specific outcomes following the bridge-enhanced ACL repair technique (BEAR). The results of this study suggest that females have earlier recovery of both muscle strength and functional outcomes compared to their male counterparts. This is an important finding when considering future modifications to postoperative care and rehabilitation in females and males following this tissue-engineered BEAR technique.",2020,English,Tissue Eng Part A,pubmed,10.1089/ten.tea.2020.0057,https://doi.org/10.1089/ten.tea.2020.0057,32589515.0,https://pubmed.ncbi.nlm.nih.gov/32589515/,Barnett+femaleshaveearliermusclestrengthandfunctionalrecoveryafterbr+2020,femaleshaveearliermusclestrengthandfunctionalrecoveryafterbr+2020,"Females Have Earlier Muscle Strength and Functional Recovery After Bridge-Enhanced Anterior Cruciate Ligament Repair. Background: While a sex effect on outcomes following anterior cruciate ligament (ACL) reconstruction surgery has been previously documented, less is known following bridge-enhanced ACL repair (BEAR). We hypothesized that female sex would have significantly worse early functional outcomes and higher retear rates following primary repair of the ACL enhanced with a tissue-engineered scaffold. Methods: Sixty-five patients (28 males and 37 females), age 14-35 with a complete ACL tear underwent primary repair of the ACL enhanced with a tissue-engineered scaffold (bridge-enhanced ACL repair) within 45 days of injury. International Knee Documentation Committee (IKDC) and Knee Injury and Osteoarthritis Outcome (KOOS) scores, as well as instrumented anteroposterior (AP) laxity through KT-1000 testing and functional outcome measures were obtained at time points up to 2 years postoperatively and compared between males and females using mixed model repeated measures analyses and chi square tests. Results: There was no significant sex difference on the postoperative IKDC Subjective Score at 3, 6, 12, or 24 months or any of the five KOOS scores at 12 and 24 months. Instrumented AP laxity testing demonstrated mean (standard deviation) side-to-side differences that were similar in the two sexes at 2 years; 1.7 (2.7) mm and 1.5 (3.7) mm in females and males, respectively, p = 0.72. At 6 months postoperatively, males had a larger deficit in hamstring strength on the operated leg (14.0% vs. 1.7%; p = 0.03) and a larger deficit in quadriceps strength on the operated leg (11.3% vs. 2.0%; p = 0.004); however, no sex difference was noted at 12 or 24 months. Females demonstrated superior single leg hop testing at 6 and 12 months ([91.3% vs. 78.1%, p = 0.001], [96.9% vs. 87.0%, p = 0.01] respectively). There were no significant sex differences on ipsilateral (males; 14.3% vs. females; 13.9%, p = 1.00) or contralateral (males; 3.6% vs. females; 2.8%, p = 1.00) ACL reinjury rates. Conclusions: Female subjects had better hamstring and quadriceps strength indices at 6 months than males as well as better hop test results at the 6 and 12-month time period. Despite this, there was no significant sex difference on patient-reported outcomes and objective AP laxity testing at time points up to 2 years postoperatively. Impact statement This is the first study comparing sex specific outcomes following the bridge-enhanced ACL repair technique (BEAR). The results of this study suggest that females have earlier recovery of both muscle strength and functional outcomes compared to their male counterparts. This is an important finding when considering future modifications to postoperative care and rehabilitation in females and males following this tissue-engineered BEAR technique."
152,442,443,Stebler (2019),QT,"Stebler K, Martin R, Kirkham KR, Lambert J, De Sede A, Albrecht E",Stebler,Adductor canal block versus local infiltration analgesia for postoperative pain after anterior cruciate ligament reconstruction: a single centre randomised controlled triple-blinded trial.,adductorcanalblockversuslocalinfiltrationanalgesiaforpostope,"BACKGROUND: Both the adductor canal block (ACB) and local infiltration analgesia (LIA) are effective analgesic techniques after anterior cruciate ligament (ACL) reconstruction, but they have never been compared head-to-head. This randomised controlled triple-blinded trial tested the hypothesis that ACB provides superior analgesia to LIA after ACL reconstruction, with additional focus on postoperative functional outcomes. METHODS: Of 104 enrolled ACL reconstruction patients receiving general anaesthesia, 52 were randomly allocated to either ACB under ultrasound guidance or LIA. For each intervention, ropivacaine 0.5%, 20 ml was injected. Postoperative pain treatment followed a predefined protocol with i.v. patient-controlled morphine, paracetamol, and ibuprofen. The primary outcome was cumulative i.v. morphine consumption at 24 h after operation. Secondary pain-related outcomes included resting and dynamic pain scores (numeric rating scale out of 10) measured 2, 24, and 48 h after operation and cumulative i.v. morphine consumption 2 and 48 h after operation. Early function-related outcomes evaluated were quadriceps strength, walking distance, and range of motion, all measured 24 and 48 h after operation. Late function-related outcomes were concentric quadriceps strength, single-hop test, triple-hop test, cross-over test, and Y balance test, measured at 4 and 8 postoperative months. RESULTS: Cumulative i.v. morphine consumption at 24 h was similar between groups (ACB group: 17.1 mg [95% confidence interval, CI: 13.1, 21.2]; LIA group: 17.7 mg [95% CI: 13.2, 22.6], P=0.84). Similarly, no differences between groups were seen in the secondary pain- or function-related outcomes. CONCLUSIONS: ACB and LIA result in equivalent postoperative opioid consumption with similar impact on postoperative pain scores and functional outcomes. CLINICAL TRIAL REGISTRATION: NCT02524652.",2019,English,Br J Anaesth,pubmed,10.1016/j.bja.2019.04.053,https://doi.org/10.1016/j.bja.2019.04.053,31130273.0,https://pubmed.ncbi.nlm.nih.gov/31130273/,Stebler+adductorcanalblockversuslocalinfiltrationanalgesiaforpostope+2019,adductorcanalblockversuslocalinfiltrationanalgesiaforpostope+2019,"Adductor canal block versus local infiltration analgesia for postoperative pain after anterior cruciate ligament reconstruction: a single centre randomised controlled triple-blinded trial. BACKGROUND: Both the adductor canal block (ACB) and local infiltration analgesia (LIA) are effective analgesic techniques after anterior cruciate ligament (ACL) reconstruction, but they have never been compared head-to-head. This randomised controlled triple-blinded trial tested the hypothesis that ACB provides superior analgesia to LIA after ACL reconstruction, with additional focus on postoperative functional outcomes. METHODS: Of 104 enrolled ACL reconstruction patients receiving general anaesthesia, 52 were randomly allocated to either ACB under ultrasound guidance or LIA. For each intervention, ropivacaine 0.5%, 20 ml was injected. Postoperative pain treatment followed a predefined protocol with i.v. patient-controlled morphine, paracetamol, and ibuprofen. The primary outcome was cumulative i.v. morphine consumption at 24 h after operation. Secondary pain-related outcomes included resting and dynamic pain scores (numeric rating scale out of 10) measured 2, 24, and 48 h after operation and cumulative i.v. morphine consumption 2 and 48 h after operation. Early function-related outcomes evaluated were quadriceps strength, walking distance, and range of motion, all measured 24 and 48 h after operation. Late function-related outcomes were concentric quadriceps strength, single-hop test, triple-hop test, cross-over test, and Y balance test, measured at 4 and 8 postoperative months. RESULTS: Cumulative i.v. morphine consumption at 24 h was similar between groups (ACB group: 17.1 mg [95% confidence interval, CI: 13.1, 21.2]; LIA group: 17.7 mg [95% CI: 13.2, 22.6], P=0.84). Similarly, no differences between groups were seen in the secondary pain- or function-related outcomes. CONCLUSIONS: ACB and LIA result in equivalent postoperative opioid consumption with similar impact on postoperative pain scores and functional outcomes. CLINICAL TRIAL REGISTRATION: NCT02524652."
156,453,454,Johnson (2018),QT,"Johnson AK, Palmieri-Smith RM, Lepley LK",Johnson,Contribution of Neuromuscular Factors to Quadriceps Asymmetry After Anterior Cruciate Ligament Reconstruction.,contributionofneuromuscularfactorstoquadricepsasymmetryafter,"CONTEXT:   To quantify quadriceps weakness after anterior cruciate ligament reconstruction (ACLR), researchers have often analyzed only peak torque. However, analyzing other characteristics of the waveform, such as the rate of torque development (RTD), time to peak torque (TTP), and central activation ratio (CAR), can lend insight into the underlying neuromuscular factors that regulate torque development. OBJECTIVE:   To determine if interlimb neuromuscular asymmetry was present in patients with ACLR at the time of clearance to return to activity. DESIGN:   Cross-sectional study. SETTING:   Laboratory. PATIENTS OR OTHER PARTICIPANTS:   A total of 10 individuals serving as controls (6 men, 4 women; age = 23.50 +/- 3.44 years, height = 1.73 +/- 0.09 m, mass = 71.79 +/- 9.91 kg) and 67 patients with ACLR (43 men, 24 women; age = 21.34 +/- 5.73 years, height = 1.74 +/- 0.11 m, mass = 77.85 +/- 16.03 kg, time postsurgery = 7.52 +/- 1.36 months) participated. MAIN OUTCOME MEASURE(S):   Isokinetic (60 degrees /s) and isometric quadriceps strength were measured. Peak torque, TTP, and RTD were calculated across isometric and isokinetic trials, and CAR was calculated from the isometric trials via the superimposed burst. Repeated-measures analyses of variance were used to compare limbs in the ACLR and control groups. RESULTS:   No between-limbs differences were detected in the control group ( P > .05). In the ACLR group, the involved limb demonstrated a longer TTP for isokinetic strength ( P = .04; Cohen d effect size [ES] = 0.18; 95% confidence interval [CI] = -0.16, 0.52), lower RTD for isometric ( P < .001; Cohen d ES = 0.73; 95% CI = 0.38, 1.08) and isokinetic ( P < .001; Cohen d ES = 0.84; 95% CI = 0.49, 1.19) strength, lower CAR ( P < .001; Cohen d ES = 0.37; 95% CI = 0.03, 0.71), and lower peak torque for isometric ( P < .001; Cohen d ES = 1.28; 95% CI = 0.91, 1.65) and isokinetic ( P < .001; Cohen d ES = 1.15; 95% CI = 0.78, 1.52) strength. CONCLUSIONS: Interlimb asymmetries at return to activity after ACLR appeared to be regulated by several underlying neuromuscular factors. We theorize that interlimb asymmetries in isometric and isokinetic quadriceps strength were associated with changes in muscle architecture. Reduced CAR, TTP, and RTD were also present, indicating a loss of motor-unit recruitment or decrease in firing rate.",2018,English,J Athl Train,pubmed,10.4085/1062-6050-463-16,https://doi.org/10.4085/1062-6050-463-16,29652169.0,https://pubmed.ncbi.nlm.nih.gov/29652169/,Johnson+contributionofneuromuscularfactorstoquadricepsasymmetryafter+2018,contributionofneuromuscularfactorstoquadricepsasymmetryafter+2018,"Contribution of Neuromuscular Factors to Quadriceps Asymmetry After Anterior Cruciate Ligament Reconstruction. CONTEXT:   To quantify quadriceps weakness after anterior cruciate ligament reconstruction (ACLR), researchers have often analyzed only peak torque. However, analyzing other characteristics of the waveform, such as the rate of torque development (RTD), time to peak torque (TTP), and central activation ratio (CAR), can lend insight into the underlying neuromuscular factors that regulate torque development. OBJECTIVE:   To determine if interlimb neuromuscular asymmetry was present in patients with ACLR at the time of clearance to return to activity. DESIGN:   Cross-sectional study. SETTING:   Laboratory. PATIENTS OR OTHER PARTICIPANTS:   A total of 10 individuals serving as controls (6 men, 4 women; age = 23.50 +/- 3.44 years, height = 1.73 +/- 0.09 m, mass = 71.79 +/- 9.91 kg) and 67 patients with ACLR (43 men, 24 women; age = 21.34 +/- 5.73 years, height = 1.74 +/- 0.11 m, mass = 77.85 +/- 16.03 kg, time postsurgery = 7.52 +/- 1.36 months) participated. MAIN OUTCOME MEASURE(S):   Isokinetic (60 degrees /s) and isometric quadriceps strength were measured. Peak torque, TTP, and RTD were calculated across isometric and isokinetic trials, and CAR was calculated from the isometric trials via the superimposed burst. Repeated-measures analyses of variance were used to compare limbs in the ACLR and control groups. RESULTS:   No between-limbs differences were detected in the control group ( P > .05). In the ACLR group, the involved limb demonstrated a longer TTP for isokinetic strength ( P = .04; Cohen d effect size [ES] = 0.18; 95% confidence interval [CI] = -0.16, 0.52), lower RTD for isometric ( P < .001; Cohen d ES = 0.73; 95% CI = 0.38, 1.08) and isokinetic ( P < .001; Cohen d ES = 0.84; 95% CI = 0.49, 1.19) strength, lower CAR ( P < .001; Cohen d ES = 0.37; 95% CI = 0.03, 0.71), and lower peak torque for isometric ( P < .001; Cohen d ES = 1.28; 95% CI = 0.91, 1.65) and isokinetic ( P < .001; Cohen d ES = 1.15; 95% CI = 0.78, 1.52) strength. CONCLUSIONS: Interlimb asymmetries at return to activity after ACLR appeared to be regulated by several underlying neuromuscular factors. We theorize that interlimb asymmetries in isometric and isokinetic quadriceps strength were associated with changes in muscle architecture. Reduced CAR, TTP, and RTD were also present, indicating a loss of motor-unit recruitment or decrease in firing rate."
157,454,455,Friedmann-Bette (2018),QT,"Friedmann-Bette B, Profit F, Gwechenberger T, Weiberg N, Parstorfer M, Weber MA, Streich N, Barié A",Friedmann-Bette,Strength Training Effects on Muscular Regeneration after ACL Reconstruction.,strengthtrainingeffectsonmuscularregenerationafteraclreconst,"PURPOSE: Protracted quadriceps muscle atrophy is observed after anterior cruciate ligament reconstruction (ACL-R). The aim of this study was to assess if quadriceps strength training with eccentric overload (CON/ECC) is more efficient to induce muscle regeneration after ACL-R than conventional concentric/eccentric (CON/ECC) strength training. METHODS: Biopsies from the vastus lateralis muscle were obtained from 37 recreational athletes after 12 wk of regular rehabilitation after ACL-R and again after 12 wk with twice a week of either conventional CON/ECC (n = 16) or CON/ECC (n = 21) one-legged supervised leg-press training. Immunohistochemical analyses were used to determine satellite cell (SC) number (Pax7); activated SC number (Pax7/MyoD); fibers expressing myosin heavy-chain (MHC) I and II, MHC neonatal, and fiber cross-sectional area. Magnetic resonance imaging was performed to measure quadriceps cross-sectional area and isokinetic testing for the measurement of quadriceps strength. RESULTS: CON/ECC induced a significantly (P = 0.002) greater increase in quadriceps cross-sectional area than did CON/ECC. There also was a significant increase in the fiber cross-sectional areas of all fiber types and in quadriceps strength, but without significant difference between training groups. Only CON/ECC training led to a significant (P < 0.05) increase in percent type I fibers. After training, the number of MHC I/MHCneo fibers was significantly (P < 0.05) greater in the CON/ECC than after in the CON/ECC group. The proportion of hybrid fibers tended to decrease in both groups; percent type II fibers, SC number, and activated SC number remained unchanged. CONCLUSIONS: CON/ECC leads to significantly greater muscle hypertrophy compared with CON/ECC, but without the hypothesized enhancing effect on SC activation. At the same time, CON/ECC+ induces a less favorable slower muscle phenotype for strong and fast movements.",2018,English,Med Sci Sports Exerc,pubmed,10.1249/MSS.0000000000001564,https://doi.org/10.1249/MSS.0000000000001564,29389836.0,https://pubmed.ncbi.nlm.nih.gov/29389836/,Friedmann-Bette+strengthtrainingeffectsonmuscularregenerationafteraclreconst+2018,strengthtrainingeffectsonmuscularregenerationafteraclreconst+2018,"Strength Training Effects on Muscular Regeneration after ACL Reconstruction. PURPOSE: Protracted quadriceps muscle atrophy is observed after anterior cruciate ligament reconstruction (ACL-R). The aim of this study was to assess if quadriceps strength training with eccentric overload (CON/ECC) is more efficient to induce muscle regeneration after ACL-R than conventional concentric/eccentric (CON/ECC) strength training. METHODS: Biopsies from the vastus lateralis muscle were obtained from 37 recreational athletes after 12 wk of regular rehabilitation after ACL-R and again after 12 wk with twice a week of either conventional CON/ECC (n = 16) or CON/ECC (n = 21) one-legged supervised leg-press training. Immunohistochemical analyses were used to determine satellite cell (SC) number (Pax7); activated SC number (Pax7/MyoD); fibers expressing myosin heavy-chain (MHC) I and II, MHC neonatal, and fiber cross-sectional area. Magnetic resonance imaging was performed to measure quadriceps cross-sectional area and isokinetic testing for the measurement of quadriceps strength. RESULTS: CON/ECC induced a significantly (P = 0.002) greater increase in quadriceps cross-sectional area than did CON/ECC. There also was a significant increase in the fiber cross-sectional areas of all fiber types and in quadriceps strength, but without significant difference between training groups. Only CON/ECC training led to a significant (P < 0.05) increase in percent type I fibers. After training, the number of MHC I/MHCneo fibers was significantly (P < 0.05) greater in the CON/ECC than after in the CON/ECC group. The proportion of hybrid fibers tended to decrease in both groups; percent type II fibers, SC number, and activated SC number remained unchanged. CONCLUSIONS: CON/ECC leads to significantly greater muscle hypertrophy compared with CON/ECC, but without the hypothesized enhancing effect on SC activation. At the same time, CON/ECC+ induces a less favorable slower muscle phenotype for strong and fast movements."
158,455,456,Labanca (2018),QT,"Labanca L, Rocchi JE, Laudani L, Guitaldi R, Virgulti A, Mariani PP, Macaluso A",Labanca,Neuromuscular Electrical Stimulation Superimposed on Movement Early after ACL Surgery.,neuromuscularelectricalstimulationsuperimposedonmovementearl,"PURPOSE: Quadriceps weakness and asymmetrical loading of lower limbs are two major issues after anterior cruciate ligament reconstruction (ACLR). The aim of this study was to evaluate the effectiveness of a 6-wk training protocol involving neuromuscular electrical stimulations (NMES) of the quadriceps muscle superimposed on repeated sit-to-stand-to-sit exercises (STSTS), as an additional treatment to standard rehabilitation, from the 15th to the 60th day after ACLR. METHODS: Sixty-three ACLR patients were randomly allocated to one of the three treatment groups: NMES superimposed on STSTS (NMES + STSTS), STSTS only, or no additional treatment (NAT) to standard rehabilitation. Maximal isometric strength of the knee extensor and flexor muscles was measured 60 and 180 d after surgery. Asymmetry in lower extremity loading was measured during a sit-to-stand movement at 15, 30, 60, and 180 d after surgery and during a countermovement jump 180 d after surgery by means of two adjacent force platforms placed under each foot. RESULTS: The NMES + STSTS participants showed higher muscle strength of the knee extensors, which was accompanied by lower perception of pain and higher symmetry in lower extremity loading compared with STSTS-only and NAT participants after both 60 and 180 d from surgery. Participants in the STSTS-only treatment group showed higher symmetry in lower extremity loading compared with those in the NAT group 60 d after surgery. CONCLUSIONS: These results suggest that an early intervention based on NMES superimposed to repeated STSTS exercises is effective for recovering quadriceps strength and symmetry in lower extremity loading by the time of return to sport.",2018,English,Med Sci Sports Exerc,pubmed,10.1249/MSS.0000000000001462,https://doi.org/10.1249/MSS.0000000000001462,29059108.0,https://pubmed.ncbi.nlm.nih.gov/29059108/,Labanca+neuromuscularelectricalstimulationsuperimposedonmovementearl+2018,neuromuscularelectricalstimulationsuperimposedonmovementearl+2018,"Neuromuscular Electrical Stimulation Superimposed on Movement Early after ACL Surgery. PURPOSE: Quadriceps weakness and asymmetrical loading of lower limbs are two major issues after anterior cruciate ligament reconstruction (ACLR). The aim of this study was to evaluate the effectiveness of a 6-wk training protocol involving neuromuscular electrical stimulations (NMES) of the quadriceps muscle superimposed on repeated sit-to-stand-to-sit exercises (STSTS), as an additional treatment to standard rehabilitation, from the 15th to the 60th day after ACLR. METHODS: Sixty-three ACLR patients were randomly allocated to one of the three treatment groups: NMES superimposed on STSTS (NMES + STSTS), STSTS only, or no additional treatment (NAT) to standard rehabilitation. Maximal isometric strength of the knee extensor and flexor muscles was measured 60 and 180 d after surgery. Asymmetry in lower extremity loading was measured during a sit-to-stand movement at 15, 30, 60, and 180 d after surgery and during a countermovement jump 180 d after surgery by means of two adjacent force platforms placed under each foot. RESULTS: The NMES + STSTS participants showed higher muscle strength of the knee extensors, which was accompanied by lower perception of pain and higher symmetry in lower extremity loading compared with STSTS-only and NAT participants after both 60 and 180 d from surgery. Participants in the STSTS-only treatment group showed higher symmetry in lower extremity loading compared with those in the NAT group 60 d after surgery. CONCLUSIONS: These results suggest that an early intervention based on NMES superimposed to repeated STSTS exercises is effective for recovering quadriceps strength and symmetry in lower extremity loading by the time of return to sport."
168,476,477,Krishnan (2015),QT,"Krishnan C, Theuerkauf P",Krishnan,Effect of knee angle on quadriceps strength and activation after anterior cruciate ligament reconstruction.,effectofkneeangleonquadricepsstrengthandactivationafteranter,"Quadriceps strength and activation deficits after anterior cruciate ligament (ACL) injury or surgery are typically evaluated at joint positions that are biomechanically advantageous to the quadriceps muscle. However, the effect of knee joint position and the associated changes in muscle length on strength and activation is currently unknown in this population. Here, we examined the effect of knee angle on quadriceps strength, activation, and electrically evoked torque in individuals with ACL reconstruction. Furthermore, we evaluated whether knee angle mediated the relationship between quadriceps weakness and functional performance after ACL reconstruction. Knee strength and activation were tested bilaterally at 90 degrees  and 45 degrees  of knee flexion in 11 subjects with ACL reconstruction using an interpolated triplet technique. The magnitude of electrically evoked torque at rest was used to quantify peripheral muscle contractile property changes, and the single-leg hop for distance test was used to evaluate functional performance. The results indicated that although quadriceps strength deficits were similar between knee angles, voluntary activation deficits were significantly higher in the reconstructed leg at 45 degrees  of knee flexion. On the contrary, the side-to-side evoked torque at rest ratio [i.e., (reconstructed/nonreconstructed) x 100] was significantly lower at 90 degrees  than at 45 degrees  of knee flexion. The association between quadriceps strength and functional performance was stronger at 45 degrees  of knee flexion. The results provide novel evidence that quadriceps activation is selectively affected at 45 degrees  of knee flexion and emphasize the importance of assessing quadriceps strength and activation at this position when feasible because it better captures activation deficits.",2015,English,J Appl Physiol (1985),pubmed,10.1152/japplphysiol.01044.2014,https://doi.org/10.1152/japplphysiol.01044.2014,25997949.0,https://pubmed.ncbi.nlm.nih.gov/25997949/,Krishnan+effectofkneeangleonquadricepsstrengthandactivationafteranter+2015,effectofkneeangleonquadricepsstrengthandactivationafteranter+2015,"Effect of knee angle on quadriceps strength and activation after anterior cruciate ligament reconstruction. Quadriceps strength and activation deficits after anterior cruciate ligament (ACL) injury or surgery are typically evaluated at joint positions that are biomechanically advantageous to the quadriceps muscle. However, the effect of knee joint position and the associated changes in muscle length on strength and activation is currently unknown in this population. Here, we examined the effect of knee angle on quadriceps strength, activation, and electrically evoked torque in individuals with ACL reconstruction. Furthermore, we evaluated whether knee angle mediated the relationship between quadriceps weakness and functional performance after ACL reconstruction. Knee strength and activation were tested bilaterally at 90 degrees  and 45 degrees  of knee flexion in 11 subjects with ACL reconstruction using an interpolated triplet technique. The magnitude of electrically evoked torque at rest was used to quantify peripheral muscle contractile property changes, and the single-leg hop for distance test was used to evaluate functional performance. The results indicated that although quadriceps strength deficits were similar between knee angles, voluntary activation deficits were significantly higher in the reconstructed leg at 45 degrees  of knee flexion. On the contrary, the side-to-side evoked torque at rest ratio [i.e., (reconstructed/nonreconstructed) x 100] was significantly lower at 90 degrees  than at 45 degrees  of knee flexion. The association between quadriceps strength and functional performance was stronger at 45 degrees  of knee flexion. The results provide novel evidence that quadriceps activation is selectively affected at 45 degrees  of knee flexion and emphasize the importance of assessing quadriceps strength and activation at this position when feasible because it better captures activation deficits."
171,479,480,Hart (2014),QT,"Hart JM, Kuenze CM, Diduch DR, Ingersoll CD",Hart,Quadriceps muscle function after rehabilitation with cryotherapy in patients with anterior cruciate ligament reconstruction.,quadricepsmusclefunctionafterrehabilitationwithcryotherapyin,"CONTEXT: Persistent muscle weakness after anterior cruciate ligament (ACL) reconstruction may be due to underlying activation failure and arthrogenic muscle inhibition (AMI). Knee-joint cryotherapy has been shown to improve quadriceps function transiently in those with AMI, thereby providing an opportunity to improve quadriceps muscle activation and strength in patients with a reconstructed ACL. OBJECTIVE: To compare quadriceps muscle function in patients with a reconstructed ACL who completed a 2-week intervention including daily cryotherapy (ice bag), daily exercises, or both. DESIGN: Cross-sectional study. SETTING: Laboratory. PATIENTS OR OTHER PARTICIPANTS: A total of 30 patients with reconstructed ACLs who were at least 6 months post-index surgery and had measurable quadriceps AMI. INTERVENTION(S): The patients attended 4 supervised visits over a 2-week period. They were randomly assigned to receive 20 minutes of knee-joint cryotherapy, 1 hour of therapeutic rehabilitation exercises, or cryotherapy followed by exercises. MAIN OUTCOME MEASURE(S): We measured quadriceps Hoffmann reflex, normalized maximal voluntary isometric contraction torque, central activation ratio using the superimposed-burst technique, and patient-reported outcomes before and after the intervention period. RESULTS: After the 2-week intervention period, patients who performed rehabilitation exercises immediately after cryotherapy had higher normalized maximal voluntary isometric contraction torques (P = .002, Cohen d effect size = 1.4) compared with those who received cryotherapy alone (P = .16, d = 0.58) or performed exercise alone (P = .16, d = 0.30). CONCLUSIONS: After ACL reconstruction, patients with AMI who performed rehabilitation exercises immediately after cryotherapy experienced greater strength gains than those who performed cryotherapy or exercises alone.",2014,English,J Athl Train,pubmed,10.4085/1062-6050-49.3.39,https://doi.org/10.4085/1062-6050-49.3.39,25299442.0,https://pubmed.ncbi.nlm.nih.gov/25299442/,Hart+quadricepsmusclefunctionafterrehabilitationwithcryotherapyin+2014,quadricepsmusclefunctionafterrehabilitationwithcryotherapyin+2014,"Quadriceps muscle function after rehabilitation with cryotherapy in patients with anterior cruciate ligament reconstruction. CONTEXT: Persistent muscle weakness after anterior cruciate ligament (ACL) reconstruction may be due to underlying activation failure and arthrogenic muscle inhibition (AMI). Knee-joint cryotherapy has been shown to improve quadriceps function transiently in those with AMI, thereby providing an opportunity to improve quadriceps muscle activation and strength in patients with a reconstructed ACL. OBJECTIVE: To compare quadriceps muscle function in patients with a reconstructed ACL who completed a 2-week intervention including daily cryotherapy (ice bag), daily exercises, or both. DESIGN: Cross-sectional study. SETTING: Laboratory. PATIENTS OR OTHER PARTICIPANTS: A total of 30 patients with reconstructed ACLs who were at least 6 months post-index surgery and had measurable quadriceps AMI. INTERVENTION(S): The patients attended 4 supervised visits over a 2-week period. They were randomly assigned to receive 20 minutes of knee-joint cryotherapy, 1 hour of therapeutic rehabilitation exercises, or cryotherapy followed by exercises. MAIN OUTCOME MEASURE(S): We measured quadriceps Hoffmann reflex, normalized maximal voluntary isometric contraction torque, central activation ratio using the superimposed-burst technique, and patient-reported outcomes before and after the intervention period. RESULTS: After the 2-week intervention period, patients who performed rehabilitation exercises immediately after cryotherapy had higher normalized maximal voluntary isometric contraction torques (P = .002, Cohen d effect size = 1.4) compared with those who received cryotherapy alone (P = .16, d = 0.58) or performed exercise alone (P = .16, d = 0.30). CONCLUSIONS: After ACL reconstruction, patients with AMI who performed rehabilitation exercises immediately after cryotherapy experienced greater strength gains than those who performed cryotherapy or exercises alone."
172,482,483,Barcellona (2015),QT,"Barcellona MG, Morrissey MC, Milligan P, Clinton M, Amis AA",Barcellona,The effect of knee extensor open kinetic chain resistance training in the ACL-injured knee.,theeffectofkneeextensoropenkineticchainresistancetrainingint,"PURPOSE: To investigate the effect of different loads of knee extensor open kinetic chain resistance training on anterior knee laxity and function in the ACL-injured (ACLI) knee. METHODS: Fifty-eight ACLI subjects were randomised to one of three (12-week duration) training groups. The STAND group trained according to a standardised rehabilitation protocol. Subjects in the LOW and HIGH group trained as did the STAND group but with the addition of seated knee extensor open kinetic chain resistance training at loads of 2 sets of 20 repetition maximum (RM) and 20 sets of 2RM, respectively. Anterior knee laxity and measurements of physical and subjective function were performed at baseline, 6 and 12 weeks. Thirty-six subjects were tested at both baseline and 12 weeks (STAND n = 13, LOW n = 11, HIGH n = 12). RESULTS: The LOW group demonstrated a reduction in 133 N anterior knee laxity between baseline and 12 weeks testing when compared to the HIGH and the STAND groups (p = 0.009). Specifically, the trained-untrained knee laxity decreased an average of approximately 5 mm in the LOW group while remaining the same in the other two groups. CONCLUSION: Twelve weeks of knee extensor open kinetic chain resistance training at loads of 2 sets of 20RM led to a reduction in anterior knee laxity in the ACLI knee. This reduction in laxity does not appear to offer any significant short-term functional advantages when compared to a standard rehabilitation protocol. These results indicate that knee laxity can be decreased with resistance training of the thigh muscles. LEVEL OF EVIDENCE: Randomised controlled trial, Level II.",2015,English,Knee Surg Sports Traumatol Arthrosc,pubmed,10.1007/s00167-014-3110-6,https://doi.org/10.1007/s00167-014-3110-6,24934926.0,https://pubmed.ncbi.nlm.nih.gov/24934926/,Barcellona+theeffectofkneeextensoropenkineticchainresistancetrainingint+2015,theeffectofkneeextensoropenkineticchainresistancetrainingint+2015,"The effect of knee extensor open kinetic chain resistance training in the ACL-injured knee. PURPOSE: To investigate the effect of different loads of knee extensor open kinetic chain resistance training on anterior knee laxity and function in the ACL-injured (ACLI) knee. METHODS: Fifty-eight ACLI subjects were randomised to one of three (12-week duration) training groups. The STAND group trained according to a standardised rehabilitation protocol. Subjects in the LOW and HIGH group trained as did the STAND group but with the addition of seated knee extensor open kinetic chain resistance training at loads of 2 sets of 20 repetition maximum (RM) and 20 sets of 2RM, respectively. Anterior knee laxity and measurements of physical and subjective function were performed at baseline, 6 and 12 weeks. Thirty-six subjects were tested at both baseline and 12 weeks (STAND n = 13, LOW n = 11, HIGH n = 12). RESULTS: The LOW group demonstrated a reduction in 133 N anterior knee laxity between baseline and 12 weeks testing when compared to the HIGH and the STAND groups (p = 0.009). Specifically, the trained-untrained knee laxity decreased an average of approximately 5 mm in the LOW group while remaining the same in the other two groups. CONCLUSION: Twelve weeks of knee extensor open kinetic chain resistance training at loads of 2 sets of 20RM led to a reduction in anterior knee laxity in the ACLI knee. This reduction in laxity does not appear to offer any significant short-term functional advantages when compared to a standard rehabilitation protocol. These results indicate that knee laxity can be decreased with resistance training of the thigh muscles. LEVEL OF EVIDENCE: Randomised controlled trial, Level II."
176,490,491,Stensrud (2014),QT,"Stensrud S, Risberg MA, Roos EM",Stensrud,Knee function and knee muscle strength in middle-aged patients with degenerative meniscal tears eligible for arthroscopic partial meniscectomy.,kneefunctionandkneemusclestrengthinmiddleagedpatientswithdeg,"BACKGROUND: Functional limitations exist postmeniscectomy, but preoperative data are scarce. PURPOSE: To examine knee function, knee muscle strength and performance in middle-aged patients with degenerative meniscal tears, eligible for arthroscopic partial meniscectomy. STUDY DESIGN: Cross-sectional study. METHODS: Eighty-two participants with MRI verified degenerative meniscal tear (35% women, mean age 49 years) answered the Knee injury and Osteoarthritis Outcome Score (KOOS) and were tested for isokinetic knee muscle strength and lower extremity performance (one-leg hop for distance, 6 m timed hop and maximum number of knee-bends in 30 s). Limb Symmetry Index (LSI) was used to express side-to-side differences in per cent using the non-injured leg as the control. An LSI >/=90% was considered normal. RESULTS: Mean scores of the five subscales of the KOOS were from 13 to 36 points lower compared with a population-based reference group and similar to patients prior to anterior cruciate ligament reconstruction. Quadriceps strength and lower-extremity performance were impaired for the injured leg compared with the non-injured leg (p<0.001), with a mean difference of 13% in quadriceps strength and between 8% and 13% in lower-extremity performance. Between 41% and 52% of the participants had abnormal LSI values in quadriceps muscle strength and lower-extremity performance. CONCLUSION: Middle-aged patients with a symptomatic degenerative meniscal tear experience functional knee problems when eligible for meniscectomy. Included participants reported difficulty with knee pain, symptoms, function and quality of life and quadriceps strength and lower-extremity performance were impaired. Approximately 50% of the study group had clinically relevant impairments in quadriceps strength and lower-extremity performance, defined as >10% differences between the injured and the non-injured leg.",2014,English,Br J Sports Med,pubmed,10.1136/bjsports-2012-091540,https://doi.org/10.1136/bjsports-2012-091540,23242961.0,https://pubmed.ncbi.nlm.nih.gov/23242961/,Stensrud+kneefunctionandkneemusclestrengthinmiddleagedpatientswithdeg+2014,kneefunctionandkneemusclestrengthinmiddleagedpatientswithdeg+2014,"Knee function and knee muscle strength in middle-aged patients with degenerative meniscal tears eligible for arthroscopic partial meniscectomy. BACKGROUND: Functional limitations exist postmeniscectomy, but preoperative data are scarce. PURPOSE: To examine knee function, knee muscle strength and performance in middle-aged patients with degenerative meniscal tears, eligible for arthroscopic partial meniscectomy. STUDY DESIGN: Cross-sectional study. METHODS: Eighty-two participants with MRI verified degenerative meniscal tear (35% women, mean age 49 years) answered the Knee injury and Osteoarthritis Outcome Score (KOOS) and were tested for isokinetic knee muscle strength and lower extremity performance (one-leg hop for distance, 6 m timed hop and maximum number of knee-bends in 30 s). Limb Symmetry Index (LSI) was used to express side-to-side differences in per cent using the non-injured leg as the control. An LSI >/=90% was considered normal. RESULTS: Mean scores of the five subscales of the KOOS were from 13 to 36 points lower compared with a population-based reference group and similar to patients prior to anterior cruciate ligament reconstruction. Quadriceps strength and lower-extremity performance were impaired for the injured leg compared with the non-injured leg (p<0.001), with a mean difference of 13% in quadriceps strength and between 8% and 13% in lower-extremity performance. Between 41% and 52% of the participants had abnormal LSI values in quadriceps muscle strength and lower-extremity performance. CONCLUSION: Middle-aged patients with a symptomatic degenerative meniscal tear experience functional knee problems when eligible for meniscectomy. Included participants reported difficulty with knee pain, symptoms, function and quality of life and quadriceps strength and lower-extremity performance were impaired. Approximately 50% of the study group had clinically relevant impairments in quadriceps strength and lower-extremity performance, defined as >10% differences between the injured and the non-injured leg."
177,491,492,Hartigan (2012),QT,"Hartigan EH, Zeni J Jr, Di Stasi S, Axe MJ, Snyder-Mackler L",Hartigan,Preoperative predictors for noncopers to pass return to sports criteria after ACL reconstruction.,preoperativepredictorsfornoncoperstopassreturntosportscriter,"Less than 50% of athletes pass criteria to return to sports (RTS) 6 months after ACL reconstruction (ACLR). Using data on 38 noncopers, we hypothesized that preoperative age, quadriceps strength index (QI), and knee flexion moments (KFM) during gait would predict the ability to pass/fail RTS criteria and that preoperative quadriceps strength gains would be predictive of passing RTS criteria. Gait analysis and strength data were collected before and after a preoperative intervention and 6 months after ACLR. Age, QI, and KFM each contributed to the predictability to pass or fail RTS criteria 6 months after ACLR. Collectively, the variables predict 69% who would pass and 82% who would fail RTS criteria 6 months after ACLR. Younger athletes who have symmetrical quadriceps strength and greater KFM were more likely to pass RTS criteria. Further, 63% of those who increased preoperative quadriceps strength passed RTS criteria, whereas 73% who did not failed. Increasing quadriceps strength in noncopers before ACLR seems warranted.",2012,English,J Appl Biomech,pubmed,10.1123/jab.28.4.366,https://doi.org/10.1123/jab.28.4.366,22983930.0,https://pubmed.ncbi.nlm.nih.gov/22983930/,Hartigan+preoperativepredictorsfornoncoperstopassreturntosportscriter+2012,preoperativepredictorsfornoncoperstopassreturntosportscriter+2012,"Preoperative predictors for noncopers to pass return to sports criteria after ACL reconstruction. Less than 50% of athletes pass criteria to return to sports (RTS) 6 months after ACL reconstruction (ACLR). Using data on 38 noncopers, we hypothesized that preoperative age, quadriceps strength index (QI), and knee flexion moments (KFM) during gait would predict the ability to pass/fail RTS criteria and that preoperative quadriceps strength gains would be predictive of passing RTS criteria. Gait analysis and strength data were collected before and after a preoperative intervention and 6 months after ACLR. Age, QI, and KFM each contributed to the predictability to pass or fail RTS criteria 6 months after ACLR. Collectively, the variables predict 69% who would pass and 82% who would fail RTS criteria 6 months after ACLR. Younger athletes who have symmetrical quadriceps strength and greater KFM were more likely to pass RTS criteria. Further, 63% of those who increased preoperative quadriceps strength passed RTS criteria, whereas 73% who did not failed. Increasing quadriceps strength in noncopers before ACLR seems warranted."
179,493,494,Lebon (2012),QT,"Lebon F, Guillot A, Collet C",Lebon,Increased muscle activation following motor imagery during the rehabilitation of the anterior cruciate ligament.,increasedmuscleactivationfollowingmotorimageryduringtherehab,"Motor imagery (MI) is the mental representation of an action without any concomitant movement. MI has been used frequently after peripheral injuries to decrease pain and facilitate rehabilitation. However, little is known about the effects of MI on muscle activation underlying the motor recovery. This study aimed to assess the therapeutic effects of MI on the activation of lower limb muscles, as well as on the time course of functional recovery and pain after surgery of the anterior cruciate ligament (ACL). Twelve patients with a torn ACL were randomly assigned to a MI or control group, who both received a series of physiotherapy. Electromyographic activity of the quadriceps, pain, anthropometrical data, and lower limb motor ability were measured throughout a 12-session therapy. The data provided evidence that MI elicited greater muscle activation, even though imagery practice did not result in pain decrease. Muscle activation increase might originate from a redistribution of the central neuronal activity, as there was no anthropometric change in lower limb muscles after imagery practice. This study confirmed the effectiveness of integrating MI in a rehabilitation process by facilitating muscular properties recovery following motor impairment. MI may thus be considered a reliable adjunct therapy to help injured patients to recover motor functions after reconstructive surgery of ACL.",2012,English,Appl Psychophysiol Biofeedback,pubmed,10.1007/s10484-011-9175-9,https://doi.org/10.1007/s10484-011-9175-9,22127572.0,https://pubmed.ncbi.nlm.nih.gov/22127572/,Lebon+increasedmuscleactivationfollowingmotorimageryduringtherehab+2012,increasedmuscleactivationfollowingmotorimageryduringtherehab+2012,"Increased muscle activation following motor imagery during the rehabilitation of the anterior cruciate ligament. Motor imagery (MI) is the mental representation of an action without any concomitant movement. MI has been used frequently after peripheral injuries to decrease pain and facilitate rehabilitation. However, little is known about the effects of MI on muscle activation underlying the motor recovery. This study aimed to assess the therapeutic effects of MI on the activation of lower limb muscles, as well as on the time course of functional recovery and pain after surgery of the anterior cruciate ligament (ACL). Twelve patients with a torn ACL were randomly assigned to a MI or control group, who both received a series of physiotherapy. Electromyographic activity of the quadriceps, pain, anthropometrical data, and lower limb motor ability were measured throughout a 12-session therapy. The data provided evidence that MI elicited greater muscle activation, even though imagery practice did not result in pain decrease. Muscle activation increase might originate from a redistribution of the central neuronal activity, as there was no anthropometric change in lower limb muscles after imagery practice. This study confirmed the effectiveness of integrating MI in a rehabilitation process by facilitating muscular properties recovery following motor impairment. MI may thus be considered a reliable adjunct therapy to help injured patients to recover motor functions after reconstructive surgery of ACL."
184,501,502,Tagesson (2010),QT,"Tagesson S, Oberg B, Kvist J",Tagesson,Tibial translation and muscle activation during rehabilitation exercises 5 weeks after anterior cruciate ligament reconstruction.,tibialtranslationandmuscleactivationduringrehabilitationexer,"The aim of this study was to compare different rehabilitation exercises with respect to dynamic anterior tibial translation and muscle activation 5 weeks after an anterior cruciate ligament (ACL) reconstruction. Another aim was to compare the ACL-reconstructed knee with the ACL-injured and the uninjured knees for differences in anterior tibial translation and muscle activation during the exercises. Sagittal tibial translation and muscle activation were measured during the Lachman test (static translation) and during seven rehabilitation exercises (dynamic translation) in 19 patients. Results obtained 5 weeks after ACL reconstruction were compared with those obtained before the ACL reconstruction (ACL-deficient and uninjured knee). After ACL reconstruction the seated knee extension produced more anterior tibial translation than the straight leg raise and standing on one leg. The ACL reconstruction reduced the static and the dynamic tibial translation and the tibial translations measured in ACL-reconstructed knees were similar to those measured in uninjured knees. After ACL reconstruction, the patients used a joint stiffening strategy that used more hamstring activation and reduced the dynamic tibial translation. Although all exercises tested are suitable for rehabilitation after ACL reconstruction, to protect the graft from excessive strain, the straight leg raise and squat on one leg are preferable for quadriceps training in the early phase of rehabilitation.",2010,English,Scand J Med Sci Sports,pubmed,10.1111/j.1600-0838.2009.00903.x,https://doi.org/10.1111/j.1600-0838.2009.00903.x,19486478.0,https://pubmed.ncbi.nlm.nih.gov/19486478/,Tagesson+tibialtranslationandmuscleactivationduringrehabilitationexer+2010,tibialtranslationandmuscleactivationduringrehabilitationexer+2010,"Tibial translation and muscle activation during rehabilitation exercises 5 weeks after anterior cruciate ligament reconstruction. The aim of this study was to compare different rehabilitation exercises with respect to dynamic anterior tibial translation and muscle activation 5 weeks after an anterior cruciate ligament (ACL) reconstruction. Another aim was to compare the ACL-reconstructed knee with the ACL-injured and the uninjured knees for differences in anterior tibial translation and muscle activation during the exercises. Sagittal tibial translation and muscle activation were measured during the Lachman test (static translation) and during seven rehabilitation exercises (dynamic translation) in 19 patients. Results obtained 5 weeks after ACL reconstruction were compared with those obtained before the ACL reconstruction (ACL-deficient and uninjured knee). After ACL reconstruction the seated knee extension produced more anterior tibial translation than the straight leg raise and standing on one leg. The ACL reconstruction reduced the static and the dynamic tibial translation and the tibial translations measured in ACL-reconstructed knees were similar to those measured in uninjured knees. After ACL reconstruction, the patients used a joint stiffening strategy that used more hamstring activation and reduced the dynamic tibial translation. Although all exercises tested are suitable for rehabilitation after ACL reconstruction, to protect the graft from excessive strain, the straight leg raise and squat on one leg are preferable for quadriceps training in the early phase of rehabilitation."
185,503,504,Eitzen (2009),QT,"Eitzen I, Holm I, Risberg MA",Eitzen,Preoperative quadriceps strength is a significant predictor of knee function two years after anterior cruciate ligament reconstruction.,preoperativequadricepsstrengthisasignificantpredictorofkneef,"OBJECTIVE: To identify preoperative predictive factors for knee function two years after reconstructive surgery of the anterior cruciate ligament (ACL). The main hypothesis was that preoperative quadriceps strength would be the most significant predictor for knee function two years after reconstructive surgery. DESIGN: Cohort study. SETTING: ACL injured individuals treated at a University Hospital and an outpatient clinic in Oslo, Norway. PARTICIPANTS: Seventy-three individuals with complete unilateral rupture of the ACL scheduled for reconstruction with a bone-patellar-bone autograft were included in the study, from where 60 were available for two-year follow up and included in the final analyses. INTERVENTIONS: Not applicable. MAIN OUTCOME MEASUREMENTS: Identification of baseline independent variables that may predict knee function assessed with the Cincinnati Knee Score as dependent variable two years after ACL reconstruction. RESULTS: Quadriceps muscle strength, meniscus injury and the Short-Form-36 Bodily Pain sub score were identified as significant predictors for knee function assessed from the Cincinnati Knee Score two years after ACL reconstruction. Individuals with preoperative quadriceps strength deficits above 20% also had persistent significantly larger strength deficits two years after surgery. CONCLUSIONS: Preoperative quadriceps muscle strength deficits and meniscus injuries have significant negative consequences for the long-term functional outcome after ACL reconstruction. From our findings we suggest that ACL reconstruction should not be performed before quadriceps muscle strength deficits of the injured limb is less than 20% of the uninjured limb.",2009,English,Br J Sports Med,pubmed,10.1136/bjsm.2008.057059,https://doi.org/10.1136/bjsm.2008.057059,19224907.0,https://pubmed.ncbi.nlm.nih.gov/19224907/,Eitzen+preoperativequadricepsstrengthisasignificantpredictorofkneef+2009,preoperativequadricepsstrengthisasignificantpredictorofkneef+2009,"Preoperative quadriceps strength is a significant predictor of knee function two years after anterior cruciate ligament reconstruction. OBJECTIVE: To identify preoperative predictive factors for knee function two years after reconstructive surgery of the anterior cruciate ligament (ACL). The main hypothesis was that preoperative quadriceps strength would be the most significant predictor for knee function two years after reconstructive surgery. DESIGN: Cohort study. SETTING: ACL injured individuals treated at a University Hospital and an outpatient clinic in Oslo, Norway. PARTICIPANTS: Seventy-three individuals with complete unilateral rupture of the ACL scheduled for reconstruction with a bone-patellar-bone autograft were included in the study, from where 60 were available for two-year follow up and included in the final analyses. INTERVENTIONS: Not applicable. MAIN OUTCOME MEASUREMENTS: Identification of baseline independent variables that may predict knee function assessed with the Cincinnati Knee Score as dependent variable two years after ACL reconstruction. RESULTS: Quadriceps muscle strength, meniscus injury and the Short-Form-36 Bodily Pain sub score were identified as significant predictors for knee function assessed from the Cincinnati Knee Score two years after ACL reconstruction. Individuals with preoperative quadriceps strength deficits above 20% also had persistent significantly larger strength deficits two years after surgery. CONCLUSIONS: Preoperative quadriceps muscle strength deficits and meniscus injuries have significant negative consequences for the long-term functional outcome after ACL reconstruction. From our findings we suggest that ACL reconstruction should not be performed before quadriceps muscle strength deficits of the injured limb is less than 20% of the uninjured limb."
186,504,505,Hartigan (2009),QT,"Hartigan E, Axe MJ, Snyder-Mackler L",Hartigan,Perturbation training prior to ACL reconstruction improves gait asymmetries in non-copers.,perturbationtrainingpriortoaclreconstructionimprovesgaitasym,"We investigated whether preoperative perturbation training would help anterior cruciate ligament (ACL) deficient individuals who complain of knee instability (""non-copers"") regain quadriceps strength and walk normally after ACL reconstruction. Nineteen non-copers with acute ACL injury were randomly assigned into a perturbation group (PERT) or a strengthening group (STR). The PERT group received specialized neuromuscular training and progressive quadriceps strength training, whereas the STR group received progressive quadriceps strength training only. We compared quadriceps strength indexes and knee excursions during the mid-stance phase of gait preoperatively to data collected 6 months after ACL reconstruction. Analyses of Variance with repeated measures (time/limb) were conducted to compare quadriceps strength index values over time (time x group) and differences in knee excursions in limbs between groups over time (limb x time x group). If significance was found, post hoc analyses were performed using paired and independent t-tests. Quadriceps strength indexes before intervention (Pert: 87.2%; Str: 75.8%) improved 6 months after ACL reconstruction in both groups (Pert: 97.1%; Str: 94.4%). Non-copers who received perturbation training preoperatively had no differences in knee excursions between their limbs 6 months after ACL reconstruction (p = 0.14), whereas those who received just strength training continued to have smaller knee excursions during the mid-stance phase of gait (p = 0.007). Non-copers strength and knee excursions were more symmetrical 6 months postoperatively in the group that received perturbation training and progressive quadriceps strength training than the group who received strength training alone.",2009,English,J Orthop Res,pubmed,10.1002/jor.20754,https://doi.org/10.1002/jor.20754,19023893.0,https://pubmed.ncbi.nlm.nih.gov/19023893/,Hartigan+perturbationtrainingpriortoaclreconstructionimprovesgaitasym+2009,perturbationtrainingpriortoaclreconstructionimprovesgaitasym+2009,"Perturbation training prior to ACL reconstruction improves gait asymmetries in non-copers. We investigated whether preoperative perturbation training would help anterior cruciate ligament (ACL) deficient individuals who complain of knee instability (""non-copers"") regain quadriceps strength and walk normally after ACL reconstruction. Nineteen non-copers with acute ACL injury were randomly assigned into a perturbation group (PERT) or a strengthening group (STR). The PERT group received specialized neuromuscular training and progressive quadriceps strength training, whereas the STR group received progressive quadriceps strength training only. We compared quadriceps strength indexes and knee excursions during the mid-stance phase of gait preoperatively to data collected 6 months after ACL reconstruction. Analyses of Variance with repeated measures (time/limb) were conducted to compare quadriceps strength index values over time (time x group) and differences in knee excursions in limbs between groups over time (limb x time x group). If significance was found, post hoc analyses were performed using paired and independent t-tests. Quadriceps strength indexes before intervention (Pert: 87.2%; Str: 75.8%) improved 6 months after ACL reconstruction in both groups (Pert: 97.1%; Str: 94.4%). Non-copers who received perturbation training preoperatively had no differences in knee excursions between their limbs 6 months after ACL reconstruction (p = 0.14), whereas those who received just strength training continued to have smaller knee excursions during the mid-stance phase of gait (p = 0.007). Non-copers strength and knee excursions were more symmetrical 6 months postoperatively in the group that received perturbation training and progressive quadriceps strength training than the group who received strength training alone."
190,512,513,Holm (2006),QT,"Holm L, Esmarck B, Mizuno M, Hansen H, Suetta C, Hölmich P, Krogsgaard M, Kjaer M",Holm,The effect of protein and carbohydrate supplementation on strength training outcome of rehabilitation in ACL patients.,theeffectofproteinandcarbohydratesupplementationonstrengthtr,"Patients with anterior cruciate ligament (ACL) injury experience atrophy and weakening of the extensor as well as the hamstrings muscles at the injured leg. Especially, the weakness of the quadriceps muscle has been ascribed to hamper daily physical tasks. The purpose of the present study was therefore to investigate if nutrient supplementation during 12 weeks of conservative rehabilitation strength training could enhance hypertrophy and strength of the quadriceps muscle in ACL-injured patients. Twenty-six ACL-injured men and women were included and randomly distributed into three supplementation groups: Protein+Carbohydrate (PC), Isocaloric-Carbohydrate (IC), or Placebo (PL), ingesting the supplementation immediately after each of 36 training sessions. Determined from images of thigh cross-sections (magnetic resonance imaging) the hypertrophy of the quadriceps muscle differed significantly between groups at the distal part, with the PC group demonstrating the largest hypertrophy. Peak torque of the quadriceps muscle at constant velocity 60 degrees.s-1 was significantly elevated in the PC group only, and the time to reach peak torque tended to decrease as well only in the PC group. The results from this study demonstrate that restoration of the distal vasti muscle mass and knee extension muscle strength with resistance training is promoted further by protein-containing nutrient supplementation immediately after single exercise sessions. Thus, exercise-related protein supplementation may seem important for surgery-related rehabilitation of skeletal muscle.",2006,English,J Orthop Res,pubmed,10.1002/jor.20147,https://doi.org/10.1002/jor.20147,16917926.0,https://pubmed.ncbi.nlm.nih.gov/16917926/,Holm+theeffectofproteinandcarbohydratesupplementationonstrengthtr+2006,theeffectofproteinandcarbohydratesupplementationonstrengthtr+2006,"The effect of protein and carbohydrate supplementation on strength training outcome of rehabilitation in ACL patients. Patients with anterior cruciate ligament (ACL) injury experience atrophy and weakening of the extensor as well as the hamstrings muscles at the injured leg. Especially, the weakness of the quadriceps muscle has been ascribed to hamper daily physical tasks. The purpose of the present study was therefore to investigate if nutrient supplementation during 12 weeks of conservative rehabilitation strength training could enhance hypertrophy and strength of the quadriceps muscle in ACL-injured patients. Twenty-six ACL-injured men and women were included and randomly distributed into three supplementation groups: Protein+Carbohydrate (PC), Isocaloric-Carbohydrate (IC), or Placebo (PL), ingesting the supplementation immediately after each of 36 training sessions. Determined from images of thigh cross-sections (magnetic resonance imaging) the hypertrophy of the quadriceps muscle differed significantly between groups at the distal part, with the PC group demonstrating the largest hypertrophy. Peak torque of the quadriceps muscle at constant velocity 60 degrees.s-1 was significantly elevated in the PC group only, and the time to reach peak torque tended to decrease as well only in the PC group. The results from this study demonstrate that restoration of the distal vasti muscle mass and knee extension muscle strength with resistance training is promoted further by protein-containing nutrient supplementation immediately after single exercise sessions. Thus, exercise-related protein supplementation may seem important for surgery-related rehabilitation of skeletal muscle."
191,513,514,Brunetti (2006),QT,"Brunetti O, Filippi GM, Lorenzini M, Liti A, Panichi R, Roscini M, Pettorossi VE, Cerulli G",Brunetti,Improvement of posture stability by vibratory stimulation following anterior cruciate ligament reconstruction.,improvementofposturestabilitybyvibratorystimulationfollowing,"Surgical reconstruction of the anterior cruciate ligament (ACL) may reduce, but it does not always eliminate, knee and body instability because of a persisting proprioceptive deficit. In order to enhance body stability, a new protocol of treatment has been proposed consisting of mechanical vibration (100 Hz frequency and < 20 microm amplitude) of the quadriceps muscle in the leg that has undergone ACL reconstruction. In our trials, stimulation was performed when the quadriceps muscle was kept isometrically contracted. Treatment was started one month after surgery. Vibration was applied for short periods over three consecutive days. Nine months after treatment, postural stability was re-evaluated with the subjects standing on one leg with open and with closed eyes. The postural stability of the subjects having undergone vibration treatment, standing on the operated leg was significantly improved one day after treatment when evaluated as mean of speed and elliptic area of the center of pressure. The improvement persisted and increased during the following weeks. Peak torques of the operated leg extensor muscles also increased and reached values close to that of the leg, which had not been operated. Conversely, the balance of the untreated subjects standing on the operated leg did not improve and the restoration of the extensor muscle peak torque was poor. It is concluded that short lasting proprioceptive activation by vibration may lead to a faster and more complete equilibrium recovery probably by permanently changing the network controlling knee posture.",2006,English,Knee Surg Sports Traumatol Arthrosc,pubmed,10.1007/s00167-006-0101-2,https://doi.org/10.1007/s00167-006-0101-2,16763853.0,https://pubmed.ncbi.nlm.nih.gov/16763853/,Brunetti+improvementofposturestabilitybyvibratorystimulationfollowing+2006,improvementofposturestabilitybyvibratorystimulationfollowing+2006,"Improvement of posture stability by vibratory stimulation following anterior cruciate ligament reconstruction. Surgical reconstruction of the anterior cruciate ligament (ACL) may reduce, but it does not always eliminate, knee and body instability because of a persisting proprioceptive deficit. In order to enhance body stability, a new protocol of treatment has been proposed consisting of mechanical vibration (100 Hz frequency and < 20 microm amplitude) of the quadriceps muscle in the leg that has undergone ACL reconstruction. In our trials, stimulation was performed when the quadriceps muscle was kept isometrically contracted. Treatment was started one month after surgery. Vibration was applied for short periods over three consecutive days. Nine months after treatment, postural stability was re-evaluated with the subjects standing on one leg with open and with closed eyes. The postural stability of the subjects having undergone vibration treatment, standing on the operated leg was significantly improved one day after treatment when evaluated as mean of speed and elliptic area of the center of pressure. The improvement persisted and increased during the following weeks. Peak torques of the operated leg extensor muscles also increased and reached values close to that of the leg, which had not been operated. Conversely, the balance of the untreated subjects standing on the operated leg did not improve and the restoration of the extensor muscle peak torque was poor. It is concluded that short lasting proprioceptive activation by vibration may lead to a faster and more complete equilibrium recovery probably by permanently changing the network controlling knee posture."
192,516,517,Shaw (2005),QT,"Shaw T, Williams MT, Chipchase LS",Shaw,Do early quadriceps exercises affect the outcome of ACL reconstruction? A randomised controlled trial.,doearlyquadricepsexercisesaffecttheoutcomeofaclreconstructio,"A prospective, blinded, randomised controlled trial investigated the effectiveness of quadriceps exercises following anterior cruciate ligament reconstruction. A treatment group (Quadriceps exercise group) performed straight leg raises and isometric quadriceps contractions throughout the first two postoperative weeks, and a second group (No quadriceps exercise group) did not. A battery of outcome measures assessed subjects postoperatively at day one, two weeks, and one, three and six months. A total of 103 patients (Quadriceps exercise n = 48, No quadriceps exercise n = 55) commenced the study with 91 subjects available at final follow up (Quadriceps exercise n = 47, No quadriceps exercise n = 44). Performance of quadriceps exercises significantly improved a number of knee flexion and extension range of motion measurements (p = 0.01 to 0.04). No significant differences were found between the two groups at any postoperative period for quadriceps lag (p = 0.36), functional hop testing (p = 0.49 to 0.51), isokinetic quadriceps strength (p = 0.70 to 0.72), the majority of numerical analogue scores (p = 0.1 to 0.94) and Cincinnati scores (p = 0.10 to 0.84). Subjects performing quadriceps exercises reported significantly higher pain scores with exercise on the first postoperative day (p = 0.02). At six months postoperatively, the Quadriceps exercise subjects reported significantly more favourable Cincinnati scores for symptoms (p = 0.005) and problems with sport (p = 0.05). While average knee laxity was not significantly different between treatment groups over time (p = 0.27 to 0.94), quadriceps exercise performance was associated with a significantly lower incidence of abnormal knee laxity. Isometric quadriceps exercises and straight leg raises can be safely prescribed during the first two postoperative weeks and confer advantages for faster recovery of knee range of motion and stability. It remains to be proven whether the magnitude of differences between groups is clinically significant.",2005,English,Aust J Physiother,pubmed,10.1016/s0004-9514(05)70048-9,https://doi.org/10.1016/s0004-9514(05)70048-9,15748120.0,https://pubmed.ncbi.nlm.nih.gov/15748120/,Shaw+doearlyquadricepsexercisesaffecttheoutcomeofaclreconstructio+2005,doearlyquadricepsexercisesaffecttheoutcomeofaclreconstructio+2005,"Do early quadriceps exercises affect the outcome of ACL reconstruction? A randomised controlled trial. A prospective, blinded, randomised controlled trial investigated the effectiveness of quadriceps exercises following anterior cruciate ligament reconstruction. A treatment group (Quadriceps exercise group) performed straight leg raises and isometric quadriceps contractions throughout the first two postoperative weeks, and a second group (No quadriceps exercise group) did not. A battery of outcome measures assessed subjects postoperatively at day one, two weeks, and one, three and six months. A total of 103 patients (Quadriceps exercise n = 48, No quadriceps exercise n = 55) commenced the study with 91 subjects available at final follow up (Quadriceps exercise n = 47, No quadriceps exercise n = 44). Performance of quadriceps exercises significantly improved a number of knee flexion and extension range of motion measurements (p = 0.01 to 0.04). No significant differences were found between the two groups at any postoperative period for quadriceps lag (p = 0.36), functional hop testing (p = 0.49 to 0.51), isokinetic quadriceps strength (p = 0.70 to 0.72), the majority of numerical analogue scores (p = 0.1 to 0.94) and Cincinnati scores (p = 0.10 to 0.84). Subjects performing quadriceps exercises reported significantly higher pain scores with exercise on the first postoperative day (p = 0.02). At six months postoperatively, the Quadriceps exercise subjects reported significantly more favourable Cincinnati scores for symptoms (p = 0.005) and problems with sport (p = 0.05). While average knee laxity was not significantly different between treatment groups over time (p = 0.27 to 0.94), quadriceps exercise performance was associated with a significantly lower incidence of abnormal knee laxity. Isometric quadriceps exercises and straight leg raises can be safely prescribed during the first two postoperative weeks and confer advantages for faster recovery of knee range of motion and stability. It remains to be proven whether the magnitude of differences between groups is clinically significant."
196,523,524,Meighan (2003),QT,"Meighan AA, Keating JF, Will E",Meighan,Outcome after reconstruction of the anterior cruciate ligament in athletic patients. A comparison of early versus delayed surgery.,outcomeafterreconstructionoftheanteriorcruciateligamentinath,"We randomised 31 patients with acute tears of the anterior cruciate ligament (ACL) to receive either early (within 2 weeks) or delayed (8 to 12 weeks) reconstruction using a quadruple hamstring graft in order to determine if there was any functional advantage to early reconstruction. Outcome measures included return of knee movement, muscle dynamometry, International Knee Documentation Committee (IKDC) scores and Tegner activity levels. Two cases of symptomatic deep-venous thrombosis occurred in the early group. The mean range of movement was significantly greater at two weeks in the delayed group. Quadriceps muscle power was significantly better in the delayed group at 12 weeks (p < 0.05). These trends were evident at later time points, but were not statistically significant. One patient in each group had clinically significant knee stiffness at 52 weeks. IKDC scores and Tegner activity levels were not significantly different at 52 weeks. We conclude that there is no functional advantage to be gained by early reconstruction of the ACL.",2003,English,J Bone Joint Surg Br,pubmed,10.1302/0301-620x.85b4.13743,https://doi.org/10.1302/0301-620x.85b4.13743,12793556.0,https://pubmed.ncbi.nlm.nih.gov/12793556/,Meighan+outcomeafterreconstructionoftheanteriorcruciateligamentinath+2003,outcomeafterreconstructionoftheanteriorcruciateligamentinath+2003,"Outcome after reconstruction of the anterior cruciate ligament in athletic patients. A comparison of early versus delayed surgery. We randomised 31 patients with acute tears of the anterior cruciate ligament (ACL) to receive either early (within 2 weeks) or delayed (8 to 12 weeks) reconstruction using a quadruple hamstring graft in order to determine if there was any functional advantage to early reconstruction. Outcome measures included return of knee movement, muscle dynamometry, International Knee Documentation Committee (IKDC) scores and Tegner activity levels. Two cases of symptomatic deep-venous thrombosis occurred in the early group. The mean range of movement was significantly greater at two weeks in the delayed group. Quadriceps muscle power was significantly better in the delayed group at 12 weeks (p < 0.05). These trends were evident at later time points, but were not statistically significant. One patient in each group had clinically significant knee stiffness at 52 weeks. IKDC scores and Tegner activity levels were not significantly different at 52 weeks. We conclude that there is no functional advantage to be gained by early reconstruction of the ACL."
197,524,525,Alkjaer (2003),QT,"Alkjaer T, Simonsen EB, Jørgensen U, Dyhre-Poulsen P",Alkjaer,Evaluation of the walking pattern in two types of patients with anterior cruciate ligament deficiency: copers and non-copers.,evaluationofthewalkingpatternintwotypesofpatientswithanterio,"The purpose of the present study was to investigate whether different walking patterns in healthy subjects and in coper and non-coper subjects with deficient anterior cruciate ligaments could be quantified. An inverse dynamics approach was used to calculate joint kinematics and kinetics for flexion and extension. EMG signals of the hamstrings and quadriceps muscles were recorded. The results showed that the peak knee flexion angle was greater in the copers than in the controls. There was a positive correlation between the peak knee extensor moment and peak knee flexion angle. Furthermore, at a given peak knee flexion angle, the peak knee extensor moment was significantly larger in the controls than in the non-copers. The hip extensor moment in the copers was significantly larger than that of the non-copers and the controls. In conclusion, the three groups walked according to different patterns. It is suggested that the copers stabilized their knee joint by co-contraction of the hamstrings and quadriceps muscles, while the non-copers lacked this ability. Instead, the non-copers reduced the knee extensor moment in order to decrease anterior displacement of the tibia. The walking pattern differences observed between the copers and non-copers may explain their different post-injury activity levels.",2003,English,Eur J Appl Physiol,pubmed,10.1007/s00421-002-0787-x,https://doi.org/10.1007/s00421-002-0787-x,12736838.0,https://pubmed.ncbi.nlm.nih.gov/12736838/,Alkjaer+evaluationofthewalkingpatternintwotypesofpatientswithanterio+2003,evaluationofthewalkingpatternintwotypesofpatientswithanterio+2003,"Evaluation of the walking pattern in two types of patients with anterior cruciate ligament deficiency: copers and non-copers. The purpose of the present study was to investigate whether different walking patterns in healthy subjects and in coper and non-coper subjects with deficient anterior cruciate ligaments could be quantified. An inverse dynamics approach was used to calculate joint kinematics and kinetics for flexion and extension. EMG signals of the hamstrings and quadriceps muscles were recorded. The results showed that the peak knee flexion angle was greater in the copers than in the controls. There was a positive correlation between the peak knee extensor moment and peak knee flexion angle. Furthermore, at a given peak knee flexion angle, the peak knee extensor moment was significantly larger in the controls than in the non-copers. The hip extensor moment in the copers was significantly larger than that of the non-copers and the controls. In conclusion, the three groups walked according to different patterns. It is suggested that the copers stabilized their knee joint by co-contraction of the hamstrings and quadriceps muscles, while the non-copers lacked this ability. Instead, the non-copers reduced the knee extensor moment in order to decrease anterior displacement of the tibia. The walking pattern differences observed between the copers and non-copers may explain their different post-injury activity levels."
198,526,527,Rebai (2002),QT,"Rebai H, Barra V, Laborde A, Bonny JM, Poumarat G, Coudert J",Rebai,Effects of two electrical stimulation frequencies in thigh muscle after knee surgery.,effectsoftwoelectricalstimulationfrequenciesinthighmuscleaft,"The purpose of this study was to compare the effects of two protocols of electrical stimulation combined with voluntary contractions on the recovery of thigh muscles after anterior cruciate ligament (ACL) surgery. Ten sportsmen with a mean age of 26 yrs were randomly assigned into two groups: a 80 Hz stimulated group (5 patients) and a 20 Hz stimulated group (5 patients). All patients received electrical stimulation of the quadriceps femoris, five days a week, for 12 weeks, and had a standard program of voluntary contractions. Muscle and fat volumes of the thigh were assessed using MRI before surgery and after 12 weeks of rehabilitation. Quadriceps and hamstring muscle strength were evaluated by isokinetic measurements. Twelve weeks after surgery, the quadriceps peak torque deficit in the operated limb with respect to the non operated limb at 180 degrees /s and 240 degrees /s was significantly (p < 0.05) less in the 20 Hz group than in the 80 Hz group. This difference was not confirmed when comparing the pre-surgery quadriceps peak torque of the operated limb with the post-surgery one. Subcutaneous fat volume was increased for the two groups at the post-surgery test. This increase was significantly (p < 0.05) greater for the 80 Hz group. Thigh muscle volume deficit was not significantly different between the two groups.",2002,English,Int J Sports Med,pubmed,10.1055/s-2002-35525,https://doi.org/10.1055/s-2002-35525,12439778.0,https://pubmed.ncbi.nlm.nih.gov/12439778/,Rebai+effectsoftwoelectricalstimulationfrequenciesinthighmuscleaft+2002,effectsoftwoelectricalstimulationfrequenciesinthighmuscleaft+2002,"Effects of two electrical stimulation frequencies in thigh muscle after knee surgery. The purpose of this study was to compare the effects of two protocols of electrical stimulation combined with voluntary contractions on the recovery of thigh muscles after anterior cruciate ligament (ACL) surgery. Ten sportsmen with a mean age of 26 yrs were randomly assigned into two groups: a 80 Hz stimulated group (5 patients) and a 20 Hz stimulated group (5 patients). All patients received electrical stimulation of the quadriceps femoris, five days a week, for 12 weeks, and had a standard program of voluntary contractions. Muscle and fat volumes of the thigh were assessed using MRI before surgery and after 12 weeks of rehabilitation. Quadriceps and hamstring muscle strength were evaluated by isokinetic measurements. Twelve weeks after surgery, the quadriceps peak torque deficit in the operated limb with respect to the non operated limb at 180 degrees /s and 240 degrees /s was significantly (p < 0.05) less in the 20 Hz group than in the 80 Hz group. This difference was not confirmed when comparing the pre-surgery quadriceps peak torque of the operated limb with the post-surgery one. Subcutaneous fat volume was increased for the two groups at the post-surgery test. This increase was significantly (p < 0.05) greater for the 80 Hz group. Thigh muscle volume deficit was not significantly different between the two groups."
199,528,529,Meyers (2002),QT,"Meyers MC, Sterling JC, Marley RR",Meyers,Efficacy of stairclimber versus cycle ergometry in postoperative anterior cruciate ligament rehabilitation.,efficacyofstairclimberversuscycleergometryinpostoperativeant,"OBJECTIVE: To examine the effective use of stair climbing as an alternative to cycling for knee rehabilitation in an actual injured sport population. DESIGN: Repeated-measures multivariate analyses with data collected during anterior cruciate ligament (ACL) rehabilitation. SETTING: Clinical rehabilitation setting following ACL reconstruction. PARTICIPANTS: 46 athletes with ACL reconstruction (32 males, 14 females; age 25.5 +/- 8.9 yrs) were randomly assigned to either cycle or stairclimber programs previously matched by metabolic equivalents (METs) and heart rate. MAIN OUTCOME MEASURES: Isokinetic testing was performed at 4 and 12 weeks postoperatively on the uninjured knee to safely determine mean and peak concentric quadriceps, eccentric quadriceps, concentric hamstring, and eccentric hamstring peak torques. Pre/post leg girths were also measured bilaterally (+7.6, +15.2, +22.9, -7.6, -15.2, -22.9 cm) proximal/distal to the patella. RESULTS: Multivariate analysis of variance indicated no differences (Wilks' Lambda F(8,37) = 1.461; p = 0.21; eta(2) = 0.240; Power = 0.556) in strength gains (NM) between cycle and stair climbing groups, respectively, in mean concentric quadriceps (58.4 +/- 12.0 vs. 37.1 +/- 13.2), peak concentric quadriceps (77.0 +/- 14.7 vs. 36.8 +/- 16.2), mean eccentric quadriceps (57.2 +/- 12.7 vs. 79.2 +/- 14.0), peak eccentric quadriceps (78.6 +/- 19.3 vs. 105.5 +/- 21.3), mean concentric hamstring (14.3 +/- 3.9 vs. 6.5 +/- 4.3), peak concentric hamstring (24.0 +/- 6.7 vs. 22.2 +/- 7.4), mean eccentric hamstring (22.6 +/- 8.6 vs. 23.8 +/- 9.5), or peak eccentric hamstring (23.5 +/- 11.2 vs. 36.7 +/- 12.3) response. A significant stair climbing effect (Wilks' Lambda F(6,37) = 2.95; p = 0.02; eta(2) = 0.324; Power = 0.843) was observed in gastrocnemius girth (-15.2 cm) in both injured (0.5 +/- 0.1 cm vs. 0.3 +/- 0.1 cm, p < 0.04) and non-injured (0.3 +/- 0.1 cm vs. 0.0 +/- 0.1 cm, p < 0.008) legs. CONCLUSIONS: In conclusion, the results of the data suggest no deleterious effect of stair climbing on knee isokinetic performance or limb girth measurements, and confirms the use of stair climbing as a viable adjunct/alternative to cycle ergometry in ACL-injured athletes.",2002,English,Clin J Sport Med,pubmed,10.1097/00042752-200203000-00004,https://doi.org/10.1097/00042752-200203000-00004,11953554.0,https://pubmed.ncbi.nlm.nih.gov/11953554/,Meyers+efficacyofstairclimberversuscycleergometryinpostoperativeant+2002,efficacyofstairclimberversuscycleergometryinpostoperativeant+2002,"Efficacy of stairclimber versus cycle ergometry in postoperative anterior cruciate ligament rehabilitation. OBJECTIVE: To examine the effective use of stair climbing as an alternative to cycling for knee rehabilitation in an actual injured sport population. DESIGN: Repeated-measures multivariate analyses with data collected during anterior cruciate ligament (ACL) rehabilitation. SETTING: Clinical rehabilitation setting following ACL reconstruction. PARTICIPANTS: 46 athletes with ACL reconstruction (32 males, 14 females; age 25.5 +/- 8.9 yrs) were randomly assigned to either cycle or stairclimber programs previously matched by metabolic equivalents (METs) and heart rate. MAIN OUTCOME MEASURES: Isokinetic testing was performed at 4 and 12 weeks postoperatively on the uninjured knee to safely determine mean and peak concentric quadriceps, eccentric quadriceps, concentric hamstring, and eccentric hamstring peak torques. Pre/post leg girths were also measured bilaterally (+7.6, +15.2, +22.9, -7.6, -15.2, -22.9 cm) proximal/distal to the patella. RESULTS: Multivariate analysis of variance indicated no differences (Wilks' Lambda F(8,37) = 1.461; p = 0.21; eta(2) = 0.240; Power = 0.556) in strength gains (NM) between cycle and stair climbing groups, respectively, in mean concentric quadriceps (58.4 +/- 12.0 vs. 37.1 +/- 13.2), peak concentric quadriceps (77.0 +/- 14.7 vs. 36.8 +/- 16.2), mean eccentric quadriceps (57.2 +/- 12.7 vs. 79.2 +/- 14.0), peak eccentric quadriceps (78.6 +/- 19.3 vs. 105.5 +/- 21.3), mean concentric hamstring (14.3 +/- 3.9 vs. 6.5 +/- 4.3), peak concentric hamstring (24.0 +/- 6.7 vs. 22.2 +/- 7.4), mean eccentric hamstring (22.6 +/- 8.6 vs. 23.8 +/- 9.5), or peak eccentric hamstring (23.5 +/- 11.2 vs. 36.7 +/- 12.3) response. A significant stair climbing effect (Wilks' Lambda F(6,37) = 2.95; p = 0.02; eta(2) = 0.324; Power = 0.843) was observed in gastrocnemius girth (-15.2 cm) in both injured (0.5 +/- 0.1 cm vs. 0.3 +/- 0.1 cm, p < 0.04) and non-injured (0.3 +/- 0.1 cm vs. 0.0 +/- 0.1 cm, p < 0.008) legs. CONCLUSIONS: In conclusion, the results of the data suggest no deleterious effect of stair climbing on knee isokinetic performance or limb girth measurements, and confirms the use of stair climbing as a viable adjunct/alternative to cycle ergometry in ACL-injured athletes."
201,534,535,Kvist (2001),QT,"Kvist J, Gillquist J",Kvist,Anterior positioning of tibia during motion after anterior cruciate ligament injury.,anteriorpositioningoftibiaduringmotionafteranteriorcruciatel,"PURPOSE: The purpose of this study was to describe the sagittal tibial translation and EMG activity of muscles v. medialis and lateralis, gastrocnemius, and hamstrings, during common locomotion, in patients with an anterior cruciate ligament deficiency (ACL-def) and uninjured controls. METHODS: In 12 ACL-def patients and 17 controls, sagittal tibial translation was registered with the CA-4000 electrogoniometer during level walking, cutting, and stair walking. Tibial position at each flexion angle was expressed relative to the femuro-tibial position at passive knee extension. EMG activity, measured with ME-4000, was normalized to the individual maximum isometric voluntary contraction for each muscle. RESULTS: During the weight-bearing phase of motion, the tibia was anteriorly positioned in all legs. In the injured leg, the tibia translated more rapidly to an anterior position that was maintained for a longer time during the gait cycle. In the noninjured knees, motions with increased load lead to an increased anterior tibial translation in contrast to the injured knees, where the maximum displacement was already reached during level walking. The quadriceps and gastrocnemius muscles were simultaneously active during stance phase. Hamstrings were mainly active when the knee was close to extension and translation increased in spite of this activity. CONCLUSIONS: The mechanism of the anterior positioning of tibia is qualitatively similar in the normal and the injured knee, but that position is obtained much further forward in the ACL deficient knee. Quadriceps and gastrocnemius muscles seem to work synergistically to stabilize the knee by maintaining the anterior position of tibia during weight-bearing motion. The role of hamstrings to restrict anterior translation is questioned.",2001,English,Med Sci Sports Exerc,pubmed,10.1097/00005768-200107000-00001,https://doi.org/10.1097/00005768-200107000-00001,11445751.0,https://pubmed.ncbi.nlm.nih.gov/11445751/,Kvist+anteriorpositioningoftibiaduringmotionafteranteriorcruciatel+2001,anteriorpositioningoftibiaduringmotionafteranteriorcruciatel+2001,"Anterior positioning of tibia during motion after anterior cruciate ligament injury. PURPOSE: The purpose of this study was to describe the sagittal tibial translation and EMG activity of muscles v. medialis and lateralis, gastrocnemius, and hamstrings, during common locomotion, in patients with an anterior cruciate ligament deficiency (ACL-def) and uninjured controls. METHODS: In 12 ACL-def patients and 17 controls, sagittal tibial translation was registered with the CA-4000 electrogoniometer during level walking, cutting, and stair walking. Tibial position at each flexion angle was expressed relative to the femuro-tibial position at passive knee extension. EMG activity, measured with ME-4000, was normalized to the individual maximum isometric voluntary contraction for each muscle. RESULTS: During the weight-bearing phase of motion, the tibia was anteriorly positioned in all legs. In the injured leg, the tibia translated more rapidly to an anterior position that was maintained for a longer time during the gait cycle. In the noninjured knees, motions with increased load lead to an increased anterior tibial translation in contrast to the injured knees, where the maximum displacement was already reached during level walking. The quadriceps and gastrocnemius muscles were simultaneously active during stance phase. Hamstrings were mainly active when the knee was close to extension and translation increased in spite of this activity. CONCLUSIONS: The mechanism of the anterior positioning of tibia is qualitatively similar in the normal and the injured knee, but that position is obtained much further forward in the ACL deficient knee. Quadriceps and gastrocnemius muscles seem to work synergistically to stabilize the knee by maintaining the anterior position of tibia during weight-bearing motion. The role of hamstrings to restrict anterior translation is questioned."
202,536,537,Mikkelsen (2000),QT,"Mikkelsen C, Werner S, Eriksson E",Mikkelsen,Closed kinetic chain alone compared to combined open and closed kinetic chain exercises for quadriceps strengthening after anterior cruciate ligament reconstruction with respect to return to sports: a prospective matched follow-up study.,closedkineticchainalonecomparedtocombinedopenandclosedkineti,"Rehabilitation after anterior cruciate ligament (ACL) reconstruction has focused over the past decade on closed kinetic chain (CKC) exercises due to presumably less strain on the graft than with isokinetic open kinetic chain exercises (OKC); however, recent reports suggest that there are only minor differences in ACL strain values between some CKC and OKC exercises. We studied anterior knee laxity, thigh muscle torque, and return to preinjury sports level in 44 patients with unilateral ACL; group 1 carried out quadriceps strengthening only with CKC while group 2 trained with CKC plus OKC exercises starting from week 6 after surgery. Anterior knee laxity was determined with a KT-1000 arthrometer; isokinetic concentric and eccentric quadriceps and hamstring muscle torque were studied with a Kin-Com dynamometer before and 6 months after surgery. At an average of 31 months after surgery the patients answered a questionnaire regarding their current knee function and physical activity/sports to determine the extent and timing of their recovery. No significant differences in anterior knee laxity were noted between the groups 6 months postsurgery. Patients in group 2 increased their quadriceps torque significantly more than those in group 1, but no differences were found in hamstring torque between the groups. A significantly higher number of patients in group 2 (n = 12) than in group 1 (n = 5) returned to sports at the same level as before the injury (P < 0.05). Patients from group 2 who returned to sports at the same level did so 2 months earlier than those in group 1. Thus the addition of OKC quadriceps training after ACL reconstruction results in a significantly better improvement in quadriceps torque without reducing knee joint stability at 6 months and also leads to a significantly higher number of athletes returning to their previous activity earlier and at the same level as before injury.",2000,English,Knee Surg Sports Traumatol Arthrosc,pubmed,10.1007/s001670000143,https://doi.org/10.1007/s001670000143,11147151.0,https://pubmed.ncbi.nlm.nih.gov/11147151/,Mikkelsen+closedkineticchainalonecomparedtocombinedopenandclosedkineti+2000,closedkineticchainalonecomparedtocombinedopenandclosedkineti+2000,"Closed kinetic chain alone compared to combined open and closed kinetic chain exercises for quadriceps strengthening after anterior cruciate ligament reconstruction with respect to return to sports: a prospective matched follow-up study. Rehabilitation after anterior cruciate ligament (ACL) reconstruction has focused over the past decade on closed kinetic chain (CKC) exercises due to presumably less strain on the graft than with isokinetic open kinetic chain exercises (OKC); however, recent reports suggest that there are only minor differences in ACL strain values between some CKC and OKC exercises. We studied anterior knee laxity, thigh muscle torque, and return to preinjury sports level in 44 patients with unilateral ACL; group 1 carried out quadriceps strengthening only with CKC while group 2 trained with CKC plus OKC exercises starting from week 6 after surgery. Anterior knee laxity was determined with a KT-1000 arthrometer; isokinetic concentric and eccentric quadriceps and hamstring muscle torque were studied with a Kin-Com dynamometer before and 6 months after surgery. At an average of 31 months after surgery the patients answered a questionnaire regarding their current knee function and physical activity/sports to determine the extent and timing of their recovery. No significant differences in anterior knee laxity were noted between the groups 6 months postsurgery. Patients in group 2 increased their quadriceps torque significantly more than those in group 1, but no differences were found in hamstring torque between the groups. A significantly higher number of patients in group 2 (n = 12) than in group 1 (n = 5) returned to sports at the same level as before the injury (P < 0.05). Patients from group 2 who returned to sports at the same level did so 2 months earlier than those in group 1. Thus the addition of OKC quadriceps training after ACL reconstruction results in a significantly better improvement in quadriceps torque without reducing knee joint stability at 6 months and also leads to a significantly higher number of athletes returning to their previous activity earlier and at the same level as before injury."
206,545,546,Lieber (1996),QT,"Lieber RL, Silva PD, Daniel DM",Lieber,Equal effectiveness of electrical and volitional strength training for quadriceps femoris muscles after anterior cruciate ligament surgery.,equaleffectivenessofelectricalandvolitionalstrengthtrainingf,"Neuromuscular electrical stimulation and voluntary muscle contraction are two exercise modes widely used in rehabilitation to strengthen skeletal muscle. Since there is no debate as to which mode is most effective, we compared electrical stimulation with voluntary contraction performed at matched intensities following reconstructive surgery of the anterior cruciate ligament. Forty men and women, aged 15-44, were randomly assigned to either an electrical stimulation or a voluntary contraction group. None of the subjects had a previous history of neuromuscular injury. The subjects received treatment for 30 minutes a day, 5 days a week, for 4 weeks. Knee extension torque was monitored during treatment to try to match the absolute muscular tensions (quantified as ""activity"") achieved during therapy. To match the activity of the subjects in the electrical stimulation group, who were treated at the highest stimulation intensity they could tolerate, the subjects in the voluntary contraction group were paced at progressively increasing intensities corresponding to 15, 25, 35, and 45% of the injured limb's maximum voluntary torque during weeks 1, 2, 3, and 4, respectively. We found no significant difference between the groups in terms of maximum voluntary knee extension torque throughout the study period. In addition, 1 year after surgery, there was still no significant difference between groups with regard to knee extension torque (p > 0.4). These data suggest that neuromuscular electrical stimulation and voluntary muscle contraction treatments, when performed at the same intensity, are equally effective in strengthening skeletal muscle that has been weakened by surgical repair of the anterior cruciate ligament.",1996,English,J Orthop Res,pubmed,10.1002/jor.1100140121,https://doi.org/10.1002/jor.1100140121,8618155.0,https://pubmed.ncbi.nlm.nih.gov/8618155/,Lieber+equaleffectivenessofelectricalandvolitionalstrengthtrainingf+1996,equaleffectivenessofelectricalandvolitionalstrengthtrainingf+1996,"Equal effectiveness of electrical and volitional strength training for quadriceps femoris muscles after anterior cruciate ligament surgery. Neuromuscular electrical stimulation and voluntary muscle contraction are two exercise modes widely used in rehabilitation to strengthen skeletal muscle. Since there is no debate as to which mode is most effective, we compared electrical stimulation with voluntary contraction performed at matched intensities following reconstructive surgery of the anterior cruciate ligament. Forty men and women, aged 15-44, were randomly assigned to either an electrical stimulation or a voluntary contraction group. None of the subjects had a previous history of neuromuscular injury. The subjects received treatment for 30 minutes a day, 5 days a week, for 4 weeks. Knee extension torque was monitored during treatment to try to match the absolute muscular tensions (quantified as ""activity"") achieved during therapy. To match the activity of the subjects in the electrical stimulation group, who were treated at the highest stimulation intensity they could tolerate, the subjects in the voluntary contraction group were paced at progressively increasing intensities corresponding to 15, 25, 35, and 45% of the injured limb's maximum voluntary torque during weeks 1, 2, 3, and 4, respectively. We found no significant difference between the groups in terms of maximum voluntary knee extension torque throughout the study period. In addition, 1 year after surgery, there was still no significant difference between groups with regard to knee extension torque (p > 0.4). These data suggest that neuromuscular electrical stimulation and voluntary muscle contraction treatments, when performed at the same intensity, are equally effective in strengthening skeletal muscle that has been weakened by surgical repair of the anterior cruciate ligament."
208,548,549,Holm (1995),QT,"Holm I, Hammer S, Larsen S, Nordsletten L, Steen H",Holm,Can a regular leg extension bench be used in testing deficits of the quadriceps muscle during rehabilitation?,canaregularlegextensionbenchbeusedintestingdeficitsofthequad,"Fifty-nine people, 31 healthy subjects with no previous knee injuries and 28 who had undergone an intra-articular anterior cruciate ligament reconstruction 6-12 months prior to testing took part in the study. The subjects were randomly tested bilaterally on a Cybex 6000 isokinetic testing device (ITD) and on an ordinary leg extension bench (LEB). Strength and endurance were tested with both methods. The linear relationships for paired strength and endurance differences between ITD and LEB were found to be acceptable for the operated group. The LEB alone explained 57% and 38% of the ITD outcome for strength and endurance, respectively. The agreement between observed and predicted ITD values based on the LEB measurements was found satisfactory with a positive standardized agreement index. This indicates that the LEB can be used as a helpful tool in evaluation of quadriceps muscle strength deficits.",1995,English,Scand J Med Sci Sports,pubmed,10.1111/j.1600-0838.1995.tb00007.x,https://doi.org/10.1111/j.1600-0838.1995.tb00007.x,7882125.0,https://pubmed.ncbi.nlm.nih.gov/7882125/,Holm+canaregularlegextensionbenchbeusedintestingdeficitsofthequad+1995,canaregularlegextensionbenchbeusedintestingdeficitsofthequad+1995,"Can a regular leg extension bench be used in testing deficits of the quadriceps muscle during rehabilitation? Fifty-nine people, 31 healthy subjects with no previous knee injuries and 28 who had undergone an intra-articular anterior cruciate ligament reconstruction 6-12 months prior to testing took part in the study. The subjects were randomly tested bilaterally on a Cybex 6000 isokinetic testing device (ITD) and on an ordinary leg extension bench (LEB). Strength and endurance were tested with both methods. The linear relationships for paired strength and endurance differences between ITD and LEB were found to be acceptable for the operated group. The LEB alone explained 57% and 38% of the ITD outcome for strength and endurance, respectively. The agreement between observed and predicted ITD values based on the LEB measurements was found satisfactory with a positive standardized agreement index. This indicates that the LEB can be used as a helpful tool in evaluation of quadriceps muscle strength deficits."
210,551,552,Tovin (1994),QT,"Tovin BJ, Wolf SL, Greenfield BH, Crouse J, Woodfin BA",Tovin,Comparison of the effects of exercise in water and on land on the rehabilitation of patients with intra-articular anterior cruciate ligament reconstructions.,comparisonoftheeffectsofexerciseinwaterandonlandontherehabil,"BACKGROUND AND PURPOSE: Exercises in water have been shown to be effective for improving strength and passive range of motion (PROM). Traditional rehabilitation following intra-articular anterior cruciate ligament (ACL) reconstruction has taken place on land. This study was designed to compare the effects of exercises in water on strength and girth of the thigh musculature, knee PROM, joint laxity, effusion, and functional outcome with the effects of similar exercises on land in subjects following intra-articular reconstruction of the ACL. SUBJECTS: Twenty subjects were randomly assigned to either a group that exercised on land or a group that exercised in water. METHODS: Thigh girth, joint effusion, and knee PROM measurements were recorded at 2-week intervals for the first 8 weeks postoperatively. Isokinetic and isometric peak torque measurements for the thigh musculature, knee joint laxity assessments, and Lysholm scores were obtained at the end of 8 weeks. RESULTS: Higher outcome scores were recorded in the water group than in the land group, as measured by Lysholm scales. No differences were noted between groups for knee PROM, thigh girth, or quadriceps femoris muscle performance. In the water group, less joint effusion was noted after the 8 weeks. In the land group, greater peak torque for isokinetic knee flexion was recorded. CONCLUSION AND DISCUSSION: Although exercise in water may not be as effective as exercise on land for regaining maximum muscle performance, rehabilitation in water may minimize the amount of joint effusion and lead to greater self-reports of functional improvement in subjects with intra-articular ACL reconstructions.",1994,English,Phys Ther,pubmed,10.1093/ptj/74.8.710,https://doi.org/10.1093/ptj/74.8.710,8047560.0,https://pubmed.ncbi.nlm.nih.gov/8047560/,Tovin+comparisonoftheeffectsofexerciseinwaterandonlandontherehabil+1994,comparisonoftheeffectsofexerciseinwaterandonlandontherehabil+1994,"Comparison of the effects of exercise in water and on land on the rehabilitation of patients with intra-articular anterior cruciate ligament reconstructions. BACKGROUND AND PURPOSE: Exercises in water have been shown to be effective for improving strength and passive range of motion (PROM). Traditional rehabilitation following intra-articular anterior cruciate ligament (ACL) reconstruction has taken place on land. This study was designed to compare the effects of exercises in water on strength and girth of the thigh musculature, knee PROM, joint laxity, effusion, and functional outcome with the effects of similar exercises on land in subjects following intra-articular reconstruction of the ACL. SUBJECTS: Twenty subjects were randomly assigned to either a group that exercised on land or a group that exercised in water. METHODS: Thigh girth, joint effusion, and knee PROM measurements were recorded at 2-week intervals for the first 8 weeks postoperatively. Isokinetic and isometric peak torque measurements for the thigh musculature, knee joint laxity assessments, and Lysholm scores were obtained at the end of 8 weeks. RESULTS: Higher outcome scores were recorded in the water group than in the land group, as measured by Lysholm scales. No differences were noted between groups for knee PROM, thigh girth, or quadriceps femoris muscle performance. In the water group, less joint effusion was noted after the 8 weeks. In the land group, greater peak torque for isokinetic knee flexion was recorded. CONCLUSION AND DISCUSSION: Although exercise in water may not be as effective as exercise on land for regaining maximum muscle performance, rehabilitation in water may minimize the amount of joint effusion and lead to greater self-reports of functional improvement in subjects with intra-articular ACL reconstructions."
211,554,555,Draper (1991),QT,"Draper V, Ballard L",Draper,Electrical stimulation versus electromyographic biofeedback in the recovery of quadriceps femoris muscle function following anterior cruciate ligament surgery.,electricalstimulationversuselectromyographicbiofeedbackinthe,"Both electrical stimulation and electromyographic biofeedback have been shown to be more effective than voluntary isometric exercise alone in the recovery of quadriceps femoris muscle force following anterior cruciate ligament (ACL) reconstruction. In a comparison of these two modalities, 30 patients with ACL reconstruction were randomly assigned to either a group receiving electrical stimulation in conjunction with voluntary isometric exercise or a group receiving biofeedback in conjunction with voluntary isometric exercise. Following 6 weeks of a rehabilitative exercise protocol, the quadriceps femoris muscle isometric peak torque in the operative limb was compared with that in the nonoperative limb. A t test of independent samples indicated that the biofeedback group recovered a significantly greater percentage of their nonoperative limb's peak torque than did the electrical stimulation group. Measurements of active knee extension were taken at weeks 1, 2, 4, and 6 of the exercise program. A two-way analysis of variance (groups x weeks) indicated no significant difference between the rate at which each group recovered full active extension. The authors concluded that biofeedback is more effective than electrical stimulation in facilitating the recovery of peak torque and that biofeedback is comparable to electrical stimulation in the recovery of active knee extension.",1991,English,Phys Ther,pubmed,10.1093/ptj/71.6.455,https://doi.org/10.1093/ptj/71.6.455,2034708.0,https://pubmed.ncbi.nlm.nih.gov/2034708/,Draper+electricalstimulationversuselectromyographicbiofeedbackinthe+1991,electricalstimulationversuselectromyographicbiofeedbackinthe+1991,"Electrical stimulation versus electromyographic biofeedback in the recovery of quadriceps femoris muscle function following anterior cruciate ligament surgery. Both electrical stimulation and electromyographic biofeedback have been shown to be more effective than voluntary isometric exercise alone in the recovery of quadriceps femoris muscle force following anterior cruciate ligament (ACL) reconstruction. In a comparison of these two modalities, 30 patients with ACL reconstruction were randomly assigned to either a group receiving electrical stimulation in conjunction with voluntary isometric exercise or a group receiving biofeedback in conjunction with voluntary isometric exercise. Following 6 weeks of a rehabilitative exercise protocol, the quadriceps femoris muscle isometric peak torque in the operative limb was compared with that in the nonoperative limb. A t test of independent samples indicated that the biofeedback group recovered a significantly greater percentage of their nonoperative limb's peak torque than did the electrical stimulation group. Measurements of active knee extension were taken at weeks 1, 2, 4, and 6 of the exercise program. A two-way analysis of variance (groups x weeks) indicated no significant difference between the rate at which each group recovered full active extension. The authors concluded that biofeedback is more effective than electrical stimulation in facilitating the recovery of peak torque and that biofeedback is comparable to electrical stimulation in the recovery of active knee extension."
212,556,557,Draper (1990),QT,Draper V,Draper,Electromyographic biofeedback and recovery of quadriceps femoris muscle function following anterior cruciate ligament reconstruction.,electromyographicbiofeedbackandrecoveryofquadricepsfemorismu,"The purpose of this study was to compare the effects of biofeedback-facilitated exercise with exercise alone on the recovery rate of quadriceps femoris muscle function following anterior cruciate ligament (ACL) reconstruction. Functional measures included 1) a dynamometric test of quadriceps femoris muscle isometric peak torque during the 12th postoperative week and 2) the number of days post-operatively that a patient achieved full active extension of the knee. Twenty-two patients with acute ACL injury were randomly assigned to a Treatment (biofeedback) Group (n = 11) or a Control (nonfeedback) Group (n = 11) during the first therapy session one week after reconstructive surgery. After the patients had completed the 12-week exercise program, the quadriceps femoris muscle isometric peak torque in the operative limb was compared with that in the nonoperative limb at three angles (90 degrees, 60 degrees, and 45 degrees) of extension. An analysis of variance revealed significant differences between the Treatment and Control Groups at all three angles. Mean recovery time was calculated for each group, and a t test for independent samples indicated a significant difference between the groups. These results demonstrate that the addition of biofeedback to muscle strengthening exercises facilitates the rate of recovery of quadriceps femoris muscle function following ACL reconstruction.",1990,English,Phys Ther,pubmed,10.1093/ptj/70.1.11,https://doi.org/10.1093/ptj/70.1.11,2294526.0,https://pubmed.ncbi.nlm.nih.gov/2294526/,Draper+electromyographicbiofeedbackandrecoveryofquadricepsfemorismu+1990,electromyographicbiofeedbackandrecoveryofquadricepsfemorismu+1990,"Electromyographic biofeedback and recovery of quadriceps femoris muscle function following anterior cruciate ligament reconstruction. The purpose of this study was to compare the effects of biofeedback-facilitated exercise with exercise alone on the recovery rate of quadriceps femoris muscle function following anterior cruciate ligament (ACL) reconstruction. Functional measures included 1) a dynamometric test of quadriceps femoris muscle isometric peak torque during the 12th postoperative week and 2) the number of days post-operatively that a patient achieved full active extension of the knee. Twenty-two patients with acute ACL injury were randomly assigned to a Treatment (biofeedback) Group (n = 11) or a Control (nonfeedback) Group (n = 11) during the first therapy session one week after reconstructive surgery. After the patients had completed the 12-week exercise program, the quadriceps femoris muscle isometric peak torque in the operative limb was compared with that in the nonoperative limb at three angles (90 degrees, 60 degrees, and 45 degrees) of extension. An analysis of variance revealed significant differences between the Treatment and Control Groups at all three angles. Mean recovery time was calculated for each group, and a t test for independent samples indicated a significant difference between the groups. These results demonstrate that the addition of biofeedback to muscle strengthening exercises facilitates the rate of recovery of quadriceps femoris muscle function following ACL reconstruction."
220,998,109,Fralinger (2016),BPTB,"Fralinger DJ, Kaplan DJ, Weinberg ME, Strauss EJ, Jazrawi LM",Fralinger,BIOLOGICAL TREATMENTS FOR TENDON AND LIGAMENT ABNORMALITIES A Critical Analysis Review,biologicaltreatmentsfortendonandligamentabnormalitiesacritic,"The poor intrinsic healing potential of tendon and ligamentous tissue has driven the search for biological agents that can improve healing, most notably platelet-rich plasma (PRP) and autologous stem cells. Current evidence best supports the use of PRP as treatment for chronic, degenerative tendinopathies such as lateral epicondylitis of the elbow or patellar tendinopathy. It does not support the use of PRP to promote tendon or ligament-to-bone healing in rotator cuff repair or anterior cruciate ligament (ACL) reconstruction. Clinical evidence regarding the use of autologous stem cells as treatment for tendon and ligament abnormalities is currently limited. However, the initial results appear to be promising, particularly following rotator cuff repair. A major limitation in the evaluation of current data is the lack of standardization in the preparation and composition of PRP, which are often not reported. Future investigators should make an effort to report the method of preparation and final composition of PRP used. Autologous stem cells were most often harvested from bone marrow aspirate but were occasionally derived from dermal tenocyte cells. Recent studies have explored new sources for stem cells, including adipose tissue, peripheral blood, and human amniotic tissue. We expect that clinical data evaluating these treatments will soon emerge.",2016,English,JBJS REV,wos,10.2106/JBJS.RVW.15.00079,https://doi.org/10.2106/JBJS.RVW.15.00079,27486722.0,https://pubmed.ncbi.nlm.nih.gov/27486722/,Fralinger+biologicaltreatmentsfortendonandligamentabnormalitiesacritic+2016,biologicaltreatmentsfortendonandligamentabnormalitiesacritic+2016,"BIOLOGICAL TREATMENTS FOR TENDON AND LIGAMENT ABNORMALITIES A Critical Analysis Review The poor intrinsic healing potential of tendon and ligamentous tissue has driven the search for biological agents that can improve healing, most notably platelet-rich plasma (PRP) and autologous stem cells. Current evidence best supports the use of PRP as treatment for chronic, degenerative tendinopathies such as lateral epicondylitis of the elbow or patellar tendinopathy. It does not support the use of PRP to promote tendon or ligament-to-bone healing in rotator cuff repair or anterior cruciate ligament (ACL) reconstruction. Clinical evidence regarding the use of autologous stem cells as treatment for tendon and ligament abnormalities is currently limited. However, the initial results appear to be promising, particularly following rotator cuff repair. A major limitation in the evaluation of current data is the lack of standardization in the preparation and composition of PRP, which are often not reported. Future investigators should make an effort to report the method of preparation and final composition of PRP used. Autologous stem cells were most often harvested from bone marrow aspirate but were occasionally derived from dermal tenocyte cells. Recent studies have explored new sources for stem cells, including adipose tissue, peripheral blood, and human amniotic tissue. We expect that clinical data evaluating these treatments will soon emerge."
229,1074,185,Weale (1999),BPTB,"Weale AE, Murray DW, Newman JH, Ackroyd CE",Weale,The length of the patellar tendon after unicompartmental and total knee replacement,thelengthofthepatellartendonafterunicompartmentalandtotalkne,"Patella infera may occur after reconstruction of the I anterior cruciate ligament (ACL), high tibial osteotomy and total knee replacement (TKR), Restriction of movement of the knee and pain may result. Our aim was to compare the incidence and to assess the effects of patella infera after TKR and unicompartmental knee replacement (UKR), We reviewed radiographs of the knees of 84 patients who had had either TKR or UKR as part of a randomised, controlled trial. The length of the patellar tendon was measured on serial radiographs taken before, at eight months and at five years after operation, There was no significant change in the length of the patellar tendon after UKR, but a significant reduction was observed after TKR, Five years after the operation, the shortening of the tendon had increased to a mean of 3.5 mm, Of the knees with TKR reviewed at five years, 34% developed patella infera, defined as 10% or more of shortening, compared with 5% of those with UKR, Shortening was greatest in those knees which had required a lateral release; in this subgroup the mean shortening was 7.2 mm, Shortening correlated with restriction of movement and pain in the knee. Our study has shown that patella infera develops in most patients after TKR with lateral release, and in approximately 25% of patients after TKR without this additional procedure, Patella infera rarely occurs after UKR, It is associated with restriction of movement and pain in the knee, It may be an effect of the more extensive exposure required to perform TKR and may, in part, explain the better clinical results of UKR.",1999,English,J BONE JOINT SURG BR,wos,10.1302/0301-620X.81B5.9590,https://doi.org/10.1302/0301-620X.81B5.9590,10530838.0,https://pubmed.ncbi.nlm.nih.gov/10530838/,Weale+thelengthofthepatellartendonafterunicompartmentalandtotalkne+1999,thelengthofthepatellartendonafterunicompartmentalandtotalkne+1999,"The length of the patellar tendon after unicompartmental and total knee replacement Patella infera may occur after reconstruction of the I anterior cruciate ligament (ACL), high tibial osteotomy and total knee replacement (TKR), Restriction of movement of the knee and pain may result. Our aim was to compare the incidence and to assess the effects of patella infera after TKR and unicompartmental knee replacement (UKR), We reviewed radiographs of the knees of 84 patients who had had either TKR or UKR as part of a randomised, controlled trial. The length of the patellar tendon was measured on serial radiographs taken before, at eight months and at five years after operation, There was no significant change in the length of the patellar tendon after UKR, but a significant reduction was observed after TKR, Five years after the operation, the shortening of the tendon had increased to a mean of 3.5 mm, Of the knees with TKR reviewed at five years, 34% developed patella infera, defined as 10% or more of shortening, compared with 5% of those with UKR, Shortening was greatest in those knees which had required a lateral release; in this subgroup the mean shortening was 7.2 mm, Shortening correlated with restriction of movement and pain in the knee. Our study has shown that patella infera develops in most patients after TKR with lateral release, and in approximately 25% of patients after TKR without this additional procedure, Patella infera rarely occurs after UKR, It is associated with restriction of movement and pain in the knee, It may be an effect of the more extensive exposure required to perform TKR and may, in part, explain the better clinical results of UKR."
230,1100,211,Bade (2022),HT,"Bade D, Malayko G, Johnson L, Bradford K, Reddan T, Stockton C, Frawley K, Phillips T, Saxby D, Ware RS, Byrnes J, Carty CP",Bade,Single versus double hamstring tendon graft in anterior cruciate ligament reconstruction in the paediatric patient: a single-blind randomised controlled trial study protocol,singleversusdoublehamstringtendongraftinanteriorcruciateliga,"Introduction There is currently no clear indication in the literature regarding a single or double hamstring tendon (single bundle) autograft for anterior cruciate ligament (ACL) reconstruction in the paediatric patient. The primary aim of this single blind randomised controlled trial is to determine whether a single or double hamstring tendon graft ACLR leads to superior clinical outcomes postsurgery in paediatric patients with ACL injury. Methods and analysis Single site, prospective, single blind, randomised controlled trial with two parallel treatment arms. 100 patients aged 10-18 years who present with an isolated ACL tear +/- meniscal injury, verified on MRI, will be randomly allocated to one of the two surgical groups. The primary outcomes will be side-to-side difference in anterior tibial translation and graft failure incidence 12 months postsurgery. Primary and secondary outcomes will also be assessed at 2-year and 5-year postsurgery. Ethics and dissemination Results will be presented in peer-reviewed journals and at international conferences and disseminated to participants and healthcare professionals via newsletters and hospital presentations. This study is approved by the Children's Health Queensland Hospital and Health Service Human Research Ethics committee.",2022,English,BMJ OPEN,wos,10.1136/bmjopen-2021-057465,https://doi.org/10.1136/bmjopen-2021-057465,35985784.0,https://pubmed.ncbi.nlm.nih.gov/35985784/,Bade+singleversusdoublehamstringtendongraftinanteriorcruciateliga+2022,singleversusdoublehamstringtendongraftinanteriorcruciateliga+2022,"Single versus double hamstring tendon graft in anterior cruciate ligament reconstruction in the paediatric patient: a single-blind randomised controlled trial study protocol Introduction There is currently no clear indication in the literature regarding a single or double hamstring tendon (single bundle) autograft for anterior cruciate ligament (ACL) reconstruction in the paediatric patient. The primary aim of this single blind randomised controlled trial is to determine whether a single or double hamstring tendon graft ACLR leads to superior clinical outcomes postsurgery in paediatric patients with ACL injury. Methods and analysis Single site, prospective, single blind, randomised controlled trial with two parallel treatment arms. 100 patients aged 10-18 years who present with an isolated ACL tear +/- meniscal injury, verified on MRI, will be randomly allocated to one of the two surgical groups. The primary outcomes will be side-to-side difference in anterior tibial translation and graft failure incidence 12 months postsurgery. Primary and secondary outcomes will also be assessed at 2-year and 5-year postsurgery. Ethics and dissemination Results will be presented in peer-reviewed journals and at international conferences and disseminated to participants and healthcare professionals via newsletters and hospital presentations. This study is approved by the Children's Health Queensland Hospital and Health Service Human Research Ethics committee."
232,1122,233,Browning (2017),HT,"Browning WM, Kluczynski MA, Curatolo C, Marzo JM",Browning,Suspensory Versus Aperture Fixation of a Quadrupled Hamstring Tendon Autograft in Anterior Cruciate Ligament Reconstruction A Meta-analysis,suspensoryversusaperturefixationofaquadrupledhamstringtendon,"Background: Hamstring grafts have become a popular choice for anterior cruciate ligament (ACL) reconstruction; however, the most effective means of fixation of these soft tissue grafts is unknown. Purpose: To determine whether suspensory or aperture fixation of hamstring tendon autografts provides better stability and clinical outcomes in ACL reconstruction. Study Design: Meta-analysis. Methods: A literature search of studies reporting single-bundle ACL reconstructions using 4-stranded hamstring tendon autografts with aperture or suspensory fixation with a minimum 24-month follow-up was conducted. Stability and clinical outcomes were compared for aperture versus suspensory fixation. Knee stability was measured with the Lachman or pivot-shift test or KT-1000 arthrometer side-to-side difference (SSD), and outcomes were determined with the International Knee Documentation Committee (IKDC), Tegner, and Lysholm scores as well as graft failures. A random-effects model with a pooled estimate for the between-study variance was used to estimate proportions or means for each outcome and its corresponding 95% CI. Results: Forty-one studies were included, of which 20 utilized suspensory fixation techniques and 21 utilized aperture fixation techniques. A > 3-mm SSD was seen more often in the aperture group than the suspensory group, which was statistically significant (P < .0001), but there was no significant difference between groups for a > 5-mm SSD (P = .53). The aperture group demonstrated significantly more graft ruptures than did the suspensory group (P = .03). There were no statistically significant differences in Lachman grade 0 (P = .76), grade 1 (P = .89), and grade 2 (P = .55) or pivot-shift grade 0 (P = .72), grade 1 (P = .97), and grade 2 (P = .28). There was no statistically significant difference in mean continuous IKDC (P = .80), Tegner (P = .34), or Lysholm (P = .84) scores. Conclusion: This meta-analysis demonstrated improved overall arthrometric stability and fewer graft ruptures using suspensory fixation compared with aperture fixation of a quadrupled hamstring tendon autograft in ACL reconstruction. There were no differences in IKDC, Lysholm, Lachman, and pivot-shift outcomes between suspensory and aperture fixation.",2017,English,AM J SPORT MED,wos,10.1177/0363546516680995,https://doi.org/10.1177/0363546516680995,28068159.0,https://pubmed.ncbi.nlm.nih.gov/28068159/,Browning+suspensoryversusaperturefixationofaquadrupledhamstringtendon+2017,suspensoryversusaperturefixationofaquadrupledhamstringtendon+2017,"Suspensory Versus Aperture Fixation of a Quadrupled Hamstring Tendon Autograft in Anterior Cruciate Ligament Reconstruction A Meta-analysis Background: Hamstring grafts have become a popular choice for anterior cruciate ligament (ACL) reconstruction; however, the most effective means of fixation of these soft tissue grafts is unknown. Purpose: To determine whether suspensory or aperture fixation of hamstring tendon autografts provides better stability and clinical outcomes in ACL reconstruction. Study Design: Meta-analysis. Methods: A literature search of studies reporting single-bundle ACL reconstructions using 4-stranded hamstring tendon autografts with aperture or suspensory fixation with a minimum 24-month follow-up was conducted. Stability and clinical outcomes were compared for aperture versus suspensory fixation. Knee stability was measured with the Lachman or pivot-shift test or KT-1000 arthrometer side-to-side difference (SSD), and outcomes were determined with the International Knee Documentation Committee (IKDC), Tegner, and Lysholm scores as well as graft failures. A random-effects model with a pooled estimate for the between-study variance was used to estimate proportions or means for each outcome and its corresponding 95% CI. Results: Forty-one studies were included, of which 20 utilized suspensory fixation techniques and 21 utilized aperture fixation techniques. A > 3-mm SSD was seen more often in the aperture group than the suspensory group, which was statistically significant (P < .0001), but there was no significant difference between groups for a > 5-mm SSD (P = .53). The aperture group demonstrated significantly more graft ruptures than did the suspensory group (P = .03). There were no statistically significant differences in Lachman grade 0 (P = .76), grade 1 (P = .89), and grade 2 (P = .55) or pivot-shift grade 0 (P = .72), grade 1 (P = .97), and grade 2 (P = .28). There was no statistically significant difference in mean continuous IKDC (P = .80), Tegner (P = .34), or Lysholm (P = .84) scores. Conclusion: This meta-analysis demonstrated improved overall arthrometric stability and fewer graft ruptures using suspensory fixation compared with aperture fixation of a quadrupled hamstring tendon autograft in ACL reconstruction. There were no differences in IKDC, Lysholm, Lachman, and pivot-shift outcomes between suspensory and aperture fixation."
233,1124,235,Martinez-Cano (2025),HT,"Martinez-Cano JP, Gallego A, Cuadros J, Ibarra L, Mejia FM, Velasquez-Hammerle MV, Martinez-Rondanelli A",Martinez-Cano,Similar results with quadrupled semitendinosus and semitendinosus-gracilis graft in anterior cruciate ligament reconstruction: A randomised controlled trial with 2-year follow-up,similarresultswithquadrupledsemitendinosusandsemitendinosusg,"Purpose to compare quadrupled semitendinosus (STx4) with semitendinosus-gracilis graft in anterior cruciate ligament (ACL) reconstruction surgery.Methods Parallel randomised controlled trial with two groups of treatment (n = 42) in primary ACL reconstruction surgery. Follow-up during 2 years after surgery with visits at 3, 6, 12 and 24 months. Primary outcome: quadriceps and hamstrings strength in newtons (N). Secondary outcomes: ACL re-rupture, additional surgeries, return to sport and patient-reported outcomes (PROMs): knee injury and osteoarthritis outcome score (KOOS), International Knee Documentation Committee (IKDC) and Tegner-Lysholm.Results There was 1/21 ACL re-rupture for STx4 and 2/21 for the control group (p = 0.9). One additional surgery for each group: ACL revision (control group) and meniscectomy (STx4). There were no other complications and no differences in PROMs between grafts, except for Tegner-Lysholm at 3 months, that favoured the STx4 group (76.0, confidence interval [CI]: 56.0-86.0 vs. 85.0, CI: 77.0-93.0), p = 0.04. The median surgery satisfaction was good in both groups STx4 (95%, interquartile range (IQR): 90%-98%) and ST-G (98%, IQR: 95%-100%) (p = 0.13). Return to sport was 90% (n = 19) for the STx4 group and 81% (n = 17) for the ST-G group (p = 0.37). Quadriceps strength recovered sooner (6 months) than hamstrings (24 months) in both groups. There were no statistically significant differences in strength between STx4 and ST-G at final follow-up (hamstrings in flexion [mean +/- SD]: 173 +/- 53 N vs. 166 +/- 51 N, p = 0.7; hamstrings in extension: 204 +/- 61 N vs. 199 +/- 64 N, p = 0.8; quadriceps in flexion: 217 +/- 42 N vs. 209 +/- 47 N, p = 0.6; quadriceps in extension: 193 +/- 51 N vs. 191 +/- 46 N, p = 0.9).Conclusions This study found no statistically significant differences at 2 years between a STx4 and a ST-G graft configuration for primary ACL reconstruction regarding strength, PROMs, return to sport, failure rates and complications; larger studies are required to confirm noninferiority. Clinical Trials number: NCT03433170.Level of Evidence Level I.",2025,English,J EXP ORTHOP,wos,10.1002/jeo2.70399,https://doi.org/10.1002/jeo2.70399,41018256.0,https://pubmed.ncbi.nlm.nih.gov/41018256/,Martinez-Cano+similarresultswithquadrupledsemitendinosusandsemitendinosusg+2025,similarresultswithquadrupledsemitendinosusandsemitendinosusg+2025,"Similar results with quadrupled semitendinosus and semitendinosus-gracilis graft in anterior cruciate ligament reconstruction: A randomised controlled trial with 2-year follow-up Purpose to compare quadrupled semitendinosus (STx4) with semitendinosus-gracilis graft in anterior cruciate ligament (ACL) reconstruction surgery.Methods Parallel randomised controlled trial with two groups of treatment (n = 42) in primary ACL reconstruction surgery. Follow-up during 2 years after surgery with visits at 3, 6, 12 and 24 months. Primary outcome: quadriceps and hamstrings strength in newtons (N). Secondary outcomes: ACL re-rupture, additional surgeries, return to sport and patient-reported outcomes (PROMs): knee injury and osteoarthritis outcome score (KOOS), International Knee Documentation Committee (IKDC) and Tegner-Lysholm.Results There was 1/21 ACL re-rupture for STx4 and 2/21 for the control group (p = 0.9). One additional surgery for each group: ACL revision (control group) and meniscectomy (STx4). There were no other complications and no differences in PROMs between grafts, except for Tegner-Lysholm at 3 months, that favoured the STx4 group (76.0, confidence interval [CI]: 56.0-86.0 vs. 85.0, CI: 77.0-93.0), p = 0.04. The median surgery satisfaction was good in both groups STx4 (95%, interquartile range (IQR): 90%-98%) and ST-G (98%, IQR: 95%-100%) (p = 0.13). Return to sport was 90% (n = 19) for the STx4 group and 81% (n = 17) for the ST-G group (p = 0.37). Quadriceps strength recovered sooner (6 months) than hamstrings (24 months) in both groups. There were no statistically significant differences in strength between STx4 and ST-G at final follow-up (hamstrings in flexion [mean +/- SD]: 173 +/- 53 N vs. 166 +/- 51 N, p = 0.7; hamstrings in extension: 204 +/- 61 N vs. 199 +/- 64 N, p = 0.8; quadriceps in flexion: 217 +/- 42 N vs. 209 +/- 47 N, p = 0.6; quadriceps in extension: 193 +/- 51 N vs. 191 +/- 46 N, p = 0.9).Conclusions This study found no statistically significant differences at 2 years between a STx4 and a ST-G graft configuration for primary ACL reconstruction regarding strength, PROMs, return to sport, failure rates and complications; larger studies are required to confirm noninferiority. Clinical Trials number: NCT03433170.Level of Evidence Level I."
235,1133,244,du (2022),HT,"du Moulin W, Kositsky A, Bourne MN, Diamond LE, Tudor F, Vertullo C, Saxby DJ",du,"Study protocol for double-blind, randomised placebo-controlled trial evaluating semitendinosus function and morbidity following tendon harvesting for anterior cruciate ligament reconstruction augmented by platelet-rich plasma",studyprotocolfordoubleblindrandomisedplacebocontrolledtriale,"Introduction Anterior cruciate ligament (ACL) rupture is debilitating, often requiring surgical reconstruction. An ACL reconstruction (ACLR) using a tendon autograft harvested from the semitendinosus results in substantial injury to the donor muscle. Following ACLR, patients rarely return to their preinjury level of physical activity, are at elevated risk of secondary lower limb injuries and early onset knee osteoarthritis. To date, no randomised controlled trial has evaluated the efficacy of platelet-rich plasma (PRP) in aiding knee function and semitendinosus morphology of following ALCR. Methods and analysis This is a multicentre double-blind randomised placebo-controlled trial. Fifty-four ACLR patients aged 18-50 years will be randomised to receive either a single application of PRP (ACLR+) or placebo saline (ACLR) into the semitendinosus harvest zone at the time of surgery. All patients will undergo normal postoperative rehabilitation recommended by the attending orthopaedic surgeon or physiotherapist. The primary outcome measure is between-limb difference (ACLR compared with intact contralateral) in isometric knee flexor strength at 60(o) knee flexion, collected 10-12 months postsurgery. This primary outcome measure will be statistically compared between groups (ACLR+ and standard ACLR). Secondary outcome measures include bilateral assessments of hamstring muscle morphology via MRI, biomechanical and electromyographic parameters during an anticipated 45 degrees running side-step cut and multidirectional hopping task and patient-reported outcomes questionaries. Additionally, patient-reported outcomes questionaries will be collected before (baseline) as well as immediately after surgery, and at 2-6 weeks, 3-4 months, 10-12 months and 22-24 months postsurgery 10-12 months following surgery. Ethics and dissemination Ethics approval has been granted by Griffith University Human Research Ethics Committee, Greenslopes Research and Ethics Committee, and Royal Brisbane & Women's Hospital Human Research Ethics Committee. Results will be submitted for publication in a peer-reviewed medical journal.",2022,English,BMJ OPEN,wos,10.1136/bmjopen-2022-061701,https://doi.org/10.1136/bmjopen-2022-061701,36123079.0,https://pubmed.ncbi.nlm.nih.gov/36123079/,du+studyprotocolfordoubleblindrandomisedplacebocontrolledtriale+2022,studyprotocolfordoubleblindrandomisedplacebocontrolledtriale+2022,"Study protocol for double-blind, randomised placebo-controlled trial evaluating semitendinosus function and morbidity following tendon harvesting for anterior cruciate ligament reconstruction augmented by platelet-rich plasma Introduction Anterior cruciate ligament (ACL) rupture is debilitating, often requiring surgical reconstruction. An ACL reconstruction (ACLR) using a tendon autograft harvested from the semitendinosus results in substantial injury to the donor muscle. Following ACLR, patients rarely return to their preinjury level of physical activity, are at elevated risk of secondary lower limb injuries and early onset knee osteoarthritis. To date, no randomised controlled trial has evaluated the efficacy of platelet-rich plasma (PRP) in aiding knee function and semitendinosus morphology of following ALCR. Methods and analysis This is a multicentre double-blind randomised placebo-controlled trial. Fifty-four ACLR patients aged 18-50 years will be randomised to receive either a single application of PRP (ACLR+) or placebo saline (ACLR) into the semitendinosus harvest zone at the time of surgery. All patients will undergo normal postoperative rehabilitation recommended by the attending orthopaedic surgeon or physiotherapist. The primary outcome measure is between-limb difference (ACLR compared with intact contralateral) in isometric knee flexor strength at 60(o) knee flexion, collected 10-12 months postsurgery. This primary outcome measure will be statistically compared between groups (ACLR+ and standard ACLR). Secondary outcome measures include bilateral assessments of hamstring muscle morphology via MRI, biomechanical and electromyographic parameters during an anticipated 45 degrees running side-step cut and multidirectional hopping task and patient-reported outcomes questionaries. Additionally, patient-reported outcomes questionaries will be collected before (baseline) as well as immediately after surgery, and at 2-6 weeks, 3-4 months, 10-12 months and 22-24 months postsurgery 10-12 months following surgery. Ethics and dissemination Ethics approval has been granted by Griffith University Human Research Ethics Committee, Greenslopes Research and Ethics Committee, and Royal Brisbane & Women's Hospital Human Research Ethics Committee. Results will be submitted for publication in a peer-reviewed medical journal."
238,1163,274,Schoepp (2023),HT,"Schoepp C, Ohmann T, Martin W, Praetorius A, Seelmann C, Dudda M, Stengel D, Hax J",Schoepp,Brace-Free Rehabilitation after Isolated Anterior Cruciate Ligament Reconstruction with Hamstring Tendon Autograft Is Not Inferior to Brace-Based Rehabilitation-A Randomised Controlled Trial,bracefreerehabilitationafterisolatedanteriorcruciateligament,"Purpose: The postoperative use of a rehabilitative knee brace after isolated primary anterior cruciate ligament (ACL) reconstruction (ACLR) using a hamstring tendon (HT) autograft is controversial. A knee brace may provide subjective safety but can cause damage if applied incorrectly. The aim of this study is to evaluate the effect of a knee brace on clinical outcomes following isolated ACLR using HT autograft. Methods: In this prospective randomised trial, 114 adults (32.4 +/- 11.5 years, 35.1% women) underwent isolated ACLR using HT autograft after primary ACL rupture. Patients were randomly assigned to wear either a knee brace (n = 58) or no brace (n = 56) for 6 weeks postoperatively. An initial examination was performed preoperatively, and at 6 weeks and 4, 6, and 12 months. The primary endpoint was the subjective International Knee Documentation Committee (IKDC) score to measure participants' subjective perceptions. Secondary endpoints included objective knee function assessed by IKDC, instrumented knee laxity measurements, isokinetic strength tests of the knee extensors and flexors, Lysholm Knee Score, Tegner Activity Score, Anterior Cruciate Ligament-Return to Sport after Injury Score, and quality of life determined by Short Form-36 (SF36). Results: There were no statistically significant or clinically meaningful differences in IKDC scores between the two study groups (3.29, 95% confidence interval (CI) -1.39 to 7.97, p = 0.03 for evidence of non-inferiority of brace-free compared with brace-based rehabilitation). The difference in Lysholm score was 3.20 (95% CI -2.47 to 8.87); the difference in SF36 physical component score 0.09 (95% CI -1.93 to 3.03). In addition, isokinetic testing did not reveal any clinically relevant differences between the groups (n.s.). Conclusions: Brace-free rehabilitation is non-inferior to a brace-based protocol regarding physical recovery 1 year after isolated ACLR using HT autograft. Consequently, the use of a knee brace might be avoided after such a procedure. Level of Evidence: Level I, therapeutic study.",2023,English,J CLIN MED,wos,10.3390/jcm12052074,https://doi.org/10.3390/jcm12052074,36902868.0,https://pubmed.ncbi.nlm.nih.gov/36902868/,Schoepp+bracefreerehabilitationafterisolatedanteriorcruciateligament+2023,bracefreerehabilitationafterisolatedanteriorcruciateligament+2023,"Brace-Free Rehabilitation after Isolated Anterior Cruciate Ligament Reconstruction with Hamstring Tendon Autograft Is Not Inferior to Brace-Based Rehabilitation-A Randomised Controlled Trial Purpose: The postoperative use of a rehabilitative knee brace after isolated primary anterior cruciate ligament (ACL) reconstruction (ACLR) using a hamstring tendon (HT) autograft is controversial. A knee brace may provide subjective safety but can cause damage if applied incorrectly. The aim of this study is to evaluate the effect of a knee brace on clinical outcomes following isolated ACLR using HT autograft. Methods: In this prospective randomised trial, 114 adults (32.4 +/- 11.5 years, 35.1% women) underwent isolated ACLR using HT autograft after primary ACL rupture. Patients were randomly assigned to wear either a knee brace (n = 58) or no brace (n = 56) for 6 weeks postoperatively. An initial examination was performed preoperatively, and at 6 weeks and 4, 6, and 12 months. The primary endpoint was the subjective International Knee Documentation Committee (IKDC) score to measure participants' subjective perceptions. Secondary endpoints included objective knee function assessed by IKDC, instrumented knee laxity measurements, isokinetic strength tests of the knee extensors and flexors, Lysholm Knee Score, Tegner Activity Score, Anterior Cruciate Ligament-Return to Sport after Injury Score, and quality of life determined by Short Form-36 (SF36). Results: There were no statistically significant or clinically meaningful differences in IKDC scores between the two study groups (3.29, 95% confidence interval (CI) -1.39 to 7.97, p = 0.03 for evidence of non-inferiority of brace-free compared with brace-based rehabilitation). The difference in Lysholm score was 3.20 (95% CI -2.47 to 8.87); the difference in SF36 physical component score 0.09 (95% CI -1.93 to 3.03). In addition, isokinetic testing did not reveal any clinically relevant differences between the groups (n.s.). Conclusions: Brace-free rehabilitation is non-inferior to a brace-based protocol regarding physical recovery 1 year after isolated ACLR using HT autograft. Consequently, the use of a knee brace might be avoided after such a procedure. Level of Evidence: Level I, therapeutic study."
241,1181,292,Aitchison (2022),HT,"Aitchison AH, Schlichte LM, Heath MR, Fabricant PD, Green DW",Aitchison,Posterior Approach With Small Incision Is a Safe Alternative to Anterior Approach for Hamstring Autograft Harvest in Adolescents,posteriorapproachwithsmallincisionisasafealternativetoanteri,"Background: There are potential drawbacks and complications associated with using the anterior approach to harvest the hamstring tendon as an autograft source for anterior cruciate ligament (ACL) and medial patellofemoral ligament (MPFL) reconstruction. A posterior harvest technique has been described as an alternative to an anterior approach in skeletally mature patients. The 2 approaches have not been compared in adolescents. Purpose: We sought to compare the incision size and harvested tendon length produced by anterior and posterior hamstring harvest techniques in an adolescent population. Methods: After obtaining consent, we prospectively collected data on a consecutive series of 115 adolescents undergoing ACL or MPFL reconstruction, including the length of the incision and of the harvested hamstring tendon. Demographic information including age, sex, and body mass index (BMI) was collected at the time of surgery. Results: The mean age at the time of surgery was 14.3 +/- 1.8 years (range: 9-21 years), and 43% (N = 50) of participants were male. Of the 115 hamstring autografts, 26 were harvested anteriorly and 89 were harvested posteriorly. Neither mean semitendinosus length nor mean gracilis length was significantly different when harvested anteriorly versus posteriorly. The posterior harvest group had a mean incision length that was significantly smaller than that of the anterior harvest group. No iatrogenic nerve injuries or neurovascular complications were observed in either group. Conclusion: A posterior incision for hamstring autograft harvest provided an alternative approach in adolescents, which resulted in a 20% smaller incision than an anterior approach. For procedures such as MPFL reconstruction that do not require concomitant anteromedial work, posterior hamstring harvest may be used to improve cosmesis while producing viable hamstring autograft tissue for surgical reconstruction.",2022,English,HSS J,wos,10.1177/15563316221085262,https://doi.org/10.1177/15563316221085262,36263280.0,https://pubmed.ncbi.nlm.nih.gov/36263280/,Aitchison+posteriorapproachwithsmallincisionisasafealternativetoanteri+2022,posteriorapproachwithsmallincisionisasafealternativetoanteri+2022,"Posterior Approach With Small Incision Is a Safe Alternative to Anterior Approach for Hamstring Autograft Harvest in Adolescents Background: There are potential drawbacks and complications associated with using the anterior approach to harvest the hamstring tendon as an autograft source for anterior cruciate ligament (ACL) and medial patellofemoral ligament (MPFL) reconstruction. A posterior harvest technique has been described as an alternative to an anterior approach in skeletally mature patients. The 2 approaches have not been compared in adolescents. Purpose: We sought to compare the incision size and harvested tendon length produced by anterior and posterior hamstring harvest techniques in an adolescent population. Methods: After obtaining consent, we prospectively collected data on a consecutive series of 115 adolescents undergoing ACL or MPFL reconstruction, including the length of the incision and of the harvested hamstring tendon. Demographic information including age, sex, and body mass index (BMI) was collected at the time of surgery. Results: The mean age at the time of surgery was 14.3 +/- 1.8 years (range: 9-21 years), and 43% (N = 50) of participants were male. Of the 115 hamstring autografts, 26 were harvested anteriorly and 89 were harvested posteriorly. Neither mean semitendinosus length nor mean gracilis length was significantly different when harvested anteriorly versus posteriorly. The posterior harvest group had a mean incision length that was significantly smaller than that of the anterior harvest group. No iatrogenic nerve injuries or neurovascular complications were observed in either group. Conclusion: A posterior incision for hamstring autograft harvest provided an alternative approach in adolescents, which resulted in a 20% smaller incision than an anterior approach. For procedures such as MPFL reconstruction that do not require concomitant anteromedial work, posterior hamstring harvest may be used to improve cosmesis while producing viable hamstring autograft tissue for surgical reconstruction."
244,1191,302,Karikis (2017),HT,"Karikis I, Ejerhed L, Sernert N, RostgÃ¥rd-Christensen L, Kartus J",Karikis,Radiographic Tibial Tunnel Assessment After Anterior Cruciate Ligament Reconstruction Using Hamstring Tendon Autografts and Biocomposite Screws: A Prospective Study With 5-Year Follow-Up,radiographictibialtunnelassessmentafteranteriorcruciateligam,"To radiographically assess the tibial tunnel up to 5 years after anterior cruciate ligament (ACL) reconstruction using hamstring tendon autografts and biocomposite interference screws. Methods: Fifty-one patients underwent anatomic single-bundle ACL reconstruction with metal interference screws in the femur and biocomposite interference screws in the tibia. Standardized digital radiographs with weight-bearing anteroposterior and lateral views of the index knee were taken in the early postoperative period and at 2 and 5 years postoperatively. Of 51 patients, 40 (78%) underwent radiographic assessment on all 3 occasions. Subjective and objective clinical assessments were obtained preoperatively and at the 5-year follow-up. Results: The mean follow-up period was 65 months (+/- 3.9 months), with a minimum of 59 months. The width of the tibial tunnel on the anteroposterior view was 9.4 mm (+/- 1.4 mm) in the early postoperative period and 9.2 mm (+/- 1.5 mm) at 5 years (P = .64). The corresponding widths on the lateral view were 9.6 mm (+/- 1.5 mm) in the early postoperative period and 9.0 mm (+/- 1.4 mm) at 5 years (P = .014). In 33 of 40 patients (83%) the width of the tibial tunnel had decreased on 1 or both views at 5 years compared with the early postoperative period. The study group had improved significantly at the 5-year follow-up compared with the preoperative assessments in terms of the KT-1000 arthrometer laxity tests (MEDmetric, San Diego, CA), pivot-shift test, Tegner activity scale, and Lysholm knee score (P < .001). No correlations were found between the tunnel widths and the KT-1000 assessment. Conclusions: In 83% of patients, the width of the tibial tunnel had decreased on 1 or both radiographic views at 5 years compared with the early postoperative period after ACL reconstruction using biocomposite interference screws.",2017,English,ARTHROSCOPY,wos,10.1016/j.arthro.2017.06.025,https://doi.org/10.1016/j.arthro.2017.06.025,28822635.0,https://pubmed.ncbi.nlm.nih.gov/28822635/,Karikis+radiographictibialtunnelassessmentafteranteriorcruciateligam+2017,radiographictibialtunnelassessmentafteranteriorcruciateligam+2017,"Radiographic Tibial Tunnel Assessment After Anterior Cruciate Ligament Reconstruction Using Hamstring Tendon Autografts and Biocomposite Screws: A Prospective Study With 5-Year Follow-Up To radiographically assess the tibial tunnel up to 5 years after anterior cruciate ligament (ACL) reconstruction using hamstring tendon autografts and biocomposite interference screws. Methods: Fifty-one patients underwent anatomic single-bundle ACL reconstruction with metal interference screws in the femur and biocomposite interference screws in the tibia. Standardized digital radiographs with weight-bearing anteroposterior and lateral views of the index knee were taken in the early postoperative period and at 2 and 5 years postoperatively. Of 51 patients, 40 (78%) underwent radiographic assessment on all 3 occasions. Subjective and objective clinical assessments were obtained preoperatively and at the 5-year follow-up. Results: The mean follow-up period was 65 months (+/- 3.9 months), with a minimum of 59 months. The width of the tibial tunnel on the anteroposterior view was 9.4 mm (+/- 1.4 mm) in the early postoperative period and 9.2 mm (+/- 1.5 mm) at 5 years (P = .64). The corresponding widths on the lateral view were 9.6 mm (+/- 1.5 mm) in the early postoperative period and 9.0 mm (+/- 1.4 mm) at 5 years (P = .014). In 33 of 40 patients (83%) the width of the tibial tunnel had decreased on 1 or both views at 5 years compared with the early postoperative period. The study group had improved significantly at the 5-year follow-up compared with the preoperative assessments in terms of the KT-1000 arthrometer laxity tests (MEDmetric, San Diego, CA), pivot-shift test, Tegner activity scale, and Lysholm knee score (P < .001). No correlations were found between the tunnel widths and the KT-1000 assessment. Conclusions: In 83% of patients, the width of the tibial tunnel had decreased on 1 or both radiographic views at 5 years compared with the early postoperative period after ACL reconstruction using biocomposite interference screws."
246,1200,311,Bhimani (2021),HT,"Bhimani R, Shahriarirad R, Ranjbar K, Erfani A, Ashkani-Esfahani S",Bhimani,Transportal versus all-inside techniques of anterior cruciate ligament reconstruction: a systematic review,transportalversusallinsidetechniquesofanteriorcruciateligame,"Background Transportal (TP) and all-inside techniques (AIT) are the most commonly used anterior cruciate ligament (ACL) reconstruction procedures in current clinical practice. However, there is an ongoing debate over which procedure is superior. Therefore, the purpose of this systematic review was to evaluate and compare the clinical outcomes and complications of these two techniques to propose recommendations for future application. Our primary hypothesis was that AIT is a superior ACLR technique compared to TP. Methods A systematic literature review, using PRISMA guidelines, was conducted using PubMed, Medline, Google Scholar, and EMBASE, up to February 2021 to identify studies focusing on AIT and TP techniques of ACL reconstruction. We excluded animal experiments, cadaveric studies, retrospective studies, case reports, technical notes, and studies without quantitative data. Patients' characteristics, surgical technical features, along with postoperative follow-up and complications were extracted and reported accordingly. Methodological quality of the included studies was assessed using the Modified Coleman Methodology Score (MCMS). Results A total of 44 studies were selected for this review, of which four were comparative studies. A total of 923 patients underwent AIT and 1678 patients underwent the TP technique for ACLR. A single semitendinosus graft was commonly used in the AIT compard to combined semitendinosus and gracilis graft in the TP group. The postoperative increase in International Knee Documentation Committee (IKDC), Lysholm, KT-1000, and Short Form-12 (physical and mental) scores were similar in the AIT group and the TP group. Contrastingly, the VAS pain score was significantly lower in the AIT group compared to the TP group. Furthermore, the pooled complication rates from all studies were similar between the two groups (AIT: 54 patients, 8.26% vs. PT: 55 patients, 6.62%). However, the four studies that prospectively compared AIT and TP techniques showed lesser complications in the AIT group than the TP group. Conclusion Since the future trend in orthopedic surgery is toward less invasive and patients' satisfaction with good outcomes, AIT is a good alternative method considering preserving bony tissue and gracilis tendon with less post-operative pain, along with more knee flexor strength and equal outcomes compared to conventional ACL reconstruction surgery. Level of Evidence II.",2021,English,J ORTHOP SURG RES,wos,10.1186/s13018-021-02872-x,https://doi.org/10.1186/s13018-021-02872-x,34949188.0,https://pubmed.ncbi.nlm.nih.gov/34949188/,Bhimani+transportalversusallinsidetechniquesofanteriorcruciateligame+2021,transportalversusallinsidetechniquesofanteriorcruciateligame+2021,"Transportal versus all-inside techniques of anterior cruciate ligament reconstruction: a systematic review Background Transportal (TP) and all-inside techniques (AIT) are the most commonly used anterior cruciate ligament (ACL) reconstruction procedures in current clinical practice. However, there is an ongoing debate over which procedure is superior. Therefore, the purpose of this systematic review was to evaluate and compare the clinical outcomes and complications of these two techniques to propose recommendations for future application. Our primary hypothesis was that AIT is a superior ACLR technique compared to TP. Methods A systematic literature review, using PRISMA guidelines, was conducted using PubMed, Medline, Google Scholar, and EMBASE, up to February 2021 to identify studies focusing on AIT and TP techniques of ACL reconstruction. We excluded animal experiments, cadaveric studies, retrospective studies, case reports, technical notes, and studies without quantitative data. Patients' characteristics, surgical technical features, along with postoperative follow-up and complications were extracted and reported accordingly. Methodological quality of the included studies was assessed using the Modified Coleman Methodology Score (MCMS). Results A total of 44 studies were selected for this review, of which four were comparative studies. A total of 923 patients underwent AIT and 1678 patients underwent the TP technique for ACLR. A single semitendinosus graft was commonly used in the AIT compard to combined semitendinosus and gracilis graft in the TP group. The postoperative increase in International Knee Documentation Committee (IKDC), Lysholm, KT-1000, and Short Form-12 (physical and mental) scores were similar in the AIT group and the TP group. Contrastingly, the VAS pain score was significantly lower in the AIT group compared to the TP group. Furthermore, the pooled complication rates from all studies were similar between the two groups (AIT: 54 patients, 8.26% vs. PT: 55 patients, 6.62%). However, the four studies that prospectively compared AIT and TP techniques showed lesser complications in the AIT group than the TP group. Conclusion Since the future trend in orthopedic surgery is toward less invasive and patients' satisfaction with good outcomes, AIT is a good alternative method considering preserving bony tissue and gracilis tendon with less post-operative pain, along with more knee flexor strength and equal outcomes compared to conventional ACL reconstruction surgery. Level of Evidence II."
247,1201,312,Chen (2017),HT,"Chen TW, Zhang P, Chen JW, Hua YH, Chen SY",Chen,Long-Term Outcomes of Anterior Cruciate Ligament Reconstruction Using Either Synthetics With Remnant Preservation or Hamstring Autografts A 10-Year Longitudinal Study,longtermoutcomesofanteriorcruciateligamentreconstructionusin,"Background: The optimal graft choice of anterior cruciate ligament (ACL) reconstruction remains controversial. Purpose: To compare the outcomes, especially the long-term cumulative failure rate, of ACL reconstruction using either synthetics with remnant preservation or hamstring autografts (4-strand semitendinosus and gracilis tendons). Study Design: Cohort study; Level of evidence, 2. Methods: A total of 133 patients who underwent ACL reconstruction (synthetics: n = 43; hamstring autografts: n = 90) between July 2004 and December 2007 were included. Questionnaires (Tegner activity scale, Lysholm knee scale, and International Knee Documentation Committee [IKDC] subjective form) were completed preoperatively and at 6 months, 1 year, 5 years, and 10 years postoperatively. The Knee injury and Osteoarthritis Outcome Score (KOOS) was additionally applied at 10 years' follow-up. The physical examination was based on the 2000 IKDC form. The manual maximum side-to-side difference (KT-1000 arthrometer), single-hop test, thigh muscle atrophy, and joint degeneration (Kellgren and Lawrence classification) were evaluated. The Kaplan-Meier curve and log-rank test (Mantel-Cox, 95% CI) were used to compare graft survivorship. Results: Ten years postoperatively, 111 patients were available, with 38 (88.4%) patients (mean age, 27.6 9.3 years; 28 men) with synthetics and 73 (81.1%) patients (mean age, 28.6 +/- 8.8 years; 64 men) with hamstring autografts. Among them, 104 patients (synthetics: n = 35 [81.4%]; hamstring autografts: n = 69 [76.7%]) completed subjective evaluations, and 89 patients (synthetics: n = 30 [69.8%]; hamstring autografts: n = 59 [65.6%]) completed objective evaluations. For hamstring autografts and synthetics, the cumulative failure rates were 8.2% and 7.9%, respectively, and the log-rank test demonstrated no significant difference between the 2 Kaplan-Meier survival curves (P = .910). At 6 months postoperatively, for hamstring autografts and synthetics, the mean Lysholm score was 83.0 +/- 7.8 and 88.1 +/- 7.5, respectively (P < .001); the mean IKDC score was 83.8 +/- 7.8 and 86.9 +/- 4.5, respectively (P = .036); and the mean Tegner score was 3.7 +/- 1.1 and 5.0 +/- 1.5, respectively (P < .001). At 1 year postoperatively, the mean Tegner score was 5.5 +/- 1.9 and 6.5 +/- 2.0, respectively (P = .011). No statistically significant difference was observed on other subjective evaluation findings, physical examination findings (overall IKDC grade A: 45.8% of hamstring autografts, 50.0% of synthetics), side-to-side difference (1.5 +/- 1.5 mm for synthetics, 2.4 +/- 2.1 mm for hamstring autografts), single-hop test findings (grade A: 84.7% of hamstring autografts, 93.3% of synthetics), grade A/B thigh muscle atrophy (88.1% of hamstring autografts, 93.3% of synthetics), ipsilateral radiographic osteoarthritis (55.9% of hamstring autografts, 50.0% of synthetics), and graft survivorship. Conclusion: In this prospective cohort study, primary ACL reconstruction using either synthetics with remnant preservation or hamstring autografts showed satisfactory outcomes, especially the long-term cumulative failure rate, at 10 years postoperatively. Patient-reported outcomes suggested that symptom relief and restoration of function might occur earlier in those with synthetics.",2017,English,AM J SPORT MED,wos,10.1177/0363546517721692,https://doi.org/10.1177/0363546517721692,28892648.0,https://pubmed.ncbi.nlm.nih.gov/28892648/,Chen+longtermoutcomesofanteriorcruciateligamentreconstructionusin+2017,longtermoutcomesofanteriorcruciateligamentreconstructionusin+2017,"Long-Term Outcomes of Anterior Cruciate Ligament Reconstruction Using Either Synthetics With Remnant Preservation or Hamstring Autografts A 10-Year Longitudinal Study Background: The optimal graft choice of anterior cruciate ligament (ACL) reconstruction remains controversial. Purpose: To compare the outcomes, especially the long-term cumulative failure rate, of ACL reconstruction using either synthetics with remnant preservation or hamstring autografts (4-strand semitendinosus and gracilis tendons). Study Design: Cohort study; Level of evidence, 2. Methods: A total of 133 patients who underwent ACL reconstruction (synthetics: n = 43; hamstring autografts: n = 90) between July 2004 and December 2007 were included. Questionnaires (Tegner activity scale, Lysholm knee scale, and International Knee Documentation Committee [IKDC] subjective form) were completed preoperatively and at 6 months, 1 year, 5 years, and 10 years postoperatively. The Knee injury and Osteoarthritis Outcome Score (KOOS) was additionally applied at 10 years' follow-up. The physical examination was based on the 2000 IKDC form. The manual maximum side-to-side difference (KT-1000 arthrometer), single-hop test, thigh muscle atrophy, and joint degeneration (Kellgren and Lawrence classification) were evaluated. The Kaplan-Meier curve and log-rank test (Mantel-Cox, 95% CI) were used to compare graft survivorship. Results: Ten years postoperatively, 111 patients were available, with 38 (88.4%) patients (mean age, 27.6 9.3 years; 28 men) with synthetics and 73 (81.1%) patients (mean age, 28.6 +/- 8.8 years; 64 men) with hamstring autografts. Among them, 104 patients (synthetics: n = 35 [81.4%]; hamstring autografts: n = 69 [76.7%]) completed subjective evaluations, and 89 patients (synthetics: n = 30 [69.8%]; hamstring autografts: n = 59 [65.6%]) completed objective evaluations. For hamstring autografts and synthetics, the cumulative failure rates were 8.2% and 7.9%, respectively, and the log-rank test demonstrated no significant difference between the 2 Kaplan-Meier survival curves (P = .910). At 6 months postoperatively, for hamstring autografts and synthetics, the mean Lysholm score was 83.0 +/- 7.8 and 88.1 +/- 7.5, respectively (P < .001); the mean IKDC score was 83.8 +/- 7.8 and 86.9 +/- 4.5, respectively (P = .036); and the mean Tegner score was 3.7 +/- 1.1 and 5.0 +/- 1.5, respectively (P < .001). At 1 year postoperatively, the mean Tegner score was 5.5 +/- 1.9 and 6.5 +/- 2.0, respectively (P = .011). No statistically significant difference was observed on other subjective evaluation findings, physical examination findings (overall IKDC grade A: 45.8% of hamstring autografts, 50.0% of synthetics), side-to-side difference (1.5 +/- 1.5 mm for synthetics, 2.4 +/- 2.1 mm for hamstring autografts), single-hop test findings (grade A: 84.7% of hamstring autografts, 93.3% of synthetics), grade A/B thigh muscle atrophy (88.1% of hamstring autografts, 93.3% of synthetics), ipsilateral radiographic osteoarthritis (55.9% of hamstring autografts, 50.0% of synthetics), and graft survivorship. Conclusion: In this prospective cohort study, primary ACL reconstruction using either synthetics with remnant preservation or hamstring autografts showed satisfactory outcomes, especially the long-term cumulative failure rate, at 10 years postoperatively. Patient-reported outcomes suggested that symptom relief and restoration of function might occur earlier in those with synthetics."
250,1221,332,Baverel (2016),HT,"Baverel L, Cucurulo T, Lutz C, Colombet, Cournapeau J, Dalmay F, Lefevre N, Letartre R, Potel JF, Roussignol X, Surdeau L, Servien E",Baverel,Anesthesia and analgesia methods for outpatient anterior cruciate ligament reconstruction,anesthesiaandanalgesiamethodsforoutpatientanteriorcruciateli,"Introduction: More and more anterior cruciate ligament (ACL) reconstructions are being performed as outpatient surgery in France, because of economic considerations. Postoperative pain is the most common reason for delayed discharge that could require hospitalization, and the main reason for unanticipated hospital admission. The purpose of this study was to define the best anesthesia and analgesia methods for ACL reconstruction. Materials and methods: This was a prospective, multicenter, comparative study performed between January 2014 and April 2015. Inclusion criteria were ACL reconstruction in patients above 15 years of age performed as an outpatient surgical procedure. The anesthesia techniques analyzed were general anesthesia, spinal anesthesia and quadruple nerve blockade. The analgesic methods studied were single-shot nerve blocks, continuous nerve blocks, peri-articular and intra-articular local infiltration analgesia (LIA), non-steroidal anti-inflammatory agents (NSAIDs) and intravenous corticosteroids. The main outcome criterion was pain on a visual analog scale (VAS). The secondary outcome criteria were delayed discharge of a patient who had undergone outpatient surgery, consumption of opioids and complications for the various anesthesia techniques and analgesia methods. Results: In all, 680 patients were included in this study, which was 63% of the ACL reconstruction procedures performed during this period. The study population was 69% male and 31% female, with an average age of 30 years. Twenty-three patients (3.4%) could not be discharged on the day of surgery. No correlation was found with the anesthesia technique used. NSAID treatment was protective relative to delayed discharge (P=0.009), while opioid consumption was a risk factor (P<0.01). There were no differences in the pain levels related to the type of anesthesia. Peri-articular LIA of the hamstring tendon harvest site was effective. Intra-articular LIA did not provide better analgesia. Continuous nerve block had complication rates above 13%. Discussion: All types of anesthesia were compatible with outpatient ACL reconstruction. No gold standard analgesia method can be defined based on this study's findings. However, we recommend multimodal analgesia associating peri-articular LIA or one-shot sensory saphenous nerve block, NSAIDs and corticosteroid treatment, and cryotherapy. (C) 2016 Elsevier Masson SAS. All rights reserved.",2016,English,ORTHOP TRAUMATOL-SUR,wos,10.1016/j.otsr.2016.08.007,https://doi.org/10.1016/j.otsr.2016.08.007,27687059.0,https://pubmed.ncbi.nlm.nih.gov/27687059/,Baverel+anesthesiaandanalgesiamethodsforoutpatientanteriorcruciateli+2016,anesthesiaandanalgesiamethodsforoutpatientanteriorcruciateli+2016,"Anesthesia and analgesia methods for outpatient anterior cruciate ligament reconstruction Introduction: More and more anterior cruciate ligament (ACL) reconstructions are being performed as outpatient surgery in France, because of economic considerations. Postoperative pain is the most common reason for delayed discharge that could require hospitalization, and the main reason for unanticipated hospital admission. The purpose of this study was to define the best anesthesia and analgesia methods for ACL reconstruction. Materials and methods: This was a prospective, multicenter, comparative study performed between January 2014 and April 2015. Inclusion criteria were ACL reconstruction in patients above 15 years of age performed as an outpatient surgical procedure. The anesthesia techniques analyzed were general anesthesia, spinal anesthesia and quadruple nerve blockade. The analgesic methods studied were single-shot nerve blocks, continuous nerve blocks, peri-articular and intra-articular local infiltration analgesia (LIA), non-steroidal anti-inflammatory agents (NSAIDs) and intravenous corticosteroids. The main outcome criterion was pain on a visual analog scale (VAS). The secondary outcome criteria were delayed discharge of a patient who had undergone outpatient surgery, consumption of opioids and complications for the various anesthesia techniques and analgesia methods. Results: In all, 680 patients were included in this study, which was 63% of the ACL reconstruction procedures performed during this period. The study population was 69% male and 31% female, with an average age of 30 years. Twenty-three patients (3.4%) could not be discharged on the day of surgery. No correlation was found with the anesthesia technique used. NSAID treatment was protective relative to delayed discharge (P=0.009), while opioid consumption was a risk factor (P<0.01). There were no differences in the pain levels related to the type of anesthesia. Peri-articular LIA of the hamstring tendon harvest site was effective. Intra-articular LIA did not provide better analgesia. Continuous nerve block had complication rates above 13%. Discussion: All types of anesthesia were compatible with outpatient ACL reconstruction. No gold standard analgesia method can be defined based on this study's findings. However, we recommend multimodal analgesia associating peri-articular LIA or one-shot sensory saphenous nerve block, NSAIDs and corticosteroid treatment, and cryotherapy. (C) 2016 Elsevier Masson SAS. All rights reserved."
254,1240,351,Rezende (2017),HT,"Rezende FC, Moraes VY, Franciozi CES, Debieux P, Luzo MV, Belloti JC",Rezende,One-incision versus two-incision techniques for arthroscopically assisted anterior cruciate ligament reconstruction in adults,oneincisionversustwoincisiontechniquesforarthroscopicallyass,"Background Anterior cruciate ligament (ACL) tears are serious knee injuries that are frequently treated surgically in the form of arthroscopically assisted reconstruction with grafts from the patella or hamstrings tendons. We reviewed the evidence for the choice of arthroscopically assisted ACL reconstruction technique in terms of whether it should involve one incision (femoral tunnel drilled from inside the knee joint under arthroscopic visualisation) or two incisions (femoral tunnel drilled from outside to inside the knee joint). Objective To assess the effects (benefits and harms) of one-incision versus two-incision techniques for arthroscopically assisted ACL reconstruction in adults. Search methods We searched the Cochrane Bone, Joint and Muscle Trauma Group Specialised Register, the Cochrane Central Register of Controlled Trials (CENTRAL), MEDLINE, Embase, Latin American and Caribbean Health Sciences (LILACS), the World Health Organization International Clinical Trials Registry Platform, ClinicalTrials.gov, reference lists, and conference abstracts. The date of the search was 16 August 2017. Selection criteria Randomised and quasi-randomised controlled clinical trials evaluating one-incision versus two-incision techniques for arthroscopically assisted ACL reconstruction in adults. Data collection and analysis Two review authors independently searched and selected studies, and extracted data and assessed the risk of bias of the eligible studies. We undertook limited pooling of data using the fixed-effect model. Main results We included five trials (four randomised and one quasi-randomised) evaluating a total of 320 participants who weremainly in their 20s. All participants underwent ACL reconstruction with patella tendon grafts. All five included trials were at a high risk of bias, particularly performance bias. Based on these limitations and the insufficiency of the available data resulting in imprecision of effect estimates, we judged the quality of the evidence as very low for all outcomes. This means that we are uncertain of the findings of the review. We found very low-quality evidence of no clinically important differences between the two techniques in self reported knee function, measured using the Lysholm knee score (scale 0 to 100: best outcome), at short-term (3 months) (mean difference (MD) 2.73 favours one-incision technique, 95% confidence interval (CI) -2.70 to 8.15; 79 participants, 2 studies), intermediate-term (12 months) (MD -3.68 favours two-incision technique, 95% CI -6.61 to -0.75; 79 participants, 2 studies), and long-term follow-up. The data available for long-term follow-up (2 to 5 years) was expressed in terms of the numbers of participants with excellent Lysholm scores (90 points or more); we found no difference between the two groups (42/45 versus 36/40; risk ratio (RR) 1.04, 95% CI 0.91 to 1.18; 1 study). There were no data for quality of life measures or for overall numbers of participants incurring an adverse event. We found very lowquality evidence of little between-group differences in individual adverse events such as infection, knee stiffness, reoperation, and graft failure. We found very low-quality evidence from one study (59 participants) of little difference between the two groups in activity levels measured using Tegner scores (scale 0 to 10: highest sport activity) at two years (MD -0.80 favours two-incision technique, 95% CI 1.90 to 0.30). There was very low-quality evidence fromfour studies ofminimal between-group difference in the number of participants with normal or nearly normal objectivelymeasured knee function (International KneeDocumentation Committee objective assessment grading) at intermediate follow-up (means 12 to 28 months): 56/78 versus 63/89; RR 1.01, 95% CI 0.85 to 1.21; 167 participants). Authors' conclusions The very low-quality and often absent evidence means that we are uncertain whether one-incision arthroscopically assisted ACL reconstruction techniques yield better, worse, or equivalent results compared with two-incision techniques in terms of short-, intermediate, or long-term subjective function, quality of life, adverse outcomes, activity levels, and objectively rated knee function. The evidence was available only for single-bundle ACL reconstruction using patella tendon grafts. When considering priorities for high-quality randomised trials on techniques for ACL reconstruction, it is important to note the insufficiency of the evidence available to inform this key comparison.",2017,English,COCHRANE DB SYST REV,wos,10.1002/14651858.CD010875.pub2,https://doi.org/10.1002/14651858.CD010875.pub2,29243827.0,https://pubmed.ncbi.nlm.nih.gov/29243827/,Rezende+oneincisionversustwoincisiontechniquesforarthroscopicallyass+2017,oneincisionversustwoincisiontechniquesforarthroscopicallyass+2017,"One-incision versus two-incision techniques for arthroscopically assisted anterior cruciate ligament reconstruction in adults Background Anterior cruciate ligament (ACL) tears are serious knee injuries that are frequently treated surgically in the form of arthroscopically assisted reconstruction with grafts from the patella or hamstrings tendons. We reviewed the evidence for the choice of arthroscopically assisted ACL reconstruction technique in terms of whether it should involve one incision (femoral tunnel drilled from inside the knee joint under arthroscopic visualisation) or two incisions (femoral tunnel drilled from outside to inside the knee joint). Objective To assess the effects (benefits and harms) of one-incision versus two-incision techniques for arthroscopically assisted ACL reconstruction in adults. Search methods We searched the Cochrane Bone, Joint and Muscle Trauma Group Specialised Register, the Cochrane Central Register of Controlled Trials (CENTRAL), MEDLINE, Embase, Latin American and Caribbean Health Sciences (LILACS), the World Health Organization International Clinical Trials Registry Platform, ClinicalTrials.gov, reference lists, and conference abstracts. The date of the search was 16 August 2017. Selection criteria Randomised and quasi-randomised controlled clinical trials evaluating one-incision versus two-incision techniques for arthroscopically assisted ACL reconstruction in adults. Data collection and analysis Two review authors independently searched and selected studies, and extracted data and assessed the risk of bias of the eligible studies. We undertook limited pooling of data using the fixed-effect model. Main results We included five trials (four randomised and one quasi-randomised) evaluating a total of 320 participants who weremainly in their 20s. All participants underwent ACL reconstruction with patella tendon grafts. All five included trials were at a high risk of bias, particularly performance bias. Based on these limitations and the insufficiency of the available data resulting in imprecision of effect estimates, we judged the quality of the evidence as very low for all outcomes. This means that we are uncertain of the findings of the review. We found very low-quality evidence of no clinically important differences between the two techniques in self reported knee function, measured using the Lysholm knee score (scale 0 to 100: best outcome), at short-term (3 months) (mean difference (MD) 2.73 favours one-incision technique, 95% confidence interval (CI) -2.70 to 8.15; 79 participants, 2 studies), intermediate-term (12 months) (MD -3.68 favours two-incision technique, 95% CI -6.61 to -0.75; 79 participants, 2 studies), and long-term follow-up. The data available for long-term follow-up (2 to 5 years) was expressed in terms of the numbers of participants with excellent Lysholm scores (90 points or more); we found no difference between the two groups (42/45 versus 36/40; risk ratio (RR) 1.04, 95% CI 0.91 to 1.18; 1 study). There were no data for quality of life measures or for overall numbers of participants incurring an adverse event. We found very lowquality evidence of little between-group differences in individual adverse events such as infection, knee stiffness, reoperation, and graft failure. We found very low-quality evidence from one study (59 participants) of little difference between the two groups in activity levels measured using Tegner scores (scale 0 to 10: highest sport activity) at two years (MD -0.80 favours two-incision technique, 95% CI 1.90 to 0.30). There was very low-quality evidence fromfour studies ofminimal between-group difference in the number of participants with normal or nearly normal objectivelymeasured knee function (International KneeDocumentation Committee objective assessment grading) at intermediate follow-up (means 12 to 28 months): 56/78 versus 63/89; RR 1.01, 95% CI 0.85 to 1.21; 167 participants). Authors' conclusions The very low-quality and often absent evidence means that we are uncertain whether one-incision arthroscopically assisted ACL reconstruction techniques yield better, worse, or equivalent results compared with two-incision techniques in terms of short-, intermediate, or long-term subjective function, quality of life, adverse outcomes, activity levels, and objectively rated knee function. The evidence was available only for single-bundle ACL reconstruction using patella tendon grafts. When considering priorities for high-quality randomised trials on techniques for ACL reconstruction, it is important to note the insufficiency of the evidence available to inform this key comparison."
267,1304,415,SchÃ¼tzenberger (2022),HT,"SchÃ¼tzenberger S, Keller F, Grabner S, Kontic D, Schallmayer D, Komjati M, Fialka C",SchÃ¼tzenberger,ACL reconstruction with femoral and tibial adjustable versus fixed-loop suspensory fixation: a retrospective cohort study,aclreconstructionwithfemoralandtibialadjustableversusfixedlo,"Background Cortical suspensory fixation (CSF) devices gain more and more popularity as a reliable alternative to interference screws for graft fixation in anterior cruciate ligament (ACL) reconstruction. Adjustable-loop fixation may be associated with increased anterior laxity and inferior clinical outcome. The purpose of the study was to compare anterior laxity and clinical outcome after minimally invasive all-inside ACL reconstruction using an adjustable-loop (AL) to a standard technique with a fixed-loop (FL) CSF device. Methods Patients who underwent primary single-bundle ACL reconstruction with a quadrupled hamstring autograft at a single institution between 2012 and 2016 were reviewed. In the AL group minimally invasive popliteal tendon harvesting was performed with an all-inside approach (femoral and tibial sockets). In the FL group a traditional anteromedial approach was used for tendon harvesting and a femoral socket and full tibial tunnel were drilled. An objective clinical assessment was performed with Telos x-rays and the International Knee Documentation Committee (IKDC) Objective Score. Patient-reported outcomes (PRO) included the IKDC Subjective Score, the Lysholm Knee Score, the Knee Injury and Osteoarthritis Score (KOOS) and the Tegner Activity Scale. Results A total of 67 patients were enrolled in this retrospective study with a mean follow-up of 4 (+/- 1.5) years. The groups were homogenous at baseline regarding age, gender, and the time to surgery. At follow-up, no statistically significant differences were found regarding anterior laxity (AL: 2.3 +/- 3 mm vs. FL: 2.3 +/- 2.6 mm, p = 0.981). PRO scores were comparable between the AL and FL groups (IKDC score, 84.8 vs. 88.8, p = 0.185; Lysholm 87.3 vs. 89.9, p = 0.380; KOOS 90.7 vs. 91.4, p = 0.720; Tegner 5.5 vs. 6.2, p = 0.085). The rate of saphenous nerve lesions was significantly lower in the AL group with popliteal harvesting of the tendon (8.3% vs. 35.5%, p = 0.014). Conclusion The use of an adjustable-loop device on the femoral and tibial side led to similar stability and clinical results compared to a fixed-loop device.",2022,English,J ORTHOP SURG RES,wos,10.1186/s13018-022-03128-y,https://doi.org/10.1186/s13018-022-03128-y,35440030.0,https://pubmed.ncbi.nlm.nih.gov/35440030/,SchÃ¼tzenberger+aclreconstructionwithfemoralandtibialadjustableversusfixedlo+2022,aclreconstructionwithfemoralandtibialadjustableversusfixedlo+2022,"ACL reconstruction with femoral and tibial adjustable versus fixed-loop suspensory fixation: a retrospective cohort study Background Cortical suspensory fixation (CSF) devices gain more and more popularity as a reliable alternative to interference screws for graft fixation in anterior cruciate ligament (ACL) reconstruction. Adjustable-loop fixation may be associated with increased anterior laxity and inferior clinical outcome. The purpose of the study was to compare anterior laxity and clinical outcome after minimally invasive all-inside ACL reconstruction using an adjustable-loop (AL) to a standard technique with a fixed-loop (FL) CSF device. Methods Patients who underwent primary single-bundle ACL reconstruction with a quadrupled hamstring autograft at a single institution between 2012 and 2016 were reviewed. In the AL group minimally invasive popliteal tendon harvesting was performed with an all-inside approach (femoral and tibial sockets). In the FL group a traditional anteromedial approach was used for tendon harvesting and a femoral socket and full tibial tunnel were drilled. An objective clinical assessment was performed with Telos x-rays and the International Knee Documentation Committee (IKDC) Objective Score. Patient-reported outcomes (PRO) included the IKDC Subjective Score, the Lysholm Knee Score, the Knee Injury and Osteoarthritis Score (KOOS) and the Tegner Activity Scale. Results A total of 67 patients were enrolled in this retrospective study with a mean follow-up of 4 (+/- 1.5) years. The groups were homogenous at baseline regarding age, gender, and the time to surgery. At follow-up, no statistically significant differences were found regarding anterior laxity (AL: 2.3 +/- 3 mm vs. FL: 2.3 +/- 2.6 mm, p = 0.981). PRO scores were comparable between the AL and FL groups (IKDC score, 84.8 vs. 88.8, p = 0.185; Lysholm 87.3 vs. 89.9, p = 0.380; KOOS 90.7 vs. 91.4, p = 0.720; Tegner 5.5 vs. 6.2, p = 0.085). The rate of saphenous nerve lesions was significantly lower in the AL group with popliteal harvesting of the tendon (8.3% vs. 35.5%, p = 0.014). Conclusion The use of an adjustable-loop device on the femoral and tibial side led to similar stability and clinical results compared to a fixed-loop device."
268,1308,419,Sundararajan (2022),HT,"Sundararajan SR, Ramakanth R, Jha AK, Rajasekaran S",Sundararajan,Outside-in technique versus inside-out semitendinosus graft harvest technique in ACLR: a randomised control trial,outsideintechniqueversusinsideoutsemitendinosusgraftharvestt,"Background Paraesthesia after hamstring graft harvest is a ubiquitous complication in the early post-operative period, and its correlation with vertical versus horizontal skin incision are well documented. The purpose of the study is to evaluate the incidence and extent/area of sensory loss of saphenous nerve branches occurring with the outside-in (OI) versus inside-out technique (IO) of semitendinosus graft harvest from the sartorius fascia and to determine a better method of graft harvest. Methods Sixty patients who underwent isolated semitendinosus graft harvest during anterior cruciate ligament reconstruction (ACLR) between 2016 and 2017. Patients were randomised into two groups depending on the graft harvest technique: 30 in the OI group and 30 in the IO group. The area of sensory loss was mapped on the patients' skin using tactile feedback from the patients at each follow-up (10 days, 1 month, 3 months, 6 months and 1 year). Then, the area of sensory changes for the infrapatellar branch (IPBSN) and sartorial branch (SBSN) of the saphenous nerve, incision length, graft harvest duration, and graft length were analysed statistically between the groups. Results In groups 1 and 2, 18/30 (60%) and 19/30 (63%) of patients, respectively, developed sensory changes, with no significant difference between the groups (p = 0.79). Isolated SBSN and IPBSN paraesthesia occurred in 2/60 (3%) and 19/60 (32%), respectively. Combined SBSN and IPBSN paraesthesia was present in 16/60 (27%) of patients. There was no significant difference in the area of the sensory deficit between OI and IO groups on the 10th post-operative day or at 1-month, 3-month or 1-year follow-up (p = 0.723, p = 0.308, p = 0.478, p = 0.128, respectively). However, at 6-month follow-up, the area of paraesthesia was significantly higher in the IO group (p = 0.009). The length of incision and duration of graft harvest was higher in the OI group than in the IO group (p = 0.002 and p = 0.007, respectively), and the total length of the graft was greater in the IO group (p = 0.04). Conclusion Incidence is equally distributed, area of iatrogenic saphenous nerve injury gradually decreases, and recovery is seen in the majority of the patients in both graft harvest techniques. IO graft harvesting technique is better in terms of graft harvest time and cosmetics and yields longer graft; however, area of paraesthesia, though not significant, was two-fold higher than the OI technique at 1-year follow-up. Level of evidence Therapeutic randomised controlled prospective study, Level II.",2022,English,KNEE SURG RELAT RES,wos,10.1186/s43019-022-00144-4,https://doi.org/10.1186/s43019-022-00144-4,35346395.0,https://pubmed.ncbi.nlm.nih.gov/35346395/,Sundararajan+outsideintechniqueversusinsideoutsemitendinosusgraftharvestt+2022,outsideintechniqueversusinsideoutsemitendinosusgraftharvestt+2022,"Outside-in technique versus inside-out semitendinosus graft harvest technique in ACLR: a randomised control trial Background Paraesthesia after hamstring graft harvest is a ubiquitous complication in the early post-operative period, and its correlation with vertical versus horizontal skin incision are well documented. The purpose of the study is to evaluate the incidence and extent/area of sensory loss of saphenous nerve branches occurring with the outside-in (OI) versus inside-out technique (IO) of semitendinosus graft harvest from the sartorius fascia and to determine a better method of graft harvest. Methods Sixty patients who underwent isolated semitendinosus graft harvest during anterior cruciate ligament reconstruction (ACLR) between 2016 and 2017. Patients were randomised into two groups depending on the graft harvest technique: 30 in the OI group and 30 in the IO group. The area of sensory loss was mapped on the patients' skin using tactile feedback from the patients at each follow-up (10 days, 1 month, 3 months, 6 months and 1 year). Then, the area of sensory changes for the infrapatellar branch (IPBSN) and sartorial branch (SBSN) of the saphenous nerve, incision length, graft harvest duration, and graft length were analysed statistically between the groups. Results In groups 1 and 2, 18/30 (60%) and 19/30 (63%) of patients, respectively, developed sensory changes, with no significant difference between the groups (p = 0.79). Isolated SBSN and IPBSN paraesthesia occurred in 2/60 (3%) and 19/60 (32%), respectively. Combined SBSN and IPBSN paraesthesia was present in 16/60 (27%) of patients. There was no significant difference in the area of the sensory deficit between OI and IO groups on the 10th post-operative day or at 1-month, 3-month or 1-year follow-up (p = 0.723, p = 0.308, p = 0.478, p = 0.128, respectively). However, at 6-month follow-up, the area of paraesthesia was significantly higher in the IO group (p = 0.009). The length of incision and duration of graft harvest was higher in the OI group than in the IO group (p = 0.002 and p = 0.007, respectively), and the total length of the graft was greater in the IO group (p = 0.04). Conclusion Incidence is equally distributed, area of iatrogenic saphenous nerve injury gradually decreases, and recovery is seen in the majority of the patients in both graft harvest techniques. IO graft harvesting technique is better in terms of graft harvest time and cosmetics and yields longer graft; however, area of paraesthesia, though not significant, was two-fold higher than the OI technique at 1-year follow-up. Level of evidence Therapeutic randomised controlled prospective study, Level II."
270,1313,424,Karikis (2017),HT,"Karikis I, AhldÃ©n M, Casut A, Sernert N, Kartus J",Karikis,Comparison of outcome after anatomic double-bundle and antero-medial portal non-anatomic single-bundle reconstruction in ACL-injured patients,comparisonofoutcomeafteranatomicdoublebundleandanteromedialp,"The aim of this study was to compare anatomic double-bundle anterior cruciate ligament reconstruction with non-anatomic single-bundle reconstruction. In a prospective consecutive series, 94 unselected patients [45 anatomic double-bundle (ADB) and 49 non-anatomic single-bundle (SB)] underwent ACL reconstruction involving hamstring tendon autograft, interference screw fixation on both the femoral and tibial side and drilling the femoral tunnel(s) through the antero-medial portal in both groups. In the ADB group, the remnants of the ACL were identified and the grafts were placed anatomically. In the SB group, traditional placement of the graft was performed in a less anatomic manner. Pre-operatively, the groups were comparable in terms of age, gender, time between injury and operation and associated injuries. One independent physiotherapist performed all the pre-operative and post-operative assessments. The follow-up period was 26 (22-34) and 24 (23-30) months in the ADB and SB groups, respectively (p = 0.005). At follow-up, 78 % in the ADB group and 74 % in the SB group had a negative pivot-shift test (n.s.). The KT-1000 134N measurements were 2 (-5 to 10.5) and 2 (-4 to 7) mm in the ADB and SB groups, respectively (n.s.). At follow-up, the extension deficit was significantly larger in the ADB group than in the SB group (p = 0.001). The Tegner activity scale was significantly higher in the ADB group both pre-operatively and at follow-up (p = 0.03 and p = 0.004). In overall terms, both groups had improved significantly at the two-year follow-up. In an unselected group of ACL-injured patients, anatomic double-bundle reconstruction did not result in better rotational or antero-posterior stability measurements than antero-medial portal non-anatomic single-bundle reconstruction at the two-year follow-up. III.",2017,English,KNEE SURG SPORT TR A,wos,10.1007/s00167-016-4132-z,https://doi.org/10.1007/s00167-016-4132-z,27106922.0,https://pubmed.ncbi.nlm.nih.gov/27106922/,Karikis+comparisonofoutcomeafteranatomicdoublebundleandanteromedialp+2017,comparisonofoutcomeafteranatomicdoublebundleandanteromedialp+2017,"Comparison of outcome after anatomic double-bundle and antero-medial portal non-anatomic single-bundle reconstruction in ACL-injured patients The aim of this study was to compare anatomic double-bundle anterior cruciate ligament reconstruction with non-anatomic single-bundle reconstruction. In a prospective consecutive series, 94 unselected patients [45 anatomic double-bundle (ADB) and 49 non-anatomic single-bundle (SB)] underwent ACL reconstruction involving hamstring tendon autograft, interference screw fixation on both the femoral and tibial side and drilling the femoral tunnel(s) through the antero-medial portal in both groups. In the ADB group, the remnants of the ACL were identified and the grafts were placed anatomically. In the SB group, traditional placement of the graft was performed in a less anatomic manner. Pre-operatively, the groups were comparable in terms of age, gender, time between injury and operation and associated injuries. One independent physiotherapist performed all the pre-operative and post-operative assessments. The follow-up period was 26 (22-34) and 24 (23-30) months in the ADB and SB groups, respectively (p = 0.005). At follow-up, 78 % in the ADB group and 74 % in the SB group had a negative pivot-shift test (n.s.). The KT-1000 134N measurements were 2 (-5 to 10.5) and 2 (-4 to 7) mm in the ADB and SB groups, respectively (n.s.). At follow-up, the extension deficit was significantly larger in the ADB group than in the SB group (p = 0.001). The Tegner activity scale was significantly higher in the ADB group both pre-operatively and at follow-up (p = 0.03 and p = 0.004). In overall terms, both groups had improved significantly at the two-year follow-up. In an unselected group of ACL-injured patients, anatomic double-bundle reconstruction did not result in better rotational or antero-posterior stability measurements than antero-medial portal non-anatomic single-bundle reconstruction at the two-year follow-up. III."
274,1326,437,Barzyk (2026),HT,"Barzyk P, Fiedler C, Schlag M, Heitner A, Bender J, Paul J",Barzyk,Effect of blood flow restriction training in early postoperative rehabilitation after ACL reconstruction: a randomised controlled trial,effectofbloodflowrestrictiontraininginearlypostoperativereha,"Introduction Anterior cruciate ligament (ACL) injuries represent the most prevalent type of knee injury, with surgical reconstruction being the prevailing treatment modality. However, postoperative pain and muscle weakness are common occurrences. Blood flow restriction (BFR) training has demonstrated potential in enhancing muscle adaptation and reducing pain; nevertheless, its efficacy in the early postoperative period following ACL reconstruction remains to be determined. The present study investigates whether the incorporation of BFR into low-load strength training confers additional clinical benefits in comparison to low-load exercise alone. Methods A total of 30 patients (24 male, 6 female) with a mean age of 32.3 (+/- 12.4) years were included in the study. All patients had undergone primary ACL reconstruction with a semitendinosus graft and standardized fixation techniques. They were randomised to receive either low-load strength training with (LL-BFR) or without BFR (LL). The interventions consisted of four sets of leg press exercises (30 repetitions for the first set, 15 for subsequent sets) performed twice a week for four weeks, starting four weeks postoperatively, as an adjunct to standard rehabilitation protocols. The primary outcome measure was pain perception, which was assessed by pressure pain thresholds (PPT) and a visual analogue scale (VAS) for knee pain at rest and during a functional stair-climbing test. We further included strength and functional measurements. Results Mixed linear models were employed for the statistical analysis. No statistically significant differences between groups were observed for the primary or secondary outcome measures. Only, significant time effects were found for both groups for subjective pain (rest p < 0.001, stairs p = 0.003); maximum strength (p = 0.002); active (ext. p = 0.035, flex. p < 0.001) and passive range of motion (ROM) (ext. p = 0.029, flex. p < 0.001) on the affected side and International Knee Documentation Committee (IDKC) scores (p < 0.001). Discussion The present study shows that a combination of BFR and low-load strength training does not provide additional clinical benefits to low-load training alone in the early postoperative phase, following ACL reconstruction in our study group. Further research is required to explore the potential efficacy of BFR in specific patient subpopulations, with different training loads or at later stages of rehabilitation.",2026,English,FRONT SPORTS ACT LIV,wos,10.3389/fspor.2025.1689257,https://doi.org/10.3389/fspor.2025.1689257,41613017.0,https://pubmed.ncbi.nlm.nih.gov/41613017/,Barzyk+effectofbloodflowrestrictiontraininginearlypostoperativereha+2026,effectofbloodflowrestrictiontraininginearlypostoperativereha+2026,"Effect of blood flow restriction training in early postoperative rehabilitation after ACL reconstruction: a randomised controlled trial Introduction Anterior cruciate ligament (ACL) injuries represent the most prevalent type of knee injury, with surgical reconstruction being the prevailing treatment modality. However, postoperative pain and muscle weakness are common occurrences. Blood flow restriction (BFR) training has demonstrated potential in enhancing muscle adaptation and reducing pain; nevertheless, its efficacy in the early postoperative period following ACL reconstruction remains to be determined. The present study investigates whether the incorporation of BFR into low-load strength training confers additional clinical benefits in comparison to low-load exercise alone. Methods A total of 30 patients (24 male, 6 female) with a mean age of 32.3 (+/- 12.4) years were included in the study. All patients had undergone primary ACL reconstruction with a semitendinosus graft and standardized fixation techniques. They were randomised to receive either low-load strength training with (LL-BFR) or without BFR (LL). The interventions consisted of four sets of leg press exercises (30 repetitions for the first set, 15 for subsequent sets) performed twice a week for four weeks, starting four weeks postoperatively, as an adjunct to standard rehabilitation protocols. The primary outcome measure was pain perception, which was assessed by pressure pain thresholds (PPT) and a visual analogue scale (VAS) for knee pain at rest and during a functional stair-climbing test. We further included strength and functional measurements. Results Mixed linear models were employed for the statistical analysis. No statistically significant differences between groups were observed for the primary or secondary outcome measures. Only, significant time effects were found for both groups for subjective pain (rest p < 0.001, stairs p = 0.003); maximum strength (p = 0.002); active (ext. p = 0.035, flex. p < 0.001) and passive range of motion (ROM) (ext. p = 0.029, flex. p < 0.001) on the affected side and International Knee Documentation Committee (IDKC) scores (p < 0.001). Discussion The present study shows that a combination of BFR and low-load strength training does not provide additional clinical benefits to low-load training alone in the early postoperative phase, following ACL reconstruction in our study group. Further research is required to explore the potential efficacy of BFR in specific patient subpopulations, with different training loads or at later stages of rehabilitation."
278,1404,515,Wang (2017),AT,"Wang D, Rodeo SA",Wang,PLATELET-RICH PLASMA IN ORTHOPAEDIC SURGERY A Critical Analysis Review,plateletrichplasmainorthopaedicsurgeryacriticalanalysisrevie,"Platelet-rich plasma has shown great promise and potential to stimulate biologic activity in difficult-to-heal musculoskeletal tissue. However, the optimal formulation, method of administration, and dosing for different tissues have yet to be determined. Within a given platelet-rich plasma preparation technique, there is a high degree of inter-subject and intra-subject variability in the composition of platelet-rich plasma produced. This likely contributes to the inconsistent results reported in the current platelet-rich plasma literature. Current evidence best supports the use of platelet-rich plasma as a treatment for osteoarthritis of the knee. Evidence on the use of platelet-rich plasma as a treatment or adjunct for rotator cuff repair, lateral epicondylitis, hamstring injuries, anterior cruciate ligament (ACL) reconstruction, patellar tendinopathy, Achilles tendinopathy, and fractures is inconsistent or only available from low-powered studies. To our knowledge, no comparative studies examining platelet-rich plasma treatment for partial ulnar collateral ligament tears in the elbow currently exist. Current evidence suggests that different platelet-rich plasma formulations are needed for different tissues and pathologies. Ultimately, improved understanding of the underlying structural and compositional deficiencies of the injured tissue will help to identify the biologic needs that can potentially be targeted with platelet-rich plasma.",2017,English,JBJS REV,wos,10.2106/JBJS.RVW.17.00024,https://doi.org/10.2106/JBJS.RVW.17.00024,28953136.0,https://pubmed.ncbi.nlm.nih.gov/28953136/,Wang+plateletrichplasmainorthopaedicsurgeryacriticalanalysisrevie+2017,plateletrichplasmainorthopaedicsurgeryacriticalanalysisrevie+2017,"PLATELET-RICH PLASMA IN ORTHOPAEDIC SURGERY A Critical Analysis Review Platelet-rich plasma has shown great promise and potential to stimulate biologic activity in difficult-to-heal musculoskeletal tissue. However, the optimal formulation, method of administration, and dosing for different tissues have yet to be determined. Within a given platelet-rich plasma preparation technique, there is a high degree of inter-subject and intra-subject variability in the composition of platelet-rich plasma produced. This likely contributes to the inconsistent results reported in the current platelet-rich plasma literature. Current evidence best supports the use of platelet-rich plasma as a treatment for osteoarthritis of the knee. Evidence on the use of platelet-rich plasma as a treatment or adjunct for rotator cuff repair, lateral epicondylitis, hamstring injuries, anterior cruciate ligament (ACL) reconstruction, patellar tendinopathy, Achilles tendinopathy, and fractures is inconsistent or only available from low-powered studies. To our knowledge, no comparative studies examining platelet-rich plasma treatment for partial ulnar collateral ligament tears in the elbow currently exist. Current evidence suggests that different platelet-rich plasma formulations are needed for different tissues and pathologies. Ultimately, improved understanding of the underlying structural and compositional deficiencies of the injured tissue will help to identify the biologic needs that can potentially be targeted with platelet-rich plasma."
284,8,9,Komzák (2022),BPTB,"Komzák M, Hart R, Náhlík D, Vysoký R",Komzák,In vivo knee rotational stability 2 years after the ACL reconstruction using a quadriceps tendon graft with bone block and bone-patellar tendon-bone graft.,invivokneerotationalstability2yearsaftertheaclreconstruction,"INTRODUCTION: The aim of this prospective randomised study was to evaluate clinical results and rotational stability at least 2 years after single-bundle anatomic anterior cruciate ligament reconstruction using a quadriceps tendon graft with bone block (BT) and bone-patellar tendon-bone graft (BTB). MATERIALS AND METHODS: In both groups (BT and BTB), 40 patients selected prospectively at random were evaluated. The mean follow-up after the surgery was 28 months (range 24-33 months). A navigation system was used to measure rotational stability of the knee joint. Cincinnati, Lysholm, and IKDC scores and visual analog score (VAS) were used to evaluate clinical results and the non-parametric Wilcoxon test was used for the statistical analysis. RESULTS: After the BT reconstruction, the mean internal rotation of the tibia (IR) was 9.5 degrees . In the contralateral healthy knee joint, IR was 8.6 degrees  at average. After the BTB reconstruction, the mean IR was 9.9 degrees . In the contralateral healthy knee joint, IR was 8.7 degrees  at average. We did not find any statistically significant difference in IR stability between BT and BTB reconstruction. In terms of clinical results, regarding the VAS, patients perceive significantly more pain after the BTB reconstruction (p < 0.05). Kneeling was reported more difficult and painful after BTB reconstruction. CONCLUSIONS: The BT reconstruction of the ACL provides similar clinical results, less pain, better flexion and the same rotational stability of the knee in comparison with the BTB reconstruction.",2022,English,Arch Orthop Trauma Surg,pubmed,10.1007/s00402-021-04195-2,https://doi.org/10.1007/s00402-021-04195-2,34601649.0,https://pubmed.ncbi.nlm.nih.gov/34601649/,Komzák+invivokneerotationalstability2yearsaftertheaclreconstruction+2022,invivokneerotationalstability2yearsaftertheaclreconstruction+2022,"In vivo knee rotational stability 2 years after the ACL reconstruction using a quadriceps tendon graft with bone block and bone-patellar tendon-bone graft. INTRODUCTION: The aim of this prospective randomised study was to evaluate clinical results and rotational stability at least 2 years after single-bundle anatomic anterior cruciate ligament reconstruction using a quadriceps tendon graft with bone block (BT) and bone-patellar tendon-bone graft (BTB). MATERIALS AND METHODS: In both groups (BT and BTB), 40 patients selected prospectively at random were evaluated. The mean follow-up after the surgery was 28 months (range 24-33 months). A navigation system was used to measure rotational stability of the knee joint. Cincinnati, Lysholm, and IKDC scores and visual analog score (VAS) were used to evaluate clinical results and the non-parametric Wilcoxon test was used for the statistical analysis. RESULTS: After the BT reconstruction, the mean internal rotation of the tibia (IR) was 9.5 degrees . In the contralateral healthy knee joint, IR was 8.6 degrees  at average. After the BTB reconstruction, the mean IR was 9.9 degrees . In the contralateral healthy knee joint, IR was 8.7 degrees  at average. We did not find any statistically significant difference in IR stability between BT and BTB reconstruction. In terms of clinical results, regarding the VAS, patients perceive significantly more pain after the BTB reconstruction (p < 0.05). Kneeling was reported more difficult and painful after BTB reconstruction. CONCLUSIONS: The BT reconstruction of the ACL provides similar clinical results, less pain, better flexion and the same rotational stability of the knee in comparison with the BTB reconstruction."
287,11,12,Cristiani (2021),BPTB,"Cristiani R, Mikkelsen C, Wange P, Olsson D, Stålman A, Engström B",Cristiani,Autograft type affects muscle strength and hop performance after ACL reconstruction. A randomised controlled trial comparing patellar tendon and hamstring tendon autografts with standard or accelerated rehabilitation.,autografttypeaffectsmusclestrengthandhopperformanceafteraclr,"PURPOSE: To evaluate and compare changes in quadriceps and hamstring strength and single-leg-hop (SLH) test performance over the first 24 postoperative months in patients who underwent anterior cruciate ligament reconstruction (ACLR) with bone-patellar tendon-bone (BPTB) or hamstring tendon (HT) autografts and followed either a standard or an accelerated rehabilitation protocol. METHODS: A total of 160 patients undergoing ACLR were randomised in four groups depending on the graft that was used and the rehabilitation protocol (40 BPTB/standard rehab, 40 BPTB/accelerated rehab, 40 HT/standard rehab, 40 HT/accelerated rehab). Isokinetic concentric quadriceps and hamstring strength at 90 degrees /s and the SLH test performance were assessed preoperatively and 4,6,8,12 and 24 months postoperatively. The results were reported as the limb symmetry index (LSI) at the same time point. Linear mixed models were used to compare the groups at the different time points. RESULTS: An average quadriceps strength LSI of 78.4% was found preoperatively. After ACLR, the LSI first decreased at 4 months and then increased from 6 to 24 months, reaching an overall value of 92.7% at the latest follow-up. The BPTB group showed a significantly decreased LSI at 4, 6, 8 and 12 months compared with the HT group. No significant differences between the graft groups were found at 24 months. An average hamstring strength LSI of 84.6% was found preoperatively. After ACLR, the LSI increased from 4 to 24 months in the BTPB group. In the HT group, the LSI first decreased at 4 months and then increased from 6 to 24 months. An LSI of 97.1% and 89.1% was found at the latest follow-up for the BPTB and the HT group, respectively. The HT group showed a significantly decreased LSI at all follow-ups compared with the BPTB group. An average SLH test LSI of 81% was found preoperatively. After ACLR, the LSI increased from 4 to 24 months, reaching 97.6% overall at the latest follow-up. The BPTB group showed a significantly decreased LSI only at 4 months postoperatively compared with the HT group. No significant differences in any of the three tests were found between the standard and accelerated rehabilitation groups for either of the graft groups at any time point. CONCLUSION: Muscle strength and SLH test performance recovered progressively after ACLR overall, but they did not all fully recover, as the injured leg performed on average less than 100% compared with the uninjured leg even 24 months postoperatively. After ACLR, inferior quadriceps strength and a poorer SLH test performance were found at 4, 6, 8 and 12 months and at 4 months, respectively, for the BTPB group compared with the HT group. Persistent, inferior hamstring strength was found at all postoperative follow-ups in the HT group. Rehabilitation, standard or accelerated, had no significant impact on the recovery of muscle strength and SLH test performance after ACLR in any of the graft groups. LEVEL OF EVIDENCE: Level I.",2021,English,Knee Surg Sports Traumatol Arthrosc,pubmed,10.1007/s00167-020-06334-5,https://doi.org/10.1007/s00167-020-06334-5,33128587.0,https://pubmed.ncbi.nlm.nih.gov/33128587/,Cristiani+autografttypeaffectsmusclestrengthandhopperformanceafteraclr+2021,autografttypeaffectsmusclestrengthandhopperformanceafteraclr+2021,"Autograft type affects muscle strength and hop performance after ACL reconstruction. A randomised controlled trial comparing patellar tendon and hamstring tendon autografts with standard or accelerated rehabilitation. PURPOSE: To evaluate and compare changes in quadriceps and hamstring strength and single-leg-hop (SLH) test performance over the first 24 postoperative months in patients who underwent anterior cruciate ligament reconstruction (ACLR) with bone-patellar tendon-bone (BPTB) or hamstring tendon (HT) autografts and followed either a standard or an accelerated rehabilitation protocol. METHODS: A total of 160 patients undergoing ACLR were randomised in four groups depending on the graft that was used and the rehabilitation protocol (40 BPTB/standard rehab, 40 BPTB/accelerated rehab, 40 HT/standard rehab, 40 HT/accelerated rehab). Isokinetic concentric quadriceps and hamstring strength at 90 degrees /s and the SLH test performance were assessed preoperatively and 4,6,8,12 and 24 months postoperatively. The results were reported as the limb symmetry index (LSI) at the same time point. Linear mixed models were used to compare the groups at the different time points. RESULTS: An average quadriceps strength LSI of 78.4% was found preoperatively. After ACLR, the LSI first decreased at 4 months and then increased from 6 to 24 months, reaching an overall value of 92.7% at the latest follow-up. The BPTB group showed a significantly decreased LSI at 4, 6, 8 and 12 months compared with the HT group. No significant differences between the graft groups were found at 24 months. An average hamstring strength LSI of 84.6% was found preoperatively. After ACLR, the LSI increased from 4 to 24 months in the BTPB group. In the HT group, the LSI first decreased at 4 months and then increased from 6 to 24 months. An LSI of 97.1% and 89.1% was found at the latest follow-up for the BPTB and the HT group, respectively. The HT group showed a significantly decreased LSI at all follow-ups compared with the BPTB group. An average SLH test LSI of 81% was found preoperatively. After ACLR, the LSI increased from 4 to 24 months, reaching 97.6% overall at the latest follow-up. The BPTB group showed a significantly decreased LSI only at 4 months postoperatively compared with the HT group. No significant differences in any of the three tests were found between the standard and accelerated rehabilitation groups for either of the graft groups at any time point. CONCLUSION: Muscle strength and SLH test performance recovered progressively after ACLR overall, but they did not all fully recover, as the injured leg performed on average less than 100% compared with the uninjured leg even 24 months postoperatively. After ACLR, inferior quadriceps strength and a poorer SLH test performance were found at 4, 6, 8 and 12 months and at 4 months, respectively, for the BTPB group compared with the HT group. Persistent, inferior hamstring strength was found at all postoperative follow-ups in the HT group. Rehabilitation, standard or accelerated, had no significant impact on the recovery of muscle strength and SLH test performance after ACLR in any of the graft groups. LEVEL OF EVIDENCE: Level I."
297,22,23,Wasserman (2017),BPTB,"Wasserman BR, Singh BC, Kaplan DJ, Weinberg M, Meislin R, Jazrawi LM, Strauss EJ",Wasserman,Braking Reaction Time After Right-Knee Anterior Cruciate Ligament Reconstruction: A Comparison of 3 Grafts.,brakingreactiontimeafterrightkneeanteriorcruciateligamentrec,"PURPOSE: To determine when patients recover the ability to safely operate the brakes of an automobile after a right-knee anterior cruciate ligament reconstruction (ACLR). METHODS: A computerized driving simulator was used to determine braking ability after an isolated right-knee ACLR. Thirty healthy volunteers were tested at 1 visit to determine normal mean values, and 27 treatment subjects were tested at 1 week, 3 weeks, and 6 weeks after ACLR. Nine study subjects were treated with a patella tendon (BPTB) autograft, 9 were treated with a hamstring (HS) autograft, and 9 were treated with a tibialis anterior (TA) allograft. The driving simulator collected data on brake reaction time (BRT), brake travel time (BTT), and total brake time (TBT) at each visit. RESULTS: The control group generated a BRT of 725 milliseconds, BTT of 2.87 seconds, and TBT of 3.59 seconds. At week 1, all treatment patients had significant differences compared with controls for BRT, BTT, and TBT, except the BTT of the HS group. At week 3, all measures for the allograft group and the BRT for both autograft groups were no longer significantly different compared with controls, but significant differences were found for TBT in the HS and BPTB groups (P = .03, P = .01). At week 6, BRT, BTT, and TBT were no longer significantly different for either the HS group or BPTB group. CONCLUSIONS: Patients who underwent a right-knee ACLR with a TA allograft regained normal braking times by week 3 postoperatively. In contrast, those treated with a BPTB or HS autograft demonstrated significantly delayed braking times at 3 weeks but returned to normal braking ability by week 6. Those treated with an autograft had an earlier return of normalized BRT than BTT. LEVEL OF EVIDENCE: Level III, case-control series.",2017,English,Arthroscopy,pubmed,10.1016/j.arthro.2016.05.043,https://doi.org/10.1016/j.arthro.2016.05.043,27570169.0,https://pubmed.ncbi.nlm.nih.gov/27570169/,Wasserman+brakingreactiontimeafterrightkneeanteriorcruciateligamentrec+2017,brakingreactiontimeafterrightkneeanteriorcruciateligamentrec+2017,"Braking Reaction Time After Right-Knee Anterior Cruciate Ligament Reconstruction: A Comparison of 3 Grafts. PURPOSE: To determine when patients recover the ability to safely operate the brakes of an automobile after a right-knee anterior cruciate ligament reconstruction (ACLR). METHODS: A computerized driving simulator was used to determine braking ability after an isolated right-knee ACLR. Thirty healthy volunteers were tested at 1 visit to determine normal mean values, and 27 treatment subjects were tested at 1 week, 3 weeks, and 6 weeks after ACLR. Nine study subjects were treated with a patella tendon (BPTB) autograft, 9 were treated with a hamstring (HS) autograft, and 9 were treated with a tibialis anterior (TA) allograft. The driving simulator collected data on brake reaction time (BRT), brake travel time (BTT), and total brake time (TBT) at each visit. RESULTS: The control group generated a BRT of 725 milliseconds, BTT of 2.87 seconds, and TBT of 3.59 seconds. At week 1, all treatment patients had significant differences compared with controls for BRT, BTT, and TBT, except the BTT of the HS group. At week 3, all measures for the allograft group and the BRT for both autograft groups were no longer significantly different compared with controls, but significant differences were found for TBT in the HS and BPTB groups (P = .03, P = .01). At week 6, BRT, BTT, and TBT were no longer significantly different for either the HS group or BPTB group. CONCLUSIONS: Patients who underwent a right-knee ACLR with a TA allograft regained normal braking times by week 3 postoperatively. In contrast, those treated with a BPTB or HS autograft demonstrated significantly delayed braking times at 3 weeks but returned to normal braking ability by week 6. Those treated with an autograft had an earlier return of normalized BRT than BTT. LEVEL OF EVIDENCE: Level III, case-control series."
299,27,28,Gupta (2016),BPTB,"Gupta R, Kapoor D, Kapoor L, Malhotra A, Masih GD, Kapoor A, Joshi S",Gupta,Immediate post-operative pain in anterior cruciate ligament reconstruction surgery with bone patellar tendon bone graft versus hamstring graft.,immediatepostoperativepaininanteriorcruciateligamentreconstr,"BACKGROUND: Pain in the immediate post-operative period after anterior cruciate ligament (ACL) surgery, apart from an unpleasant experience for the patient, can act as a barrier for static quadriceps contractions and optimum execution of the initial rehabilitation protocol resulting in slow recovery and a later return to full function for a sportsperson. There is no report in the literature comparing pain in the immediate post-operative period after using the two most widely used autografts, bone patellar tendon bone (BPTB) graft and hamstring graft. METHODS: The present study compared the visual analogue scale (VAS) pain score in the immediate post-operative period after arthroscopic ACL reconstruction with the BPTB and hamstring autografts. Both groups consisted of 50 patients each. The mean age of the BPTB and hamstring cohorts was 26.9 +/- 7.3 years (age range 18-59 years) and 26.7 +/- 9.0 years (age range 17-52 years), respectively. Unpaired t test was applied to compare pain scores between the BPTB and hamstring cohorts. RESULTS: In the present study, patients in the BPTB cohort showed higher mean pain scores across all the post-operative time intervals except at 6 h. However, the difference in the mean VAS pain score at post-operative 6, 12,18, 24, 36 and 48 h in the two groups was statistically not significant (p value of 1, 0.665, 0.798, 0.377, 0.651 and 0.215 at 6, 12, 18, 24, 36 and 48 h, respectively). CONCLUSIONS: Our study concludes that the arthroscopic ACL reconstruction with BPTB autograft and hamstring autograft is associated with similar pain in the immediate post-operative period. As a result, aggressive physiotherapy regime is not affected by the type of graft being used for ACL reconstruction, as the pain scores in the immediate post-operative period are similar for both techniques. TRIAL REGISTRATION: Clinical Trials Registry-India, CTRI/2016/01/006502.",2016,English,J Orthop Surg Res,pubmed,10.1186/s13018-016-0399-5,https://doi.org/10.1186/s13018-016-0399-5,27277002.0,https://pubmed.ncbi.nlm.nih.gov/27277002/,Gupta+immediatepostoperativepaininanteriorcruciateligamentreconstr+2016,immediatepostoperativepaininanteriorcruciateligamentreconstr+2016,"Immediate post-operative pain in anterior cruciate ligament reconstruction surgery with bone patellar tendon bone graft versus hamstring graft. BACKGROUND: Pain in the immediate post-operative period after anterior cruciate ligament (ACL) surgery, apart from an unpleasant experience for the patient, can act as a barrier for static quadriceps contractions and optimum execution of the initial rehabilitation protocol resulting in slow recovery and a later return to full function for a sportsperson. There is no report in the literature comparing pain in the immediate post-operative period after using the two most widely used autografts, bone patellar tendon bone (BPTB) graft and hamstring graft. METHODS: The present study compared the visual analogue scale (VAS) pain score in the immediate post-operative period after arthroscopic ACL reconstruction with the BPTB and hamstring autografts. Both groups consisted of 50 patients each. The mean age of the BPTB and hamstring cohorts was 26.9 +/- 7.3 years (age range 18-59 years) and 26.7 +/- 9.0 years (age range 17-52 years), respectively. Unpaired t test was applied to compare pain scores between the BPTB and hamstring cohorts. RESULTS: In the present study, patients in the BPTB cohort showed higher mean pain scores across all the post-operative time intervals except at 6 h. However, the difference in the mean VAS pain score at post-operative 6, 12,18, 24, 36 and 48 h in the two groups was statistically not significant (p value of 1, 0.665, 0.798, 0.377, 0.651 and 0.215 at 6, 12, 18, 24, 36 and 48 h, respectively). CONCLUSIONS: Our study concludes that the arthroscopic ACL reconstruction with BPTB autograft and hamstring autograft is associated with similar pain in the immediate post-operative period. As a result, aggressive physiotherapy regime is not affected by the type of graft being used for ACL reconstruction, as the pain scores in the immediate post-operative period are similar for both techniques. TRIAL REGISTRATION: Clinical Trials Registry-India, CTRI/2016/01/006502."
308,38,39,Papalia (2015),BPTB,"Papalia R, Franceschi F, Tecame A, ""DAdamio S"", Maffulli N, Denaro V",Papalia,Anterior cruciate ligament reconstruction and return to sport activity: postural control as the key to success.,anteriorcruciateligamentreconstructionandreturntosportactivi,"PURPOSE: The risk for re-tear following anterior cruciate ligament (ACL) reconstruction is influenced by several hormonal, neuromuscular, biomechanical and anatomic factors. One of the most important negative prognostic factors that markedly increase the risk for ACL re-tear is the presence of high knee-abduction moment (KAM), which can be measured immediately by landing on both feet after a vertical jump. We evaluated the effect in postoperative values for KAM according to the type of graft used for ACL reconstruction (hamstring vs patellar tendon) and a specific rehabilitation protocol focusing on recovery of muscular strength, proprioception and joint stabilisation. METHODS: From November 2010 to September 2012, we enrolled 40 female recreational athletes with clinical and imaging evidence of ACL tear and randomised them in two groups. One group of patients underwent reconstruction with a hamstring-tendon graft and the second with a patellar-tendon graft. A custom rehabilitation programme focusing on proprioception was adopted. Clinical outcomes [International Knee Documentation Committee (IKDC) and Lysholm scores] and performance in functional test for stability (single-leg hop, timed hop, crossover triple hop, KAM test) were assessed preoperatively at three and six months postoperatively. RESULTS: All patients showed statistically significant clinical improvements postoperatively when compared with preoperative values (P < 0.0001). No significant intergroup difference was observed in all clinical scores and functional tests, with the exception of the value registered for the KAM test (P < 0.0001). CONCLUSIONS: ACL reconstruction using patellar-tendon graft followed by rehabilitation centred on strength, proprioception and stability restoration can produce satisfactory values for KAM within the physiological range. The surgical strategies should be adapted to the patient on the basis of a multidisciplinary approach.",2015,English,Int Orthop,pubmed,10.1007/s00264-014-2513-9,https://doi.org/10.1007/s00264-014-2513-9,25192689.0,https://pubmed.ncbi.nlm.nih.gov/25192689/,Papalia+anteriorcruciateligamentreconstructionandreturntosportactivi+2015,anteriorcruciateligamentreconstructionandreturntosportactivi+2015,"Anterior cruciate ligament reconstruction and return to sport activity: postural control as the key to success. PURPOSE: The risk for re-tear following anterior cruciate ligament (ACL) reconstruction is influenced by several hormonal, neuromuscular, biomechanical and anatomic factors. One of the most important negative prognostic factors that markedly increase the risk for ACL re-tear is the presence of high knee-abduction moment (KAM), which can be measured immediately by landing on both feet after a vertical jump. We evaluated the effect in postoperative values for KAM according to the type of graft used for ACL reconstruction (hamstring vs patellar tendon) and a specific rehabilitation protocol focusing on recovery of muscular strength, proprioception and joint stabilisation. METHODS: From November 2010 to September 2012, we enrolled 40 female recreational athletes with clinical and imaging evidence of ACL tear and randomised them in two groups. One group of patients underwent reconstruction with a hamstring-tendon graft and the second with a patellar-tendon graft. A custom rehabilitation programme focusing on proprioception was adopted. Clinical outcomes [International Knee Documentation Committee (IKDC) and Lysholm scores] and performance in functional test for stability (single-leg hop, timed hop, crossover triple hop, KAM test) were assessed preoperatively at three and six months postoperatively. RESULTS: All patients showed statistically significant clinical improvements postoperatively when compared with preoperative values (P < 0.0001). No significant intergroup difference was observed in all clinical scores and functional tests, with the exception of the value registered for the KAM test (P < 0.0001). CONCLUSIONS: ACL reconstruction using patellar-tendon graft followed by rehabilitation centred on strength, proprioception and stability restoration can produce satisfactory values for KAM within the physiological range. The surgical strategies should be adapted to the patient on the basis of a multidisciplinary approach."
309,40,41,Leitgeb (2014),BPTB,"Leitgeb J, Köttstorfer J, Schuster R, Kovar FM, Platzer P, Aldrian S",Leitgeb,Primary anterior cruciate ligament reconstruction in athletes: a 5-year follow up comparing patellar tendon versus hamstring tendon autograft.,primaryanteriorcruciateligamentreconstructioninathletes:a5ye,"INTRODUCTION: ACL reconstruction with quadruple hamstring graft (HT) as well as bone-patellar tendon-bone autograft (PT) is a frequent procedure in athletes after ACL rupture. Both techniques are reported to provide for satisfying results but only few articles compare both techniques. MATERIAL AND METHODS: Prospective evaluation was performed on 96 patients with isolated ACL rupture undergoing reconstruction with a HT or PT autograft by a single surgeon at our institution. Long time follow-up after five years included the IKDC and KOOS evaluation form as well as clinical assessment (ROM, Lachmann testing, KT-2000). RESULTS: Comparing both methods revealed no significant differences regarding IKDC and KOOS. The KT-2000 arthrometer testing showed a slightly increased mean laxity in the HT group. There were no differences regarding harvest side symptoms comparing HT and PT as well as one and two incision technique. Kneeling pain was significantly less common after HT autograft. HT as well as PT autograft achieve equally good clinical results in athletes at five year follow-up with no significant difference regarding knee stability. Although no difference concerning the harvest site was identified, HT seems to be favorable for patients who work in a kneeling position.",2014,English,Wien Klin Wochenschr,pubmed,10.1007/s00508-014-0550-4,https://doi.org/10.1007/s00508-014-0550-4,24825597.0,https://pubmed.ncbi.nlm.nih.gov/24825597/,Leitgeb+primaryanteriorcruciateligamentreconstructioninathletes:a5ye+2014,primaryanteriorcruciateligamentreconstructioninathletes:a5ye+2014,"Primary anterior cruciate ligament reconstruction in athletes: a 5-year follow up comparing patellar tendon versus hamstring tendon autograft. INTRODUCTION: ACL reconstruction with quadruple hamstring graft (HT) as well as bone-patellar tendon-bone autograft (PT) is a frequent procedure in athletes after ACL rupture. Both techniques are reported to provide for satisfying results but only few articles compare both techniques. MATERIAL AND METHODS: Prospective evaluation was performed on 96 patients with isolated ACL rupture undergoing reconstruction with a HT or PT autograft by a single surgeon at our institution. Long time follow-up after five years included the IKDC and KOOS evaluation form as well as clinical assessment (ROM, Lachmann testing, KT-2000). RESULTS: Comparing both methods revealed no significant differences regarding IKDC and KOOS. The KT-2000 arthrometer testing showed a slightly increased mean laxity in the HT group. There were no differences regarding harvest side symptoms comparing HT and PT as well as one and two incision technique. Kneeling pain was significantly less common after HT autograft. HT as well as PT autograft achieve equally good clinical results in athletes at five year follow-up with no significant difference regarding knee stability. Although no difference concerning the harvest site was identified, HT seems to be favorable for patients who work in a kneeling position."
311,43,44,Koyonos (2014),BPTB,"Koyonos L, Owsley K, Vollmer E, Limpisvasti O, Gambardella R",Koyonos,Preoperative cryotherapy use in anterior cruciate ligament reconstruction.,preoperativecryotherapyuseinanteriorcruciateligamentreconstr,"Unrelieved postoperative pain may impair rehabilitation, compromise functional outcomes, and lead to patient dissatisfaction. Preemptive multimodal analgesic techniques may improve outcomes after surgery. We hypothesized that patients using preoperative cryotherapy plus a standardized postoperative treatment plan will have lower pain scores and require less pain medication compared with patients receiving a standardized postoperative treatment plan alone after arthroscopically assisted anterior cruciate ligament reconstruction (ACLR). A total of 53 consecutive patients undergoing arthroscopically assisted ACLR performed by one of seven surgeons were randomly assigned to one of two groups. Group 1 received no preoperative cryotherapy and group 2 received 30 to 90 minutes of preoperative cryotherapy to the operative leg using a commercial noncompressive cryotherapy unit. Visual analog scale pain scores and narcotic use were recorded for the first 4 days postoperatively. Total hours of cold therapy and continuous passive motion (CPM) use and highest degree of flexion achieved were recorded as well. Group 1 consisted of 26 patients (15 allograft Achilles tendon and 11 autograft bone patellar tendon bone [BPTB]), and group 2 consisted of 27 patients (16 allograft Achilles tendon and 11 autograft BPTB). Group 2 patients reported less pain (average 1.3 units, p < 0.02) and used less narcotic use (average 1.7 tablets, p < 0.02) for the first 36 hours compared with group 1. No statistically significant differences were identified between the two groups with regard to demographics, hours of postoperative cryotherapy, hours of CPM use, or maximum knee flexion achieved. Complications did not occur in either group. This is the first report we are aware of showing the postoperative effects of preoperative cryotherapy. Our results support the safety and efficacy of preoperative cryotherapy in a multimodal pain regimen for patients undergoing ACL reconstruction.",2014,English,J Knee Surg,pubmed,10.1055/s-0034-1367730,https://doi.org/10.1055/s-0034-1367730,24488793.0,https://pubmed.ncbi.nlm.nih.gov/24488793/,Koyonos+preoperativecryotherapyuseinanteriorcruciateligamentreconstr+2014,preoperativecryotherapyuseinanteriorcruciateligamentreconstr+2014,"Preoperative cryotherapy use in anterior cruciate ligament reconstruction. Unrelieved postoperative pain may impair rehabilitation, compromise functional outcomes, and lead to patient dissatisfaction. Preemptive multimodal analgesic techniques may improve outcomes after surgery. We hypothesized that patients using preoperative cryotherapy plus a standardized postoperative treatment plan will have lower pain scores and require less pain medication compared with patients receiving a standardized postoperative treatment plan alone after arthroscopically assisted anterior cruciate ligament reconstruction (ACLR). A total of 53 consecutive patients undergoing arthroscopically assisted ACLR performed by one of seven surgeons were randomly assigned to one of two groups. Group 1 received no preoperative cryotherapy and group 2 received 30 to 90 minutes of preoperative cryotherapy to the operative leg using a commercial noncompressive cryotherapy unit. Visual analog scale pain scores and narcotic use were recorded for the first 4 days postoperatively. Total hours of cold therapy and continuous passive motion (CPM) use and highest degree of flexion achieved were recorded as well. Group 1 consisted of 26 patients (15 allograft Achilles tendon and 11 autograft bone patellar tendon bone [BPTB]), and group 2 consisted of 27 patients (16 allograft Achilles tendon and 11 autograft BPTB). Group 2 patients reported less pain (average 1.3 units, p < 0.02) and used less narcotic use (average 1.7 tablets, p < 0.02) for the first 36 hours compared with group 1. No statistically significant differences were identified between the two groups with regard to demographics, hours of postoperative cryotherapy, hours of CPM use, or maximum knee flexion achieved. Complications did not occur in either group. This is the first report we are aware of showing the postoperative effects of preoperative cryotherapy. Our results support the safety and efficacy of preoperative cryotherapy in a multimodal pain regimen for patients undergoing ACL reconstruction."
320,73,74,Ghalayini (2010),BPTB,"Ghalayini SR, Helm AT, Bonshahi AY, Lavender A, Johnson DS, Smith RB",Ghalayini,Arthroscopic anterior cruciate ligament surgery: results of autogenous patellar tendon graft versus the Leeds-Keio synthetic graft five year follow-up of a prospective randomised controlled trial.,arthroscopicanteriorcruciateligamentsurgery:resultsofautogen,"We conducted a prospective, randomised controlled trial comparing anterior cruciate ligament reconstruction using middle third patellar tendon graft (PT) to synthetic Leeds-Keio (LK) ligament. The patients were randomised (26 PT, 24 LK). Subjective knee function was classified (Lysholm, Tegner activity, IKDC scores), laxity was measured (Lachman test, Stryker laxometer), and functional ability was assessed (one-hop test). There were no significant differences between Lysholm or IKDC scores at any stage by 5 years. Significant differences were found between the groups at 2 years for Tegner activity scores, laxity and one-hop testing. By 5 years there were no significant differences. Clinical equivalence was demonstrated between the two groups for the Lysholm score and one-hop test but not for the Tegner activity score at 5 years. The use of the LK ligament has been largely abandoned due to reports of its insufficiency. Our results demonstrate that it is not as inferior as one might expect. We conclude that the results of LK ligament ACL reconstruction are as acceptable as those using PT. It may provide an additional means of reconstruction where no suitable alternative is present.",2010,English,Knee,pubmed,10.1016/j.knee.2009.09.008,https://doi.org/10.1016/j.knee.2009.09.008,19861236.0,https://pubmed.ncbi.nlm.nih.gov/19861236/,Ghalayini+arthroscopicanteriorcruciateligamentsurgery:resultsofautogen+2010,arthroscopicanteriorcruciateligamentsurgery:resultsofautogen+2010,"Arthroscopic anterior cruciate ligament surgery: results of autogenous patellar tendon graft versus the Leeds-Keio synthetic graft five year follow-up of a prospective randomised controlled trial. We conducted a prospective, randomised controlled trial comparing anterior cruciate ligament reconstruction using middle third patellar tendon graft (PT) to synthetic Leeds-Keio (LK) ligament. The patients were randomised (26 PT, 24 LK). Subjective knee function was classified (Lysholm, Tegner activity, IKDC scores), laxity was measured (Lachman test, Stryker laxometer), and functional ability was assessed (one-hop test). There were no significant differences between Lysholm or IKDC scores at any stage by 5 years. Significant differences were found between the groups at 2 years for Tegner activity scores, laxity and one-hop testing. By 5 years there were no significant differences. Clinical equivalence was demonstrated between the two groups for the Lysholm score and one-hop test but not for the Tegner activity score at 5 years. The use of the LK ligament has been largely abandoned due to reports of its insufficiency. Our results demonstrate that it is not as inferior as one might expect. We conclude that the results of LK ligament ACL reconstruction are as acceptable as those using PT. It may provide an additional means of reconstruction where no suitable alternative is present."
321,74,75,Heijne (2010),BPTB,"Heijne A, Werner S",Heijne,A 2-year follow-up of rehabilitation after ACL reconstruction using patellar tendon or hamstring tendon grafts: a prospective randomised outcome study.,a2yearfollowupofrehabilitationafteraclreconstructionusingpat,"Sixty-eight patients were clinically evaluated preoperatively, 3, 5, 7, 9 months, 1 and 2 years after ACL reconstruction, 34 with patellar tendon graft, 34 with hamstring graft. Outcome regarding graft choice and anterior knee laxity (P = 0.04) was in favour of patellar tendon graft. Hamstring graft led to a larger laxity, 2.4 mm compared with patellar tendon graft, 1.3 mm at 1 year and 2.5 mm and 1.5 mm, respectively, at 2 years (P = 0.05). There was a significant difference in rotational knee stability in favour of the patellar tendon graft at all test occasions but 9 months. A general effect regarding graft choice and muscle torque was found at 90 degrees/s for quadriceps (P = 0.03) and hamstrings (P < or = 0.0001) and at 230 degrees/s for hamstrings (P < or = 0.0001). No treatment effect regarding graft choice and one-leg hop test, postural sway or knee function was found. No group differences in anterior knee pain were found at any of the test occasions but 2 years in favour of hamstring graft compared to patellar tendon graft (P = 0.04). Patellar tendon graft resulted in higher activity level than hamstring graft at all test occasions but 1 year (P = 0.01). Patellar tendon ACL reconstruction led to more stable knees with less anterior knee laxity and less rotational instability than hamstring ACL reconstruction. Hamstring graft patients had not reached preoperative level in hamstring torque even 2 years after ACL reconstruction. Athletes with patellar tendon graft returned to sports earlier and at a higher level than those with hamstring graft.",2010,English,Knee Surg Sports Traumatol Arthrosc,pubmed,10.1007/s00167-009-0961-3,https://doi.org/10.1007/s00167-009-0961-3,19851754.0,https://pubmed.ncbi.nlm.nih.gov/19851754/,Heijne+a2yearfollowupofrehabilitationafteraclreconstructionusingpat+2010,a2yearfollowupofrehabilitationafteraclreconstructionusingpat+2010,"A 2-year follow-up of rehabilitation after ACL reconstruction using patellar tendon or hamstring tendon grafts: a prospective randomised outcome study. Sixty-eight patients were clinically evaluated preoperatively, 3, 5, 7, 9 months, 1 and 2 years after ACL reconstruction, 34 with patellar tendon graft, 34 with hamstring graft. Outcome regarding graft choice and anterior knee laxity (P = 0.04) was in favour of patellar tendon graft. Hamstring graft led to a larger laxity, 2.4 mm compared with patellar tendon graft, 1.3 mm at 1 year and 2.5 mm and 1.5 mm, respectively, at 2 years (P = 0.05). There was a significant difference in rotational knee stability in favour of the patellar tendon graft at all test occasions but 9 months. A general effect regarding graft choice and muscle torque was found at 90 degrees/s for quadriceps (P = 0.03) and hamstrings (P < or = 0.0001) and at 230 degrees/s for hamstrings (P < or = 0.0001). No treatment effect regarding graft choice and one-leg hop test, postural sway or knee function was found. No group differences in anterior knee pain were found at any of the test occasions but 2 years in favour of hamstring graft compared to patellar tendon graft (P = 0.04). Patellar tendon graft resulted in higher activity level than hamstring graft at all test occasions but 1 year (P = 0.01). Patellar tendon ACL reconstruction led to more stable knees with less anterior knee laxity and less rotational instability than hamstring ACL reconstruction. Hamstring graft patients had not reached preoperative level in hamstring torque even 2 years after ACL reconstruction. Athletes with patellar tendon graft returned to sports earlier and at a higher level than those with hamstring graft."
324,78,79,Ahldén (2009),BPTB,"Ahldén M, Kartus J, Ejerhed L, Karlsson J, Sernert N",Ahldén,"Knee laxity measurements after anterior cruciate ligament reconstruction, using either bone-patellar-tendon-bone or hamstring tendon autografts, with special emphasis on comparison over time.",kneelaxitymeasurementsafteranteriorcruciateligamentreconstru,"The aims of the study were to analyse the change in knee laxity over time after anterior cruciate ligament (ACL) reconstruction, using either bone-patellar-tendon-bone (BPTB) or hamstring (HS) tendon autografts, and to compare the knee laxity measurements between the study groups both pre-operatively and on multiple follow-up occasions. Another aim was to compare the radiographic findings in terms of degenerative changes between the study groups. A randomised series of 71 patients, who underwent ACL reconstruction using BPTB or HS tendon autografts and interference screw fixation, were included in the study. Of these patients, 47/71 (66%) attended a clinical examination, including laxity measurements using the KT-1000 arthrometer, pre-operatively and on four post-operative occasions; 6 months, 1 year, 2 years and 7 years after the reconstruction. The BPTB group consisted of 22 patients, while there were 25 patients in the HS group. There were no significant differences in the mean side-to-side knee laxity between the BPTB and the HS group pre-operatively or at the follow-up examinations. There was a tendency towards a reduction in side-to-side knee laxity over time in both groups, measured with the KT-1000 arthrometer. The decrease was significant when analysing the injured and uninjured knee separately (injured side p < 0.001 (BPTB) and p = 0.005 (HS), uninjured side p = 0.008 and p = 0.042, respectively). Forty-four patients (BPTB 21, ST 23) underwent a radiographic assessment at the 7-year follow-up, which revealed no significant differences between the study groups in terms of osteoarthritic findings classified according to the Fairbank and Ahlback rating systems. In overall terms, osteoarthritis was identified in 16% (BPTB 19%; ST 13%; n.s.) according to the Ahlback rating system and 68% (BPTB 67%; ST 70%; n.s.) according to the Fairbank rating system. There were no significant differences in knee laxity measurements between the two study groups pre-operatively or at 7 years. A decrease in knee laxity over time was seen in both groups. There were no significant differences between the BPTB and ST groups in terms of osteoarthritic findings at 7 years.",2009,English,Knee Surg Sports Traumatol Arthrosc,pubmed,10.1007/s00167-009-0846-5,https://doi.org/10.1007/s00167-009-0846-5,19575180.0,https://pubmed.ncbi.nlm.nih.gov/19575180/,Ahldén+kneelaxitymeasurementsafteranteriorcruciateligamentreconstru+2009,kneelaxitymeasurementsafteranteriorcruciateligamentreconstru+2009,"Knee laxity measurements after anterior cruciate ligament reconstruction, using either bone-patellar-tendon-bone or hamstring tendon autografts, with special emphasis on comparison over time. The aims of the study were to analyse the change in knee laxity over time after anterior cruciate ligament (ACL) reconstruction, using either bone-patellar-tendon-bone (BPTB) or hamstring (HS) tendon autografts, and to compare the knee laxity measurements between the study groups both pre-operatively and on multiple follow-up occasions. Another aim was to compare the radiographic findings in terms of degenerative changes between the study groups. A randomised series of 71 patients, who underwent ACL reconstruction using BPTB or HS tendon autografts and interference screw fixation, were included in the study. Of these patients, 47/71 (66%) attended a clinical examination, including laxity measurements using the KT-1000 arthrometer, pre-operatively and on four post-operative occasions; 6 months, 1 year, 2 years and 7 years after the reconstruction. The BPTB group consisted of 22 patients, while there were 25 patients in the HS group. There were no significant differences in the mean side-to-side knee laxity between the BPTB and the HS group pre-operatively or at the follow-up examinations. There was a tendency towards a reduction in side-to-side knee laxity over time in both groups, measured with the KT-1000 arthrometer. The decrease was significant when analysing the injured and uninjured knee separately (injured side p < 0.001 (BPTB) and p = 0.005 (HS), uninjured side p = 0.008 and p = 0.042, respectively). Forty-four patients (BPTB 21, ST 23) underwent a radiographic assessment at the 7-year follow-up, which revealed no significant differences between the study groups in terms of osteoarthritic findings classified according to the Fairbank and Ahlback rating systems. In overall terms, osteoarthritis was identified in 16% (BPTB 19%; ST 13%; n.s.) according to the Ahlback rating system and 68% (BPTB 67%; ST 70%; n.s.) according to the Fairbank rating system. There were no significant differences in knee laxity measurements between the two study groups pre-operatively or at 7 years. A decrease in knee laxity over time was seen in both groups. There were no significant differences between the BPTB and ST groups in terms of osteoarthritic findings at 7 years."
325,85,86,Ageberg (2009),BPTB,"Ageberg E, Roos HP, Silbernagel KG, Thomeé R, Roos EM",Ageberg,Knee extension and flexion muscle power after anterior cruciate ligament reconstruction with patellar tendon graft or hamstring tendons graft: a cross-sectional comparison 3 years post surgery.,kneeextensionandflexionmusclepowerafteranteriorcruciateligam,"Hamstring muscles play a major role in knee-joint stabilization after anterior cruciate ligament (ACL) injury. Weakness of the knee extensors after ACL reconstruction with patellar tendon (PT) graft, and in the knee flexors after reconstruction with hamstring tendons (HT) graft has been observed up to 2 years post surgery, but not later. In these studies, isokinetic muscle torque was used. However, muscle power has been suggested to be a more sensitive and sport-specific measures of strength. The aim was to study quadriceps and hamstring muscle power in patients with ACL injury treated with surgical reconstruction with PT or HT grafts at a mean of 3 years after surgery. Twenty subjects with PT and 16 subjects with HT grafts (mean age at follow up 30 years, range 20-39, 25% women), who were all included in a prospective study and followed the same goal-based rehabilitation protocol for at least 4 months, were assessed with reliable, valid, and responsive tests of quadriceps and hamstring muscle power at 3 years (SD 0.9, range 2-5) after surgery. The mean difference between legs (injured minus uninjured), the hamstring to quadriceps (H:Q, hamstring divided by quadriceps) ratio, and the limb symmetry index (LSI, injured leg divided by uninjured and multiplied by 100) value, were used for comparisons between the groups (analysis of variance). The mean difference between the injured and uninjured legs was greater in the HT than in the PT group for knee flexion power (-21.3 vs. 7.7 W, p = 0.001). Patients with HT graft had lower H:Q ratio in the injured leg than the patients with PT graft (0.63 vs. 0.77, p = 0.012). They also had lower LSI for knee flexion power than those in the PT group (88 vs. 106%, p < 0.001). No differences were found between the groups for knee extension power. The lower hamstring muscle power, and the lower hamstring to quadriceps ratio in the HT graft group than in the PT graft group 3 years (range 2-5) after ACL reconstruction, reflect imbalance of knee muscles after reconstruction with HT graft that may have a negative effect on dynamic knee-joint stabilization.",2009,English,Knee Surg Sports Traumatol Arthrosc,pubmed,10.1007/s00167-008-0645-4,https://doi.org/10.1007/s00167-008-0645-4,18982311.0,https://pubmed.ncbi.nlm.nih.gov/18982311/,Ageberg+kneeextensionandflexionmusclepowerafteranteriorcruciateligam+2009,kneeextensionandflexionmusclepowerafteranteriorcruciateligam+2009,"Knee extension and flexion muscle power after anterior cruciate ligament reconstruction with patellar tendon graft or hamstring tendons graft: a cross-sectional comparison 3 years post surgery. Hamstring muscles play a major role in knee-joint stabilization after anterior cruciate ligament (ACL) injury. Weakness of the knee extensors after ACL reconstruction with patellar tendon (PT) graft, and in the knee flexors after reconstruction with hamstring tendons (HT) graft has been observed up to 2 years post surgery, but not later. In these studies, isokinetic muscle torque was used. However, muscle power has been suggested to be a more sensitive and sport-specific measures of strength. The aim was to study quadriceps and hamstring muscle power in patients with ACL injury treated with surgical reconstruction with PT or HT grafts at a mean of 3 years after surgery. Twenty subjects with PT and 16 subjects with HT grafts (mean age at follow up 30 years, range 20-39, 25% women), who were all included in a prospective study and followed the same goal-based rehabilitation protocol for at least 4 months, were assessed with reliable, valid, and responsive tests of quadriceps and hamstring muscle power at 3 years (SD 0.9, range 2-5) after surgery. The mean difference between legs (injured minus uninjured), the hamstring to quadriceps (H:Q, hamstring divided by quadriceps) ratio, and the limb symmetry index (LSI, injured leg divided by uninjured and multiplied by 100) value, were used for comparisons between the groups (analysis of variance). The mean difference between the injured and uninjured legs was greater in the HT than in the PT group for knee flexion power (-21.3 vs. 7.7 W, p = 0.001). Patients with HT graft had lower H:Q ratio in the injured leg than the patients with PT graft (0.63 vs. 0.77, p = 0.012). They also had lower LSI for knee flexion power than those in the PT group (88 vs. 106%, p < 0.001). No differences were found between the groups for knee extension power. The lower hamstring muscle power, and the lower hamstring to quadriceps ratio in the HT graft group than in the PT graft group 3 years (range 2-5) after ACL reconstruction, reflect imbalance of knee muscles after reconstruction with HT graft that may have a negative effect on dynamic knee-joint stabilization."
327,88,89,Hantes (2008),BPTB,"Hantes ME, Basdekis GK, Varitimidis SE, Giotikas D, Petinaki E, Malizos KN",Hantes,Autograft contamination during preparation for anterior cruciate ligament reconstruction.,autograftcontaminationduringpreparationforanteriorcruciateli,"BACKGROUND: The autograft preparation process for anterior cruciate ligament reconstruction has a potential for graft contamination. The purpose of this study was to evaluate the possibility of contamination of the bone-patellar tendon-bone and hamstring tendon autograft during preparation for anterior cruciate ligament reconstruction. METHODS: A primary isolated reconstruction of the anterior cruciate ligament with use of bone-patellar tendon-bone autograft (thirty patients) and hamstring tendon autograft (thirty patients) was performed in a prospective, consecutive series of patients. Three tissue samples were obtained for culture from each graft at different time-intervals during the graft preparation. In addition, the erythrocyte sedimentation rate and the C-reactive protein level were evaluated preoperatively and on the third, seventh, and twentieth postoperative days, and the clinical course of all patients was monitored. RESULTS: The time needed for graft preparation was significantly longer for hamstring autografts (nineteen minutes) than for bone-patellar tendon-bone autografts (ten minutes) (p = 0.032). In the hamstring group, cultures of graft tissue from four patients (13%) were positive for bacteria. In the bone-patellar tendon-bone group, cultures of graft tissue from three patients (10%) were positive for bacteria; the difference between groups was not significant (p = 0.923). No patient had development of a postoperative infection. There were no differences between patients with a contaminated graft and those with an uncontaminated graft with regard to postoperative changes in the erythrocyte sedimentation rate or the C-reactive protein level at all time-intervals. CONCLUSIONS: A high rate (12%) of autograft contamination can be expected during autograft preparation for anterior cruciate ligament reconstruction. The contamination rate is almost equal for both bone-patellar tendon-bone and hamstring tendon autografts. We could not identify an association between contaminated grafts implanted in the knee and postoperative inflammatory markers such as the erythrocyte sedimentation rate and the C-reactive protein level.",2008,English,J Bone Joint Surg Am,pubmed,10.2106/JBJS.G.00806,https://doi.org/10.2106/JBJS.G.00806,18381313.0,https://pubmed.ncbi.nlm.nih.gov/18381313/,Hantes+autograftcontaminationduringpreparationforanteriorcruciateli+2008,autograftcontaminationduringpreparationforanteriorcruciateli+2008,"Autograft contamination during preparation for anterior cruciate ligament reconstruction. BACKGROUND: The autograft preparation process for anterior cruciate ligament reconstruction has a potential for graft contamination. The purpose of this study was to evaluate the possibility of contamination of the bone-patellar tendon-bone and hamstring tendon autograft during preparation for anterior cruciate ligament reconstruction. METHODS: A primary isolated reconstruction of the anterior cruciate ligament with use of bone-patellar tendon-bone autograft (thirty patients) and hamstring tendon autograft (thirty patients) was performed in a prospective, consecutive series of patients. Three tissue samples were obtained for culture from each graft at different time-intervals during the graft preparation. In addition, the erythrocyte sedimentation rate and the C-reactive protein level were evaluated preoperatively and on the third, seventh, and twentieth postoperative days, and the clinical course of all patients was monitored. RESULTS: The time needed for graft preparation was significantly longer for hamstring autografts (nineteen minutes) than for bone-patellar tendon-bone autografts (ten minutes) (p = 0.032). In the hamstring group, cultures of graft tissue from four patients (13%) were positive for bacteria. In the bone-patellar tendon-bone group, cultures of graft tissue from three patients (10%) were positive for bacteria; the difference between groups was not significant (p = 0.923). No patient had development of a postoperative infection. There were no differences between patients with a contaminated graft and those with an uncontaminated graft with regard to postoperative changes in the erythrocyte sedimentation rate or the C-reactive protein level at all time-intervals. CONCLUSIONS: A high rate (12%) of autograft contamination can be expected during autograft preparation for anterior cruciate ligament reconstruction. The contamination rate is almost equal for both bone-patellar tendon-bone and hamstring tendon autografts. We could not identify an association between contaminated grafts implanted in the knee and postoperative inflammatory markers such as the erythrocyte sedimentation rate and the C-reactive protein level."
329,90,91,Sajovic (2008),BPTB,"Sajovic M, Strahovnik A, Komadina R, Dernovsek MZ",Sajovic,The effect of graft choice on functional outcome in anterior cruciate ligament reconstruction.,theeffectofgraftchoiceonfunctionaloutcomeinanteriorcruciatel,"A prospective, randomised, 5-year follow-up study was designed to compare the functional results between patellar tendon and hamstring tendon autografts after anterior cruciate ligament reconstruction. Primary reconstruction was performed in 32 patients using the central third of the patellar ligament and in 32 patients using double-looped semitendinosus and gracilis tendons. All reconstructions were performed by a single surgeon, with identical surgical technique and rehabilitation protocol. Of the total 64 patients in the study, 54 (85%) were available for the 5-year follow-up. No statistically significant differences were seen with respect to Lysholm score, International Knee Documentation Committee (IKDC) classification, clinical and KT-2000 arthrometer laxity testing, single-legged hop test and anterior knee pain. Graft rupture occurred in two patients (8%) in the patellar tendon group and in two patients (7%) in the hamstring tendon group; 23 patients (88%) in the patellar tendon group and 23 patients (82%) in the hamstring tendon group returned to their pre-injury activity level. Good subjective outcome and stability can be obtained by using either graft; no statistically significant differences were found in functional outcome between the grafts.",2008,English,Int Orthop,pubmed,10.1007/s00264-007-0341-x,https://doi.org/10.1007/s00264-007-0341-x,17431619.0,https://pubmed.ncbi.nlm.nih.gov/17431619/,Sajovic+theeffectofgraftchoiceonfunctionaloutcomeinanteriorcruciatel+2008,theeffectofgraftchoiceonfunctionaloutcomeinanteriorcruciatel+2008,"The effect of graft choice on functional outcome in anterior cruciate ligament reconstruction. A prospective, randomised, 5-year follow-up study was designed to compare the functional results between patellar tendon and hamstring tendon autografts after anterior cruciate ligament reconstruction. Primary reconstruction was performed in 32 patients using the central third of the patellar ligament and in 32 patients using double-looped semitendinosus and gracilis tendons. All reconstructions were performed by a single surgeon, with identical surgical technique and rehabilitation protocol. Of the total 64 patients in the study, 54 (85%) were available for the 5-year follow-up. No statistically significant differences were seen with respect to Lysholm score, International Knee Documentation Committee (IKDC) classification, clinical and KT-2000 arthrometer laxity testing, single-legged hop test and anterior knee pain. Graft rupture occurred in two patients (8%) in the patellar tendon group and in two patients (7%) in the hamstring tendon group; 23 patients (88%) in the patellar tendon group and 23 patients (82%) in the hamstring tendon group returned to their pre-injury activity level. Good subjective outcome and stability can be obtained by using either graft; no statistically significant differences were found in functional outcome between the grafts."
330,91,92,Gerber (2007),BPTB,"Gerber JP, Marcus RL, Dibble LE, Greis PE, Burks RT, LaStayo PC",Gerber,Effects of early progressive eccentric exercise on muscle structure after anterior cruciate ligament reconstruction.,effectsofearlyprogressiveeccentricexerciseonmusclestructurea,"BACKGROUND: Thigh muscle atrophy is a major impairment that occurs early after reconstruction of the anterior cruciate ligament and persists for several years. Eccentric resistance training has the potential to induce considerable gains in muscle size and strength that could prove beneficial during postoperative rehabilitation. The purpose of this study was to evaluate the effects of progressive eccentric exercise on thigh muscle structure following reconstruction of the anterior cruciate ligament. METHODS: Beginning three weeks after reconstruction of the anterior cruciate ligament, forty patients were randomly assigned to a program involving either twelve weeks of eccentric exercises or a standard rehabilitation protocol. Patients were matched by surgical procedure, sex, and age. The final series consisted of two cohorts of twenty patients each who had been treated with one of two types of graft (semitendinosus-gracilis or bone-patellar tendon-bone), with ten patients treated with each of the two rehabilitation protocols in each graft cohort. To evaluate changes in muscle structure, magnetic resonance images of the involved and uninvolved thighs were acquired before and after training. The volume and peak cross-sectional area of the quadriceps, hamstrings, and gracilis and the distal portion of the gluteus maximus were calculated from these images. RESULTS: The volume and peak cross-sectional area of the quadriceps and gluteus maximus, in both the involved and the uninvolved thighs and in the patients treated with each type of graft, improved significantly more in the eccentric-exercise group (p < 0.001). The magnitude of the volume change was more than twofold greater in that group. No significant differences in any hamstring or gracilis structural measurements were observed between the rehabilitation groups. However, the volume and peak cross-sectional area of the gracilis were markedly reduced, compared with the pretraining values, in the patients who had undergone reconstruction with the semitendinosus-gracilis graft. CONCLUSIONS: Eccentric resistance training implemented three weeks after reconstruction of the anterior cruciate ligament can induce structural changes in the quadriceps and gluteus maximus that greatly exceed those achieved with a standard rehabilitation protocol. The success of this intervention can be attributed to the gradual and progressive exposure to negative work through eccentric exercise, ultimately leading to production of high muscle force.",2007,English,J Bone Joint Surg Am,pubmed,10.2106/JBJS.F.00385,https://doi.org/10.2106/JBJS.F.00385,17332105.0,https://pubmed.ncbi.nlm.nih.gov/17332105/,Gerber+effectsofearlyprogressiveeccentricexerciseonmusclestructurea+2007,effectsofearlyprogressiveeccentricexerciseonmusclestructurea+2007,"Effects of early progressive eccentric exercise on muscle structure after anterior cruciate ligament reconstruction. BACKGROUND: Thigh muscle atrophy is a major impairment that occurs early after reconstruction of the anterior cruciate ligament and persists for several years. Eccentric resistance training has the potential to induce considerable gains in muscle size and strength that could prove beneficial during postoperative rehabilitation. The purpose of this study was to evaluate the effects of progressive eccentric exercise on thigh muscle structure following reconstruction of the anterior cruciate ligament. METHODS: Beginning three weeks after reconstruction of the anterior cruciate ligament, forty patients were randomly assigned to a program involving either twelve weeks of eccentric exercises or a standard rehabilitation protocol. Patients were matched by surgical procedure, sex, and age. The final series consisted of two cohorts of twenty patients each who had been treated with one of two types of graft (semitendinosus-gracilis or bone-patellar tendon-bone), with ten patients treated with each of the two rehabilitation protocols in each graft cohort. To evaluate changes in muscle structure, magnetic resonance images of the involved and uninvolved thighs were acquired before and after training. The volume and peak cross-sectional area of the quadriceps, hamstrings, and gracilis and the distal portion of the gluteus maximus were calculated from these images. RESULTS: The volume and peak cross-sectional area of the quadriceps and gluteus maximus, in both the involved and the uninvolved thighs and in the patients treated with each type of graft, improved significantly more in the eccentric-exercise group (p < 0.001). The magnitude of the volume change was more than twofold greater in that group. No significant differences in any hamstring or gracilis structural measurements were observed between the rehabilitation groups. However, the volume and peak cross-sectional area of the gracilis were markedly reduced, compared with the pretraining values, in the patients who had undergone reconstruction with the semitendinosus-gracilis graft. CONCLUSIONS: Eccentric resistance training implemented three weeks after reconstruction of the anterior cruciate ligament can induce structural changes in the quadriceps and gluteus maximus that greatly exceed those achieved with a standard rehabilitation protocol. The success of this intervention can be attributed to the gradual and progressive exposure to negative work through eccentric exercise, ultimately leading to production of high muscle force."
332,93,94,Pinczewski (2007),BPTB,"Pinczewski LA, Lyman J, Salmon LJ, Russell VJ, Roe J, Linklater J",Pinczewski,"A 10-year comparison of anterior cruciate ligament reconstructions with hamstring tendon and patellar tendon autograft: a controlled, prospective trial.",a10yearcomparisonofanteriorcruciateligamentreconstructionswi,"BACKGROUND: There are no controlled, prospective studies comparing the 10-year outcomes of anterior cruciate ligament (ACL) reconstruction using patellar tendon (PT) and 4-strand hamstring tendon (HT) autografts. HYPOTHESIS: Comparable results are possible with HT and PT autografts. STUDY DESIGN: Cohort study; Level of evidence, 2. METHODS: One hundred eighty ACL-deficient knees that met inclusion criteria underwent ACL reconstruction (90 HT autograft, 90 PT autograft) by one surgeon and were treated with an accelerated rehabilitation program. All knees were observed in a prospective fashion with subjective, objective, and radiographic evaluation at 2, 5, 7, and 10-year intervals. RESULTS: At 10 years, there were no differences in graft rupture rates (7/90 PT vs. 12/90 HT, P = .24). There were 20 contralateral ACL ruptures in the PT group, compared with 9 in the HT group (P = .02). In all patients, graft rupture was associated with instrumented laxity >2 mm at 2 years (P = .001). Normal or near-normal function of the knee was reported in 97% of patients in both groups. In the PT group, harvest-site symptoms (P = .001) and kneeling pain (P = .01) were more common than in the HT group. More patients reported pain with strenuous activities in PT knees than in HT knees (P = .05). Radiographic osteoarthritis was more common in PT knees than the HT-reconstructed knees (P = .04). The difference, however, was composed of patients with mild osteoarthritis. Other predictors of radiographic osteoarthritis were <90% single-legged hop test at 1 year and the need for further knee surgery. An ""ideal"" outcome, defined as an overall International Knee Documentation Committee grade of A or B and a radiographic grade of A at 10 years after ACL reconstruction, was associated with <3 mm of instrumented laxity at 2 years, the absence of additional surgery in the knee, and HT grafts. CONCLUSIONS: It is possible to obtain excellent results with both HT and PT autografts. We recommend HT reconstructions to our patients because of decreased harvest-site symptoms and radiographic osteoarthritis.",2007,English,Am J Sports Med,pubmed,10.1177/0363546506296042,https://doi.org/10.1177/0363546506296042,17261567.0,https://pubmed.ncbi.nlm.nih.gov/17261567/,Pinczewski+a10yearcomparisonofanteriorcruciateligamentreconstructionswi+2007,a10yearcomparisonofanteriorcruciateligamentreconstructionswi+2007,"A 10-year comparison of anterior cruciate ligament reconstructions with hamstring tendon and patellar tendon autograft: a controlled, prospective trial. BACKGROUND: There are no controlled, prospective studies comparing the 10-year outcomes of anterior cruciate ligament (ACL) reconstruction using patellar tendon (PT) and 4-strand hamstring tendon (HT) autografts. HYPOTHESIS: Comparable results are possible with HT and PT autografts. STUDY DESIGN: Cohort study; Level of evidence, 2. METHODS: One hundred eighty ACL-deficient knees that met inclusion criteria underwent ACL reconstruction (90 HT autograft, 90 PT autograft) by one surgeon and were treated with an accelerated rehabilitation program. All knees were observed in a prospective fashion with subjective, objective, and radiographic evaluation at 2, 5, 7, and 10-year intervals. RESULTS: At 10 years, there were no differences in graft rupture rates (7/90 PT vs. 12/90 HT, P = .24). There were 20 contralateral ACL ruptures in the PT group, compared with 9 in the HT group (P = .02). In all patients, graft rupture was associated with instrumented laxity >2 mm at 2 years (P = .001). Normal or near-normal function of the knee was reported in 97% of patients in both groups. In the PT group, harvest-site symptoms (P = .001) and kneeling pain (P = .01) were more common than in the HT group. More patients reported pain with strenuous activities in PT knees than in HT knees (P = .05). Radiographic osteoarthritis was more common in PT knees than the HT-reconstructed knees (P = .04). The difference, however, was composed of patients with mild osteoarthritis. Other predictors of radiographic osteoarthritis were <90% single-legged hop test at 1 year and the need for further knee surgery. An ""ideal"" outcome, defined as an overall International Knee Documentation Committee grade of A or B and a radiographic grade of A at 10 years after ACL reconstruction, was associated with <3 mm of instrumented laxity at 2 years, the absence of additional surgery in the knee, and HT grafts. CONCLUSIONS: It is possible to obtain excellent results with both HT and PT autografts. We recommend HT reconstructions to our patients because of decreased harvest-site symptoms and radiographic osteoarthritis."
333,94,95,Chouliaras (2007),BPTB,"Chouliaras V, Ristanis S, Moraiti C, Stergiou N, Georgoulis AD",Chouliaras,Effectiveness of reconstruction of the anterior cruciate ligament with quadrupled hamstrings and bone-patellar tendon-bone autografts: an in vivo study comparing tibial internal-external rotation.,effectivenessofreconstructionoftheanteriorcruciateligamentwi,"BACKGROUND: The 2 most frequently used autografts for anterior cruciate ligament reconstruction are the bone-patellar tendon-bone and the quadrupled hamstrings tendon. HYPOTHESIS: Hamstring tendon graft is superior to patellar tendon graft in restoring tibial rotation during highly demanding activities because of its superiority in strength and linear stiffness and because it is closer morphologically to the anatomy of the natural anterior cruciate ligament. STUDY DESIGN: Case control study; Level of evidence, 3. METHODS: Eleven patients with patellar tendon graft anterior cruciate ligament reconstruction, 11 patients with hamstring tendon graft anterior cruciate ligament reconstruction, and 11 controls were assessed. Kinematic data were collected (50 Hz) with a 6-camera optoelectronic system while the subjects descended stairs and, immediately after, pivoted on their landing leg. The dependent variable examined was the tibial internal-external rotation during pivoting. All patients in both groups were also assessed clinically and with the use of a KT-1000 arthrometer to evaluate anterior tibial translation. RESULTS: The results demonstrated that reconstructions with either graft successfully restored anterior tibial translation. However, both anterior cruciate ligament reconstruction groups had significantly increased tibial rotation when compared with the controls, whereas no differences were found between the 2 reconstructed groups. CONCLUSION: The 2 most frequently used autografts for anterior cruciate ligament reconstruction cannot restore tibial rotation to normal levels. CLINICAL RELEVANCE: New surgical techniques are needed that can better approximate the actual anatomy and function of the anterior cruciate ligament.",2007,English,Am J Sports Med,pubmed,10.1177/0363546506296040,https://doi.org/10.1177/0363546506296040,17251174.0,https://pubmed.ncbi.nlm.nih.gov/17251174/,Chouliaras+effectivenessofreconstructionoftheanteriorcruciateligamentwi+2007,effectivenessofreconstructionoftheanteriorcruciateligamentwi+2007,"Effectiveness of reconstruction of the anterior cruciate ligament with quadrupled hamstrings and bone-patellar tendon-bone autografts: an in vivo study comparing tibial internal-external rotation. BACKGROUND: The 2 most frequently used autografts for anterior cruciate ligament reconstruction are the bone-patellar tendon-bone and the quadrupled hamstrings tendon. HYPOTHESIS: Hamstring tendon graft is superior to patellar tendon graft in restoring tibial rotation during highly demanding activities because of its superiority in strength and linear stiffness and because it is closer morphologically to the anatomy of the natural anterior cruciate ligament. STUDY DESIGN: Case control study; Level of evidence, 3. METHODS: Eleven patients with patellar tendon graft anterior cruciate ligament reconstruction, 11 patients with hamstring tendon graft anterior cruciate ligament reconstruction, and 11 controls were assessed. Kinematic data were collected (50 Hz) with a 6-camera optoelectronic system while the subjects descended stairs and, immediately after, pivoted on their landing leg. The dependent variable examined was the tibial internal-external rotation during pivoting. All patients in both groups were also assessed clinically and with the use of a KT-1000 arthrometer to evaluate anterior tibial translation. RESULTS: The results demonstrated that reconstructions with either graft successfully restored anterior tibial translation. However, both anterior cruciate ligament reconstruction groups had significantly increased tibial rotation when compared with the controls, whereas no differences were found between the 2 reconstructed groups. CONCLUSION: The 2 most frequently used autografts for anterior cruciate ligament reconstruction cannot restore tibial rotation to normal levels. CLINICAL RELEVANCE: New surgical techniques are needed that can better approximate the actual anatomy and function of the anterior cruciate ligament."
341,105,106,Gobbi (2006),BPTB,"Gobbi A, Francisco R",Gobbi,Factors affecting return to sports after anterior cruciate ligament reconstruction with patellar tendon and hamstring graft: a prospective clinical investigation.,factorsaffectingreturntosportsafteranteriorcruciateligamentr,"In athletes, anterior cruciate ligament (ACL) reconstruction is recommended after injury to restore the normal knee function and allow subsequent return to sport. Successful ACL reconstruction with patellar tendon (PT) and hamstring tendon (HT) grafts combined with a well-structured rehabilitation program could bring athletes back to their previous level of sport activities. We prospectively followed-up 100 athletes who underwent ACL reconstruction with either PT (n=50) or HT grafts (n=50). Evaluation was done pre-operatively and post-operatively (3, 6, 12, and 24 months) using International Knee Documentation Committee (IKDC), Lysholm, Noyes, and Tegner scales. Subjective assessment numeric evaluation (SANE), knee activity rating scale (Marx) and a psychological profile questionnaire (psychovitality) were also utilized. Objective evaluations included isokinetic tests and computerized knee motion analysis. Data gathered were statistically analyzed using the Mann-Whitney non-parametric U-test. Among the 100 patients who have undergone ACL reconstruction, 65% returned to the same level of sports, 24% changed sports and 11% ceased sport activities. No significant difference (P>0.05) in outcome between PT and HT grafts were observed. No significant differences (P>0.05) were noted between athletes who ""returned"" to their previous sport and those who ""did not return"" to sports at the same level when using the IKDC, Lysholm, Noyes, and Tegner knee evaluation scales. However, significant difference was observed with the knee scores obtained by those who returned and those who completely ceased participation in sport activities. Computerized laxity test revealed that 90% of these patients have less than 3 mm side-to-side difference with no significant difference between HT and PT groups. Patients who ""returned to sports"" obtained significantly better scores with the Marx scale (P=0.001) and the psychovitality questionnaire (P=0.001) than those who did not. Conventional knee scales including IKDC, Lysholm, Noyes, and Tegner remain as reliable means of evaluating outcome of ACL reconstruction. However, the data obtained from these are not sufficient to determine which among the patients who had knee reconstruction can successfully return to sport. The use of the Marx knee activity rating scale and the evaluation of the athletes' psychological profile are additional scales that can be useful in determining which among the patients treated have a better chance of returning to their pre-injury activity levels.",2006,English,Knee Surg Sports Traumatol Arthrosc,pubmed,10.1007/s00167-006-0050-9,https://doi.org/10.1007/s00167-006-0050-9,16496124.0,https://pubmed.ncbi.nlm.nih.gov/16496124/,Gobbi+factorsaffectingreturntosportsafteranteriorcruciateligamentr+2006,factorsaffectingreturntosportsafteranteriorcruciateligamentr+2006,"Factors affecting return to sports after anterior cruciate ligament reconstruction with patellar tendon and hamstring graft: a prospective clinical investigation. In athletes, anterior cruciate ligament (ACL) reconstruction is recommended after injury to restore the normal knee function and allow subsequent return to sport. Successful ACL reconstruction with patellar tendon (PT) and hamstring tendon (HT) grafts combined with a well-structured rehabilitation program could bring athletes back to their previous level of sport activities. We prospectively followed-up 100 athletes who underwent ACL reconstruction with either PT (n=50) or HT grafts (n=50). Evaluation was done pre-operatively and post-operatively (3, 6, 12, and 24 months) using International Knee Documentation Committee (IKDC), Lysholm, Noyes, and Tegner scales. Subjective assessment numeric evaluation (SANE), knee activity rating scale (Marx) and a psychological profile questionnaire (psychovitality) were also utilized. Objective evaluations included isokinetic tests and computerized knee motion analysis. Data gathered were statistically analyzed using the Mann-Whitney non-parametric U-test. Among the 100 patients who have undergone ACL reconstruction, 65% returned to the same level of sports, 24% changed sports and 11% ceased sport activities. No significant difference (P>0.05) in outcome between PT and HT grafts were observed. No significant differences (P>0.05) were noted between athletes who ""returned"" to their previous sport and those who ""did not return"" to sports at the same level when using the IKDC, Lysholm, Noyes, and Tegner knee evaluation scales. However, significant difference was observed with the knee scores obtained by those who returned and those who completely ceased participation in sport activities. Computerized laxity test revealed that 90% of these patients have less than 3 mm side-to-side difference with no significant difference between HT and PT groups. Patients who ""returned to sports"" obtained significantly better scores with the Marx scale (P=0.001) and the psychovitality questionnaire (P=0.001) than those who did not. Conventional knee scales including IKDC, Lysholm, Noyes, and Tegner remain as reliable means of evaluating outcome of ACL reconstruction. However, the data obtained from these are not sufficient to determine which among the patients who had knee reconstruction can successfully return to sport. The use of the Marx knee activity rating scale and the evaluation of the athletes' psychological profile are additional scales that can be useful in determining which among the patients treated have a better chance of returning to their pre-injury activity levels."
361,150,151,Eriksson (2001),BPTB,"Eriksson K, Anderberg P, Hamberg P, Löfgren AC, Bredenberg M, Westman I, Wredmark T",Eriksson,A comparison of quadruple semitendinosus and patellar tendon grafts in reconstruction of the anterior cruciate ligament.,acomparisonofquadruplesemitendinosusandpatellartendongraftsi,"In a two-centre study, 164 patients with unilateral instability of the anterior cruciate ligament were prospectively randomised to arthroscopic reconstruction with either a patellar tendon graft using interference screw fixation or a quadruple semitendinosus graft using an endobutton fixation technique. The same postoperative rehabilitation protocol was used for all patients and follow-up at a median of 31 months (24 to 59) was carried out by independent observers. Four patients (2%) were lost to follow-up. No significant differences were found between the groups regarding the Stryker laxity test, one-leg hop test, Tegner activity level, Lysholm score, patellofemoral pain score, International Knee Documentation Committee (IKDC) score or visual analogue scale, reflecting patient satisfaction and knee function. Slightly decreased extension, compared with the non-operated side, was found in the patellar tendon group (p < 0.05). Patients with associated meniscal injuries had lower IKDC, visual analogue (p < 0.01) and Lysholm scores (p < 0.05) than those without such injuries. Patients in whom reconstruction had been carried out less than five months after the injury had better final IKDC scores than the more chronic cases (p < 0.05). We conclude that patellar tendon and quadruple semitendinous tendon grafts have similar outcomes in the medium term. Associated meniscal pathology significantly affects the final outcome and early reconstruction seems to be beneficial.",2001,English,J Bone Joint Surg Br,pubmed,10.1302/0301-620x.83b3.11685,https://doi.org/10.1302/0301-620x.83b3.11685,11341418.0,https://pubmed.ncbi.nlm.nih.gov/11341418/,Eriksson+acomparisonofquadruplesemitendinosusandpatellartendongraftsi+2001,acomparisonofquadruplesemitendinosusandpatellartendongraftsi+2001,"A comparison of quadruple semitendinosus and patellar tendon grafts in reconstruction of the anterior cruciate ligament. In a two-centre study, 164 patients with unilateral instability of the anterior cruciate ligament were prospectively randomised to arthroscopic reconstruction with either a patellar tendon graft using interference screw fixation or a quadruple semitendinosus graft using an endobutton fixation technique. The same postoperative rehabilitation protocol was used for all patients and follow-up at a median of 31 months (24 to 59) was carried out by independent observers. Four patients (2%) were lost to follow-up. No significant differences were found between the groups regarding the Stryker laxity test, one-leg hop test, Tegner activity level, Lysholm score, patellofemoral pain score, International Knee Documentation Committee (IKDC) score or visual analogue scale, reflecting patient satisfaction and knee function. Slightly decreased extension, compared with the non-operated side, was found in the patellar tendon group (p < 0.05). Patients with associated meniscal injuries had lower IKDC, visual analogue (p < 0.01) and Lysholm scores (p < 0.05) than those without such injuries. Patients in whom reconstruction had been carried out less than five months after the injury had better final IKDC scores than the more chronic cases (p < 0.05). We conclude that patellar tendon and quadruple semitendinous tendon grafts have similar outcomes in the medium term. Associated meniscal pathology significantly affects the final outcome and early reconstruction seems to be beneficial."
363,158,159,Jansson (1999),BPTB,"Jansson KA, Harilainen A, Sandelin J, Karjalainen PT, Aronen HJ, Tallroth K",Jansson,"Bone tunnel enlargement after anterior cruciate ligament reconstruction with the hamstring autograft and endobutton fixation technique. A clinical, radiographic and magnetic resonance imaging study with 2 years follow-up.",bonetunnelenlargementafteranteriorcruciateligamentreconstruc,"The aim of this study was to describe the contrast-enhanced magnetic resonance imaging (MRI) appearance of bone tunnel enlargement detected on radiography after anterior cruciate ligament (ACL) reconstruction with semitendinosus and gracilis tendon endobutton (STG-endobutton) fixation technique. Fourteen patients with a STG-endobutton ACL reconstruction were examined 3 months (n = 1), 1 year (n = 1) and 2 years (n = 12) postoperatively. An age- and sex-matched group with a bone-patellar tendon-bone (BTB) autograft ACL reconstruction with similar follow-up was taken as control. Data on clinical examination, laxity and isokinetic muscle torque measurements, anteroposterior and lateral view radiography were obtained, and knee scores (Lysholm and Tegner) were collected. Contrast-enhanced MRI was performed in the STG-endobutton group with a 1.5-T imager. There were no statistical differences between the groups with respect to clinical findings, stability tests, or knee scores. In the STG-endobutton group the average femoral and tibial bone tunnel diameter detected on anteroposterior view radiography had increased at 2-year follow-up by 33% and 23%, respectively. On MRI the ligamentous graft itself was not enhanced by the contrast medium whereas periligamentous tissue within and around the STG graft bundles showed mild contrast enhancement. In conclusion, the MRI results suggest that enhancing periligamentous tissue accumulated in and around the STG graft associated with the tunnel expansion. In spite of the significant bone tunnel enlargement observed on the follow-up radiography the STG-endobutton knees were stable and the patients satisfied.",1999,English,Knee Surg Sports Traumatol Arthrosc,pubmed,10.1007/s001670050166,https://doi.org/10.1007/s001670050166,10525698.0,https://pubmed.ncbi.nlm.nih.gov/10525698/,Jansson+bonetunnelenlargementafteranteriorcruciateligamentreconstruc+1999,bonetunnelenlargementafteranteriorcruciateligamentreconstruc+1999,"Bone tunnel enlargement after anterior cruciate ligament reconstruction with the hamstring autograft and endobutton fixation technique. A clinical, radiographic and magnetic resonance imaging study with 2 years follow-up. The aim of this study was to describe the contrast-enhanced magnetic resonance imaging (MRI) appearance of bone tunnel enlargement detected on radiography after anterior cruciate ligament (ACL) reconstruction with semitendinosus and gracilis tendon endobutton (STG-endobutton) fixation technique. Fourteen patients with a STG-endobutton ACL reconstruction were examined 3 months (n = 1), 1 year (n = 1) and 2 years (n = 12) postoperatively. An age- and sex-matched group with a bone-patellar tendon-bone (BTB) autograft ACL reconstruction with similar follow-up was taken as control. Data on clinical examination, laxity and isokinetic muscle torque measurements, anteroposterior and lateral view radiography were obtained, and knee scores (Lysholm and Tegner) were collected. Contrast-enhanced MRI was performed in the STG-endobutton group with a 1.5-T imager. There were no statistical differences between the groups with respect to clinical findings, stability tests, or knee scores. In the STG-endobutton group the average femoral and tibial bone tunnel diameter detected on anteroposterior view radiography had increased at 2-year follow-up by 33% and 23%, respectively. On MRI the ligamentous graft itself was not enhanced by the contrast medium whereas periligamentous tissue within and around the STG graft bundles showed mild contrast enhancement. In conclusion, the MRI results suggest that enhancing periligamentous tissue accumulated in and around the STG graft associated with the tunnel expansion. In spite of the significant bone tunnel enlargement observed on the follow-up radiography the STG-endobutton knees were stable and the patients satisfied."
364,161,162,Carter (1999),BPTB,"Carter TR, Edinger S",Carter,Isokinetic evaluation of anterior cruciate ligament reconstruction: hamstring versus patellar tendon.,isokineticevaluationofanteriorcruciateligamentreconstruction,"The purpose of the study was to compare the hamstring and quadriceps isokinetic results 6 months postoperatively in patients having patellar tendon or hamstring anterior cruciate ligament (ACL) reconstruction. The study group was comprised of 106 randomly selected patients who had ACL reconstruction with either autogenous patellar tendon (PT), semitendinosus (ST), or semitendinosus and gracilis (ST/G). Hamstring and quadriceps isokinetic strength were assessed at 180 degrees/sec and 300 degrees/sec with the results of the operatively treated leg expressed as a percent compared with the nonoperative leg. The mean results for knee extension at 180 degrees/sec were 68.3%, 74.3%, and 78.1%; and at 300 degrees/sec were 70.7%, 76.7%, and 81.7% for PT, ST, and ST/G, respectively. The mean results for knee flexion at 180 degrees/sec were 86.1%, 80.6%, and 81.7%; and at 300 degrees/sec were 77.6%, 79.1%, and 75.6% for PT, ST, and ST/G, respectively. No statistically significant differences were found in regard to knee extension or flexion strength when evaluating the different tissue sources. The results show that selection of autogenous hamstring or PT used for ACL reconstruction should not be based solely on the assumption of the tissue source altering the recovery of quadriceps and/or hamstring strength. In addition, a majority of the patients had not achieved adequate strength to safely partake in unlimited activities at 6 months postoperatively.",1999,English,Arthroscopy,pubmed,10.1053/ar.1999.v15.0150161,https://doi.org/10.1053/ar.1999.v15.0150161,10210074.0,https://pubmed.ncbi.nlm.nih.gov/10210074/,Carter+isokineticevaluationofanteriorcruciateligamentreconstruction+1999,isokineticevaluationofanteriorcruciateligamentreconstruction+1999,"Isokinetic evaluation of anterior cruciate ligament reconstruction: hamstring versus patellar tendon. The purpose of the study was to compare the hamstring and quadriceps isokinetic results 6 months postoperatively in patients having patellar tendon or hamstring anterior cruciate ligament (ACL) reconstruction. The study group was comprised of 106 randomly selected patients who had ACL reconstruction with either autogenous patellar tendon (PT), semitendinosus (ST), or semitendinosus and gracilis (ST/G). Hamstring and quadriceps isokinetic strength were assessed at 180 degrees/sec and 300 degrees/sec with the results of the operatively treated leg expressed as a percent compared with the nonoperative leg. The mean results for knee extension at 180 degrees/sec were 68.3%, 74.3%, and 78.1%; and at 300 degrees/sec were 70.7%, 76.7%, and 81.7% for PT, ST, and ST/G, respectively. The mean results for knee flexion at 180 degrees/sec were 86.1%, 80.6%, and 81.7%; and at 300 degrees/sec were 77.6%, 79.1%, and 75.6% for PT, ST, and ST/G, respectively. No statistically significant differences were found in regard to knee extension or flexion strength when evaluating the different tissue sources. The results show that selection of autogenous hamstring or PT used for ACL reconstruction should not be based solely on the assumption of the tissue source altering the recovery of quadriceps and/or hamstring strength. In addition, a majority of the patients had not achieved adequate strength to safely partake in unlimited activities at 6 months postoperatively."
370,193,194,Calvert (2025),HT,"Calvert ND, Ebert JR, Radic R",Calvert,Kneeling tolerance when using quadriceps tendon autograft for anterior cruciate ligament reconstruction is superior to hamstring tendon autograft.,kneelingtolerancewhenusingquadricepstendonautograftforanteri,"PURPOSE: To investigate kneeling tolerance in patients undergoing hamstring (HT) versus quadriceps (QT) anterior cruciate ligament reconstruction (ACLR) and investigate correlation with patient-reported outcome measures (PROMs). METHODS: After recruitment and randomisation, 112 patients (HT = 55; QT = 57) underwent ACLR. Patients were assessed at 6, 12 and 24 months using the Kneeling Tolerance Test, which evaluates patient-reported pain in a position of both 90 (KT90) and 110 (KT110) degrees of knee flexion. PROMs collected included the International Knee Documentation Committee (IKDC) questionnaire and the ACL Return to Sport after Injury (ACL-RSI) questionnaire. RESULTS: Kneeling tolerance at KT90 and KT110 improved (p < 0.05) for both graft types across all time points. There was no difference in KT90 scores between groups at 6 or 12 months. At 24 months, kneeling tolerance was superior in the QT group (mean HT 93 +/- 9 vs. QT 98 +/- 5; p = 0.003). For KT110 scores, a statistically significant difference was noted at 6 (mean HT 80 +/- 25 vs. QT 89 +/- 12; p = 0.027), 12 (mean HT 90 +/- 13 vs. QT 95 +/- 10; p = 0.040) and 24 months (mean HT 92 +/- 10 vs. QT 97 +/- 5; p = 0.003). The ACL-RSI was significantly correlated with KT90 and KT110 at 24 months (r = 0.40, p < 0.001; r = 0.40, p < 0.001). Other PROMs demonstrated significant weak-to-moderate correlations with kneeling tolerance. CONCLUSION: Patients undergoing ACLR with a QT versus HT autograft report superior kneeling tolerance up to 2 years postsurgery, more prominent in deeper (110 degrees ) knee flexion. A strong correlation with ACL-RSI was demonstrated at 2 years. REGISTRATION: ACTRN12618001520224p (Australian New Zealand Clinical Trials Registry). LEVEL OF EVIDENCE: Level 1.",2025,English,Knee Surg Sports Traumatol Arthrosc,pubmed,10.1002/ksa.12583,https://doi.org/10.1002/ksa.12583,39810716.0,https://pubmed.ncbi.nlm.nih.gov/39810716/,Calvert+kneelingtolerancewhenusingquadricepstendonautograftforanteri+2025,kneelingtolerancewhenusingquadricepstendonautograftforanteri+2025,"Kneeling tolerance when using quadriceps tendon autograft for anterior cruciate ligament reconstruction is superior to hamstring tendon autograft. PURPOSE: To investigate kneeling tolerance in patients undergoing hamstring (HT) versus quadriceps (QT) anterior cruciate ligament reconstruction (ACLR) and investigate correlation with patient-reported outcome measures (PROMs). METHODS: After recruitment and randomisation, 112 patients (HT = 55; QT = 57) underwent ACLR. Patients were assessed at 6, 12 and 24 months using the Kneeling Tolerance Test, which evaluates patient-reported pain in a position of both 90 (KT90) and 110 (KT110) degrees of knee flexion. PROMs collected included the International Knee Documentation Committee (IKDC) questionnaire and the ACL Return to Sport after Injury (ACL-RSI) questionnaire. RESULTS: Kneeling tolerance at KT90 and KT110 improved (p < 0.05) for both graft types across all time points. There was no difference in KT90 scores between groups at 6 or 12 months. At 24 months, kneeling tolerance was superior in the QT group (mean HT 93 +/- 9 vs. QT 98 +/- 5; p = 0.003). For KT110 scores, a statistically significant difference was noted at 6 (mean HT 80 +/- 25 vs. QT 89 +/- 12; p = 0.027), 12 (mean HT 90 +/- 13 vs. QT 95 +/- 10; p = 0.040) and 24 months (mean HT 92 +/- 10 vs. QT 97 +/- 5; p = 0.003). The ACL-RSI was significantly correlated with KT90 and KT110 at 24 months (r = 0.40, p < 0.001; r = 0.40, p < 0.001). Other PROMs demonstrated significant weak-to-moderate correlations with kneeling tolerance. CONCLUSION: Patients undergoing ACLR with a QT versus HT autograft report superior kneeling tolerance up to 2 years postsurgery, more prominent in deeper (110 degrees ) knee flexion. A strong correlation with ACL-RSI was demonstrated at 2 years. REGISTRATION: ACTRN12618001520224p (Australian New Zealand Clinical Trials Registry). LEVEL OF EVIDENCE: Level 1."
380,214,215,Labanca (2022),HT,"Labanca L, Rocchi JE, Giannini S, Faloni ER, Montanari G, Mariani PP, Macaluso A",Labanca,Early Superimposed NMES Training is Effective to Improve Strength and Function Following ACL Reconstruction with Hamstring Graft regardless of Tendon Regeneration.,earlysuperimposednmestrainingiseffectivetoimprovestrengthand,"The study aimed at investigating the effects of neuromuscular electrical stimulation superimposed on functional exercises (NMES+) early after anterior cruciate ligament reconstruction (ACLr) with hamstring graft, on muscle strength, knee function, and morphology of thigh muscles and harvested tendons. Thirty-four participants were randomly allocated to either NMES+ group, who received standard rehabilitation with additional NMES of knee flexor and extensor muscles, superimposed on functional movements, or to a control group, who received no additional training (NAT) to traditional rehabilitation. Participants were assessed 15 (T1), 30 (T2), 60 (T3), 90 (T4) and at a mean of 380 days (T5) after ACLr. Knee strength of flexors and extensors was measured at T3, T4 and T5. Lower limb loading asymmetry was measured during a sit-to-stand-to-sit movement at T1, T2, T3, T4 and T5, and a countermovement-jump at T4 and T5. An MRI was performed at T5 to assess morphology of thigh muscles and regeneration of the harvested tendons. NMES+ showed higher muscle strength for the hamstrings (T4, T5) and the quadriceps (T3, T4, T5), higher loading symmetry during stand-to-sit (T2, T3, T4, T5), sit-to-stand (T3, T4) and countermovement-jump (T5) than NAT. No differences were found between-groups for morphology of muscles and tendons, nor in regeneration of harvested tendons. NMES+ early after ACLr with hamstring graft improves muscle strength and knee function in the short- and long-term after surgery, regardless of tendon regeneration.",2022,English,J Sports Sci Med,pubmed,10.52082/jssm.2022.91,https://doi.org/10.52082/jssm.2022.91,35250338.0,https://pubmed.ncbi.nlm.nih.gov/35250338/,Labanca+earlysuperimposednmestrainingiseffectivetoimprovestrengthand+2022,earlysuperimposednmestrainingiseffectivetoimprovestrengthand+2022,"Early Superimposed NMES Training is Effective to Improve Strength and Function Following ACL Reconstruction with Hamstring Graft regardless of Tendon Regeneration. The study aimed at investigating the effects of neuromuscular electrical stimulation superimposed on functional exercises (NMES+) early after anterior cruciate ligament reconstruction (ACLr) with hamstring graft, on muscle strength, knee function, and morphology of thigh muscles and harvested tendons. Thirty-four participants were randomly allocated to either NMES+ group, who received standard rehabilitation with additional NMES of knee flexor and extensor muscles, superimposed on functional movements, or to a control group, who received no additional training (NAT) to traditional rehabilitation. Participants were assessed 15 (T1), 30 (T2), 60 (T3), 90 (T4) and at a mean of 380 days (T5) after ACLr. Knee strength of flexors and extensors was measured at T3, T4 and T5. Lower limb loading asymmetry was measured during a sit-to-stand-to-sit movement at T1, T2, T3, T4 and T5, and a countermovement-jump at T4 and T5. An MRI was performed at T5 to assess morphology of thigh muscles and regeneration of the harvested tendons. NMES+ showed higher muscle strength for the hamstrings (T4, T5) and the quadriceps (T3, T4, T5), higher loading symmetry during stand-to-sit (T2, T3, T4, T5), sit-to-stand (T3, T4) and countermovement-jump (T5) than NAT. No differences were found between-groups for morphology of muscles and tendons, nor in regeneration of harvested tendons. NMES+ early after ACLr with hamstring graft improves muscle strength and knee function in the short- and long-term after surgery, regardless of tendon regeneration."
405,260,261,Franz (2016),HT,"Franz W, Baumann A",Franz,"Minimally invasive semitendinosus tendon harvesting from the popliteal fossa versus conventional hamstring tendon harvesting for ACL reconstruction: A prospective, randomised controlled trial in 100 patients.",minimallyinvasivesemitendinosustendonharvestingfromthepoplit,"BACKGROUND: This study aims to compare a technique for hamstring tendon harvesting from a postero-medial incision in the popliteal fossa with the conventional method. METHODS: One hundred patients who underwent anterior cruciate ligament (ACL)-reconstruction were randomised to either have their tendon graft harvested from postero-medial (group 1) or via an antero-medial approach (group 2). Time for tendon harvest, length of skin incision and duration of tendon harvest were recorded as well as complications and sensory disturbances in the lower leg. Pain scores were documented on the VAS scale. RESULTS: Time for tendon harvesting averaged one minute 23 s in group 1 versus five minutes 20 s in group 2 (p<0.01). The skin incision measured 21 mm (group 1) versus 49 mm in group 2 (p<0.01). The length of the harvested tendon averaged 272 mm (group 1) and 292 mm in group 2 (p<0.01). There was one superficial wound infection in group 2 and none in group 1. Postoperative pain scores were similar in both groups. None of the patients in group 1 reported sensory disturbance in the lower leg, whilst seven patients in group 2 were found to have reduced sensation in the distribution of the saphenous nerve postoperatively (p<0.01). CONCLUSION: This study confirms that harvesting the semitendinosus tendon from postero-medial is quicker, results in a shorter scar and reduces the risk of injury to branches of the saphenous nerve. However, harvesting the tendon from postero-medial resulted in a shorter tendon graft. LEVEL OF EVIDENCE: Level I (Randomised, controlled trial).",2016,English,Knee,pubmed,10.1016/j.knee.2015.09.001,https://doi.org/10.1016/j.knee.2015.09.001,26753501.0,https://pubmed.ncbi.nlm.nih.gov/26753501/,Franz+minimallyinvasivesemitendinosustendonharvestingfromthepoplit+2016,minimallyinvasivesemitendinosustendonharvestingfromthepoplit+2016,"Minimally invasive semitendinosus tendon harvesting from the popliteal fossa versus conventional hamstring tendon harvesting for ACL reconstruction: A prospective, randomised controlled trial in 100 patients. BACKGROUND: This study aims to compare a technique for hamstring tendon harvesting from a postero-medial incision in the popliteal fossa with the conventional method. METHODS: One hundred patients who underwent anterior cruciate ligament (ACL)-reconstruction were randomised to either have their tendon graft harvested from postero-medial (group 1) or via an antero-medial approach (group 2). Time for tendon harvest, length of skin incision and duration of tendon harvest were recorded as well as complications and sensory disturbances in the lower leg. Pain scores were documented on the VAS scale. RESULTS: Time for tendon harvesting averaged one minute 23 s in group 1 versus five minutes 20 s in group 2 (p<0.01). The skin incision measured 21 mm (group 1) versus 49 mm in group 2 (p<0.01). The length of the harvested tendon averaged 272 mm (group 1) and 292 mm in group 2 (p<0.01). There was one superficial wound infection in group 2 and none in group 1. Postoperative pain scores were similar in both groups. None of the patients in group 1 reported sensory disturbance in the lower leg, whilst seven patients in group 2 were found to have reduced sensation in the distribution of the saphenous nerve postoperatively (p<0.01). CONCLUSION: This study confirms that harvesting the semitendinosus tendon from postero-medial is quicker, results in a shorter scar and reduces the risk of injury to branches of the saphenous nerve. However, harvesting the tendon from postero-medial resulted in a shorter tendon graft. LEVEL OF EVIDENCE: Level I (Randomised, controlled trial)."
411,278,279,Stevanović (2013),HT,"Stevanović V, Blagojević Z, Petković A, Glišić M, Sopta J, Nikolić V, Milisavljević M",Stevanović,Semitendinosus tendon regeneration after anterior cruciate ligament reconstruction: can we use it twice?,semitendinosustendonregenerationafteranteriorcruciateligamen,"PURPOSE: It has been demonstrated that the semitendinosus tendon can regenerate after being harvested in its whole length and thickness for anterior cruciate ligament (ACL) reconstruction. Ultrasound studies and guided biopsies of the regenerated tendon have shown compatibility and resembling features of the normal tendon. The question is if this neo-tendon is biologically and functionally adequate for re-use? METHODS: Two randomised groups of 150 volunteers were followed up for two years after harvesting the semitendinosus only (25) or the semitendinosus and gracilis tendons (25) in ACL reconstruction. The patients were followed up with clinical and ultrasound examinations, biopsies and histological tests. Surgical exploration was done in three patients for macroscopic verification. The injected arteries of four lower limbs were dissected and the tendon's arterial supplies were examined. RESULTS: Seventy-two percent of the cases showed regeneration of the semitendinosus tendons. The neotendons were inserted mostly below the knee joint (83.3%) where they had fused with the gracilis tendon, and above the joint (60%) when the gracilis was harvested as well. The isokinetic strength of the hamstrings and quadriceps was not significantly diminished on the operated side. A macroscopic and histological analysis of the regenerated tendons demonstrates close resemblance to normal anatomy, with focal areas of fibrosis. In one patient the regenerated tendon was used for medial patellofemoral ligament reconstruction. CONCLUSION: The semitendinosus muscle can recover and the tendon has great potential to regenerate after harvesting for ACL reconstruction. Our data suggest that the regenerated tendons could be used for iterative ligament reconstruction.",2013,English,Int Orthop,pubmed,10.1007/s00264-013-2034-y,https://doi.org/10.1007/s00264-013-2034-y,23982635.0,https://pubmed.ncbi.nlm.nih.gov/23982635/,Stevanović+semitendinosustendonregenerationafteranteriorcruciateligamen+2013,semitendinosustendonregenerationafteranteriorcruciateligamen+2013,"Semitendinosus tendon regeneration after anterior cruciate ligament reconstruction: can we use it twice? PURPOSE: It has been demonstrated that the semitendinosus tendon can regenerate after being harvested in its whole length and thickness for anterior cruciate ligament (ACL) reconstruction. Ultrasound studies and guided biopsies of the regenerated tendon have shown compatibility and resembling features of the normal tendon. The question is if this neo-tendon is biologically and functionally adequate for re-use? METHODS: Two randomised groups of 150 volunteers were followed up for two years after harvesting the semitendinosus only (25) or the semitendinosus and gracilis tendons (25) in ACL reconstruction. The patients were followed up with clinical and ultrasound examinations, biopsies and histological tests. Surgical exploration was done in three patients for macroscopic verification. The injected arteries of four lower limbs were dissected and the tendon's arterial supplies were examined. RESULTS: Seventy-two percent of the cases showed regeneration of the semitendinosus tendons. The neotendons were inserted mostly below the knee joint (83.3%) where they had fused with the gracilis tendon, and above the joint (60%) when the gracilis was harvested as well. The isokinetic strength of the hamstrings and quadriceps was not significantly diminished on the operated side. A macroscopic and histological analysis of the regenerated tendons demonstrates close resemblance to normal anatomy, with focal areas of fibrosis. In one patient the regenerated tendon was used for medial patellofemoral ligament reconstruction. CONCLUSION: The semitendinosus muscle can recover and the tendon has great potential to regenerate after harvesting for ACL reconstruction. Our data suggest that the regenerated tendons could be used for iterative ligament reconstruction."
413,285,286,Kristensen (2014),HT,"Kristensen PK, Pfeiffer-Jensen M, Storm JO, Thillemann TM",Kristensen,Local infiltration analgesia is comparable to femoral nerve block after anterior cruciate ligament reconstruction with hamstring tendon graft: a randomised controlled trial.,localinfiltrationanalgesiaiscomparabletofemoralnerveblockaft,"PURPOSE: Arthroscopic anterior cruciate ligament (ACL) reconstruction is a painful procedure requiring intensive postoperative pain management. Femoral nerve block is widely used in ACL surgery. However, femoral nerve block does not cover the donor site of the hamstring tendons. Local infiltration analgesia is a simple technique that has proven effective in postoperative pain management after total knee arthroplasty. Further, local infiltration analgesia covers the donor site and is associated with few complications. It was hypothesised that local infiltration analgesia at the donor site and wounds would decrease pain and opioid consumption after ACL reconstruction with hamstring tendon graft. METHODS: Sixty patients undergoing primary ACL surgery with hamstring tendon graft were randomised to receive either local infiltration analgesia or femoral nerve block. Pain was scored on the numeric rating scale, and use of opioid, range of motion and adverse effects were assessed at the postoperative recovery unit (0 h), 3, 24 and 48 h, postoperatively. RESULTS: There were no significant differences between the groups in pain intensity or total opioid consumption at any of the follow-up points. Further, there were no differences between groups concerning side effects and range of motion. CONCLUSIONS: Local infiltration analgesia and femoral nerve block are similar in the management of postoperative pain after ACL reconstruction with hamstring tendon graft. Until randomised studies have investigated femoral nerve block combined with infiltration at the donor site, we recommend local infiltration analgesia in ACL reconstruction with hamstring tendon graft.",2014,English,Knee Surg Sports Traumatol Arthrosc,pubmed,10.1007/s00167-013-2399-x,https://doi.org/10.1007/s00167-013-2399-x,23338666.0,https://pubmed.ncbi.nlm.nih.gov/23338666/,Kristensen+localinfiltrationanalgesiaiscomparabletofemoralnerveblockaft+2014,localinfiltrationanalgesiaiscomparabletofemoralnerveblockaft+2014,"Local infiltration analgesia is comparable to femoral nerve block after anterior cruciate ligament reconstruction with hamstring tendon graft: a randomised controlled trial. PURPOSE: Arthroscopic anterior cruciate ligament (ACL) reconstruction is a painful procedure requiring intensive postoperative pain management. Femoral nerve block is widely used in ACL surgery. However, femoral nerve block does not cover the donor site of the hamstring tendons. Local infiltration analgesia is a simple technique that has proven effective in postoperative pain management after total knee arthroplasty. Further, local infiltration analgesia covers the donor site and is associated with few complications. It was hypothesised that local infiltration analgesia at the donor site and wounds would decrease pain and opioid consumption after ACL reconstruction with hamstring tendon graft. METHODS: Sixty patients undergoing primary ACL surgery with hamstring tendon graft were randomised to receive either local infiltration analgesia or femoral nerve block. Pain was scored on the numeric rating scale, and use of opioid, range of motion and adverse effects were assessed at the postoperative recovery unit (0 h), 3, 24 and 48 h, postoperatively. RESULTS: There were no significant differences between the groups in pain intensity or total opioid consumption at any of the follow-up points. Further, there were no differences between groups concerning side effects and range of motion. CONCLUSIONS: Local infiltration analgesia and femoral nerve block are similar in the management of postoperative pain after ACL reconstruction with hamstring tendon graft. Until randomised studies have investigated femoral nerve block combined with infiltration at the donor site, we recommend local infiltration analgesia in ACL reconstruction with hamstring tendon graft."
421,332,333,Gohil (2007),HT,"Gohil S, Annear PO, Breidahl W",Gohil,Anterior cruciate ligament reconstruction using autologous double hamstrings: a comparison of standard versus minimal debridement techniques using MRI to assess revascularisation. A randomised prospective study with a one-year follow-up.,anteriorcruciateligamentreconstructionusingautologousdoubleh,"Animal studies have shown that implanted anterior cruciate ligament (ACL) grafts initially undergo a process of revascularisation prior to remodelling, ultimately increasing mechanical strength. We investigated whether minimal debridement of the intercondylar notch and the residual stump of the ruptured ACL leads to earlier revascularisation in ACL reconstruction in humans. We undertook a randomised controlled clinical trial in which 49 patients underwent ACL reconstruction using autologous four-strand hamstring tendon grafts. Randomised by the use of sealed envelopes, 25 patients had a conventional clearance of the intercondylar notch and 24 had a minimal debridement method. Three patients were excluded from the study. All patients underwent MR scanning postoperatively at 2, 6 and 12 months, together with clinical assessment using a KT-1000 arthrometer and International Knee Documentation Committee (IKDC) evaluation. All observations were made by investigators blinded to the surgical technique. Signal intensity was measured in 4 mm diameter regions of interest along the ACL graft and the mid-substance of the posterior cruciate ligament. Our results indicate that minimal debridement leads to earlier revascularisation within the mid-substance of the ACL graft at two months (paired t-test, p = 0.002). There was a significant reduction of mid-substance signal six months after the minimal debridement technique (paired t-test, p = 0.00007). No statistically significant differences were found in tunnel placement, incidence of Cyclops lesions, blood loss, IKDC scores, range of movement or Lachman test between the two groups.",2007,English,J Bone Joint Surg Br,pubmed,10.1302/0301-620X.89B9.19339,https://doi.org/10.1302/0301-620X.89B9.19339,17905952.0,https://pubmed.ncbi.nlm.nih.gov/17905952/,Gohil+anteriorcruciateligamentreconstructionusingautologousdoubleh+2007,anteriorcruciateligamentreconstructionusingautologousdoubleh+2007,"Anterior cruciate ligament reconstruction using autologous double hamstrings: a comparison of standard versus minimal debridement techniques using MRI to assess revascularisation. A randomised prospective study with a one-year follow-up. Animal studies have shown that implanted anterior cruciate ligament (ACL) grafts initially undergo a process of revascularisation prior to remodelling, ultimately increasing mechanical strength. We investigated whether minimal debridement of the intercondylar notch and the residual stump of the ruptured ACL leads to earlier revascularisation in ACL reconstruction in humans. We undertook a randomised controlled clinical trial in which 49 patients underwent ACL reconstruction using autologous four-strand hamstring tendon grafts. Randomised by the use of sealed envelopes, 25 patients had a conventional clearance of the intercondylar notch and 24 had a minimal debridement method. Three patients were excluded from the study. All patients underwent MR scanning postoperatively at 2, 6 and 12 months, together with clinical assessment using a KT-1000 arthrometer and International Knee Documentation Committee (IKDC) evaluation. All observations were made by investigators blinded to the surgical technique. Signal intensity was measured in 4 mm diameter regions of interest along the ACL graft and the mid-substance of the posterior cruciate ligament. Our results indicate that minimal debridement leads to earlier revascularisation within the mid-substance of the ACL graft at two months (paired t-test, p = 0.002). There was a significant reduction of mid-substance signal six months after the minimal debridement technique (paired t-test, p = 0.00007). No statistically significant differences were found in tunnel placement, incidence of Cyclops lesions, blood loss, IKDC scores, range of movement or Lachman test between the two groups."
429,373,374,Ramsey (2003),HT,"Ramsey DK, Wretenberg PF, Lamontagne M, Németh G",Ramsey,Electromyographic and biomechanic analysis of anterior cruciate ligament deficiency and functional knee bracing.,electromyographicandbiomechanicanalysisofanteriorcruciatelig,"OBJECTIVE: Examine the neuromuscular response to functional knee bracing relative to anterior tibial translations in vivo. DESIGN: During randomised brace conditions, electromyographic data with simultaneous skeletal tibiofemoral kinematics were recorded from four anterior cruciate ligament deficient subjects to investigate the effect of the DonJoy Legend functional brace during activity. BACKGROUND: Knee braces do not increase knee stability but may influence afferent inputs from proprioception and therefore one might expect changes in muscle firing patterns, amplitude and timing. METHODS: Hoffman bone pins affixed with markers were implanted into the tibia and femur for kinematic measurement. The EMG data from the rectus femoris, semitendinosus, biceps femoris, and lateral head of the gastrocnemius were integrated for each subject in three separate time periods: 250 ms preceding footstrike and two consecutive 125 ms time intervals following footstrike. RESULTS: With brace, semitendinosus activity significantly decreased 17% prior to footstrike whereas bicep femoris significantly decreased 44% during A2, (P<0.05). Rectus femoris activity significantly increased 21% in A2 (P<0.05). No consistent reductions in anterior translations were evident. CONCLUSION: Our preliminary findings, based on a limited number of subjects, indicate joint stability may result from proprioceptive feedback rather than the mechanical stabilising effect of the brace. Despite a significant increase in rectus femoris activity upon landing, only one subject demonstrated an increase in anterior tibial drawer. RELEVANCE: Studies have shown functional braces do not mechanically stabilise the anterior cruciate ligament deficient knee. Perhaps bracing alters proprioceptive feedback. It has been shown that bracing the anterior cruciate ligament deficient knee may affect hamstring and quadriceps activity. Our findings stresses the importance of functional knee bracing combined with proprioceptive and muscular coordination training in order to increase joint stability.",2003,English,Clin Biomech (Bristol),pubmed,10.1016/s0268-0033(02)00138-9,https://doi.org/10.1016/s0268-0033(02)00138-9,12527244.0,https://pubmed.ncbi.nlm.nih.gov/12527244/,Ramsey+electromyographicandbiomechanicanalysisofanteriorcruciatelig+2003,electromyographicandbiomechanicanalysisofanteriorcruciatelig+2003,"Electromyographic and biomechanic analysis of anterior cruciate ligament deficiency and functional knee bracing. OBJECTIVE: Examine the neuromuscular response to functional knee bracing relative to anterior tibial translations in vivo. DESIGN: During randomised brace conditions, electromyographic data with simultaneous skeletal tibiofemoral kinematics were recorded from four anterior cruciate ligament deficient subjects to investigate the effect of the DonJoy Legend functional brace during activity. BACKGROUND: Knee braces do not increase knee stability but may influence afferent inputs from proprioception and therefore one might expect changes in muscle firing patterns, amplitude and timing. METHODS: Hoffman bone pins affixed with markers were implanted into the tibia and femur for kinematic measurement. The EMG data from the rectus femoris, semitendinosus, biceps femoris, and lateral head of the gastrocnemius were integrated for each subject in three separate time periods: 250 ms preceding footstrike and two consecutive 125 ms time intervals following footstrike. RESULTS: With brace, semitendinosus activity significantly decreased 17% prior to footstrike whereas bicep femoris significantly decreased 44% during A2, (P<0.05). Rectus femoris activity significantly increased 21% in A2 (P<0.05). No consistent reductions in anterior translations were evident. CONCLUSION: Our preliminary findings, based on a limited number of subjects, indicate joint stability may result from proprioceptive feedback rather than the mechanical stabilising effect of the brace. Despite a significant increase in rectus femoris activity upon landing, only one subject demonstrated an increase in anterior tibial drawer. RELEVANCE: Studies have shown functional braces do not mechanically stabilise the anterior cruciate ligament deficient knee. Perhaps bracing alters proprioceptive feedback. It has been shown that bracing the anterior cruciate ligament deficient knee may affect hamstring and quadriceps activity. Our findings stresses the importance of functional knee bracing combined with proprioceptive and muscular coordination training in order to increase joint stability."
430,378,379,"""ONeill (2001)",HT,"""ONeill DB""","""ONeill",Arthroscopically assisted reconstruction of the anterior cruciate ligament. A follow-up report.,arthroscopicallyassistedreconstructionoftheanteriorcruciatel,"BACKGROUND: The purpose of this study was to further delineate the outcome of arthroscopically assisted anterior cruciate ligament reconstruction in 125 patients who had previously been followed for two to five years. One of the original 125 patients was excluded from the present study because of insufficient follow-up, and an additional group of 101 patients was added. All 225 patients in the present study were followed for a minimum of six years. METHODS: Patients were randomly assigned to reconstruction with a double-stranded semitendinosus-gracilis graft with use of a two-incision technique (group I), reconstruction with a patellar ligament graft with use of a two-incision technique (group II), or reconstruction with a patellar ligament graft with use of a single-incision endoscopic technique (group III). The groups were compared with regard to the rate of graft failure, the amount of instability, knee strength, radiographic signs of degenerative changes, and functional outcome. RESULTS: There was no significant difference among the three groups with regard to the rate of graft failure, the amount of knee instability, or the functional outcome. A normal or nearly normal functional outcome was recorded for 208 (92%) of the 225 patients. There were significant differences among the groups with regard to quadriceps muscle-strength deficits: group I had fewer patients with deficits than group III, and groups I and III both had fewer patients with deficits than group II (p = 0.04). There also were significant differences among the groups with regard to hamstring muscle-strength deficits: group III had fewer patients with deficits than group II, and group II had fewer patients with deficits than group I (p < 0.01). Twelve knees (16%) in group I, six knees (8%) in group II, and eight knees (11%) in group III showed radiographic evidence of progressive degenerative changes, but the differences among the three groups were not significant. CONCLUSION: Although 11.6% of the 225 knees had radiographic evidence of degenerative arthritis at a minimum of six years after arthroscopically assisted reconstruction of the anterior cruciate ligament, the choice of graft and the technique of reconstruction did not seem to affect the rate of development of these changes.",2001,English,J Bone Joint Surg Am,pubmed,10.2106/00004623-200109000-00006,https://doi.org/10.2106/00004623-200109000-00006,11568194.0,https://pubmed.ncbi.nlm.nih.gov/11568194/,"""ONeill+arthroscopicallyassistedreconstructionoftheanteriorcruciatel+2001",arthroscopicallyassistedreconstructionoftheanteriorcruciatel+2001,"Arthroscopically assisted reconstruction of the anterior cruciate ligament. A follow-up report. BACKGROUND: The purpose of this study was to further delineate the outcome of arthroscopically assisted anterior cruciate ligament reconstruction in 125 patients who had previously been followed for two to five years. One of the original 125 patients was excluded from the present study because of insufficient follow-up, and an additional group of 101 patients was added. All 225 patients in the present study were followed for a minimum of six years. METHODS: Patients were randomly assigned to reconstruction with a double-stranded semitendinosus-gracilis graft with use of a two-incision technique (group I), reconstruction with a patellar ligament graft with use of a two-incision technique (group II), or reconstruction with a patellar ligament graft with use of a single-incision endoscopic technique (group III). The groups were compared with regard to the rate of graft failure, the amount of instability, knee strength, radiographic signs of degenerative changes, and functional outcome. RESULTS: There was no significant difference among the three groups with regard to the rate of graft failure, the amount of knee instability, or the functional outcome. A normal or nearly normal functional outcome was recorded for 208 (92%) of the 225 patients. There were significant differences among the groups with regard to quadriceps muscle-strength deficits: group I had fewer patients with deficits than group III, and groups I and III both had fewer patients with deficits than group II (p = 0.04). There also were significant differences among the groups with regard to hamstring muscle-strength deficits: group III had fewer patients with deficits than group II, and group II had fewer patients with deficits than group I (p < 0.01). Twelve knees (16%) in group I, six knees (8%) in group II, and eight knees (11%) in group III showed radiographic evidence of progressive degenerative changes, but the differences among the three groups were not significant. CONCLUSION: Although 11.6% of the 225 knees had radiographic evidence of degenerative arthritis at a minimum of six years after arthroscopically assisted reconstruction of the anterior cruciate ligament, the choice of graft and the technique of reconstruction did not seem to affect the rate of development of these changes."
447,438,439,Kaya (2019),QT,"Kaya D, Guney-Deniz H, Sayaca C, Calik M, Doral MN",Kaya,"Effects on Lower Extremity Neuromuscular Control Exercises on Knee Proprioception, Muscle Strength, and Functional Level in Patients with ACL Reconstruction.",effectsonlowerextremityneuromuscularcontrolexercisesonkneepr,"OBJECTIVE: The purpose of this study was to determine the effects of lower extremity motor control exercises on knee proprioception, muscle strength, and functional level in patients with anterior cruciate ligament reconstruction (ACL-R). MATERIALS AND METHODS: Thirty-two of the 57 patients with ACL-R using tibialis anterior allografts were divided into two groups. Group I: lower extremity motor control exercises were added to the standard rehabilitation program. Group II: standard rehabilitation program was applied. Effects of lower extremity motor control exercises on quadriceps and hamstring muscles strength, knee joint position sense, and hop test were evaluated. RESULTS: There were no differences in muscle strength and endurance of the quadriceps and hamstring between the operative and nonoperative sides in Group I (p > 0.05) while there were significant differences in strength of the quadriceps and hamstring between the operative and nonoperative sides in Group II (p < 0.05). There were significant differences in the endurance of the quadriceps and hamstring and knee joint position sense at 15 degrees , 45 degrees , and 75 degrees  between the operative sides of the patients in both groups (p < 0.05). CONCLUSIONS: The neuromuscular control exercises program was found to be more effective in reducing the difference in strength while the standard program was found to be more effective in reducing the difference in endurance between the operated knee and the other knee. This study revealed that neuromuscular control exercises should also be used to improve knee proprioception sense following ACL-R.",2019,English,Biomed Res Int,pubmed,10.1155/2019/1694695,https://doi.org/10.1155/2019/1694695,31828089.0,https://pubmed.ncbi.nlm.nih.gov/31828089/,Kaya+effectsonlowerextremityneuromuscularcontrolexercisesonkneepr+2019,effectsonlowerextremityneuromuscularcontrolexercisesonkneepr+2019,"Effects on Lower Extremity Neuromuscular Control Exercises on Knee Proprioception, Muscle Strength, and Functional Level in Patients with ACL Reconstruction. OBJECTIVE: The purpose of this study was to determine the effects of lower extremity motor control exercises on knee proprioception, muscle strength, and functional level in patients with anterior cruciate ligament reconstruction (ACL-R). MATERIALS AND METHODS: Thirty-two of the 57 patients with ACL-R using tibialis anterior allografts were divided into two groups. Group I: lower extremity motor control exercises were added to the standard rehabilitation program. Group II: standard rehabilitation program was applied. Effects of lower extremity motor control exercises on quadriceps and hamstring muscles strength, knee joint position sense, and hop test were evaluated. RESULTS: There were no differences in muscle strength and endurance of the quadriceps and hamstring between the operative and nonoperative sides in Group I (p > 0.05) while there were significant differences in strength of the quadriceps and hamstring between the operative and nonoperative sides in Group II (p < 0.05). There were significant differences in the endurance of the quadriceps and hamstring and knee joint position sense at 15 degrees , 45 degrees , and 75 degrees  between the operative sides of the patients in both groups (p < 0.05). CONCLUSIONS: The neuromuscular control exercises program was found to be more effective in reducing the difference in strength while the standard program was found to be more effective in reducing the difference in endurance between the operated knee and the other knee. This study revealed that neuromuscular control exercises should also be used to improve knee proprioception sense following ACL-R."
464,596,24,Zhang (2021),BPTB,"Zhang S, Dai Y, Xiao C",Zhang,"Regarding “Tranexamic Acid Has No Effect on Postoperative Hemarthrosis or Pain Control After Anterior Cruciate Ligament Reconstruction Using Bone–Patellar Tendon–Bone Autograft: A Double-Blind, Randomized, Controlled Trial”",regarding“tranexamicacidhasnoeffectonpostoperativehemarthros,,2021,English,Arthroscopy - Journal of Arthroscopic and Related Surgery (2021) 37:7 (2019-2020). Date of Publication: 1 Jul 2021,embase,10.1016/j.arthro.2021.02.039,https://doi.org/10.1016/j.arthro.2021.02.039,34225991.0,https://pubmed.ncbi.nlm.nih.gov/34225991/,Zhang+regarding“tranexamicacidhasnoeffectonpostoperativehemarthros+2021,regarding“tranexamicacidhasnoeffectonpostoperativehemarthros+2021,
465,597,25,Alaia (2021),BPTB,"Alaia MJ, Fried JW, Bloom DA, Hurley ET, Popovic J, Baron SL, Campbell KA, Strauss EJ, Jazrawi LM",Alaia,"Author Reply to “Regarding ‘Tranexamic Acid Has No Effect on Postoperative Hemarthrosis or Pain Control After Anterior Cruciate Ligament Reconstruction Using Bone–Patellar Tendon–Bone Autograft: A Double-Blind, Randomized, Controlled Trial’”",authorreplyto“regarding‘tranexamicacidhasnoeffectonpostopera,,2021,English,Arthroscopy - Journal of Arthroscopic and Related Surgery (2021) 37:7 (2020-2022). Date of Publication: 1 Jul 2021,embase,10.1016/j.arthro.2021.02.040,https://doi.org/10.1016/j.arthro.2021.02.040,34225992.0,https://pubmed.ncbi.nlm.nih.gov/34225992/,Alaia+authorreplyto“regarding‘tranexamicacidhasnoeffectonpostopera+2021,authorreplyto“regarding‘tranexamicacidhasnoeffectonpostopera+2021,
475,890,1,Boer (2026),BPTB,"Boer BC, Brouwer RW, Heuvel JO, de Vries AJ, van der Wal WA, Rompen JC, van Houten AH, Hoogeslag RAG",Boer,Quadriceps tendon autograft is not inferior to bone-patellar tendon-bone or hamstring autograft in anterior cruciate ligament reconstruction in terms of subjective patient-reported outcomes: Two-year results of a multicenter randomised controlled study,quadricepstendonautograftisnotinferiortobonepatellartendonbo,"Purpose: To evaluate the effectiveness of quadriceps tendon (QT) compared to bone-patellar tendon-bone (BPTB) and hamstring tendon (HT) autografts in anterior cruciate ligament reconstruction (ACLR) regarding patient-reported outcomes 2 years postoperatively. Methods: Patients undergoing primary isolated ACLR were stratified and randomised to receive a QT, BPTB or HT autograft. The primary outcome was the International Knee Documentation Committee (IKDC) subjective score analysed to assess non-inferiority at 2-year follow-up. Secondary outcomes included Knee Injury and Osteoarthritis Outcome Score, Anterior Cruciate Ligament Quality of Life, Lysholm, Tegner, pain and satisfaction scores, IKDC physical examination score, limb symmetry indices, radiographic osteoarthritis and adverse events including failure. Results: One hundred and thirty-six patients were analysed at 2-year follow-up (50 QT, 42 BPTB, 44 HT); 68%, 62% and 64% were male, with mean ages of 26.4, 25.9 and 25.8 years, respectively. The lower limit of the 95% confidence interval (CI) for the IKDC subjective score for the QT group (95% CI 85.4-91.5) fell within the prespecified noninferiority margin (-10). No statistical between-group differences were found for mean IKDC subjective scores (QT, 88.4 +/- 8.6; BPTB, 85.5 +/- 12.9; HT, 89.2 +/- 12.1). All groups showed significant improvement in patient-reported outcomes over time (p < 0.001), with no significant between-group differences. The HT group demonstrated superior quadriceps strength and triple hop performance at 6 months (all p <= 0.035), which resolved by 1 year. Four clinical failures occurred in the QT group (8.0%), five in the BPTB group (11.9%) and two in the HT group (4.6%) (n.s.). Conclusion: QT autograft is non-inferior to BPTB or HT autograft in isolated ACLR in terms of patient-reported outcomes as measured with the IKDC subjective score two years postoperatively. QT autograft represents a viable option for ACLR.",2026,English,KNEE SURG SPORT TR A,wos,10.1002/ksa.70354,https://doi.org/10.1002/ksa.70354,41758993.0,https://pubmed.ncbi.nlm.nih.gov/41758993/,Boer+quadricepstendonautograftisnotinferiortobonepatellartendonbo+2026,quadricepstendonautograftisnotinferiortobonepatellartendonbo+2026,"Quadriceps tendon autograft is not inferior to bone-patellar tendon-bone or hamstring autograft in anterior cruciate ligament reconstruction in terms of subjective patient-reported outcomes: Two-year results of a multicenter randomised controlled study Purpose: To evaluate the effectiveness of quadriceps tendon (QT) compared to bone-patellar tendon-bone (BPTB) and hamstring tendon (HT) autografts in anterior cruciate ligament reconstruction (ACLR) regarding patient-reported outcomes 2 years postoperatively. Methods: Patients undergoing primary isolated ACLR were stratified and randomised to receive a QT, BPTB or HT autograft. The primary outcome was the International Knee Documentation Committee (IKDC) subjective score analysed to assess non-inferiority at 2-year follow-up. Secondary outcomes included Knee Injury and Osteoarthritis Outcome Score, Anterior Cruciate Ligament Quality of Life, Lysholm, Tegner, pain and satisfaction scores, IKDC physical examination score, limb symmetry indices, radiographic osteoarthritis and adverse events including failure. Results: One hundred and thirty-six patients were analysed at 2-year follow-up (50 QT, 42 BPTB, 44 HT); 68%, 62% and 64% were male, with mean ages of 26.4, 25.9 and 25.8 years, respectively. The lower limit of the 95% confidence interval (CI) for the IKDC subjective score for the QT group (95% CI 85.4-91.5) fell within the prespecified noninferiority margin (-10). No statistical between-group differences were found for mean IKDC subjective scores (QT, 88.4 +/- 8.6; BPTB, 85.5 +/- 12.9; HT, 89.2 +/- 12.1). All groups showed significant improvement in patient-reported outcomes over time (p < 0.001), with no significant between-group differences. The HT group demonstrated superior quadriceps strength and triple hop performance at 6 months (all p <= 0.035), which resolved by 1 year. Four clinical failures occurred in the QT group (8.0%), five in the BPTB group (11.9%) and two in the HT group (4.6%) (n.s.). Conclusion: QT autograft is non-inferior to BPTB or HT autograft in isolated ACLR in terms of patient-reported outcomes as measured with the IKDC subjective score two years postoperatively. QT autograft represents a viable option for ACLR."
477,892,3,Heinz (2026),BPTB,"Heinz M, Lettner J, Topkarci YB, KrÃ³likowska A, Ramadanov N, Ostojic M, Becker R, Prill R",Heinz,Hamstring autografts favour knee extension strength recovery while quadriceps autografts optimise flexion strength recovery: A systematic review of randomised controlled trials,hamstringautograftsfavourkneeextensionstrengthrecoverywhileq,"Purpose Quadriceps tendon (QT), hamstring tendon (HT) and patellar tendon (PT) autografts are the most common grafts for anterior cruciate ligament reconstruction (ACLR). However, the specific impact of graft selection on postoperative knee extension and flexion strength remains controversial. This systematic review analysed randomised controlled trials (RCTs) comparing isokinetic muscle strength outcomes following primary ACLR using QT, HT or PT autografts.Methods A systematic review was conducted by searching Medline (PubMed), Epistemonikos and ScienceDirect (January 2014-10 May 2025) to identify RCTs that included patients aged >= 16 years undergoing primary, unilateral ACLR using an ipsilateral QT, HT or PT autograft. Studies had to report isokinetic strength outcomes at predefined postoperative intervals (approximately 3, 6, 12 and/or >= 24 months) and at one or more angular velocities. The PRISMA guidelines were followed for literature analysis. Two reviewers independently screened, extracted and appraised data using the JBI Checklist for RCTs. A narrative synthesis was performed due to significant clinical and methodological heterogeneity among the included studies.Results Of 1509 records screened, 13 RCTs met the criteria, encompassing 5 studies using QT, 13 HT and 4 PT. The synthesis revealed distinct recovery patterns: HT autografts showed more favourable recovery of knee extension strength, particularly between 6 and 12 months postoperatively. Conversely, QT autografts consistently resulted in superior recovery of knee flexor strength across all follow-up periods. The results for PT autografts were heterogeneous, showing some short-term advantages but no consistent superiority. Patient-reported outcomes (PROMs) generally improved in all groups, though patterns varied by instrument and time point.Conclusion Current evidence indicates graft-specific profiles of strength recovery after ACLR, with HT autografts favouring knee extension and QT autografts favouring knee flexion recovery. However, heterogeneity in testing protocols, angular velocities and the reporting of limb symmetry indices limits the strength of these conclusions.Level of Evidence Level I.",2026,English,J EXP ORTHOP,wos,10.1002/jeo2.70665,https://doi.org/10.1002/jeo2.70665,41717284.0,https://pubmed.ncbi.nlm.nih.gov/41717284/,Heinz+hamstringautograftsfavourkneeextensionstrengthrecoverywhileq+2026,hamstringautograftsfavourkneeextensionstrengthrecoverywhileq+2026,"Hamstring autografts favour knee extension strength recovery while quadriceps autografts optimise flexion strength recovery: A systematic review of randomised controlled trials Purpose Quadriceps tendon (QT), hamstring tendon (HT) and patellar tendon (PT) autografts are the most common grafts for anterior cruciate ligament reconstruction (ACLR). However, the specific impact of graft selection on postoperative knee extension and flexion strength remains controversial. This systematic review analysed randomised controlled trials (RCTs) comparing isokinetic muscle strength outcomes following primary ACLR using QT, HT or PT autografts.Methods A systematic review was conducted by searching Medline (PubMed), Epistemonikos and ScienceDirect (January 2014-10 May 2025) to identify RCTs that included patients aged >= 16 years undergoing primary, unilateral ACLR using an ipsilateral QT, HT or PT autograft. Studies had to report isokinetic strength outcomes at predefined postoperative intervals (approximately 3, 6, 12 and/or >= 24 months) and at one or more angular velocities. The PRISMA guidelines were followed for literature analysis. Two reviewers independently screened, extracted and appraised data using the JBI Checklist for RCTs. A narrative synthesis was performed due to significant clinical and methodological heterogeneity among the included studies.Results Of 1509 records screened, 13 RCTs met the criteria, encompassing 5 studies using QT, 13 HT and 4 PT. The synthesis revealed distinct recovery patterns: HT autografts showed more favourable recovery of knee extension strength, particularly between 6 and 12 months postoperatively. Conversely, QT autografts consistently resulted in superior recovery of knee flexor strength across all follow-up periods. The results for PT autografts were heterogeneous, showing some short-term advantages but no consistent superiority. Patient-reported outcomes (PROMs) generally improved in all groups, though patterns varied by instrument and time point.Conclusion Current evidence indicates graft-specific profiles of strength recovery after ACLR, with HT autografts favouring knee extension and QT autografts favouring knee flexion recovery. However, heterogeneity in testing protocols, angular velocities and the reporting of limb symmetry indices limits the strength of these conclusions.Level of Evidence Level I."
482,899,10,White (2025),BPTB,"White T, Castro M, Antonio L, Hing W, Tudor F, Sattler L",White,"Quadriceps, hamstring and patella tendon autografts for primary anterior cruciate ligament reconstruction demonstrate similar clinical outcomes, including graft failure, joint laxity and complications: A systematic review with meta-analysis of randomised controlled trials",quadricepshamstringandpatellatendonautograftsforprimaryanter,"Purpose Graft failure following anterior cruciate ligament reconstruction (ACLR) remains a significant challenge, driving discussion for optimal graft choice. Traditionally, hamstring tendon (HT) and bone-patella tendon-bone (BPTB) autografts have been favoured for ACLR. Recently, quadriceps tendon (QT) usage has increased. This systematic review with meta-analysis aims to investigate the available evidence for QT compared to HT and BPTB autografts in terms of graft failure, clinical outcomes, functional outcomes and patient-reported outcome measures (PROMs). Methods Five databases (PubMed, Cochrane, Embase, SPORTDiscus and CINAHL) were searched to identify randomised controlled trials comparing QT versus HT or BPTB autografts. Outcomes included graft failure, donor site morbidity, complications, reoperations, clinical measures, functional outcomes, and PROMs. Risk of bias was assessed using the Cochrane risk-of-bias tool (RoB2). Meta-analysis using a random effects model was conducted to determine the pooled risk ratio (RR) or mean difference (MD) with 95% confidence intervals (CIs), and certainty of evidence was evaluated via the GRADE approach. Results Twelve RCTs consisting of 636 patients were included. Meta-analysis revealed no differences in graft failure rates (RR = 1.00; 95% CI = 0.97-1.04; p = 0.83; I-2 = 0%; high certainty). QT autografts demonstrated lower donor site morbidity when compared to HT and BPTB autografts (RR = 1.45; 95% CI = 1.24-1.70; p < 0.001; I-2 = 0%; high certainty). No differences were observed in joint laxity or PROM scores at 12 and 24 months, except for Knee injury and Osteoarthritis Outcome Score favouring HT and BPTB at 12 months (RR = 2.49; 95% CI = -4.69 to -0.28; p = 0.03; I-2 = 0%; very low certainty). Conclusion QT autografts have similar outcomes for graft failure, laxity and PROMs compared to HT and BPTB; however, QT autografts may have lower donor site morbidity. While each graft type is associated with specific complications and post-operative strength deficits, all three remain viable options for ACLR.",2025,English,KNEE SURG SPORT TR A,wos,10.1002/ksa.12755,https://doi.org/10.1002/ksa.12755,40679231.0,https://pubmed.ncbi.nlm.nih.gov/40679231/,White+quadricepshamstringandpatellatendonautograftsforprimaryanter+2025,quadricepshamstringandpatellatendonautograftsforprimaryanter+2025,"Quadriceps, hamstring and patella tendon autografts for primary anterior cruciate ligament reconstruction demonstrate similar clinical outcomes, including graft failure, joint laxity and complications: A systematic review with meta-analysis of randomised controlled trials Purpose Graft failure following anterior cruciate ligament reconstruction (ACLR) remains a significant challenge, driving discussion for optimal graft choice. Traditionally, hamstring tendon (HT) and bone-patella tendon-bone (BPTB) autografts have been favoured for ACLR. Recently, quadriceps tendon (QT) usage has increased. This systematic review with meta-analysis aims to investigate the available evidence for QT compared to HT and BPTB autografts in terms of graft failure, clinical outcomes, functional outcomes and patient-reported outcome measures (PROMs). Methods Five databases (PubMed, Cochrane, Embase, SPORTDiscus and CINAHL) were searched to identify randomised controlled trials comparing QT versus HT or BPTB autografts. Outcomes included graft failure, donor site morbidity, complications, reoperations, clinical measures, functional outcomes, and PROMs. Risk of bias was assessed using the Cochrane risk-of-bias tool (RoB2). Meta-analysis using a random effects model was conducted to determine the pooled risk ratio (RR) or mean difference (MD) with 95% confidence intervals (CIs), and certainty of evidence was evaluated via the GRADE approach. Results Twelve RCTs consisting of 636 patients were included. Meta-analysis revealed no differences in graft failure rates (RR = 1.00; 95% CI = 0.97-1.04; p = 0.83; I-2 = 0%; high certainty). QT autografts demonstrated lower donor site morbidity when compared to HT and BPTB autografts (RR = 1.45; 95% CI = 1.24-1.70; p < 0.001; I-2 = 0%; high certainty). No differences were observed in joint laxity or PROM scores at 12 and 24 months, except for Knee injury and Osteoarthritis Outcome Score favouring HT and BPTB at 12 months (RR = 2.49; 95% CI = -4.69 to -0.28; p = 0.03; I-2 = 0%; very low certainty). Conclusion QT autografts have similar outcomes for graft failure, laxity and PROMs compared to HT and BPTB; however, QT autografts may have lower donor site morbidity. While each graft type is associated with specific complications and post-operative strength deficits, all three remain viable options for ACLR."
488,908,19,Chung (2024),BPTB,"Chung K, Ham H, Kim SH, Seo YJ",Chung,Effect of Graft Choice for ACL Reconstruction on Clinical Outcomes in Combined ACL and MCL Injuries: Comparison Between Bone-Patellar Tendon-Bone and Hamstring Autografts,effectofgraftchoiceforaclreconstructiononclinicaloutcomesinc,"Background/Objectives: The optimal graft, particularly in combined anterior cruciate ligament (ACL) and medial collateral ligament (MCL) injuries, remains controversial. We evaluated the influence of graft choice between bone-patellar tendon-bone (BPTB) and hamstring autografts on clinical outcomes in combined ACL and MCL injuries. Methods: This retrospective analysis included patients with concurrent ACL and MCL injuries who underwent single-bundle ACL reconstruction with BPTB (group B) or hamstring (group H) grafts, between 2010 and 2019, with a >= 2-year follow-up. Patients were classified based on the MCL injury grade (I, II, or III). Clinical outcomes were assessed through knee stability evaluations using valgus stress radiographs and the KT-2000 arthrometer, patient-reported outcomes using the International Knee Documentation Committee (IKDC) subjective score and Lysholm score, and radiologic outcomes using the IKDC radiographic grade. Results: The study included 169 patients (group B, 92; group H, 77). No significant between-group differences in knee stability or functional outcomes were found after follow-up. Within the same MCL injury grade, particularly in high-grade MCL injuries, BPTB grafts resulted in significantly better medial stability (side-to-side difference in medial joint opening on valgus stress radiographs: grade II, p = 0.006; grade III, p = 0.039) and functional outcomes (IKDC subjective score: grade II, p = 0.045; grade III, p = 0.038) than hamstring grafts. In the hamstring group, higher-grade MCL injuries were associated with worse outcomes (Lysholm knee score, p = 0.009; IKDC subjective score, p = 0.015). Conclusions: Graft choice in ACL reconstruction with concomitant MCL injuries may affect clinical outcomes, particularly in high-grade MCL injuries. Although both graft types performed similarly overall, BPTB grafts provided superior medial stability and functional results in higher-grade MCL injuries. However, caution is needed when interpreting these results due to limitations such as the small sample size and the lack of randomization in graft selection.",2024,English,J CLIN MED,wos,10.3390/jcm13216316,https://doi.org/10.3390/jcm13216316,39518456.0,https://pubmed.ncbi.nlm.nih.gov/39518456/,Chung+effectofgraftchoiceforaclreconstructiononclinicaloutcomesinc+2024,effectofgraftchoiceforaclreconstructiononclinicaloutcomesinc+2024,"Effect of Graft Choice for ACL Reconstruction on Clinical Outcomes in Combined ACL and MCL Injuries: Comparison Between Bone-Patellar Tendon-Bone and Hamstring Autografts Background/Objectives: The optimal graft, particularly in combined anterior cruciate ligament (ACL) and medial collateral ligament (MCL) injuries, remains controversial. We evaluated the influence of graft choice between bone-patellar tendon-bone (BPTB) and hamstring autografts on clinical outcomes in combined ACL and MCL injuries. Methods: This retrospective analysis included patients with concurrent ACL and MCL injuries who underwent single-bundle ACL reconstruction with BPTB (group B) or hamstring (group H) grafts, between 2010 and 2019, with a >= 2-year follow-up. Patients were classified based on the MCL injury grade (I, II, or III). Clinical outcomes were assessed through knee stability evaluations using valgus stress radiographs and the KT-2000 arthrometer, patient-reported outcomes using the International Knee Documentation Committee (IKDC) subjective score and Lysholm score, and radiologic outcomes using the IKDC radiographic grade. Results: The study included 169 patients (group B, 92; group H, 77). No significant between-group differences in knee stability or functional outcomes were found after follow-up. Within the same MCL injury grade, particularly in high-grade MCL injuries, BPTB grafts resulted in significantly better medial stability (side-to-side difference in medial joint opening on valgus stress radiographs: grade II, p = 0.006; grade III, p = 0.039) and functional outcomes (IKDC subjective score: grade II, p = 0.045; grade III, p = 0.038) than hamstring grafts. In the hamstring group, higher-grade MCL injuries were associated with worse outcomes (Lysholm knee score, p = 0.009; IKDC subjective score, p = 0.015). Conclusions: Graft choice in ACL reconstruction with concomitant MCL injuries may affect clinical outcomes, particularly in high-grade MCL injuries. Although both graft types performed similarly overall, BPTB grafts provided superior medial stability and functional results in higher-grade MCL injuries. However, caution is needed when interpreting these results due to limitations such as the small sample size and the lack of randomization in graft selection."
491,911,22,Raj (2024),BPTB,"Raj S, Ridha A, Searle HKC, Khatri C, Ahmed I, Metcalfe A, Smith N",Raj,Quadriceps tendon versus hamstring tendon graft for primary anterior cruciate ligament reconstruction: A systematic review and meta-analysis of randomised trials,quadricepstendonversushamstringtendongraftforprimaryanterior,"Background: Anterior cruciate ligament reconstruction (ACLR) is most commonly performed with hamstring tendon (HT) or bone-patellar tendon-bone (BTB) autografts, although the quadriceps tendon (QT) autograft has recently increased in popularity. This systematic review and meta-analysis review compares QT and HT autografts for primary ACLR with a sole focus on randomised controlled trials (RCTs). Methods: A prospective protocol was registered on PROSPERO (CRD42023427339). The search included MEDLINE, Embase and Web of Science until February 2024. Only comparative RCTs were included. The primary outcome was the International Knee Documentation Committee (IKDC) Subjective Knee Evaluation Form score. Secondary outcomes included: other validated patient-reported outcome measures (PROMs), objective strength scores, complications, and return to sport and work. Results: From 2,609 articles identified, seven were included (n = 474 patients). This metaanalysis did not identify a significant difference in post-operative IKDC scores (5 articles; p = 0.73), Lysholm scores (3 studies; p = 0.80) or Tegner activity scales (2 studies; p = 0.98). There were no differences in graft failure rates (4 studies; p = 0.92) or in overall adverse events (4 studies; p = 0.83) at 24 months post-ACLR as per meta-analysis. Donor site morbidity scores were significantly lower in the QT group (MD -4.67, 95% CI -9.29 to -0.05; 2 studies, 211 patients; p = 0.05, I2 = 34%). Conclusion: There were no differences between QT and HT in PROMs, graft failure rates or overall complications based on low- to moderate-quality evidence. There may possibly be lower donor site morbidity with the QT autograft, however, the evidence is not sufficient to draw definitive conclusions. (c) 2024 Elsevier B.V. All rights are reserved, including those for text and data mining, AI training, and similar technologies.",2024,English,KNEE,wos,10.1016/j.knee.2024.07.002,https://doi.org/10.1016/j.knee.2024.07.002,39043018.0,https://pubmed.ncbi.nlm.nih.gov/39043018/,Raj+quadricepstendonversushamstringtendongraftforprimaryanterior+2024,quadricepstendonversushamstringtendongraftforprimaryanterior+2024,"Quadriceps tendon versus hamstring tendon graft for primary anterior cruciate ligament reconstruction: A systematic review and meta-analysis of randomised trials Background: Anterior cruciate ligament reconstruction (ACLR) is most commonly performed with hamstring tendon (HT) or bone-patellar tendon-bone (BTB) autografts, although the quadriceps tendon (QT) autograft has recently increased in popularity. This systematic review and meta-analysis review compares QT and HT autografts for primary ACLR with a sole focus on randomised controlled trials (RCTs). Methods: A prospective protocol was registered on PROSPERO (CRD42023427339). The search included MEDLINE, Embase and Web of Science until February 2024. Only comparative RCTs were included. The primary outcome was the International Knee Documentation Committee (IKDC) Subjective Knee Evaluation Form score. Secondary outcomes included: other validated patient-reported outcome measures (PROMs), objective strength scores, complications, and return to sport and work. Results: From 2,609 articles identified, seven were included (n = 474 patients). This metaanalysis did not identify a significant difference in post-operative IKDC scores (5 articles; p = 0.73), Lysholm scores (3 studies; p = 0.80) or Tegner activity scales (2 studies; p = 0.98). There were no differences in graft failure rates (4 studies; p = 0.92) or in overall adverse events (4 studies; p = 0.83) at 24 months post-ACLR as per meta-analysis. Donor site morbidity scores were significantly lower in the QT group (MD -4.67, 95% CI -9.29 to -0.05; 2 studies, 211 patients; p = 0.05, I2 = 34%). Conclusion: There were no differences between QT and HT in PROMs, graft failure rates or overall complications based on low- to moderate-quality evidence. There may possibly be lower donor site morbidity with the QT autograft, however, the evidence is not sufficient to draw definitive conclusions. (c) 2024 Elsevier B.V. All rights are reserved, including those for text and data mining, AI training, and similar technologies."
494,915,26,Delcogliano (2024),BPTB,"Delcogliano M, Sangiorgio A, Bensa A, Andriolo L, Boffa A, Filardo G",Delcogliano,Platelet-rich plasma augmentation in anterior cruciate ligament reconstruction: Evidence is still too scattered. A scoping review of randomised controlled trials,plateletrichplasmaaugmentationinanteriorcruciateligamentreco,"Purpose: Platelet-rich plasma (PRP) augmentation has been proposed to improve the results of anterior cruciate ligament reconstruction (ACLR). The present study aims to quantify the available evidence to support the use of PRP as biological augmentation in ACLR surgery. Methods: A systematic literature search was conducted on the PubMed, Cochrane, Web of Science and Embase databases on 10 March 2023. Inclusion criteria were randomised controlled trials (RCTs), written in English, addressing PRP augmentation in ACLR surgery, with no time limitation. A scoping review was performed to map the body of literature by examining the evidence related to specific aspects of patients' treatment and evaluation. Risk of bias evaluation was performed with the Cochrane risk-of-bias tool for randomised trials Version 2 (RoB 2), while the quality assessment was performed with the use of the Coleman Score. Results: Out of 983 articles retrieved, 23 RCTs on 943 knees were included in this scoping review. PRP was administered in a liquid form in nine studies and clotted in 11 studies, while in three studies both liquid and clotted PRP were used. Hamstring auto/allografts were used in 14 studies, patellar tendon auto/allografts were used in eight studies and one study described ACLR with peroneus longus allografts. The map of the evidence documented high heterogeneity also in terms of surgical technique, objective and subjective outcome measures and radiological assessment, as well as follow-up times ranging from 1 day to 2 years, with virtually no overlapping data among studies neither in terms of treatments nor evaluations. Risk of bias evaluation showed an overall low quality of the included studies. Conclusions: The available literature addressing PRP augmentation in ACLR is largely scattered. PRP was produced and applied following different procedures, and high variability was detected across the included studies for every aspect of ACLR surgery and evaluation. Currently, a meaningful comparison of the available studies is not possible as the quantification of the literature results is biased by their heterogeneity. Future studies should provide more standardisation to investigate the benefits of biological augmentation in ACL surgery and confirm the promising yet weak evidence of PRP potential as well as the most suitable application modality, before routine use in clinical practice.",2024,English,KNEE SURG SPORT TR A,wos,10.1002/ksa.12127,https://doi.org/10.1002/ksa.12127,38488226.0,https://pubmed.ncbi.nlm.nih.gov/38488226/,Delcogliano+plateletrichplasmaaugmentationinanteriorcruciateligamentreco+2024,plateletrichplasmaaugmentationinanteriorcruciateligamentreco+2024,"Platelet-rich plasma augmentation in anterior cruciate ligament reconstruction: Evidence is still too scattered. A scoping review of randomised controlled trials Purpose: Platelet-rich plasma (PRP) augmentation has been proposed to improve the results of anterior cruciate ligament reconstruction (ACLR). The present study aims to quantify the available evidence to support the use of PRP as biological augmentation in ACLR surgery. Methods: A systematic literature search was conducted on the PubMed, Cochrane, Web of Science and Embase databases on 10 March 2023. Inclusion criteria were randomised controlled trials (RCTs), written in English, addressing PRP augmentation in ACLR surgery, with no time limitation. A scoping review was performed to map the body of literature by examining the evidence related to specific aspects of patients' treatment and evaluation. Risk of bias evaluation was performed with the Cochrane risk-of-bias tool for randomised trials Version 2 (RoB 2), while the quality assessment was performed with the use of the Coleman Score. Results: Out of 983 articles retrieved, 23 RCTs on 943 knees were included in this scoping review. PRP was administered in a liquid form in nine studies and clotted in 11 studies, while in three studies both liquid and clotted PRP were used. Hamstring auto/allografts were used in 14 studies, patellar tendon auto/allografts were used in eight studies and one study described ACLR with peroneus longus allografts. The map of the evidence documented high heterogeneity also in terms of surgical technique, objective and subjective outcome measures and radiological assessment, as well as follow-up times ranging from 1 day to 2 years, with virtually no overlapping data among studies neither in terms of treatments nor evaluations. Risk of bias evaluation showed an overall low quality of the included studies. Conclusions: The available literature addressing PRP augmentation in ACLR is largely scattered. PRP was produced and applied following different procedures, and high variability was detected across the included studies for every aspect of ACLR surgery and evaluation. Currently, a meaningful comparison of the available studies is not possible as the quantification of the literature results is biased by their heterogeneity. Future studies should provide more standardisation to investigate the benefits of biological augmentation in ACL surgery and confirm the promising yet weak evidence of PRP potential as well as the most suitable application modality, before routine use in clinical practice."
498,921,32,Runer (2023),BPTB,"Runer A, Keeling L, Wagala N, Nugraha H, Ãzbek EA, Hughes JD, Musahl V",Runer,"Current trends in graft choice for primary anterior cruciate ligament reconstruction - part II: In-vivo kinematics, patient reported outcomes, re-rupture rates, strength recovery, return to sports and complications",currenttrendsingraftchoiceforprimaryanteriorcruciateligament,"Postoperative patient satisfaction after anterior cruciate ligament reconstruction (ACL-R) is influenced mainly by the degree of pain, the need for reoperation, and functional performance in daily activities and sports. Graft choice has shown to have an influence on postoperative outcomes after ACL-R. While patient reported outcomes measurements do not differ between graft options, evidence shows that normal knee kinematics is not fully restored after ACL-R with an increase in postoperative anterior tibial translation (ATT). Postoperative graft rupture rates seem to favor bone-patella-tendon-bone (BPTB) and quadriceps tendon (QT) autografts over HT or allografts. While return to sports rates seem comparable between different graft types, postoperative extensor strength is reduced in patients with BPTB and QT whereas flexion strength is weakened in patients with HT. Postoperative donor site morbidity is highest in BPTB but comparable between HT and QT. With all graft options having advantages and drawbacks, graft choice must be individualized and chosen in accordance with the patient.",2023,English,J EXP ORTHOP,wos,10.1186/s40634-023-00601-3,https://doi.org/10.1186/s40634-023-00601-3,37014518.0,https://pubmed.ncbi.nlm.nih.gov/37014518/,Runer+currenttrendsingraftchoiceforprimaryanteriorcruciateligament+2023,currenttrendsingraftchoiceforprimaryanteriorcruciateligament+2023,"Current trends in graft choice for primary anterior cruciate ligament reconstruction - part II: In-vivo kinematics, patient reported outcomes, re-rupture rates, strength recovery, return to sports and complications Postoperative patient satisfaction after anterior cruciate ligament reconstruction (ACL-R) is influenced mainly by the degree of pain, the need for reoperation, and functional performance in daily activities and sports. Graft choice has shown to have an influence on postoperative outcomes after ACL-R. While patient reported outcomes measurements do not differ between graft options, evidence shows that normal knee kinematics is not fully restored after ACL-R with an increase in postoperative anterior tibial translation (ATT). Postoperative graft rupture rates seem to favor bone-patella-tendon-bone (BPTB) and quadriceps tendon (QT) autografts over HT or allografts. While return to sports rates seem comparable between different graft types, postoperative extensor strength is reduced in patients with BPTB and QT whereas flexion strength is weakened in patients with HT. Postoperative donor site morbidity is highest in BPTB but comparable between HT and QT. With all graft options having advantages and drawbacks, graft choice must be individualized and chosen in accordance with the patient."
515,950,61,Zhou (2020),BPTB,"Zhou P, Liu JC, Deng XT, Li Z",Zhou,"Hamstring autograft versus patellar tendon autograft for anterior cruciate ligament reconstruction, which graft has a higher contralateral anterior cruciate ligament injury rate? A meta-analysis of 5561 patients following the PRISMA guidelines",hamstringautograftversuspatellartendonautograftforanteriorcr,"Background: Contralateral anterior cruciate ligament (CACL) injury is one of the devastating complications after anterior cruciate ligament (ACL) reconstruction. Whether the risk of CACL tear is related to graft selection remains controversial due to contradictory results in studies. There are no meta-analyses to compare which graft has a higher CACL injury rate. Hence, this meta-analysis was conducted to compare the incidence of the CACL injury after ACL reconstruction with bone-patellar tendon-bone (BPTB) autografts compared with hamstring (HT) autografts. Methods: A comprehensive search of literature published between 1980 and January 2020 was performed using MEDLINE, EMBASE, Web of Science, and the Cochrane Library databases. RevMan 5.3 software was used for meta-analysis. The overall risk ratio (RR) was calculated using a fixed- or random-effects. The heterogeneity among the included results was analyzed by chi-square test with significance set atP < .10, and the heterogeneity was quantitatively detected by I-square tests. Results: Fifteen prospective comparative studies met inclusion criteria. In the BPTB group, the CACL rupture rate ranged from 1.8% to 30%, with a pooled percentage of 8.5%. In the HT group, the CACL rupture rate ranged from 0% to 14.4%, with a pooled percentage of 3.3%. The overall CACL rupture rate was 3.1% and ranged from 1.1% to 27.1%, with a pooled percentage of 4.9%. The pooled results indicate that there was a statistical significant difference in CACL rupture risk rate between BPTB and HT autograft. (RR, 1.53; 95% CL, 1.21-1.91;P = .0004). Conclusion: This review showed that patients undergoing primary ACL reconstruction with BPTB autograft were more likely to have CACL rupture than patients treated with HT autograft.",2020,English,MEDICINE,wos,10.1097/MD.0000000000021540,https://doi.org/10.1097/MD.0000000000021540,32756207.0,https://pubmed.ncbi.nlm.nih.gov/32756207/,Zhou+hamstringautograftversuspatellartendonautograftforanteriorcr+2020,hamstringautograftversuspatellartendonautograftforanteriorcr+2020,"Hamstring autograft versus patellar tendon autograft for anterior cruciate ligament reconstruction, which graft has a higher contralateral anterior cruciate ligament injury rate? A meta-analysis of 5561 patients following the PRISMA guidelines Background: Contralateral anterior cruciate ligament (CACL) injury is one of the devastating complications after anterior cruciate ligament (ACL) reconstruction. Whether the risk of CACL tear is related to graft selection remains controversial due to contradictory results in studies. There are no meta-analyses to compare which graft has a higher CACL injury rate. Hence, this meta-analysis was conducted to compare the incidence of the CACL injury after ACL reconstruction with bone-patellar tendon-bone (BPTB) autografts compared with hamstring (HT) autografts. Methods: A comprehensive search of literature published between 1980 and January 2020 was performed using MEDLINE, EMBASE, Web of Science, and the Cochrane Library databases. RevMan 5.3 software was used for meta-analysis. The overall risk ratio (RR) was calculated using a fixed- or random-effects. The heterogeneity among the included results was analyzed by chi-square test with significance set atP < .10, and the heterogeneity was quantitatively detected by I-square tests. Results: Fifteen prospective comparative studies met inclusion criteria. In the BPTB group, the CACL rupture rate ranged from 1.8% to 30%, with a pooled percentage of 8.5%. In the HT group, the CACL rupture rate ranged from 0% to 14.4%, with a pooled percentage of 3.3%. The overall CACL rupture rate was 3.1% and ranged from 1.1% to 27.1%, with a pooled percentage of 4.9%. The pooled results indicate that there was a statistical significant difference in CACL rupture risk rate between BPTB and HT autograft. (RR, 1.53; 95% CL, 1.21-1.91;P = .0004). Conclusion: This review showed that patients undergoing primary ACL reconstruction with BPTB autograft were more likely to have CACL rupture than patients treated with HT autograft."
516,951,62,Kursumovic (2020),BPTB,"Kursumovic K, Charalambous CP",Kursumovic,"RELATIONSHIP OF GRAFT TYPE AND VANCOMYCIN PRESOAKING TO RATE OF INFECTION IN ANTERIOR CRUCIATE LIGAMENT RECONSTRUCTION A Meta-Analysis of 198 Studies with 68,453 Grafts",relationshipofgrafttypeandvancomycinpresoakingtorateofinfect,"Background:Infection is a devastating complication in anterior cruciate ligament reconstruction (ACLR) surgery. Given the rarity of infection, pooling individual studies via meta-analysis can allow more meaningful evaluation of factors influencing infection rates. We aimed to determine the relationship of graft type and vancomycin graft presoaking to bacterial infection rates following ACLR. Methods:A systematic literature search was conducted on PubMed, Ovid MEDLINE, Embase, and CENTRAL (Cochrane Register of Controlled Trials). Included articles were those reporting on primary arthroscopic or open ACLR procedures, using hamstring (HT) or bone-patellar tendon-bone (BPTB) autografts or allografts of any type, with regard to the outcome of infection (deep infection or septic arthritis). Meta-analyses were performed to estimate the overall infection rates in ACLR surgery according to graft type and to examine the effect of presoaking grafts in vancomycin on infection rates. Results:We identified 306 bacterial infections in 68,453 grafts across 198 studies. The overall estimated ACL graft infection rate in our meta-analysis was 0.9% (95% confidence interval [CI] = 0.8% to 1.0%). HT autografts were associated with a higher infection rate (1.1%, CI = 0.9% to 1.2%) than BPTB autografts (0.7%, CI = 0.6% to 0.9%) and allografts (0.5%, CI = 0.4% to 0.8%) (Q = 15.58, p < 0.001). Presoaking HT autografts in vancomycin reduced infection rates to 0.1% (CI = 0.0% to 0.4%) (Q = 10.62, p = 0.001). Conclusions:Infection following ACLR remains a rare but serious complication. HT autografts are associated with higher infection rates than other graft types. Presoaking HT autografts in vancomycin reduces infection rates by an estimated tenfold. Level of Evidence:Therapeutic Level IV. See Instructions for Authors for a complete description of levels of evidence.",2020,English,JBJS REV,wos,10.2106/JBJS.RVW.19.00156,https://doi.org/10.2106/JBJS.RVW.19.00156,32759615.0,https://pubmed.ncbi.nlm.nih.gov/32759615/,Kursumovic+relationshipofgrafttypeandvancomycinpresoakingtorateofinfect+2020,relationshipofgrafttypeandvancomycinpresoakingtorateofinfect+2020,"RELATIONSHIP OF GRAFT TYPE AND VANCOMYCIN PRESOAKING TO RATE OF INFECTION IN ANTERIOR CRUCIATE LIGAMENT RECONSTRUCTION A Meta-Analysis of 198 Studies with 68,453 Grafts Background:Infection is a devastating complication in anterior cruciate ligament reconstruction (ACLR) surgery. Given the rarity of infection, pooling individual studies via meta-analysis can allow more meaningful evaluation of factors influencing infection rates. We aimed to determine the relationship of graft type and vancomycin graft presoaking to bacterial infection rates following ACLR. Methods:A systematic literature search was conducted on PubMed, Ovid MEDLINE, Embase, and CENTRAL (Cochrane Register of Controlled Trials). Included articles were those reporting on primary arthroscopic or open ACLR procedures, using hamstring (HT) or bone-patellar tendon-bone (BPTB) autografts or allografts of any type, with regard to the outcome of infection (deep infection or septic arthritis). Meta-analyses were performed to estimate the overall infection rates in ACLR surgery according to graft type and to examine the effect of presoaking grafts in vancomycin on infection rates. Results:We identified 306 bacterial infections in 68,453 grafts across 198 studies. The overall estimated ACL graft infection rate in our meta-analysis was 0.9% (95% confidence interval [CI] = 0.8% to 1.0%). HT autografts were associated with a higher infection rate (1.1%, CI = 0.9% to 1.2%) than BPTB autografts (0.7%, CI = 0.6% to 0.9%) and allografts (0.5%, CI = 0.4% to 0.8%) (Q = 15.58, p < 0.001). Presoaking HT autografts in vancomycin reduced infection rates to 0.1% (CI = 0.0% to 0.4%) (Q = 10.62, p = 0.001). Conclusions:Infection following ACLR remains a rare but serious complication. HT autografts are associated with higher infection rates than other graft types. Presoaking HT autografts in vancomycin reduces infection rates by an estimated tenfold. Level of Evidence:Therapeutic Level IV. See Instructions for Authors for a complete description of levels of evidence."
522,960,71,Bailey (2020),BPTB,Bailey L,Bailey,"Author Reply to ""Regarding 'Adductor Canal Nerve Versus Femoral Nerve Blockade for Pain Control and Quadriceps Function Following Anterior Cruciate Ligament Reconstruction With Patellar Tendon Autograft: A Prospective Randomized Trial'""","authorreplyto""regarding'adductorcanalnerveversusfemoralnerve",,2020,English,ARTHROSCOPY,wos,10.1016/j.arthro.2020.01.002,https://doi.org/10.1016/j.arthro.2020.01.002,32139040.0,https://pubmed.ncbi.nlm.nih.gov/32139040/,"Bailey+authorreplyto""regarding'adductorcanalnerveversusfemoralnerve+2020","authorreplyto""regarding'adductorcanalnerveversusfemoralnerve+2020",
523,961,72,Min (2020),BPTB,Min H,Min,"Regarding ""Adductor Canal Nerve Versus Femoral Nerve Blockade for Pain Control and Quadriceps Function Following Anterior Cruciate Ligament Reconstruction With Patellar Tendon Autograft: A Prospective Randomized Trial""","regarding""adductorcanalnerveversusfemoralnerveblockadeforpai",,2020,English,ARTHROSCOPY,wos,10.1016/j.arthro.2020.01.001,https://doi.org/10.1016/j.arthro.2020.01.001,32139041.0,https://pubmed.ncbi.nlm.nih.gov/32139041/,"Min+regarding""adductorcanalnerveversusfemoralnerveblockadeforpai+2020","regarding""adductorcanalnerveversusfemoralnerveblockadeforpai+2020",
525,963,74,Rahardja (2020),BPTB,"Rahardja R, Zhu M, Love H, Clatworthy MG, Monk AP, Young SW",Rahardja,Effect of Graft Choice on Revision and Contralateral Anterior Cruciate Ligament Reconstruction: Results From the New Zealand ACL Registry,effectofgraftchoiceonrevisionandcontralateralanteriorcruciat,"Background: The patellar tendon is often considered the ""gold standard"" graft for reducing the risk of graft rupture after anterior cruciate ligament (ACL) reconstruction. However, its use may also be associated with an increased risk of injury to the contralateral ACL. Purpose: To clarify the association between graft choice and the risk of revision and contralateral ACL reconstruction. Study Design: Cohort study; Level of evidence, 2. Methods: Prospective data captured by the New Zealand ACL Registry between April 2014 and December 2018 were reviewed. All primary ACL reconstructions performed using either a hamstring tendon or patellar tendon autograft were included. Cox regression survival analysis adjusting for patient factors was performed to compare the risk of revision and contralateral ACL reconstruction between the hamstring tendon graft and the patellar tendon graft. Results: A total of 7155 primary ACL reconstructions were reviewed, of which 5563 (77.7%) were performed using a hamstring tendon graft and 1592 (22.3%) were performed using a patellar tendon graft. Patients with a hamstring tendon graft had a revision rate of 2.7% compared with 1.3% in patients with a patellar tendon graft (adjusted hazard ratio [HR], 2.51; 95% CI, 1.55-4.06; P < .001). The patellar tendon graft was associated with an increased risk of contralateral ACL reconstruction compared with the hamstring tendon graft (adjusted HR, 1.91; 95% CI, 1.15-3.16; P = .012). The number needed to treat (NNT) with a patellar tendon graft to prevent 1 revision was 73.6. However, the NNT with a hamstring tendon graft to prevent 1 contralateral reconstruction was 116.3. Conclusion: Use of a patellar tendon graft reduced the risk of graft rupture but was associated with an increased risk of injury to the contralateral ACL. Adequate rehabilitation and informed decision making on return to activity and injury prevention measures may be important in preventing subsequent injury to the healthy knee.",2020,English,AM J SPORT MED,wos,10.1177/0363546519885148,https://doi.org/10.1177/0363546519885148,31730379.0,https://pubmed.ncbi.nlm.nih.gov/31730379/,Rahardja+effectofgraftchoiceonrevisionandcontralateralanteriorcruciat+2020,effectofgraftchoiceonrevisionandcontralateralanteriorcruciat+2020,"Effect of Graft Choice on Revision and Contralateral Anterior Cruciate Ligament Reconstruction: Results From the New Zealand ACL Registry Background: The patellar tendon is often considered the ""gold standard"" graft for reducing the risk of graft rupture after anterior cruciate ligament (ACL) reconstruction. However, its use may also be associated with an increased risk of injury to the contralateral ACL. Purpose: To clarify the association between graft choice and the risk of revision and contralateral ACL reconstruction. Study Design: Cohort study; Level of evidence, 2. Methods: Prospective data captured by the New Zealand ACL Registry between April 2014 and December 2018 were reviewed. All primary ACL reconstructions performed using either a hamstring tendon or patellar tendon autograft were included. Cox regression survival analysis adjusting for patient factors was performed to compare the risk of revision and contralateral ACL reconstruction between the hamstring tendon graft and the patellar tendon graft. Results: A total of 7155 primary ACL reconstructions were reviewed, of which 5563 (77.7%) were performed using a hamstring tendon graft and 1592 (22.3%) were performed using a patellar tendon graft. Patients with a hamstring tendon graft had a revision rate of 2.7% compared with 1.3% in patients with a patellar tendon graft (adjusted hazard ratio [HR], 2.51; 95% CI, 1.55-4.06; P < .001). The patellar tendon graft was associated with an increased risk of contralateral ACL reconstruction compared with the hamstring tendon graft (adjusted HR, 1.91; 95% CI, 1.15-3.16; P = .012). The number needed to treat (NNT) with a patellar tendon graft to prevent 1 revision was 73.6. However, the NNT with a hamstring tendon graft to prevent 1 contralateral reconstruction was 116.3. Conclusion: Use of a patellar tendon graft reduced the risk of graft rupture but was associated with an increased risk of injury to the contralateral ACL. Adequate rehabilitation and informed decision making on return to activity and injury prevention measures may be important in preventing subsequent injury to the healthy knee."
526,964,75,Chen (2019),BPTB,"Chen WB, Li H, Chen YZ, Jiang FY, Wu Y, Chen SY",Chen,Bone-Patellar Tendon-Bone Autografts Versus Hamstring Autografts Using the Same Suspensory Fixations in ACL Reconstruction: A Systematic Review and Meta-analysis,bonepatellartendonboneautograftsversushamstringautograftsusi,"Background: Bone-patellar tendon-bone (BPB) autografts and hamstring tendon (HT) autografts are 2 popular choices for anterior cruciate ligament reconstruction (ACLR). Although existing meta-analyses have explored the clinical outcomes between BPB and HT autografts, none have based their analysis on studies with just femoral suspensory fixation methods. Purpose: To evaluate and compare clinical outcomes, particularly graft failure and knee stability, of ACLR with BPB or HT autografts with suspensory femoral fixation. Study Design: Systematic review; Level of evidence, 4. Methods: A literature search was conducted of studies reporting single-bundle ACLR with BPB autografts and HT autografts with suspensory fixation with a minimum 24-month follow-up. Graft failure rate, knee stability, and clinical outcomes were compared for BPB versus HT autografts. Knee stability was measured with the Lachman test, pivot-shift test, and KT-1000/2000 arthrometer side-to-side difference (SSD). Clinical outcomes were measured with Lysholm scores and the Tegner activity scale, as well as rate of return to preinjury sports. Donor site morbidity among included studies was reviewed. A random-effects model was used for calculations of summary estimates. Subgroup, sensitivity, and trial sequential analyses were conducted. Results: Five studies were included. Graft failure was seen more often in the HT group than the BPB group, and this was statistically significant (P = .03). However, the trial sequential analysis outcome indicated that the included sample size was not large enough to support a solid positive finding. The analysis showed no significant difference in SSD, Lachman test, pivot-shift test, rate of return to sports, Lysholm score, or Tegner score between groups. Subgroup analyses found no significant difference between groups. Conclusion: This meta-analysis demonstrated no significant differences in knee stability and knee functional outcomes between BPB and HT autografts with suspensory fixation. More evidence is needed to prove the lower risk of failure with use of BTB autograft with suspensory fixation.",2019,English,ORTHOP J SPORTS MED,wos,10.1177/2325967119885314,https://doi.org/10.1177/2325967119885314,32010729.0,https://pubmed.ncbi.nlm.nih.gov/32010729/,Chen+bonepatellartendonboneautograftsversushamstringautograftsusi+2019,bonepatellartendonboneautograftsversushamstringautograftsusi+2019,"Bone-Patellar Tendon-Bone Autografts Versus Hamstring Autografts Using the Same Suspensory Fixations in ACL Reconstruction: A Systematic Review and Meta-analysis Background: Bone-patellar tendon-bone (BPB) autografts and hamstring tendon (HT) autografts are 2 popular choices for anterior cruciate ligament reconstruction (ACLR). Although existing meta-analyses have explored the clinical outcomes between BPB and HT autografts, none have based their analysis on studies with just femoral suspensory fixation methods. Purpose: To evaluate and compare clinical outcomes, particularly graft failure and knee stability, of ACLR with BPB or HT autografts with suspensory femoral fixation. Study Design: Systematic review; Level of evidence, 4. Methods: A literature search was conducted of studies reporting single-bundle ACLR with BPB autografts and HT autografts with suspensory fixation with a minimum 24-month follow-up. Graft failure rate, knee stability, and clinical outcomes were compared for BPB versus HT autografts. Knee stability was measured with the Lachman test, pivot-shift test, and KT-1000/2000 arthrometer side-to-side difference (SSD). Clinical outcomes were measured with Lysholm scores and the Tegner activity scale, as well as rate of return to preinjury sports. Donor site morbidity among included studies was reviewed. A random-effects model was used for calculations of summary estimates. Subgroup, sensitivity, and trial sequential analyses were conducted. Results: Five studies were included. Graft failure was seen more often in the HT group than the BPB group, and this was statistically significant (P = .03). However, the trial sequential analysis outcome indicated that the included sample size was not large enough to support a solid positive finding. The analysis showed no significant difference in SSD, Lachman test, pivot-shift test, rate of return to sports, Lysholm score, or Tegner score between groups. Subgroup analyses found no significant difference between groups. Conclusion: This meta-analysis demonstrated no significant differences in knee stability and knee functional outcomes between BPB and HT autografts with suspensory fixation. More evidence is needed to prove the lower risk of failure with use of BTB autograft with suspensory fixation."
531,977,88,Riaz (2018),BPTB,"Riaz O, Aqil A, Mannan A, Hossain F, Ali M, Chakrabarty G, Radcliffe G",Riaz,Quadriceps Tendon-Bone or Patellar Tendon-Bone Autografts When Reconstructing the Anterior Cruciate Ligament: A Meta-analysis,quadricepstendonboneorpatellartendonboneautograftswhenrecons,"Objective: We aimed to quantitatively assess the outcomes of studies, comparing the use of Bone-patellar tendon-bone (BPTB) and the quadriceps tendon-bone (QTB) autografts when reconstructing the anterior cruciate ligament (ACL). Data Sources: MEDLINE, Embase, and CINAHL databases were searched for relevant articles published between January 1980 and January 2015 for the purpose of identifying studies comparing BPTB and QTB autografts for ACL reconstruction. Included studies were assessed regarding their methodological quality before analysis. Outcomes analyzed were graft failure rates, objective and subjective stability assessments, as well as the presence and severity of donor site morbidity. Main Results: Five studies contributed to the quantitative analysis of 806 patients with 452 patients included in the BPTB group and 354 patients in the QTB group. Graft failure rates were similar between the 2 groups [odds ratio (OR) = 0.61; confidence interval (CI) = 0.17-2.15; Z = 0.78, P = 0.44]. There were no significant differences between the 2 groups when testing anteroposterior stability using an arthrometer (standardized mean difference = 0.07; CI = -0.12-0.25; Z = 0.70, P = 0.48). At 1 year postoperatively, there was no difference in the percentage of patients with a positive pivot shift test between the 2 groups (OR = 1.0; CI = 0.85-1.18; Z = 0.01, P = 0.99). However, significantly less patients had graft site pain 1 year after surgery in the QTB group (OR = 0.10; CI = 0.02-0.43; Z = 3.12, P = 0.002). Similarly, fewer patients reported moderate to severe pain while kneeling, in the QTB group (OR = 0.16; CI = 0.07-0.37; Z = 4.26, P < 0.001). Conclusions: This study demonstrates comparable survival rates and joint stability when BPTB and QTB grafts are used. However, fewer adverse donor site symptoms are evident with QTB grafts.",2018,English,CLIN J SPORT MED,wos,10.1097/JSM.0000000000000451,https://doi.org/10.1097/JSM.0000000000000451,28654440.0,https://pubmed.ncbi.nlm.nih.gov/28654440/,Riaz+quadricepstendonboneorpatellartendonboneautograftswhenrecons+2018,quadricepstendonboneorpatellartendonboneautograftswhenrecons+2018,"Quadriceps Tendon-Bone or Patellar Tendon-Bone Autografts When Reconstructing the Anterior Cruciate Ligament: A Meta-analysis Objective: We aimed to quantitatively assess the outcomes of studies, comparing the use of Bone-patellar tendon-bone (BPTB) and the quadriceps tendon-bone (QTB) autografts when reconstructing the anterior cruciate ligament (ACL). Data Sources: MEDLINE, Embase, and CINAHL databases were searched for relevant articles published between January 1980 and January 2015 for the purpose of identifying studies comparing BPTB and QTB autografts for ACL reconstruction. Included studies were assessed regarding their methodological quality before analysis. Outcomes analyzed were graft failure rates, objective and subjective stability assessments, as well as the presence and severity of donor site morbidity. Main Results: Five studies contributed to the quantitative analysis of 806 patients with 452 patients included in the BPTB group and 354 patients in the QTB group. Graft failure rates were similar between the 2 groups [odds ratio (OR) = 0.61; confidence interval (CI) = 0.17-2.15; Z = 0.78, P = 0.44]. There were no significant differences between the 2 groups when testing anteroposterior stability using an arthrometer (standardized mean difference = 0.07; CI = -0.12-0.25; Z = 0.70, P = 0.48). At 1 year postoperatively, there was no difference in the percentage of patients with a positive pivot shift test between the 2 groups (OR = 1.0; CI = 0.85-1.18; Z = 0.01, P = 0.99). However, significantly less patients had graft site pain 1 year after surgery in the QTB group (OR = 0.10; CI = 0.02-0.43; Z = 3.12, P = 0.002). Similarly, fewer patients reported moderate to severe pain while kneeling, in the QTB group (OR = 0.16; CI = 0.07-0.37; Z = 4.26, P < 0.001). Conclusions: This study demonstrates comparable survival rates and joint stability when BPTB and QTB grafts are used. However, fewer adverse donor site symptoms are evident with QTB grafts."
532,978,89,Bansal (2018),BPTB,"Bansal A, Lamplot JD, VandenBerg J, Brophy RH",Bansal,Meta-analysis of the Risk of Infections After Anterior Cruciate Ligament Reconstruction by Graft Type,metaanalysisoftheriskofinfectionsafteranteriorcruciateligame,"Background: An infection after anterior cruciate ligament (ACL) reconstruction is a relatively rare but challenging complication. There are no meta-analyses comparing the incidence of infections after ACL reconstruction with the various available graft choices. Purpose: To compare the incidence of infections after ACL reconstruction with bone-patellar tendon-bone (BPTB) autografts compared with hamstring autografts, with a secondary aim of comparing the incidence of infections after reconstruction with autografts compared with allografts. Study Design: Meta-analysis. Methods: A systematic review was performed to identify level 1 and 2 studies that reported the incidence of infections by graft type after ACL reconstruction. Studies that evaluated patients undergoing primary ACL reconstruction with an autograft, allograft, or combination of autograft and allograft and reported the number of postoperative infections by graft type utilized were considered for inclusion. Studies were excluded if they included revision ACL reconstruction or did not specify the number of infections by graft type. Study findings were reviewed, and meta-analysis was performed when data were sufficiently homogeneous. Results: Twenty-one studies meeting criteria were identified from the literature review. Meta-analysis revealed a significant difference in the incidence of deep infections between BPTB autografts and hamstring autografts, with the BPTB group displaying a 77% lower incidence of infections compared with the hamstring group (relative risk [RR], 0.23; 95% CI, 0.097-0.54). The incidence of infections was 66% lower with BPTB autografts compared with all other graft types, with a pooled RR of 0.33 (95% CI, 0.15-0.71). There was no significant difference in the incidence of infections after ACL reconstruction with autografts compared with allografts (RR, 1.035; 95% CI, 0.589-1.819). Conclusion: The findings of this meta-analysis demonstrate a significantly lower incidence of deep infections after ACL reconstruction with BPTB autografts compared with hamstring autografts but not compared with allografts.",2018,English,AM J SPORT MED,wos,10.1177/0363546517714450,https://doi.org/10.1177/0363546517714450,28737955.0,https://pubmed.ncbi.nlm.nih.gov/28737955/,Bansal+metaanalysisoftheriskofinfectionsafteranteriorcruciateligame+2018,metaanalysisoftheriskofinfectionsafteranteriorcruciateligame+2018,"Meta-analysis of the Risk of Infections After Anterior Cruciate Ligament Reconstruction by Graft Type Background: An infection after anterior cruciate ligament (ACL) reconstruction is a relatively rare but challenging complication. There are no meta-analyses comparing the incidence of infections after ACL reconstruction with the various available graft choices. Purpose: To compare the incidence of infections after ACL reconstruction with bone-patellar tendon-bone (BPTB) autografts compared with hamstring autografts, with a secondary aim of comparing the incidence of infections after reconstruction with autografts compared with allografts. Study Design: Meta-analysis. Methods: A systematic review was performed to identify level 1 and 2 studies that reported the incidence of infections by graft type after ACL reconstruction. Studies that evaluated patients undergoing primary ACL reconstruction with an autograft, allograft, or combination of autograft and allograft and reported the number of postoperative infections by graft type utilized were considered for inclusion. Studies were excluded if they included revision ACL reconstruction or did not specify the number of infections by graft type. Study findings were reviewed, and meta-analysis was performed when data were sufficiently homogeneous. Results: Twenty-one studies meeting criteria were identified from the literature review. Meta-analysis revealed a significant difference in the incidence of deep infections between BPTB autografts and hamstring autografts, with the BPTB group displaying a 77% lower incidence of infections compared with the hamstring group (relative risk [RR], 0.23; 95% CI, 0.097-0.54). The incidence of infections was 66% lower with BPTB autografts compared with all other graft types, with a pooled RR of 0.33 (95% CI, 0.15-0.71). There was no significant difference in the incidence of infections after ACL reconstruction with autografts compared with allografts (RR, 1.035; 95% CI, 0.589-1.819). Conclusion: The findings of this meta-analysis demonstrate a significantly lower incidence of deep infections after ACL reconstruction with BPTB autografts compared with hamstring autografts but not compared with allografts."
534,981,92,Eysturoy (2018),BPTB,"Eysturoy NH, Nissen KA, Nielsen T, Lind M",Eysturoy,The Influence of Graft Fixation Methods on Revision Rates After Primary Anterior Cruciate Ligament Reconstruction,theinfluenceofgraftfixationmethodsonrevisionratesafterprimar,"Background: The method of graft fixation in primary anterior cruciate ligament (ACL) reconstruction is important for initial stability of the graft. Poor graft fixation can result in failure of the reconstruction. The effect of ACL graft fixation principles and fixation implant combinations on the risk of revision after ACL reconstruction is not well understood. Purpose: The study aimed to compare the risk of revision among 4 categories of femoral fixation divided by their principle of function using a hamstring tendon (HT) graft only. Furthermore, this study aimed to compare the risk of revision among the most frequently used combinations (tibia and femur) of graft fixation implants in a national patient cohort. Study Design: Cohort study; Level of evidence, 3. Methods: The authors divided the femoral fixation constructs into 4 categories by their principle of function: cortical suspensory fixation, adjustable cortical suspensory fixation, intratunnel transfixation, and interference screw (aperture) fixation. Data on revision rates and graft fixation methods were extracted from the Danish ACL Reconstruction Registry. The study included patients who underwent primary ACL reconstruction with either an HT or patellar tendon (PT) graft and were followed up at 2 to 10 years. Revision rates at 2-year and full follow-up were extracted for the category of graft fixation in the femur as well as for the most common implant combinations (those involving >175 patients). Patients with infrequently used fixation devices were excluded from this analysis. The HT group included 14 frequently used combinations (n > 175), and there were 2 such combinations in the PT group. A total of 13,200 ACL reconstructions were included in the study. For ACL reconstruction with an HT graft, there were 4680 with cortical suspensory fixation, 577 with adjustable cortical suspensory fixation, 5921 with intratunnel transfixation, and 617 with interference screw fixation. There were 1405 ACL reconstructions with a PT graft. Results: When only comparing primary ACL reconstructions using an HT graft, cortical suspensory fixation exhibited a significantly higher risk of revision at 2-year follow-up than the other categories of femoral fixation (hazard ratio [HR], 1.24 [95% CI, 1.07-1.44]; P < .05). Intratunnel transfixation exhibited a significantly lower risk of revision (HR, 0.83 [95% CI, 0.73-0.94]; P < .05). Comparing the most frequently used femoral/tibial fixation implant combinations with the mean risk of revision, Endobutton/Intrafix and Endobutton/Biosure PEEK for HT grafts exhibited an increased risk of revision, with an relative risk (RR) of 1.36 (95% CI, 1.03-1.81; P < . 05) and 1.55 (95% CI, 1.15-2.09; P < . 05), respectively. The Atlantech metal screw/metal screw and Softsilk/Softsilk combinations (both for PT grafts) exhibited a significantly decreased risk of revision, with an RR of 0.41 (95% CI, 0.18-0.91; P < . 05) and 0.36 (95% CI, 0.15-0.87; P <. 05), respectively. Conclusion: When comparing ACL graft fixation methods in the 4 categories using an HT graft, cortical suspensory fixation was found to have a significantly increased risk of revision, while intratunnel transfixation exhibited a lower risk of revision. Both Endobutton/Intrafix and Endobutton/Biosure PEEK implant combinations exhibited a significantly higher risk of revision. For PT grafts, Atlantech metal screw/metal screw and Softsilk/Softsilk exhibited a significantly lower risk of revision.",2018,English,AM J SPORT MED,wos,10.1177/0363546517748924,https://doi.org/10.1177/0363546517748924,29337596.0,https://pubmed.ncbi.nlm.nih.gov/29337596/,Eysturoy+theinfluenceofgraftfixationmethodsonrevisionratesafterprimar+2018,theinfluenceofgraftfixationmethodsonrevisionratesafterprimar+2018,"The Influence of Graft Fixation Methods on Revision Rates After Primary Anterior Cruciate Ligament Reconstruction Background: The method of graft fixation in primary anterior cruciate ligament (ACL) reconstruction is important for initial stability of the graft. Poor graft fixation can result in failure of the reconstruction. The effect of ACL graft fixation principles and fixation implant combinations on the risk of revision after ACL reconstruction is not well understood. Purpose: The study aimed to compare the risk of revision among 4 categories of femoral fixation divided by their principle of function using a hamstring tendon (HT) graft only. Furthermore, this study aimed to compare the risk of revision among the most frequently used combinations (tibia and femur) of graft fixation implants in a national patient cohort. Study Design: Cohort study; Level of evidence, 3. Methods: The authors divided the femoral fixation constructs into 4 categories by their principle of function: cortical suspensory fixation, adjustable cortical suspensory fixation, intratunnel transfixation, and interference screw (aperture) fixation. Data on revision rates and graft fixation methods were extracted from the Danish ACL Reconstruction Registry. The study included patients who underwent primary ACL reconstruction with either an HT or patellar tendon (PT) graft and were followed up at 2 to 10 years. Revision rates at 2-year and full follow-up were extracted for the category of graft fixation in the femur as well as for the most common implant combinations (those involving >175 patients). Patients with infrequently used fixation devices were excluded from this analysis. The HT group included 14 frequently used combinations (n > 175), and there were 2 such combinations in the PT group. A total of 13,200 ACL reconstructions were included in the study. For ACL reconstruction with an HT graft, there were 4680 with cortical suspensory fixation, 577 with adjustable cortical suspensory fixation, 5921 with intratunnel transfixation, and 617 with interference screw fixation. There were 1405 ACL reconstructions with a PT graft. Results: When only comparing primary ACL reconstructions using an HT graft, cortical suspensory fixation exhibited a significantly higher risk of revision at 2-year follow-up than the other categories of femoral fixation (hazard ratio [HR], 1.24 [95% CI, 1.07-1.44]; P < .05). Intratunnel transfixation exhibited a significantly lower risk of revision (HR, 0.83 [95% CI, 0.73-0.94]; P < .05). Comparing the most frequently used femoral/tibial fixation implant combinations with the mean risk of revision, Endobutton/Intrafix and Endobutton/Biosure PEEK for HT grafts exhibited an increased risk of revision, with an relative risk (RR) of 1.36 (95% CI, 1.03-1.81; P < . 05) and 1.55 (95% CI, 1.15-2.09; P < . 05), respectively. The Atlantech metal screw/metal screw and Softsilk/Softsilk combinations (both for PT grafts) exhibited a significantly decreased risk of revision, with an RR of 0.41 (95% CI, 0.18-0.91; P < . 05) and 0.36 (95% CI, 0.15-0.87; P <. 05), respectively. Conclusion: When comparing ACL graft fixation methods in the 4 categories using an HT graft, cortical suspensory fixation was found to have a significantly increased risk of revision, while intratunnel transfixation exhibited a lower risk of revision. Both Endobutton/Intrafix and Endobutton/Biosure PEEK implant combinations exhibited a significantly higher risk of revision. For PT grafts, Atlantech metal screw/metal screw and Softsilk/Softsilk exhibited a significantly lower risk of revision."
536,983,94,Costa (2018),BPTB,"Costa LA, Foni NO, Antonioli E, de Carvalho RT, Paiao ID, Lenza M, Ferretti M",Costa,Analysis of 500 anterior cruciate ligament reconstructions from a private institutional register,analysisof500anteriorcruciateligamentreconstructionsfromapri,"Purpose The aims of this study are to describe the epidemiological characteristics of anterior cruciate ligament reconstructions in a private hospital in Brazil and to determine trends in medical practice for comparison with previous studies. Methods We retrospectively reviewed the anterior cruciate ligament institutional register to obtain data from all patients who underwent primary anterior cruciate ligament reconstruction from July 2014 to June 2016. Descriptive statistics were used to summarize the sample. Specific statistical tests were used to assess associations between the meniscal lesion and other variables. Results During the study period, 72.6% out of 500 patients were male. The mean age at surgery was 35.1 years. The mean age was higher among females than among males (37.3 +/- 12.1 vs 34.3 +/- 10.8 years). The median time from injury to surgery was 44 days. The most common femoral and tibial fixations used were suspensory fixation (60.8%) and interference screw (96%), respectively. The most commonly used graft was hamstring tendon (70.2%), followed by bone-patellar tendon-bone (28.8%). A meniscal lesion was noted in 44.8% of cases. Partial meniscectomy was performed in 69.5% of meniscal lesions, and meniscal repair was performed in 14.1% of lesions. The mean length of hospital stay was 1.4 days. The proportion of men in the group of patients with an associated meniscal lesion was higher than that in the group of patients without a meniscal lesion (p = 0.007). Conclusions In this study, we identified that the vast majority of surgeries were performed in male patients in all age groups, and patients older than 30 years and with a short time from injury to surgery predominated. Concerning surgical technique, we noted a low rate of meniscal repair and a higher preference for the use of hamstring graft and suspensory fixation on the femoral side.",2018,English,PLOS ONE,wos,10.1371/journal.pone.0191414,https://doi.org/10.1371/journal.pone.0191414,29351558.0,https://pubmed.ncbi.nlm.nih.gov/29351558/,Costa+analysisof500anteriorcruciateligamentreconstructionsfromapri+2018,analysisof500anteriorcruciateligamentreconstructionsfromapri+2018,"Analysis of 500 anterior cruciate ligament reconstructions from a private institutional register Purpose The aims of this study are to describe the epidemiological characteristics of anterior cruciate ligament reconstructions in a private hospital in Brazil and to determine trends in medical practice for comparison with previous studies. Methods We retrospectively reviewed the anterior cruciate ligament institutional register to obtain data from all patients who underwent primary anterior cruciate ligament reconstruction from July 2014 to June 2016. Descriptive statistics were used to summarize the sample. Specific statistical tests were used to assess associations between the meniscal lesion and other variables. Results During the study period, 72.6% out of 500 patients were male. The mean age at surgery was 35.1 years. The mean age was higher among females than among males (37.3 +/- 12.1 vs 34.3 +/- 10.8 years). The median time from injury to surgery was 44 days. The most common femoral and tibial fixations used were suspensory fixation (60.8%) and interference screw (96%), respectively. The most commonly used graft was hamstring tendon (70.2%), followed by bone-patellar tendon-bone (28.8%). A meniscal lesion was noted in 44.8% of cases. Partial meniscectomy was performed in 69.5% of meniscal lesions, and meniscal repair was performed in 14.1% of lesions. The mean length of hospital stay was 1.4 days. The proportion of men in the group of patients with an associated meniscal lesion was higher than that in the group of patients without a meniscal lesion (p = 0.007). Conclusions In this study, we identified that the vast majority of surgeries were performed in male patients in all age groups, and patients older than 30 years and with a short time from injury to surgery predominated. Concerning surgical technique, we noted a low rate of meniscal repair and a higher preference for the use of hamstring graft and suspensory fixation on the femoral side."
540,991,102,Thompson (2016),BPTB,"Thompson SM, Salmon LJ, Waller A, Linklater J, Roe JP, Pinczewski LA",Thompson,Twenty-Year Outcome of a Longitudinal Prospective Evaluation of Isolated Endoscopic Anterior Cruciate Ligament Reconstruction With Patellar Tendon or Hamstring Autograft,twentyyearoutcomeofalongitudinalprospectiveevaluationofisola,"Background: Long-term prospective studies of isolated endoscopic anterior cruciate ligament (ACL) reconstruction are limited and may include confounding factors. Purpose: This study aimed to compare the outcomes of isolated ACL reconstruction using the patellar tendon (PT) autograft and the hamstring (HT) autograft in 180 patients over 20 years. Study Design: Cohort study; Level of evidence, 2. Methods: A total of 180 participants undergoing isolated ACL reconstruction between 1993 and 1994 were prospectively recruited. Evaluation was performed at 1, 2, 5, 7, 10, 15, and 20 years after surgery and included the International Knee Documentation Committee (IKDC) knee ligament evaluation with radiographic evaluation, KT-1000 arthrometer side-to-side difference, and subjective scores. Results: Over 20 years, there were 16 patients (18%) and 9 patients (10%) with an ACL graft rupture in the HT and PT groups, respectively (P = .13). ACL graft rupture was associated with male sex (odds ratio [OR], 3.9; P = .007), nonideal tunnel position (OR, 3.6; P = .019), and age <18 years at the time of surgery (OR, 4.6; P = .003). The odds of a contralateral ACL rupture were increased in patients with the PT graft compared with patients with the HT graft (OR, 2.2; P = .02) and those aged <18 years at the time of surgery (OR, 3.4; P = .001). The mean IKDC scores at 20-year follow-up were 86 and 89 for the PT and HT groups, respectively (P = .18). At 20 years, 53% and 57% of the PT and HT groups participated in strenuous or very strenuous activities (P = .55), kneeling pain was present in 63% and 20% of the PT and HT groups (P = .018), and radiographic osteoarthritic change was found in 61% and 41% of the PT and HT groups (P = .008), respectively. Conclusion: Compared with patients who received the HT graft, patients who received the PT graft had significantly worse outcomes with regard to radiologically detectable osteoarthritis, kneeling pain, and contralateral ACL injury. At 20-year follow-up, both HT and PT autografts continued to provide good subjective outcomes and objective stability. However, further ACL injury is common, particularly in male individuals, younger patients, and those with tunnel malposition.",2016,English,AM J SPORT MED,wos,10.1177/0363546516658041,https://doi.org/10.1177/0363546516658041,27492972.0,https://pubmed.ncbi.nlm.nih.gov/27492972/,Thompson+twentyyearoutcomeofalongitudinalprospectiveevaluationofisola+2016,twentyyearoutcomeofalongitudinalprospectiveevaluationofisola+2016,"Twenty-Year Outcome of a Longitudinal Prospective Evaluation of Isolated Endoscopic Anterior Cruciate Ligament Reconstruction With Patellar Tendon or Hamstring Autograft Background: Long-term prospective studies of isolated endoscopic anterior cruciate ligament (ACL) reconstruction are limited and may include confounding factors. Purpose: This study aimed to compare the outcomes of isolated ACL reconstruction using the patellar tendon (PT) autograft and the hamstring (HT) autograft in 180 patients over 20 years. Study Design: Cohort study; Level of evidence, 2. Methods: A total of 180 participants undergoing isolated ACL reconstruction between 1993 and 1994 were prospectively recruited. Evaluation was performed at 1, 2, 5, 7, 10, 15, and 20 years after surgery and included the International Knee Documentation Committee (IKDC) knee ligament evaluation with radiographic evaluation, KT-1000 arthrometer side-to-side difference, and subjective scores. Results: Over 20 years, there were 16 patients (18%) and 9 patients (10%) with an ACL graft rupture in the HT and PT groups, respectively (P = .13). ACL graft rupture was associated with male sex (odds ratio [OR], 3.9; P = .007), nonideal tunnel position (OR, 3.6; P = .019), and age <18 years at the time of surgery (OR, 4.6; P = .003). The odds of a contralateral ACL rupture were increased in patients with the PT graft compared with patients with the HT graft (OR, 2.2; P = .02) and those aged <18 years at the time of surgery (OR, 3.4; P = .001). The mean IKDC scores at 20-year follow-up were 86 and 89 for the PT and HT groups, respectively (P = .18). At 20 years, 53% and 57% of the PT and HT groups participated in strenuous or very strenuous activities (P = .55), kneeling pain was present in 63% and 20% of the PT and HT groups (P = .018), and radiographic osteoarthritic change was found in 61% and 41% of the PT and HT groups (P = .008), respectively. Conclusion: Compared with patients who received the HT graft, patients who received the PT graft had significantly worse outcomes with regard to radiologically detectable osteoarthritis, kneeling pain, and contralateral ACL injury. At 20-year follow-up, both HT and PT autografts continued to provide good subjective outcomes and objective stability. However, further ACL injury is common, particularly in male individuals, younger patients, and those with tunnel malposition."
541,993,104,Paschos (2016),BPTB,"Paschos NK, Howell SM",Paschos,Anterior cruciate ligament reconstruction: principles of treatment,anteriorcruciateligamentreconstruction:principlesoftreatment,"Anterior cruciate ligament (ACL) reconstruction is one of the most common procedures in sports medicine. Several areas of controversy exist in ACL tear management which have engaged surgeons and researchers in debates towards identifying an ideal approach for these patients. This instructional review discusses the principles of ACL reconstruction in an attempt to provide guidelines and initiate a critical thinking approach on the most common areas of controversy regarding ACL reconstruction. Using high-level evidence from the literature, as presented in randomised controlled trials, systematic reviews, and meta-analyses, operative versus conservative treatment, timing of surgery, and rehabilitation are discussed. Also, the advantages and disadvantages of the most common types of autografts, such as patellar tendon and hamstrings as well as allografts are presented. Key considerations for the anatomical, histological, bio-mechanical and clinical data ('IDEAL') graft positioning are reviewed.",2016,English,EFORT OPEN REV,wos,10.1302/2058-5241.1.160032,https://doi.org/10.1302/2058-5241.1.160032,28461919.0,https://pubmed.ncbi.nlm.nih.gov/28461919/,Paschos+anteriorcruciateligamentreconstruction:principlesoftreatment+2016,anteriorcruciateligamentreconstruction:principlesoftreatment+2016,"Anterior cruciate ligament reconstruction: principles of treatment Anterior cruciate ligament (ACL) reconstruction is one of the most common procedures in sports medicine. Several areas of controversy exist in ACL tear management which have engaged surgeons and researchers in debates towards identifying an ideal approach for these patients. This instructional review discusses the principles of ACL reconstruction in an attempt to provide guidelines and initiate a critical thinking approach on the most common areas of controversy regarding ACL reconstruction. Using high-level evidence from the literature, as presented in randomised controlled trials, systematic reviews, and meta-analyses, operative versus conservative treatment, timing of surgery, and rehabilitation are discussed. Also, the advantages and disadvantages of the most common types of autografts, such as patellar tendon and hamstrings as well as allografts are presented. Key considerations for the anatomical, histological, bio-mechanical and clinical data ('IDEAL') graft positioning are reviewed."
542,1003,114,Debieux (2016),BPTB,"Debieux P, Franciozi CES, Lenza M, Tamaoki MJ, Magnussen RA, Faloppa F, Belloti JC",Debieux,Bioabsorbable versus metallic interference screws for graft fixation in anterior cruciate ligament reconstruction,bioabsorbableversusmetallicinterferencescrewsforgraftfixatio,"Background Anterior cruciate ligament (ACL) tears are frequently treated with surgical reconstruction with grafts, frequently patella tendon or hamstrings. Interference screws are often used to secure the graft in bone tunnels in the femur and tibia. This review examines whether bioabsorbable interference screws give better results than metal interference screws when used for graft fixation in ACL reconstruction. Objectives To assess the effects (benefits and harms) of bioabsorbable versus metallic interference screws for graft fixation in ACL reconstruction. Search methods We searched the Cochrane Bone, Joint and Muscle Trauma Group Specialised Register, CENTRAL (the Cochrane Library), MEDLINE, Embase, LILACS, trial registers and reference lists of articles. Date of search: January 2016. Selection criteria We included randomised controlled trials and quasi-randomised trials comparing bioabsorbable with metallic interferences screws in ACL reconstruction. The main outcomes sought were subjective-rated knee function, failure of treatment, and activity level. Data collection and analysis At least two review authors selected eligible trials, independently assessed risk of bias, and cross-checked data. Data were pooled whenever relevant and possible. Requests for further information were sent to the original study authors. Main results We included 12 trials (11 randomised and one quasi-randomised) involving a total of 944 participants, and reporting follow-up results for 774. Participants in the 12 trials underwent ACL reconstruction with either hamstring tendon grafts (five trials) or patellar tendon grafts (seven trials). Trials participants were randomly allocated to bioabsorbable or metallic interference screws for graft fixation in both femur and tibia (seven trials); femur only (three trials); tibia only (one trial); location was not reported in the remaining trial. A variety of materials was used for the bioabsorbable screws, Poly-L-lactic acid (PLLA) being the most common. The metallic screws, where reported, were titanium. All trials were at high risk of bias, which invariably included performance bias. Seven trials were at high risk of attrition bias and eight at high risk of reporting bias. The quasi-randomised trial was assessed as being at high risk for selection bias. Based on these study limitations and insufficiency of the available data, we judged the quality of evidence for all outcomes was very low. The majority of the available data for patient-reported knee function was presented as Lysholm scores (0 to 100; higher scores = better function). There was very low quality but consistent evidence of no clinically important differences between the two groups in Lysholm scores at 12 months follow-up (mean difference (MD) -0.08, 95% confidence interval (CI) -1.48 to 1.32; three trials, 168 participants); 24 months (MD 0.35, 95% CI -1.27 to 1.98; three trials, 113 participants) or five or more years follow-up (MD 1.23, 95% CI -2.00 to 4.47; two trials, 71 participants). This lack of between-group differences was also reported for Lysholm scores in several trials that did not provide sufficient data for pooling as well as for other self-reported knee function scores reported in several trials. Treatment failure was represented by the summed data for implant breakage during surgery and major postoperative complications (implant failure, graft rupture, symptomatic foreign body reactions, effusion and treated arthrofibrosis and related conditions) that were usually described in the trial reports as requiring further substantive treatment. There is very low-quality evidence of greater treatment failure in the bioabsorbable screw group (60/451 versus 29/434; risk ratio (RR) 1.94 favouring metallic screw fixation, 95% CI 1.29 to 2.93; 885 participants, 11 studies). In a population with an assumed risk (based on the median control group risk) of 56 participants per 1000 having treatment failure after metallic screw fixation, this equates to 53 more (95% CI 17 to 108 more) per 1000 participants having treatment failure after bioabsorbable screw fixation. All 16 intraoperative complications in the bioabsorbable screw group were implant breakages upon screw insertion. Treatment failure defined as postoperative complications only still favoured the metallic screw group but the 95% CI also included the potential for a greater risk of treatment failure after metallic screw fixation: 44/451 versus 29/434; RR 1.44, 95% CI 0.93 to 2.23. Based on the assumed risk of 56 participants per 1000 having postoperative treatment failure after metallic screw fixation, this equates to 25 more (95% CI 4 fewer and 69 more) per 1000 participants having this outcome after bioabsorbable screw fixation. There was very low-quality evidence of very similar activity levels in the two groups at 12 and 24 months follow-up measured via the Tegner score (0 to 10; higher scores = greater activity): 12 months (MD 0.08, 95% CI -0.39 to 0.55; 122 participants, two studies); 24 months (MD 0.01, 95% CI -0.54 to 0.57; 72 participants, two studies). Authors' conclusions There is very low-quality evidence of no difference in self-reported knee function and levels of activity between bioabsorbable and metallic interference screws for graft fixation in ACL reconstruction. There is very low-quality evidence that bioabsorbable screws may be associated with more overall treatment failures, including implant breakage during surgery. Further research does not appear to be a priority, but if undertaken, should also examine costs.",2016,English,COCHRANE DB SYST REV,wos,10.1002/14651858.CD009772.pub2,https://doi.org/10.1002/14651858.CD009772.pub2,27450741.0,https://pubmed.ncbi.nlm.nih.gov/27450741/,Debieux+bioabsorbableversusmetallicinterferencescrewsforgraftfixatio+2016,bioabsorbableversusmetallicinterferencescrewsforgraftfixatio+2016,"Bioabsorbable versus metallic interference screws for graft fixation in anterior cruciate ligament reconstruction Background Anterior cruciate ligament (ACL) tears are frequently treated with surgical reconstruction with grafts, frequently patella tendon or hamstrings. Interference screws are often used to secure the graft in bone tunnels in the femur and tibia. This review examines whether bioabsorbable interference screws give better results than metal interference screws when used for graft fixation in ACL reconstruction. Objectives To assess the effects (benefits and harms) of bioabsorbable versus metallic interference screws for graft fixation in ACL reconstruction. Search methods We searched the Cochrane Bone, Joint and Muscle Trauma Group Specialised Register, CENTRAL (the Cochrane Library), MEDLINE, Embase, LILACS, trial registers and reference lists of articles. Date of search: January 2016. Selection criteria We included randomised controlled trials and quasi-randomised trials comparing bioabsorbable with metallic interferences screws in ACL reconstruction. The main outcomes sought were subjective-rated knee function, failure of treatment, and activity level. Data collection and analysis At least two review authors selected eligible trials, independently assessed risk of bias, and cross-checked data. Data were pooled whenever relevant and possible. Requests for further information were sent to the original study authors. Main results We included 12 trials (11 randomised and one quasi-randomised) involving a total of 944 participants, and reporting follow-up results for 774. Participants in the 12 trials underwent ACL reconstruction with either hamstring tendon grafts (five trials) or patellar tendon grafts (seven trials). Trials participants were randomly allocated to bioabsorbable or metallic interference screws for graft fixation in both femur and tibia (seven trials); femur only (three trials); tibia only (one trial); location was not reported in the remaining trial. A variety of materials was used for the bioabsorbable screws, Poly-L-lactic acid (PLLA) being the most common. The metallic screws, where reported, were titanium. All trials were at high risk of bias, which invariably included performance bias. Seven trials were at high risk of attrition bias and eight at high risk of reporting bias. The quasi-randomised trial was assessed as being at high risk for selection bias. Based on these study limitations and insufficiency of the available data, we judged the quality of evidence for all outcomes was very low. The majority of the available data for patient-reported knee function was presented as Lysholm scores (0 to 100; higher scores = better function). There was very low quality but consistent evidence of no clinically important differences between the two groups in Lysholm scores at 12 months follow-up (mean difference (MD) -0.08, 95% confidence interval (CI) -1.48 to 1.32; three trials, 168 participants); 24 months (MD 0.35, 95% CI -1.27 to 1.98; three trials, 113 participants) or five or more years follow-up (MD 1.23, 95% CI -2.00 to 4.47; two trials, 71 participants). This lack of between-group differences was also reported for Lysholm scores in several trials that did not provide sufficient data for pooling as well as for other self-reported knee function scores reported in several trials. Treatment failure was represented by the summed data for implant breakage during surgery and major postoperative complications (implant failure, graft rupture, symptomatic foreign body reactions, effusion and treated arthrofibrosis and related conditions) that were usually described in the trial reports as requiring further substantive treatment. There is very low-quality evidence of greater treatment failure in the bioabsorbable screw group (60/451 versus 29/434; risk ratio (RR) 1.94 favouring metallic screw fixation, 95% CI 1.29 to 2.93; 885 participants, 11 studies). In a population with an assumed risk (based on the median control group risk) of 56 participants per 1000 having treatment failure after metallic screw fixation, this equates to 53 more (95% CI 17 to 108 more) per 1000 participants having treatment failure after bioabsorbable screw fixation. All 16 intraoperative complications in the bioabsorbable screw group were implant breakages upon screw insertion. Treatment failure defined as postoperative complications only still favoured the metallic screw group but the 95% CI also included the potential for a greater risk of treatment failure after metallic screw fixation: 44/451 versus 29/434; RR 1.44, 95% CI 0.93 to 2.23. Based on the assumed risk of 56 participants per 1000 having postoperative treatment failure after metallic screw fixation, this equates to 25 more (95% CI 4 fewer and 69 more) per 1000 participants having this outcome after bioabsorbable screw fixation. There was very low-quality evidence of very similar activity levels in the two groups at 12 and 24 months follow-up measured via the Tegner score (0 to 10; higher scores = greater activity): 12 months (MD 0.08, 95% CI -0.39 to 0.55; 122 participants, two studies); 24 months (MD 0.01, 95% CI -0.54 to 0.57; 72 participants, two studies). Authors' conclusions There is very low-quality evidence of no difference in self-reported knee function and levels of activity between bioabsorbable and metallic interference screws for graft fixation in ACL reconstruction. There is very low-quality evidence that bioabsorbable screws may be associated with more overall treatment failures, including implant breakage during surgery. Further research does not appear to be a priority, but if undertaken, should also examine costs."
543,1004,115,Baverel (2015),BPTB,"Baverel L, Demey G, Odri GA, Leroy P, Saffarini M, Dejour D",Baverel,Do outcomes of outpatient ACL reconstruction vary with graft type?,dooutcomesofoutpatientaclreconstructionvarywithgrafttype?,"Background: Studies establishing the feasibility of anterior cruciate ligament (ACL) reconstruction as an outpatient procedure in France were usually conducted with hamstring tendon grafts. The objective of this study was to evaluate the outcomes of outpatient ACL reconstruction according to whether the graft was harvested from the hamstring tendons or patellar tendon. Hypothesis: Outpatient ACL reconstruction can be performed using any type of graft. Methods: A single-centre retrospective study was conducted in consecutive patients older than 16 years who had primary ACL reconstruction using patellar tendon or hamstring tendons, with or without lateral tenodesis. Patients who underwent other procedures on bones or peripheral ligaments and those with a previous history of ACL reconstruction were excluded. The primary evaluation criterion was the occurrence of complications within 45 days after surgery. Secondary evaluation criteria were the visual analogue scale (VAS) for pain during the first 3 postoperative days, patient satisfaction on day 3, and the IKDC and Lysholm clinical scores on day 45. Results: The analysis included 104 knees (one knee per patient). Hamstring tendons were used in 77(74%) knees and patellar tendon in 27(26%) knees. In the hamstring group, 2(2.6%) patients spent the first postoperative night in the hospital and 2 others were re-admitted. No hospitalisations were recorded in the patellar-tendon group. None of the patients required revision surgery within 45 days of the reconstruction procedure. None of the postoperative criteria studied showed statistically significant differences between the two groups. Discussion: ACL reconstruction can be performed on an outpatient basis using any type of graft. The main determinants of successful outpatient ACL reconstruction are a standardised clinical management strategy and an appropriate anaesthesia protocol. (C) 2015 Elsevier Masson SAS. All rights reserved.",2015,English,ORTHOP TRAUMATOL-SUR,wos,10.1016/j.otsr.2015.08.012,https://doi.org/10.1016/j.otsr.2015.08.012,26494618.0,https://pubmed.ncbi.nlm.nih.gov/26494618/,Baverel+dooutcomesofoutpatientaclreconstructionvarywithgrafttype?+2015,dooutcomesofoutpatientaclreconstructionvarywithgrafttype?+2015,"Do outcomes of outpatient ACL reconstruction vary with graft type? Background: Studies establishing the feasibility of anterior cruciate ligament (ACL) reconstruction as an outpatient procedure in France were usually conducted with hamstring tendon grafts. The objective of this study was to evaluate the outcomes of outpatient ACL reconstruction according to whether the graft was harvested from the hamstring tendons or patellar tendon. Hypothesis: Outpatient ACL reconstruction can be performed using any type of graft. Methods: A single-centre retrospective study was conducted in consecutive patients older than 16 years who had primary ACL reconstruction using patellar tendon or hamstring tendons, with or without lateral tenodesis. Patients who underwent other procedures on bones or peripheral ligaments and those with a previous history of ACL reconstruction were excluded. The primary evaluation criterion was the occurrence of complications within 45 days after surgery. Secondary evaluation criteria were the visual analogue scale (VAS) for pain during the first 3 postoperative days, patient satisfaction on day 3, and the IKDC and Lysholm clinical scores on day 45. Results: The analysis included 104 knees (one knee per patient). Hamstring tendons were used in 77(74%) knees and patellar tendon in 27(26%) knees. In the hamstring group, 2(2.6%) patients spent the first postoperative night in the hospital and 2 others were re-admitted. No hospitalisations were recorded in the patellar-tendon group. None of the patients required revision surgery within 45 days of the reconstruction procedure. None of the postoperative criteria studied showed statistically significant differences between the two groups. Discussion: ACL reconstruction can be performed on an outpatient basis using any type of graft. The main determinants of successful outpatient ACL reconstruction are a standardised clinical management strategy and an appropriate anaesthesia protocol. (C) 2015 Elsevier Masson SAS. All rights reserved."
545,1011,122,Andernord (2014),BPTB,"Andernord D, BjÃ¶rnsson H, Petzold M, Eriksson BI, Forssblad M, Karlsson J, Samuelsson K",Andernord,"Surgical Predictors of Early Revision Surgery After Anterior Cruciate Ligament Reconstruction Results From the Swedish National Knee Ligament Register on 13,102 Patients",surgicalpredictorsofearlyrevisionsurgeryafteranteriorcruciat,"Background: An important objective of anterior cruciate ligament (ACL) registries is to detect and report early graft failure and revision surgery after ACL reconstruction. Purpose: To investigate surgical variables and identify predictors of revision surgery after ACL reconstruction. Study Design: Prospective cohort study; Level of evidence, 2. Methods: This prospective cohort study was based on data from the Swedish National Knee Ligament Register during the years 2005 through 2011. Eight surgical variables were investigated: graft selection, graft width, single-bundle or double-bundle techniques, femoral graft fixation, tibial graft fixation, injury-to-surgery interval, injuries to menisci, and injuries to cartilage. The primary endpoint was the 2-year incidence of revision surgery. Relative risks (RRs) and 95% confidence intervals (CIs) were calculated and adjusted for confounders by use of multivariate statistics. Results: A total of 13,102 patients were included (5541 women [42%] and 7561 men [58%]; P < .001). Hamstring tendon autografts accounted for 90% (11,764 patients) of all reconstructions, of which 96% were performed with a single-bundle technique (11,339 patients). Patellar tendon autografts accounted for the remaining 10% (1338 patients). At index reconstruction, observed injuries to menisci and cartilage were common (40% and 28%, respectively). The overall 2-year incidence of revision surgery was 1.60% (women, 1.57%; men, 1.63%; P = .854). Patients with metal interference screw fixation of a semitendinosus tendon autograft on the tibia had a significantly reduced risk of early revision surgery (RR = 0.32; 95% CI, 0.12-0.90; P = .031). Conclusion: Metal interference screw fixation of a semitendinosus tendon autograft on the tibia was an independent predictor of significantly lower 2-year incidence of revision surgery. Graft selection, graft width, a single-bundle or a double-bundle technique, femoral graft fixation, the injury-to-surgery interval, and meniscus injury were not predictors of early revision surgery.",2014,English,AM J SPORT MED,wos,10.1177/0363546514531396,https://doi.org/10.1177/0363546514531396,24778266.0,https://pubmed.ncbi.nlm.nih.gov/24778266/,Andernord+surgicalpredictorsofearlyrevisionsurgeryafteranteriorcruciat+2014,surgicalpredictorsofearlyrevisionsurgeryafteranteriorcruciat+2014,"Surgical Predictors of Early Revision Surgery After Anterior Cruciate Ligament Reconstruction Results From the Swedish National Knee Ligament Register on 13,102 Patients Background: An important objective of anterior cruciate ligament (ACL) registries is to detect and report early graft failure and revision surgery after ACL reconstruction. Purpose: To investigate surgical variables and identify predictors of revision surgery after ACL reconstruction. Study Design: Prospective cohort study; Level of evidence, 2. Methods: This prospective cohort study was based on data from the Swedish National Knee Ligament Register during the years 2005 through 2011. Eight surgical variables were investigated: graft selection, graft width, single-bundle or double-bundle techniques, femoral graft fixation, tibial graft fixation, injury-to-surgery interval, injuries to menisci, and injuries to cartilage. The primary endpoint was the 2-year incidence of revision surgery. Relative risks (RRs) and 95% confidence intervals (CIs) were calculated and adjusted for confounders by use of multivariate statistics. Results: A total of 13,102 patients were included (5541 women [42%] and 7561 men [58%]; P < .001). Hamstring tendon autografts accounted for 90% (11,764 patients) of all reconstructions, of which 96% were performed with a single-bundle technique (11,339 patients). Patellar tendon autografts accounted for the remaining 10% (1338 patients). At index reconstruction, observed injuries to menisci and cartilage were common (40% and 28%, respectively). The overall 2-year incidence of revision surgery was 1.60% (women, 1.57%; men, 1.63%; P = .854). Patients with metal interference screw fixation of a semitendinosus tendon autograft on the tibia had a significantly reduced risk of early revision surgery (RR = 0.32; 95% CI, 0.12-0.90; P = .031). Conclusion: Metal interference screw fixation of a semitendinosus tendon autograft on the tibia was an independent predictor of significantly lower 2-year incidence of revision surgery. Graft selection, graft width, a single-bundle or a double-bundle technique, femoral graft fixation, the injury-to-surgery interval, and meniscus injury were not predictors of early revision surgery."
546,1019,130,Moraes (2013),BPTB,"Moraes VY, Lenza M, Tamaoki MJ, Faloppa F, Belloti JC",Moraes,Platelet-rich therapies for musculoskeletal soft tissue injuries,plateletrichtherapiesformusculoskeletalsofttissueinjuries,"Background Platelet-rich therapies are being used increasingly in the treatment of musculoskeletal soft tissue injuries such as ligament, muscle and tendon tears and tendinopathies. These therapies can be used as the principal treatment or as an augmentation procedure (application after surgical repair or reconstruction). Platelet-rich therapies are produced by centrifuging a quantity of the patient's own blood and extracting the active, platelet-rich, fraction. The platelet-rich fraction is applied to the injured tissue; for example, by injection. Platelets have the ability to produce several growth factors, so these therapies should enhance tissue healing. There is a need to assess whether this translates into clinical benefit. Objectives To assess the effects (benefits and harms) of platelet-rich therapies for treating musculoskeletal soft tissue injuries. Search methods We searched the Cochrane Bone, Joint and Muscle Trauma Group Specialised Register (25 March 2013), the Cochrane Central Register of Controlled Trials (CENTRAL 2013 Issue 2), MEDLINE (1946 to March 2013), EMBASE (1980 to 2013 Week 12) and LILACS (1982 to March 2012). We also searched trial registers (to Week 2 2013) and conference abstracts (2005 to March 2012). No language or publication restrictions were applied. Selection criteria We included randomised and quasi-randomised controlled trials that compared platelet-rich therapy with either placebo, autologous whole blood, dry needling or no platelet-rich therapy for people with acute or chronic musculoskeletal soft tissue injuries. Primary outcomes were functional status, pain and adverse effects. Data collection and analysis Two review authors independently extracted data and assessed each study's risk of bias. Disagreement was resolved by discussion or by arbitration by a third author. We contacted trial authors for clarification of methods or missing data. Treatment effects were assessed using risk ratios for dichotomous data and mean differences (MD) or standardised mean differences (SMD) for continuous data, together with 95% confidence intervals. Where appropriate, data were pooled using the fixed-effect model for RR and MD, and the random-effects model for SMD. The quality of the evidence for each outcome was assessed using GRADE criteria. Main results We included data from 19 small single centre trials (17 randomised and two quasi-randomised; 1088 participants) that compared platelet-rich therapy with placebo, autologous whole blood, dry needling or no platelet-rich therapy. These trials covered eight clinical conditions: rotator cuff tears (arthroscopic repair) (six trials); shoulder impingement syndrome surgery (one trial); elbow epicondylitis (three trials); anterior cruciate ligament (ACL) reconstruction (four trials), ACL reconstruction (donor graft site application) (two trials), patellar tendinopathy (one trial), Achilles tendinopathy (one trial) and acute Achilles rupture surgical repair (one trial). We also grouped trials into 'tendinopathies' where platelet-rich therapy (PRT) injections were the main treatment (five trials), and surgical augmentation procedures where PRT was applied during surgery (14 trials). Trial participants were mainly male, except in trials including rotator cuff tears, and elbow and Achilles tendinopathies. Three trials were judged as being at low risk of bias; the other 16 were at high or unclear risk of bias relating to selection, detection, attrition or selective reporting, or combinations of these. The methods of preparing platelet-rich plasma (PRP) varied and lacked standardisation and quantification of the PRP applied to the patient. We were able to pool data for our primary outcomes (function, pain, adverse events) for a maximum of 11 trials and 45% of participants. The evidence for all primary outcomes was judged as being of very low quality. Data assessing function in the short term(up to three months) were pooled from five trials that assessed PRT in three clinical conditions and used four different measures. These showed no significant difference between PRT and control (SMD 0.24; 95% confidence interval (CI) -0.07 to 0.56; P value 0.13; I2 = 35%; 273 participants; positive values favour PRT). Medium-term function data (at six months) were pooled from six trials that assessed PRT in five clinical conditions and used six different measures. These also showed no difference between groups (SMD 0.06; 95% CI -0.39 to 0.51; P value 0.79; I2 = 64%; 262 participants). Long-term function data (at one year) were pooled from 10 trials that assessed PRT in five clinical conditions and used six different measures. These also showed no difference between groups (SMD 0.25, 95% CI -0.07 to 0.57; P value 0.12; I2 = 66%; 484 participants). Although the 95% confidence intervals indicate the possibility of a slightly poorer outcome in the PRT group up to a moderate difference in favour of PRT at short- and long-term follow-up, these do not translate into clinically relevant differences. Data pooled from four trials that assessed PRT in three clinical conditions showed a small reduction in short-term pain in favour of PRT on a 10-point scale (MD -0.95, 95% CI -1.41 to -0.48; I2 = 0%; 175 participants). The clinical significance of this result is marginal. Four trials reported adverse events; another seven trials reported an absence of adverse events. There was no difference between treatment groups in the numbers of participants with adverse effects (7/241 versus 5/245; RR 1.31, 95% CI 0.48 to 3.59; I2 = 0%; 486 participants). In terms of individual conditions, we pooled heterogeneous data for long-term function from six trials of PRT application during rotator cuff tear surgery. This showed no statistically or clinically significant differences between the two groups (324 participants). Pooled data for short-term function for three elbow epicondylitis trials (179 participants) showed a statistically significant difference in favour of PRT, but the clinical significance of this finding is uncertain. The available evidence is insufficient to indicate whether the effects of PRT will differ importantly in individual clinical conditions. Authors' conclusions Overall, and for the individual clinical conditions, there is currently insufficient evidence to support the use of PRT for treating musculoskeletal soft tissue injuries. Researchers contemplating RCTs should consider the coverage of currently ongoing trials when assessing the need for future RCTs on specific conditions. There is need for standardisation of PRP preparation methods.",2013,English,COCHRANE DB SYST REV,wos,10.1002/14651858.CD010071.pub2,https://doi.org/10.1002/14651858.CD010071.pub2,24363098.0,https://pubmed.ncbi.nlm.nih.gov/24363098/,Moraes+plateletrichtherapiesformusculoskeletalsofttissueinjuries+2013,plateletrichtherapiesformusculoskeletalsofttissueinjuries+2013,"Platelet-rich therapies for musculoskeletal soft tissue injuries Background Platelet-rich therapies are being used increasingly in the treatment of musculoskeletal soft tissue injuries such as ligament, muscle and tendon tears and tendinopathies. These therapies can be used as the principal treatment or as an augmentation procedure (application after surgical repair or reconstruction). Platelet-rich therapies are produced by centrifuging a quantity of the patient's own blood and extracting the active, platelet-rich, fraction. The platelet-rich fraction is applied to the injured tissue; for example, by injection. Platelets have the ability to produce several growth factors, so these therapies should enhance tissue healing. There is a need to assess whether this translates into clinical benefit. Objectives To assess the effects (benefits and harms) of platelet-rich therapies for treating musculoskeletal soft tissue injuries. Search methods We searched the Cochrane Bone, Joint and Muscle Trauma Group Specialised Register (25 March 2013), the Cochrane Central Register of Controlled Trials (CENTRAL 2013 Issue 2), MEDLINE (1946 to March 2013), EMBASE (1980 to 2013 Week 12) and LILACS (1982 to March 2012). We also searched trial registers (to Week 2 2013) and conference abstracts (2005 to March 2012). No language or publication restrictions were applied. Selection criteria We included randomised and quasi-randomised controlled trials that compared platelet-rich therapy with either placebo, autologous whole blood, dry needling or no platelet-rich therapy for people with acute or chronic musculoskeletal soft tissue injuries. Primary outcomes were functional status, pain and adverse effects. Data collection and analysis Two review authors independently extracted data and assessed each study's risk of bias. Disagreement was resolved by discussion or by arbitration by a third author. We contacted trial authors for clarification of methods or missing data. Treatment effects were assessed using risk ratios for dichotomous data and mean differences (MD) or standardised mean differences (SMD) for continuous data, together with 95% confidence intervals. Where appropriate, data were pooled using the fixed-effect model for RR and MD, and the random-effects model for SMD. The quality of the evidence for each outcome was assessed using GRADE criteria. Main results We included data from 19 small single centre trials (17 randomised and two quasi-randomised; 1088 participants) that compared platelet-rich therapy with placebo, autologous whole blood, dry needling or no platelet-rich therapy. These trials covered eight clinical conditions: rotator cuff tears (arthroscopic repair) (six trials); shoulder impingement syndrome surgery (one trial); elbow epicondylitis (three trials); anterior cruciate ligament (ACL) reconstruction (four trials), ACL reconstruction (donor graft site application) (two trials), patellar tendinopathy (one trial), Achilles tendinopathy (one trial) and acute Achilles rupture surgical repair (one trial). We also grouped trials into 'tendinopathies' where platelet-rich therapy (PRT) injections were the main treatment (five trials), and surgical augmentation procedures where PRT was applied during surgery (14 trials). Trial participants were mainly male, except in trials including rotator cuff tears, and elbow and Achilles tendinopathies. Three trials were judged as being at low risk of bias; the other 16 were at high or unclear risk of bias relating to selection, detection, attrition or selective reporting, or combinations of these. The methods of preparing platelet-rich plasma (PRP) varied and lacked standardisation and quantification of the PRP applied to the patient. We were able to pool data for our primary outcomes (function, pain, adverse events) for a maximum of 11 trials and 45% of participants. The evidence for all primary outcomes was judged as being of very low quality. Data assessing function in the short term(up to three months) were pooled from five trials that assessed PRT in three clinical conditions and used four different measures. These showed no significant difference between PRT and control (SMD 0.24; 95% confidence interval (CI) -0.07 to 0.56; P value 0.13; I2 = 35%; 273 participants; positive values favour PRT). Medium-term function data (at six months) were pooled from six trials that assessed PRT in five clinical conditions and used six different measures. These also showed no difference between groups (SMD 0.06; 95% CI -0.39 to 0.51; P value 0.79; I2 = 64%; 262 participants). Long-term function data (at one year) were pooled from 10 trials that assessed PRT in five clinical conditions and used six different measures. These also showed no difference between groups (SMD 0.25, 95% CI -0.07 to 0.57; P value 0.12; I2 = 66%; 484 participants). Although the 95% confidence intervals indicate the possibility of a slightly poorer outcome in the PRT group up to a moderate difference in favour of PRT at short- and long-term follow-up, these do not translate into clinically relevant differences. Data pooled from four trials that assessed PRT in three clinical conditions showed a small reduction in short-term pain in favour of PRT on a 10-point scale (MD -0.95, 95% CI -1.41 to -0.48; I2 = 0%; 175 participants). The clinical significance of this result is marginal. Four trials reported adverse events; another seven trials reported an absence of adverse events. There was no difference between treatment groups in the numbers of participants with adverse effects (7/241 versus 5/245; RR 1.31, 95% CI 0.48 to 3.59; I2 = 0%; 486 participants). In terms of individual conditions, we pooled heterogeneous data for long-term function from six trials of PRT application during rotator cuff tear surgery. This showed no statistically or clinically significant differences between the two groups (324 participants). Pooled data for short-term function for three elbow epicondylitis trials (179 participants) showed a statistically significant difference in favour of PRT, but the clinical significance of this finding is uncertain. The available evidence is insufficient to indicate whether the effects of PRT will differ importantly in individual clinical conditions. Authors' conclusions Overall, and for the individual clinical conditions, there is currently insufficient evidence to support the use of PRT for treating musculoskeletal soft tissue injuries. Researchers contemplating RCTs should consider the coverage of currently ongoing trials when assessing the need for future RCTs on specific conditions. There is need for standardisation of PRP preparation methods."
549,1029,140,Li (2011),BPTB,"Li SZ, Su W, Zhao JM, Xu YL, Bo ZD, Ding XF, Wei QJ",Li,A meta-analysis of hamstring autografts versus bone-patellar tendon-bone autografts for reconstruction of the anterior cruciate ligament,ametaanalysisofhamstringautograftsversusbonepatellartendonbo,"The objective of this study was to evaluate the effectiveness of hamstring (HT) autografts versus bone-patellar tendon-bone (BPTB) autografts for reconstruction of the anterior cruciate ligament (ACL). We searched the Cochrane Library, MEDLINE, EMBASE and the Chinese Biomedicine Database (CBM) for published randomised clinical trials (RCTs) relevant to ACL reconstruction comparing HT and BPTB autografts. Data analyses were performed with Cochrane Collaboration's RevMan 5.0. A total of 23 reports of 19 randomised controlled trials (RCTs) (1643 patients) met the inclusion criteria. Outcomes favouring BPTB autografts were found in terms of KT-1000 arithmometer values, negative rates of Lachman tests and negative rates of Pivot tests. Outcome measures that favoured HT autografts included anterior knee pain, kneeling pain and extension loss. There was no statistical difference of postoperative graft failure. Overall, postoperative complications of the knee joint were lower for HT autografts than for BPTB autografts, and BPTB autografts were superior to HT autografts in resuming stability of the knee joint, but four-strand HT combined with application of the modern endobutton HT graft-fixation technique could increase knee-joint stability. (C) 2010 Elsevier By. All rights reserved.",2011,English,KNEE,wos,10.1016/j.knee.2010.08.002,https://doi.org/10.1016/j.knee.2010.08.002,20850327.0,https://pubmed.ncbi.nlm.nih.gov/20850327/,Li+ametaanalysisofhamstringautograftsversusbonepatellartendonbo+2011,ametaanalysisofhamstringautograftsversusbonepatellartendonbo+2011,"A meta-analysis of hamstring autografts versus bone-patellar tendon-bone autografts for reconstruction of the anterior cruciate ligament The objective of this study was to evaluate the effectiveness of hamstring (HT) autografts versus bone-patellar tendon-bone (BPTB) autografts for reconstruction of the anterior cruciate ligament (ACL). We searched the Cochrane Library, MEDLINE, EMBASE and the Chinese Biomedicine Database (CBM) for published randomised clinical trials (RCTs) relevant to ACL reconstruction comparing HT and BPTB autografts. Data analyses were performed with Cochrane Collaboration's RevMan 5.0. A total of 23 reports of 19 randomised controlled trials (RCTs) (1643 patients) met the inclusion criteria. Outcomes favouring BPTB autografts were found in terms of KT-1000 arithmometer values, negative rates of Lachman tests and negative rates of Pivot tests. Outcome measures that favoured HT autografts included anterior knee pain, kneeling pain and extension loss. There was no statistical difference of postoperative graft failure. Overall, postoperative complications of the knee joint were lower for HT autografts than for BPTB autografts, and BPTB autografts were superior to HT autografts in resuming stability of the knee joint, but four-strand HT combined with application of the modern endobutton HT graft-fixation technique could increase knee-joint stability. (C) 2010 Elsevier By. All rights reserved."
550,1031,142,Leal-Blanquet (2011),BPTB,"Leal-Blanquet J, Alentorn-Geli E, Tuneu J, ValentÃ­ JR, Maestro A",Leal-Blanquet,Anterior Cruciate Ligament Reconstruction: A Multicenter Prospective Cohort Study Evaluating 3 Different Grafts Using Same Bone Drilling Method,anteriorcruciateligamentreconstruction:amulticenterprospecti,"Objective: To compare the clinical outcomes after anterior cruciate ligament (ACL) reconstruction with bone-patellar tendon-bone autograft (BPTBAu), BPTB allograft (BPTBAll), or hamstring (semitendinosusgracilis) tendon autograft (HTAu), performing bone drilling with same methods in terms of transtibial drilling, orientation, positioning, and width of femoral and tibial tunnels. Design: Multicenter prospective cohort study (level of evidence II). Setting: Departments of Orthopedic Surgery of Centro Medico Teknon (Barcelona, Spain) Clinica Universitaria de Navarra (Navarra, Spain), and Clinica FREMAP (Gijon, Spain). Patients: All patients with ACL tears attending 3 different institutions between January 2004 and June 2006 were approached for eligibility and those meeting inclusion criteria finally participated in this study. Intervention: Each institution was assigned to perform a specific surgical technique. Patients were prospectively followed after undergoing ACL reconstruction with BPTBAu, BPTBAll, or HTAu, with a minimum follow-up of 24 months. Main Outcome Measures: Included knee laxity and International Knee Documentation Committee (IKDC) score. Knee laxity was assessed with the KT-1000 arthrometer (evaluated with neutral and external rotation positions) and both Lachman and pivot shift tests. Additional outcomes included main symptoms (anterior knee pain, swelling, crepitation, and instability), disturbance in knee sensation, visual analogue scale (VAS) for satisfaction with surgery, range of motion (ROM), and isokinetic knee strength. Results: There were no significant differences among the 3 groups for any of the clinical outcomes, except for a slightly greater KT-1000-measured knee laxity in external rotation in the BPTBAu compared with the other groups. All patients demonstrated grade A or B of the IKDC. The mean VAS for satisfaction with surgery in all patients was 8.5. Conclusions: The selection of the surgical technique for ACL reconstruction may be based on the surgeon's preferences.",2011,English,CLIN J SPORT MED,wos,10.1097/JSM.0b013e31822153cb,https://doi.org/10.1097/JSM.0b013e31822153cb,21694588.0,https://pubmed.ncbi.nlm.nih.gov/21694588/,Leal-Blanquet+anteriorcruciateligamentreconstruction:amulticenterprospecti+2011,anteriorcruciateligamentreconstruction:amulticenterprospecti+2011,"Anterior Cruciate Ligament Reconstruction: A Multicenter Prospective Cohort Study Evaluating 3 Different Grafts Using Same Bone Drilling Method Objective: To compare the clinical outcomes after anterior cruciate ligament (ACL) reconstruction with bone-patellar tendon-bone autograft (BPTBAu), BPTB allograft (BPTBAll), or hamstring (semitendinosusgracilis) tendon autograft (HTAu), performing bone drilling with same methods in terms of transtibial drilling, orientation, positioning, and width of femoral and tibial tunnels. Design: Multicenter prospective cohort study (level of evidence II). Setting: Departments of Orthopedic Surgery of Centro Medico Teknon (Barcelona, Spain) Clinica Universitaria de Navarra (Navarra, Spain), and Clinica FREMAP (Gijon, Spain). Patients: All patients with ACL tears attending 3 different institutions between January 2004 and June 2006 were approached for eligibility and those meeting inclusion criteria finally participated in this study. Intervention: Each institution was assigned to perform a specific surgical technique. Patients were prospectively followed after undergoing ACL reconstruction with BPTBAu, BPTBAll, or HTAu, with a minimum follow-up of 24 months. Main Outcome Measures: Included knee laxity and International Knee Documentation Committee (IKDC) score. Knee laxity was assessed with the KT-1000 arthrometer (evaluated with neutral and external rotation positions) and both Lachman and pivot shift tests. Additional outcomes included main symptoms (anterior knee pain, swelling, crepitation, and instability), disturbance in knee sensation, visual analogue scale (VAS) for satisfaction with surgery, range of motion (ROM), and isokinetic knee strength. Results: There were no significant differences among the 3 groups for any of the clinical outcomes, except for a slightly greater KT-1000-measured knee laxity in external rotation in the BPTBAu compared with the other groups. All patients demonstrated grade A or B of the IKDC. The mean VAS for satisfaction with surgery in all patients was 8.5. Conclusions: The selection of the surgical technique for ACL reconstruction may be based on the surgeon's preferences."
559,1051,162,Clifton (2007),BPTB,"Clifton R, Haleern S, Mckee A, Parker MJ",Clifton,Closed suction surgical wound drainage after anterior cruciate ligament reconstruction: A systematic review of randomised controlled trials,closedsuctionsurgicalwounddrainageafteranteriorcruciateligam,"There is still debate over the use of drains following anterior cruciate ligament reconstruction surgery. We have performed a systematic review of the literature for randomised trials that related to the use of closed suction drains following anterior cruciate ligament reconstruction surgery. Five studies involving 349 patients were identified. There was no significant difference in the occurrence of wound heating complications, infections or the number of aspirations for haemarthrosis. There was also no difference in post-operative range of movement, functional score or incidence of limb swelling. The difference in pain scores varied between authors with some reporting increased pain in the drained group. All other outcomes reported failed to show any benefit for the use of drains. The authors recommend not using a drain following anterior cruciate ligament reconstruction with either Bone-Patellar Tendon-Bone or Quadrupled Hamstring graft. (C) 2007 Elsevier B.V. All rights reserved.",2007,English,KNEE,wos,10.1016/j.knee.2007.07.003,https://doi.org/10.1016/j.knee.2007.07.003,17669660.0,https://pubmed.ncbi.nlm.nih.gov/17669660/,Clifton+closedsuctionsurgicalwounddrainageafteranteriorcruciateligam+2007,closedsuctionsurgicalwounddrainageafteranteriorcruciateligam+2007,"Closed suction surgical wound drainage after anterior cruciate ligament reconstruction: A systematic review of randomised controlled trials There is still debate over the use of drains following anterior cruciate ligament reconstruction surgery. We have performed a systematic review of the literature for randomised trials that related to the use of closed suction drains following anterior cruciate ligament reconstruction surgery. Five studies involving 349 patients were identified. There was no significant difference in the occurrence of wound heating complications, infections or the number of aspirations for haemarthrosis. There was also no difference in post-operative range of movement, functional score or incidence of limb swelling. The difference in pain scores varied between authors with some reporting increased pain in the drained group. All other outcomes reported failed to show any benefit for the use of drains. The authors recommend not using a drain following anterior cruciate ligament reconstruction with either Bone-Patellar Tendon-Bone or Quadrupled Hamstring graft. (C) 2007 Elsevier B.V. All rights reserved."
560,1060,171,Biau (2006),BPTB,"Biau DJ, Tournoux C, Katsahian S, Schranz PJ, Nizard RS",Biau,Bone-patellar tendon-bone autografts versus hamstring autografts for reconstruction of anterior cruciate ligament: meta-analysis,bonepatellartendonboneautograftsversushamstringautograftsfor,"Objectives To compare bone-patellar tendon-bone autografts with hamstring autografts for reconstruction of the anterior cruciate ligament. Data sources Medline, WebSPIRS, Science Citation Index. Current Contents databases, and Cochrane Central Register of Controlled Trials. Review methods All randomised controlled trials reporting one or more outcome related to stability (instrumented measurement of knee laxity, Lachman test, or pivot shift test) and Morbidity (anterior knee pain, kneeling test, loss of extension, or graft. failure). Study quality was assessed by using a 5 point scale. Random effect models were used to pool the data. Heterogeneity in the effect of treatment was tested on the basis of study quality, randomisation status, and number of tendon strands used. Results 24 trials of 18 cohorts (1512 patients) met the inclusion criteria. study quality was poor for nine studies and Fair for nine studies. The weighted mean difference of die instrumented measurement of knee laxity was 0.36 (95% confidence interval 0.01 to 0.71 P=0.04). Relative risk of a positive Lachman test was 1.22 (1.01 to 1.47; P= 0.04), of anterior knee pain 0.57 (0.44 to 0.74; P < 0.0001), of a positive kneeling test 0.26 (0.14 to 0.48; P < 0.0001), and of loss of extension 0.52 (0.34 to 0.80; P = 0.003). Other results were not significant. Conclusion Morbidity was lower for hamstring autografts than for patellar tendon autografts. Evidence that patellar tendon autografts offer better stability was weak. The poor quality of the studies calls into question the robustness of the analyses.",2006,English,BRIT MED J,wos,10.1136/bmj.38784.384109.2F,https://doi.org/10.1136/bmj.38784.384109.2F,16603564.0,https://pubmed.ncbi.nlm.nih.gov/16603564/,Biau+bonepatellartendonboneautograftsversushamstringautograftsfor+2006,bonepatellartendonboneautograftsversushamstringautograftsfor+2006,"Bone-patellar tendon-bone autografts versus hamstring autografts for reconstruction of anterior cruciate ligament: meta-analysis Objectives To compare bone-patellar tendon-bone autografts with hamstring autografts for reconstruction of the anterior cruciate ligament. Data sources Medline, WebSPIRS, Science Citation Index. Current Contents databases, and Cochrane Central Register of Controlled Trials. Review methods All randomised controlled trials reporting one or more outcome related to stability (instrumented measurement of knee laxity, Lachman test, or pivot shift test) and Morbidity (anterior knee pain, kneeling test, loss of extension, or graft. failure). Study quality was assessed by using a 5 point scale. Random effect models were used to pool the data. Heterogeneity in the effect of treatment was tested on the basis of study quality, randomisation status, and number of tendon strands used. Results 24 trials of 18 cohorts (1512 patients) met the inclusion criteria. study quality was poor for nine studies and Fair for nine studies. The weighted mean difference of die instrumented measurement of knee laxity was 0.36 (95% confidence interval 0.01 to 0.71 P=0.04). Relative risk of a positive Lachman test was 1.22 (1.01 to 1.47; P= 0.04), of anterior knee pain 0.57 (0.44 to 0.74; P < 0.0001), of a positive kneeling test 0.26 (0.14 to 0.48; P < 0.0001), and of loss of extension 0.52 (0.34 to 0.80; P = 0.003). Other results were not significant. Conclusion Morbidity was lower for hamstring autografts than for patellar tendon autografts. Evidence that patellar tendon autografts offer better stability was weak. The poor quality of the studies calls into question the robustness of the analyses."
561,1066,177,Herrington (2005),BPTB,"Herrington L, Wrapson C, Matthews M, Matthews H",Herrington,"Anterior Cruciate Ligament reconstruction, hamstring versus bone-patella tendon-bone grafts: a systematic literature review of outcome from surgery",anteriorcruciateligamentreconstructionhamstringversusbonepat,"The Anterior Cruciate Ligament (ACL) is regarded as critical to the normal functioning of the knee, its disruption causing functional impairment. In recent years central third of the patellar tendon (PT) and combined Semitendinosis and gracilis tendons (FIT) have become the most frequently used graft types for anterior cruciate knee ligament reconstruction. For the past two decades, the gold standard in ACL reconstructions has been the PT, but increasingly the FIT graft has been used. This shift in popularity has occurred for several reasons, including concerns about damaging the knee extensor apparatus using the PT procedure, but potential complications also exist with FIT techniques. Despite the vast amount of literature on ACL reconstruction and its outcome, there are very few controlled randomised studies directly comparing the two most commonly used tissue grafts. This review aimed to examine the data available from randomised trials, in order to combine and evaluate the best available evidence for choice between these two popular tissue grafts for use in ACL reconstruction. A literature search revealed 13 studies, which met the inclusion criteria of the review. The results of the 13 studies included in this review suggest that there is no significant evidence to indicate that one graft is superior. Both the PT and HT grafts appear to improve patients' performance, and therefore both would be good choices for ACL reconstruction. (C) 2004 Elsevier B.V. All rights reserved.",2005,English,KNEE,wos,10.1016/j.knee.2004.02.003,https://doi.org/10.1016/j.knee.2004.02.003,15664877.0,https://pubmed.ncbi.nlm.nih.gov/15664877/,Herrington+anteriorcruciateligamentreconstructionhamstringversusbonepat+2005,anteriorcruciateligamentreconstructionhamstringversusbonepat+2005,"Anterior Cruciate Ligament reconstruction, hamstring versus bone-patella tendon-bone grafts: a systematic literature review of outcome from surgery The Anterior Cruciate Ligament (ACL) is regarded as critical to the normal functioning of the knee, its disruption causing functional impairment. In recent years central third of the patellar tendon (PT) and combined Semitendinosis and gracilis tendons (FIT) have become the most frequently used graft types for anterior cruciate knee ligament reconstruction. For the past two decades, the gold standard in ACL reconstructions has been the PT, but increasingly the FIT graft has been used. This shift in popularity has occurred for several reasons, including concerns about damaging the knee extensor apparatus using the PT procedure, but potential complications also exist with FIT techniques. Despite the vast amount of literature on ACL reconstruction and its outcome, there are very few controlled randomised studies directly comparing the two most commonly used tissue grafts. This review aimed to examine the data available from randomised trials, in order to combine and evaluate the best available evidence for choice between these two popular tissue grafts for use in ACL reconstruction. A literature search revealed 13 studies, which met the inclusion criteria of the review. The results of the 13 studies included in this review suggest that there is no significant evidence to indicate that one graft is superior. Both the PT and HT grafts appear to improve patients' performance, and therefore both would be good choices for ACL reconstruction. (C) 2004 Elsevier B.V. All rights reserved."
563,1068,179,Kapoor (2004),BPTB,"Kapoor B, Clement DJ, Kirkley A, Maffulli N",Kapoor,Current practice in the management of anterior cruciate ligament injuries in the United Kingdom,currentpracticeinthemanagementofanteriorcruciateligamentinju,"Objective: To outline the current practice in the management of anterior cruciate ligament (ACL) injuries in the United Kingdom. Methods: A postal questionnaire designed to include various clinical scenarios was sent out to the 321 orthopaedic surgeons in the United Kingdom who, being affiliated to one of the specialist societies of the British Orthopaedic Association, namely the British Association for Surgery of the Knee ( BASK) or the British Orthopaedic Sports Trauma Association (BOSTA), have a manifested interest in treating such injuries. Results: The response rate was 60% (192/321). Most surgeons diagnose and operate on less than 50 ACL injuries a year. The following results were obtained: 58% (76/132) use bone-patellar tendon-bone autografts, whereas 33% (44/132) use semitendinosis/gracilis autografts; 84% (108/129) would not incorporate the ACL remnant in the reconstruction; 14% (19/135) would perform an ACL reconstruction in an 8 year child with an acute rupture; 30% (42/141) would perform an ACL reconstruction in a 14 year old with an acute ACL rupture. Conclusions: There is wide variation in the management of acute and chronic ACL injuries among orthopaedic surgeons in the British Isles. Future research and randomised controlled trials should address the issues that this investigation has raised.",2004,English,BRIT J SPORT MED,wos,10.1136/bjsm.2002.002568,https://doi.org/10.1136/bjsm.2002.002568,15388535.0,https://pubmed.ncbi.nlm.nih.gov/15388535/,Kapoor+currentpracticeinthemanagementofanteriorcruciateligamentinju+2004,currentpracticeinthemanagementofanteriorcruciateligamentinju+2004,"Current practice in the management of anterior cruciate ligament injuries in the United Kingdom Objective: To outline the current practice in the management of anterior cruciate ligament (ACL) injuries in the United Kingdom. Methods: A postal questionnaire designed to include various clinical scenarios was sent out to the 321 orthopaedic surgeons in the United Kingdom who, being affiliated to one of the specialist societies of the British Orthopaedic Association, namely the British Association for Surgery of the Knee ( BASK) or the British Orthopaedic Sports Trauma Association (BOSTA), have a manifested interest in treating such injuries. Results: The response rate was 60% (192/321). Most surgeons diagnose and operate on less than 50 ACL injuries a year. The following results were obtained: 58% (76/132) use bone-patellar tendon-bone autografts, whereas 33% (44/132) use semitendinosis/gracilis autografts; 84% (108/129) would not incorporate the ACL remnant in the reconstruction; 14% (19/135) would perform an ACL reconstruction in an 8 year child with an acute rupture; 30% (42/141) would perform an ACL reconstruction in a 14 year old with an acute ACL rupture. Conclusions: There is wide variation in the management of acute and chronic ACL injuries among orthopaedic surgeons in the British Isles. Future research and randomised controlled trials should address the issues that this investigation has raised."
566,1160,271,Park (2024),HT,"Park JY, Fernandes A, Park SY, Lim H, Sayudo IF, Leibovitch L, Machinski E, Ha J",Park,Comparative effectiveness of peroneus longus tendon (PLT) autografts versus hamstring tendon (HT) autografts in anterior cruciate ligament reconstruction: a comprehensive systematic review and meta analysis,comparativeeffectivenessofperoneuslongustendon(plt)autograft,"The hamstring tendon (HT) autograft is currently the most widely utilised autograft option for anterior cruciate ligament (ACL) reconstruction. However, recent studies endorse the peroneus longus tendon (PLT) autograft as a viable alternative. To evaluate this, we systematically reviewed randomised controlled trials (RCTs) to compare the efficacy of PLT against HT autografts. Our search encompassed Cochrane, Embase, OVID, PubMed, and Scopus databases for RCTs comparing outcomes of PLT and HT autografts in ACL reconstruction. Primary outcomes included Lysholm and International Knee Documentation Committee (IKDC) scores, while secondary outcomes involved American Orthopaedic Foot and Ankle Society (AOFAS) scores, graft diameters and donor-site complications. Statistical analysis was performed using Review Manager 5.4 (Cochrane Collaboration) and heterogeneity was assessed with I2 statistics. 683 patients from 6 RCTs were included, with 338 (49.5%) patients treated with PLT autografts. Follow-up ranged from 12 to 30 months. Despite lower preoperative Lysholm scores in the PLT group, no significant differences were observed at 6 and 12 months. Although preoperative and 6-month IKDC scores were lower in the PLT group, no significant differences were found at 12 and 24 months. AOFAS scores showed no significant preoperative difference, but slightly lower scores were noted in the PLT group at 12 or 24 months. There was no significant difference in graft diameter, while donor-site complications were fewer in the PLT group. In summary, the PLT autograft is a promising and non-inferior alternative to the HT autograft, demonstrating equivalent outcomes in patient-reported knee and ankle metrics, comparable graft diameters and fewer donor-site complications.",2024,English,EUR J ORTHOP SURG TR,wos,10.1007/s00590-024-03984-w,https://doi.org/10.1007/s00590-024-03984-w,38755499.0,https://pubmed.ncbi.nlm.nih.gov/38755499/,Park+comparativeeffectivenessofperoneuslongustendon(plt)autograft+2024,comparativeeffectivenessofperoneuslongustendon(plt)autograft+2024,"Comparative effectiveness of peroneus longus tendon (PLT) autografts versus hamstring tendon (HT) autografts in anterior cruciate ligament reconstruction: a comprehensive systematic review and meta analysis The hamstring tendon (HT) autograft is currently the most widely utilised autograft option for anterior cruciate ligament (ACL) reconstruction. However, recent studies endorse the peroneus longus tendon (PLT) autograft as a viable alternative. To evaluate this, we systematically reviewed randomised controlled trials (RCTs) to compare the efficacy of PLT against HT autografts. Our search encompassed Cochrane, Embase, OVID, PubMed, and Scopus databases for RCTs comparing outcomes of PLT and HT autografts in ACL reconstruction. Primary outcomes included Lysholm and International Knee Documentation Committee (IKDC) scores, while secondary outcomes involved American Orthopaedic Foot and Ankle Society (AOFAS) scores, graft diameters and donor-site complications. Statistical analysis was performed using Review Manager 5.4 (Cochrane Collaboration) and heterogeneity was assessed with I2 statistics. 683 patients from 6 RCTs were included, with 338 (49.5%) patients treated with PLT autografts. Follow-up ranged from 12 to 30 months. Despite lower preoperative Lysholm scores in the PLT group, no significant differences were observed at 6 and 12 months. Although preoperative and 6-month IKDC scores were lower in the PLT group, no significant differences were found at 12 and 24 months. AOFAS scores showed no significant preoperative difference, but slightly lower scores were noted in the PLT group at 12 or 24 months. There was no significant difference in graft diameter, while donor-site complications were fewer in the PLT group. In summary, the PLT autograft is a promising and non-inferior alternative to the HT autograft, demonstrating equivalent outcomes in patient-reported knee and ankle metrics, comparable graft diameters and fewer donor-site complications."
567,1171,282,Elias (2025),HT,"Elias J, Kaplan M, Shah K, Bickford M, Mcnamara C, Ford E, Mcmillan S",Elias,4-Strand hamstring versus single-bundle quadriceps tendon grafts in anterior cruciate ligament reconstruction at 2 years: A systematic review and meta-analysis of randomised controlled trials,4strandhamstringversussinglebundlequadricepstendongraftsinan,"Purpose To compare the 2-year postoperative outcomes of hamstring tendon (HT) grafts to quadriceps tendon (QT) grafts in anterior cruciate ligament (ACL) reconstruction. We hypothesised no significant differences between the two methods. Methods A systematic review and meta-analysis were conducted following the 2020 PRISMA guidelines. Five online databases (Cochrane, Embase, PubMed, Scopus and Web of Science) were screened for prospective randomised controlled trials (RCT). IKDC, Lysholm, Tegner, side-to-side KT-1000 scores and ages were collected. Statistical analysis was conducted with SPSS v29. Between the two groups, a test of between-subgroup homogeneity p-value < 0.05 was used to assess statistical significance, while a Delta Cohen's d >= 0.8 was used to assess clinical significance. Results Five RCTs were included in the final analysis. The HT group included 87 patients, and the QT group included 93 patients. The mean ages for the HT and QT groups were 28.3 +/- 6.6 and 26.5 +/- 8.4 years, respectively. HTs yielded clinically higher IKDC scores (Delta Cohen's d = 2.27, p = 0.24), clinically lower side-to-side KT-1000 differences (Delta Cohen's d = 1.65, p = 0.08), and clinically and statistically higher Lysholm scores (Delta Cohen's d = 2.93, p = 0.00). However, QT yielded higher Tegner scores (Delta Cohen's d = 1.68, p = 0.00), whereas HT led to a moderate clinical reduction (Cohen's d = -0.55, p = 0.06, 95% CI [-1.11 to 0.02]). Conclusions Compared with the use of the QT graft, the HT graft for ACL reconstruction may result in greater knee function and stability, while QT ACL reconstruction may be associated with increased levels of postsurgical activity in terms of return to sports and work. Future long-term RCTs are needed to confirm our findings. Level of Evidence Level I.",2025,English,J EXP ORTHOP,wos,10.1002/jeo2.70244,https://doi.org/10.1002/jeo2.70244,40265044.0,https://pubmed.ncbi.nlm.nih.gov/40265044/,Elias+4strandhamstringversussinglebundlequadricepstendongraftsinan+2025,4strandhamstringversussinglebundlequadricepstendongraftsinan+2025,"4-Strand hamstring versus single-bundle quadriceps tendon grafts in anterior cruciate ligament reconstruction at 2 years: A systematic review and meta-analysis of randomised controlled trials Purpose To compare the 2-year postoperative outcomes of hamstring tendon (HT) grafts to quadriceps tendon (QT) grafts in anterior cruciate ligament (ACL) reconstruction. We hypothesised no significant differences between the two methods. Methods A systematic review and meta-analysis were conducted following the 2020 PRISMA guidelines. Five online databases (Cochrane, Embase, PubMed, Scopus and Web of Science) were screened for prospective randomised controlled trials (RCT). IKDC, Lysholm, Tegner, side-to-side KT-1000 scores and ages were collected. Statistical analysis was conducted with SPSS v29. Between the two groups, a test of between-subgroup homogeneity p-value < 0.05 was used to assess statistical significance, while a Delta Cohen's d >= 0.8 was used to assess clinical significance. Results Five RCTs were included in the final analysis. The HT group included 87 patients, and the QT group included 93 patients. The mean ages for the HT and QT groups were 28.3 +/- 6.6 and 26.5 +/- 8.4 years, respectively. HTs yielded clinically higher IKDC scores (Delta Cohen's d = 2.27, p = 0.24), clinically lower side-to-side KT-1000 differences (Delta Cohen's d = 1.65, p = 0.08), and clinically and statistically higher Lysholm scores (Delta Cohen's d = 2.93, p = 0.00). However, QT yielded higher Tegner scores (Delta Cohen's d = 1.68, p = 0.00), whereas HT led to a moderate clinical reduction (Cohen's d = -0.55, p = 0.06, 95% CI [-1.11 to 0.02]). Conclusions Compared with the use of the QT graft, the HT graft for ACL reconstruction may result in greater knee function and stability, while QT ACL reconstruction may be associated with increased levels of postsurgical activity in terms of return to sports and work. Future long-term RCTs are needed to confirm our findings. Level of Evidence Level I."
569,1198,309,Lind (2020),HT,"Lind M, Nielsen TG, Soerensen OG, Mygind-Klavsen B, Fauno P",Lind,Quadriceps tendon grafts does not cause patients to have inferior subjective outcome after anterior cruciate ligament (ACL) reconstruction than do hamstring grafts: a 2-year prospective randomised controlled trial,quadricepstendongraftsdoesnotcausepatientstohaveinferiorsubj,"Objective We performed a randomised controlled trial (RCT) in patients undergoing ACL reconstruction (ACLR) using either quadriceps tendon graft (QT) or semitendinosus/gracilis hamstring (STG) graft. We compared subjective outcome (primary outcome) and knee stability, donor site morbidity and function (secondary outcomes). Methods From 2013 to 2015, we included 99 adults with isolated ACL injuries in the RCT. Fifty patients were randomised to QT grafts and 49 to STG grafts and followed for 2 years. Patient evaluated outcomes were performed by subjective International Knee Documentation Committee, Knee Injury and Osteoarthritis Outcome Score, Kujala and Tegner activity scores. Knee laxity was measured with a KT-1000 arthrometer. Donor site morbidity was evaluated by the 'donor site-related functional problems following ACLR score'. One-leg hop test tested limp strength symmetry. Results At 2-year follow-up, there was no difference between the two graft groups regarding subjective patient outcome, knee stability and reoperations. Also, at 2 years, donor site symptoms were present in 27% of patients in the QT group and 50% of patients in the STG group. The donor site morbidity score was 14 and 22 for the QT and STG, respectively. Hop test demonstrated lower limp symmetry for QT graft than STG graft of 91% and 97% respectively. Conclusion QT graft for ACLR did not result in inferior subjective outcome compared with STG graft. However, QT graft was associated with lower donor site morbidity than STG grafts but resulted in more quadriceps muscle strength deficiency than hamstring grafts. Both graft types had similar knee stability outcome.",2020,English,BRIT J SPORT MED,wos,10.1136/bjsports-2019-101000,https://doi.org/10.1136/bjsports-2019-101000,31704697.0,https://pubmed.ncbi.nlm.nih.gov/31704697/,Lind+quadricepstendongraftsdoesnotcausepatientstohaveinferiorsubj+2020,quadricepstendongraftsdoesnotcausepatientstohaveinferiorsubj+2020,"Quadriceps tendon grafts does not cause patients to have inferior subjective outcome after anterior cruciate ligament (ACL) reconstruction than do hamstring grafts: a 2-year prospective randomised controlled trial Objective We performed a randomised controlled trial (RCT) in patients undergoing ACL reconstruction (ACLR) using either quadriceps tendon graft (QT) or semitendinosus/gracilis hamstring (STG) graft. We compared subjective outcome (primary outcome) and knee stability, donor site morbidity and function (secondary outcomes). Methods From 2013 to 2015, we included 99 adults with isolated ACL injuries in the RCT. Fifty patients were randomised to QT grafts and 49 to STG grafts and followed for 2 years. Patient evaluated outcomes were performed by subjective International Knee Documentation Committee, Knee Injury and Osteoarthritis Outcome Score, Kujala and Tegner activity scores. Knee laxity was measured with a KT-1000 arthrometer. Donor site morbidity was evaluated by the 'donor site-related functional problems following ACLR score'. One-leg hop test tested limp strength symmetry. Results At 2-year follow-up, there was no difference between the two graft groups regarding subjective patient outcome, knee stability and reoperations. Also, at 2 years, donor site symptoms were present in 27% of patients in the QT group and 50% of patients in the STG group. The donor site morbidity score was 14 and 22 for the QT and STG, respectively. Hop test demonstrated lower limp symmetry for QT graft than STG graft of 91% and 97% respectively. Conclusion QT graft for ACLR did not result in inferior subjective outcome compared with STG graft. However, QT graft was associated with lower donor site morbidity than STG grafts but resulted in more quadriceps muscle strength deficiency than hamstring grafts. Both graft types had similar knee stability outcome."
575,1241,352,Abel (2023),HT,"Abel R, Niederer D, Offerhaus C, Shafizadeh S, Glowa A, FrobÃ¶ese I, Wilke C",Abel,Effects of exercise prehabilitation before anterior cruciate ligament reconstruction on functional outcomes during pre- and postoperative rehabilitation - protocol for a single-blinded randomised controlled trial,effectsofexerciseprehabilitationbeforeanteriorcruciateligame,"BackgroundAlthough a benefit of preoperative training prior to anterior cruciate ligament (ACL) reconstruction is likely, there is no consensus on the optimal content (criteria-based programme), supervision (one-on-one guidance or self-administered training) and general setting of preoperative training after ACL injuries. The purpose of this trial is to investigate the efficacy of an individually adaptive, guided, structured and criteria-based preoperative rehabilitation programme in comparison to a non-guided and self-administered home training programme.MethodsThe planned single-blinded randomised controlled trial study was approved by the ethics committee of the German Sport University on June 14, 2022 (ethics application no. 093/2022) and prospectively registered (DRKS-ID: DRKS00030312; date of registration: 26.09.2022). N = 114 participants between 16 and 60 years of age with a unilateral ACL rupture and scheduled ACL reconstruction with a hamstring or quadriceps tendon autograft will be randomly (block-randomisation, 1:1 allocation) and blinded assigned to one of two groups: intervention group (structured, criteria-based, guided prehabilitation training) and comparator group (non-guided, self-administered home training). After surgical reconstruction, patients of both groups participate in the same standard, functional measurement-guided, postoperative rehabilitation programme. Stepwise increasing the functional requirements of the assessments, all participants participate in testing at the day of anamnesis (t1), 1-7 days before surgical reconstruction (t2), day of surgical reconstruction (t3) and 30 (t4), 60 (t5), 90 (t6) and 180 (t7) days post-reconstruction.The primary outcome is the overall self-reported knee condition, assessed by the sum score of all sub-scales of the Knee injury and Osteoarthritis Outcome Score (KOOS). Secondary outcomes include functional outcomes (range of motion, knee flexors and extensors and plantar flexors strength/torque, functional postural control, jumping ability), workability and return to sport (RTS) (psychological readiness, RTS success).MethodsThe planned single-blinded randomised controlled trial study was approved by the ethics committee of the German Sport University on June 14, 2022 (ethics application no. 093/2022) and prospectively registered (DRKS-ID: DRKS00030312; date of registration: 26.09.2022). N = 114 participants between 16 and 60 years of age with a unilateral ACL rupture and scheduled ACL reconstruction with a hamstring or quadriceps tendon autograft will be randomly (block-randomisation, 1:1 allocation) and blinded assigned to one of two groups: intervention group (structured, criteria-based, guided prehabilitation training) and comparator group (non-guided, self-administered home training). After surgical reconstruction, patients of both groups participate in the same standard, functional measurement-guided, postoperative rehabilitation programme. Stepwise increasing the functional requirements of the assessments, all participants participate in testing at the day of anamnesis (t1), 1-7 days before surgical reconstruction (t2), day of surgical reconstruction (t3) and 30 (t4), 60 (t5), 90 (t6) and 180 (t7) days post-reconstruction.The primary outcome is the overall self-reported knee condition, assessed by the sum score of all sub-scales of the Knee injury and Osteoarthritis Outcome Score (KOOS). Secondary outcomes include functional outcomes (range of motion, knee flexors and extensors and plantar flexors strength/torque, functional postural control, jumping ability), workability and return to sport (RTS) (psychological readiness, RTS success).DiscussionThe planned study targets to fill a gap in the evidence regarding effective designs of prehabilitation training before surgical ACL reconstruction. Potential difficulties that could affect the conduct of the study are lack of treatment adherence of the patients and high dropout.Trial registrationGerman Register of Clinical Trials DRKS-ID: DRKS00030312. Registered on 26 September 2022.",2023,English,TRIALS,wos,10.1186/s13063-023-07776-1,https://doi.org/10.1186/s13063-023-07776-1,38001510.0,https://pubmed.ncbi.nlm.nih.gov/38001510/,Abel+effectsofexerciseprehabilitationbeforeanteriorcruciateligame+2023,effectsofexerciseprehabilitationbeforeanteriorcruciateligame+2023,"Effects of exercise prehabilitation before anterior cruciate ligament reconstruction on functional outcomes during pre- and postoperative rehabilitation - protocol for a single-blinded randomised controlled trial BackgroundAlthough a benefit of preoperative training prior to anterior cruciate ligament (ACL) reconstruction is likely, there is no consensus on the optimal content (criteria-based programme), supervision (one-on-one guidance or self-administered training) and general setting of preoperative training after ACL injuries. The purpose of this trial is to investigate the efficacy of an individually adaptive, guided, structured and criteria-based preoperative rehabilitation programme in comparison to a non-guided and self-administered home training programme.MethodsThe planned single-blinded randomised controlled trial study was approved by the ethics committee of the German Sport University on June 14, 2022 (ethics application no. 093/2022) and prospectively registered (DRKS-ID: DRKS00030312; date of registration: 26.09.2022). N = 114 participants between 16 and 60 years of age with a unilateral ACL rupture and scheduled ACL reconstruction with a hamstring or quadriceps tendon autograft will be randomly (block-randomisation, 1:1 allocation) and blinded assigned to one of two groups: intervention group (structured, criteria-based, guided prehabilitation training) and comparator group (non-guided, self-administered home training). After surgical reconstruction, patients of both groups participate in the same standard, functional measurement-guided, postoperative rehabilitation programme. Stepwise increasing the functional requirements of the assessments, all participants participate in testing at the day of anamnesis (t1), 1-7 days before surgical reconstruction (t2), day of surgical reconstruction (t3) and 30 (t4), 60 (t5), 90 (t6) and 180 (t7) days post-reconstruction.The primary outcome is the overall self-reported knee condition, assessed by the sum score of all sub-scales of the Knee injury and Osteoarthritis Outcome Score (KOOS). Secondary outcomes include functional outcomes (range of motion, knee flexors and extensors and plantar flexors strength/torque, functional postural control, jumping ability), workability and return to sport (RTS) (psychological readiness, RTS success).MethodsThe planned single-blinded randomised controlled trial study was approved by the ethics committee of the German Sport University on June 14, 2022 (ethics application no. 093/2022) and prospectively registered (DRKS-ID: DRKS00030312; date of registration: 26.09.2022). N = 114 participants between 16 and 60 years of age with a unilateral ACL rupture and scheduled ACL reconstruction with a hamstring or quadriceps tendon autograft will be randomly (block-randomisation, 1:1 allocation) and blinded assigned to one of two groups: intervention group (structured, criteria-based, guided prehabilitation training) and comparator group (non-guided, self-administered home training). After surgical reconstruction, patients of both groups participate in the same standard, functional measurement-guided, postoperative rehabilitation programme. Stepwise increasing the functional requirements of the assessments, all participants participate in testing at the day of anamnesis (t1), 1-7 days before surgical reconstruction (t2), day of surgical reconstruction (t3) and 30 (t4), 60 (t5), 90 (t6) and 180 (t7) days post-reconstruction.The primary outcome is the overall self-reported knee condition, assessed by the sum score of all sub-scales of the Knee injury and Osteoarthritis Outcome Score (KOOS). Secondary outcomes include functional outcomes (range of motion, knee flexors and extensors and plantar flexors strength/torque, functional postural control, jumping ability), workability and return to sport (RTS) (psychological readiness, RTS success).DiscussionThe planned study targets to fill a gap in the evidence regarding effective designs of prehabilitation training before surgical ACL reconstruction. Potential difficulties that could affect the conduct of the study are lack of treatment adherence of the patients and high dropout.Trial registrationGerman Register of Clinical Trials DRKS-ID: DRKS00030312. Registered on 26 September 2022."
581,153,154,DuMontier (2001),BPTB,"DuMontier TA, Metcalf MH, Simonian PT, Larson RV",DuMontier,Patella fracture after anterior cruciate ligament reconstruction with the patellar tendon: a comparison between different shaped bone block excisions.,patellafractureafteranteriorcruciateligamentreconstructionwi,"Tensile failure of a patella after anterior cruciate ligament (ACL) reconstruction with autogenous patellar tendon graft is an uncommon but serious complication. One factor that may affect post-harvest patella strength is the shape of the bony defect. The effect of patella defect shape on ultimate tensile strength and mode of failure of the extensor mechanism has not been studied using physiologic moments. Twelve matched pair knee specimens were randomly distributed within three groups comparing rectangular versus triangular, rectangular versus circular, and circular versus triangular shaped patella defects. Specimens were loaded in tension to failure using physiologic moments. Patella fracture occurred in 21 of 24 specimens. Mean ultimate strength for all patellae with a circular defect was 2540 N (+/-651), rectangular defect was 3267 N (+/-920), and triangular defect was 3009 N (+/-1057). There was no significant difference in mean ultimate tensile strength between defect shapes or between matched pairs within the groups. Mode of failure also was similar in all three groups. No defect shape was found to be superior in this investigation comparing ultimate tensile strength or mode of failure between different shaped patella defects.",2001,English,Am J Knee Surg,pubmed,,,11216725.0,https://pubmed.ncbi.nlm.nih.gov/11216725/,DuMontier+patellafractureafteranteriorcruciateligamentreconstructionwi+2001,patellafractureafteranteriorcruciateligamentreconstructionwi+2001,"Patella fracture after anterior cruciate ligament reconstruction with the patellar tendon: a comparison between different shaped bone block excisions. Tensile failure of a patella after anterior cruciate ligament (ACL) reconstruction with autogenous patellar tendon graft is an uncommon but serious complication. One factor that may affect post-harvest patella strength is the shape of the bony defect. The effect of patella defect shape on ultimate tensile strength and mode of failure of the extensor mechanism has not been studied using physiologic moments. Twelve matched pair knee specimens were randomly distributed within three groups comparing rectangular versus triangular, rectangular versus circular, and circular versus triangular shaped patella defects. Specimens were loaded in tension to failure using physiologic moments. Patella fracture occurred in 21 of 24 specimens. Mean ultimate strength for all patellae with a circular defect was 2540 N (+/-651), rectangular defect was 3267 N (+/-920), and triangular defect was 3009 N (+/-1057). There was no significant difference in mean ultimate tensile strength between defect shapes or between matched pairs within the groups. Mode of failure also was similar in all three groups. No defect shape was found to be superior in this investigation comparing ultimate tensile strength or mode of failure between different shaped patella defects."
582,169,170,Fischer (1998),BPTB,"Fischer DA, Tewes DP, Boyd JL, Smith JP, Quick DC",Fischer,Home based rehabilitation for anterior cruciate ligament reconstruction.,homebasedrehabilitationforanteriorcruciateligamentreconstruc,"Fifty-four patients who underwent arthroscopically assisted anterior cruciate ligament reconstruction with bone-patellar tendon-bone autograft or allograft were studied prospectively to compare a postoperative home based rehabilitation program with a clinic based program. Fifty-four patients (mean age, 30 years) were assigned randomly to the home based program (27 patients) or the clinic based program (27 patients). The home based schedule featured six physical therapy visits during a 6-month postoperative study period, whereas the clinic based schedule specified 24 physical therapy visits during those 6 months. All patients entered in the study met strict selection criteria: age older than 15 years, no previous ligament repair or reconstruction, no complicating medical conditions, no collegiate or professional athletes, reconstruction at least 6 weeks after injury, and informed consent. At the 6-month followup, no significant statistical differences were found between the two groups in range of motion, thigh atrophy, anterior drawer compliance, hopping tests, Lysholm scores, or subjective health status scores. Thus, the authors conclude that in a selected group of patients who have undergone anterior cruciate ligament reconstruction, a home based postoperative rehabilitation program is feasible, safe, and effective.",1998,English,Clin Orthop Relat Res,pubmed,,,9520889.0,https://pubmed.ncbi.nlm.nih.gov/9520889/,Fischer+homebasedrehabilitationforanteriorcruciateligamentreconstruc+1998,homebasedrehabilitationforanteriorcruciateligamentreconstruc+1998,"Home based rehabilitation for anterior cruciate ligament reconstruction. Fifty-four patients who underwent arthroscopically assisted anterior cruciate ligament reconstruction with bone-patellar tendon-bone autograft or allograft were studied prospectively to compare a postoperative home based rehabilitation program with a clinic based program. Fifty-four patients (mean age, 30 years) were assigned randomly to the home based program (27 patients) or the clinic based program (27 patients). The home based schedule featured six physical therapy visits during a 6-month postoperative study period, whereas the clinic based schedule specified 24 physical therapy visits during those 6 months. All patients entered in the study met strict selection criteria: age older than 15 years, no previous ligament repair or reconstruction, no complicating medical conditions, no collegiate or professional athletes, reconstruction at least 6 weeks after injury, and informed consent. At the 6-month followup, no significant statistical differences were found between the two groups in range of motion, thigh atrophy, anterior drawer compliance, hopping tests, Lysholm scores, or subjective health status scores. Thus, the authors conclude that in a selected group of patients who have undergone anterior cruciate ligament reconstruction, a home based postoperative rehabilitation program is feasible, safe, and effective."
583,175,176,Grøntvedt (1996),BPTB,"Grøntvedt T, Engebretsen L, Bredland T",Grøntvedt,Arthroscopic reconstruction of the anterior cruciate ligament using bone-patellar tendon-bone grafts with and without augmentation. A prospective randomised study.,arthroscopicreconstructionoftheanteriorcruciateligamentusing,"In 100 consecutive patients with chronic deficiency of the anterior cruciate ligament we reconstructed the ligament using a bone-patellar tendon-bone autograft either with or without a Kennedy ligament augmentation device. The patients had an aggressive rehabilitation programme supervised by two physiotherapists. They were followed prospectively for at least two years by one surgeon, and assessed after six months and at one and two years. No significant functional or clinical difference was found between the two groups and the stability of the knees did not deteriorate with time in either group. The addition of a Kennedy ligament augmentation device gave no better results than the bone-patellar tendon-bone technique alone.",1996,English,J Bone Joint Surg Br,pubmed,,,8836079.0,https://pubmed.ncbi.nlm.nih.gov/8836079/,Grøntvedt+arthroscopicreconstructionoftheanteriorcruciateligamentusing+1996,arthroscopicreconstructionoftheanteriorcruciateligamentusing+1996,"Arthroscopic reconstruction of the anterior cruciate ligament using bone-patellar tendon-bone grafts with and without augmentation. A prospective randomised study. In 100 consecutive patients with chronic deficiency of the anterior cruciate ligament we reconstructed the ligament using a bone-patellar tendon-bone autograft either with or without a Kennedy ligament augmentation device. The patients had an aggressive rehabilitation programme supervised by two physiotherapists. They were followed prospectively for at least two years by one surgeon, and assessed after six months and at one and two years. No significant functional or clinical difference was found between the two groups and the stability of the knees did not deteriorate with time in either group. The addition of a Kennedy ligament augmentation device gave no better results than the bone-patellar tendon-bone technique alone."
586,202,203,Lan (2023),HT,"Lan X, Huang J, Tian F, Wang S, Liu C, Wang J",Lan,Application of 3D-Printed Personalized Guide for Lateral Femoral Positioning in Anterior Cruciate Ligament Reconstruction of the Knee.,applicationof3dprintedpersonalizedguideforlateralfemoralposi,"OBJECTIVE: This research aims to investigate the effectiveness of 3D computer-assisted customized guided positioning of the lateral femoral tunnel compared to conventional methods for Anterior Cruciate Ligament (ACL) reconstruction surgery. METHODS: A total of 80 patients with a complete ACL tear who underwent arthroscopic reconstruction with autologous tendon transplantation (semitendinosus-gracilis tendon) were included in this study. The patients were admitted to our hospital between March 2020 and January 2022 and were randomly divided into two groups: the conventional group (n = 40) and the personalized guide group (n = 40), based on the positioning method. The conventional group underwent ACL restoration using standard surgical techniques, while the personalized guide group opted for the more precise computer-assisted personalized guide method. The lateral femoral tunnel times were compared between both groups. Additionally, the International Knee Documentation Committee (IKDC) and Lysholm scores were assessed, and the lateral femoral location was evaluated using X-ray imaging at 2 weeks postoperatively. RESULTS: After surgery, both groups showed a statistically significant increase (P < .05) in Lysholm and IKDC scores compared to their pre-surgery scores. However, the two groups had no evident difference (P > .05). X-ray evaluation at 2 weeks post-surgery revealed no significant difference between the two groups in NL/ML, AL/BL, alpha, and beta angles (P > .05). The preparation time for the femoral tunnel was significantly shorter in the personalized guide group (6.18 +/- 0.92 min) compared to the traditional group (15.94 +/- 3.12 min) (P < .05). CONCLUSIONS: The computer-assisted 3D personalized guide positioning method is more effective in locating the lateral femoral tunnel for ACL reconstruction of the knee and can substantially reduce the positioning time. This study provides valuable insights for clinicians when selecting surgical methods.",2023,English,Altern Ther Health Med,pubmed,,,37499157.0,https://pubmed.ncbi.nlm.nih.gov/37499157/,Lan+applicationof3dprintedpersonalizedguideforlateralfemoralposi+2023,applicationof3dprintedpersonalizedguideforlateralfemoralposi+2023,"Application of 3D-Printed Personalized Guide for Lateral Femoral Positioning in Anterior Cruciate Ligament Reconstruction of the Knee. OBJECTIVE: This research aims to investigate the effectiveness of 3D computer-assisted customized guided positioning of the lateral femoral tunnel compared to conventional methods for Anterior Cruciate Ligament (ACL) reconstruction surgery. METHODS: A total of 80 patients with a complete ACL tear who underwent arthroscopic reconstruction with autologous tendon transplantation (semitendinosus-gracilis tendon) were included in this study. The patients were admitted to our hospital between March 2020 and January 2022 and were randomly divided into two groups: the conventional group (n = 40) and the personalized guide group (n = 40), based on the positioning method. The conventional group underwent ACL restoration using standard surgical techniques, while the personalized guide group opted for the more precise computer-assisted personalized guide method. The lateral femoral tunnel times were compared between both groups. Additionally, the International Knee Documentation Committee (IKDC) and Lysholm scores were assessed, and the lateral femoral location was evaluated using X-ray imaging at 2 weeks postoperatively. RESULTS: After surgery, both groups showed a statistically significant increase (P < .05) in Lysholm and IKDC scores compared to their pre-surgery scores. However, the two groups had no evident difference (P > .05). X-ray evaluation at 2 weeks post-surgery revealed no significant difference between the two groups in NL/ML, AL/BL, alpha, and beta angles (P > .05). The preparation time for the femoral tunnel was significantly shorter in the personalized guide group (6.18 +/- 0.92 min) compared to the traditional group (15.94 +/- 3.12 min) (P < .05). CONCLUSIONS: The computer-assisted 3D personalized guide positioning method is more effective in locating the lateral femoral tunnel for ACL reconstruction of the knee and can substantially reduce the positioning time. This study provides valuable insights for clinicians when selecting surgical methods."
588,275,276,Iorio (2013),HT,"Iorio R, Di Sanzo V, Vadalà A, Conteduca J, Mazza D, Redler A, Bolle G, Conteduca F, Ferretti A",Iorio,ACL reconstruction with hamstrings: how different technique and fixation devices influence bone tunnel enlargement.,aclreconstructionwithhamstrings:howdifferenttechniqueandfixa,"BACKGROUND: Bone tunnel enlargement after anterior cruciate ligament (ACL) reconstruction is well documented in the literature. The cause of this tunnel enlargement is unclear, but is thought to be multifactorial, with mechanical and biological factors playing a role. AIM: The aim of this prospective study was to evaluate how the different techniques may affect the bone tunnel enlargement and clinical outcome. PATIENTS AND METHODS: Forty-five consecutive patients undergoing ACL reconstruction with autologous doubled semitendinosus and gracilis tendons entered this study. They were randomly assigned to enter group A (In-Out technique, with cortical fixation and Interference screw) and group B (Out-In technique, metal cortical fixation on the femour and tibia). At a mean follow-up of 10 months, all the patients underwent CT scan exam to evaluate the post-operative diameters of both femoral and they underwent tibial tunnels clinical examination after 24 months. RESULTS: The mean femoral tunnel diameter increased significantly from 9.05+/-0.3 mm to 10.01+/-2.3 mm in group A and from 9.04+/-0.8 mm to 9.3+/-1.12 mm in group B. The mean increase in femoral tunnel diameters observed in group A was significantly higher than that observed in group B (p < 0.05) The mean tibial tunnel diameter increased significantly from 9.03+/-0.04 mm to 10.68+/-2.5 mm in group A and from 9.04+/-0.03 mm to 10.+/-0.78 mm in group B. The mean increase in tibial tunnel diameters observed in group A was significantly higher than that observed in group B (p < 0.05). No clinical differences were found between two groups and no correlations between clinical and radiological results were found in any patients of both groups. CONCLUSIONS: Results of the study suggest that different mechanical fixation devices could influence tunnel widening. The lower stiffness of the fixation devices is probably responsible of the tunnel widening through the fixation devices's micromotions in the femoral and tibial tunnels.",2013,English,Eur Rev Med Pharmacol Sci,pubmed,,,24254567.0,https://pubmed.ncbi.nlm.nih.gov/24254567/,Iorio+aclreconstructionwithhamstrings:howdifferenttechniqueandfixa+2013,aclreconstructionwithhamstrings:howdifferenttechniqueandfixa+2013,"ACL reconstruction with hamstrings: how different technique and fixation devices influence bone tunnel enlargement. BACKGROUND: Bone tunnel enlargement after anterior cruciate ligament (ACL) reconstruction is well documented in the literature. The cause of this tunnel enlargement is unclear, but is thought to be multifactorial, with mechanical and biological factors playing a role. AIM: The aim of this prospective study was to evaluate how the different techniques may affect the bone tunnel enlargement and clinical outcome. PATIENTS AND METHODS: Forty-five consecutive patients undergoing ACL reconstruction with autologous doubled semitendinosus and gracilis tendons entered this study. They were randomly assigned to enter group A (In-Out technique, with cortical fixation and Interference screw) and group B (Out-In technique, metal cortical fixation on the femour and tibia). At a mean follow-up of 10 months, all the patients underwent CT scan exam to evaluate the post-operative diameters of both femoral and they underwent tibial tunnels clinical examination after 24 months. RESULTS: The mean femoral tunnel diameter increased significantly from 9.05+/-0.3 mm to 10.01+/-2.3 mm in group A and from 9.04+/-0.8 mm to 9.3+/-1.12 mm in group B. The mean increase in femoral tunnel diameters observed in group A was significantly higher than that observed in group B (p < 0.05) The mean tibial tunnel diameter increased significantly from 9.03+/-0.04 mm to 10.68+/-2.5 mm in group A and from 9.04+/-0.03 mm to 10.+/-0.78 mm in group B. The mean increase in tibial tunnel diameters observed in group A was significantly higher than that observed in group B (p < 0.05). No clinical differences were found between two groups and no correlations between clinical and radiological results were found in any patients of both groups. CONCLUSIONS: Results of the study suggest that different mechanical fixation devices could influence tunnel widening. The lower stiffness of the fixation devices is probably responsible of the tunnel widening through the fixation devices's micromotions in the femoral and tibial tunnels."
595,472,473,Ouyang (2016),QT,"Ouyang X, Hong SD, Xin F, Wang L, Yang XW, Wang JR, Wang Q, Cui WD, Zhang AJ, Zhao ZX",Ouyang,The curative efficacy of arthroscopic therapy in treating anterior cruciate ligament rupture with secondary osteoarthritis.,thecurativeefficacyofarthroscopictherapyintreatinganteriorcr,"OBJECTIVE: To compare and analyze the clinical effects of arthroscopic therapy and drug therapy in treating anterior cruciate ligament (ACL) rupture with secondary osteoarthritis (OA). PATIENTS AND METHODS: A total of 68 patients that were diagnosed as ACL rupture with secondary OA in our hospital from February 2014 to February 2015 were enrolled in our study. All of the patients were randomly divided into control group (n = 30) and observation group (n = 38) according to the order of admission. The patients in the control group were given analgesic, anti-inflammatory drugs + functional rehabilitation training whereas the patients in the observation group were given ACL reconstruction + OA debridement and functional rehabilitation training under arthroscopy. RESULTS: The success rate of the observation group was 92.1%. After 3-month follow-up, the clinical total effective rate of the observation group was significantly higher than that of the control group, the prevalence of complications in the observation group was significantly lower than in the control group, and differences were statistically significant (p < 0.05). Lysholm scale scoring of observation group was significantly higher than of the control group, modified McGill pain scale score was significantly lower than that of the control group, and differences were statistically significant (p < 0.05). Quadriceps muscle peak torque, average power, and the optimal single work at 60 degrees /s, 120 degrees /s, and 180 degrees /s were significantly higher than those of the control group, and differences were statistically significant (p < 0.05). CONCLUSIONS: Arthroscopic operative therapy was safe and effective for the treatment of ACL with secondary OA. Compared with drug therapy, it can significantly improve the movement function of the knee joint, so it was worthy of clinical application.",2016,English,Eur Rev Med Pharmacol Sci,pubmed,,,26875887.0,https://pubmed.ncbi.nlm.nih.gov/26875887/,Ouyang+thecurativeefficacyofarthroscopictherapyintreatinganteriorcr+2016,thecurativeefficacyofarthroscopictherapyintreatinganteriorcr+2016,"The curative efficacy of arthroscopic therapy in treating anterior cruciate ligament rupture with secondary osteoarthritis. OBJECTIVE: To compare and analyze the clinical effects of arthroscopic therapy and drug therapy in treating anterior cruciate ligament (ACL) rupture with secondary osteoarthritis (OA). PATIENTS AND METHODS: A total of 68 patients that were diagnosed as ACL rupture with secondary OA in our hospital from February 2014 to February 2015 were enrolled in our study. All of the patients were randomly divided into control group (n = 30) and observation group (n = 38) according to the order of admission. The patients in the control group were given analgesic, anti-inflammatory drugs + functional rehabilitation training whereas the patients in the observation group were given ACL reconstruction + OA debridement and functional rehabilitation training under arthroscopy. RESULTS: The success rate of the observation group was 92.1%. After 3-month follow-up, the clinical total effective rate of the observation group was significantly higher than that of the control group, the prevalence of complications in the observation group was significantly lower than in the control group, and differences were statistically significant (p < 0.05). Lysholm scale scoring of observation group was significantly higher than of the control group, modified McGill pain scale score was significantly lower than that of the control group, and differences were statistically significant (p < 0.05). Quadriceps muscle peak torque, average power, and the optimal single work at 60 degrees /s, 120 degrees /s, and 180 degrees /s were significantly higher than those of the control group, and differences were statistically significant (p < 0.05). CONCLUSIONS: Arthroscopic operative therapy was safe and effective for the treatment of ACL with secondary OA. Compared with drug therapy, it can significantly improve the movement function of the knee joint, so it was worthy of clinical application."
597,535,536,Kokki (2000),QT,"Kokki H, Väätäinen U, Miettinen H, Parviainen A, Könönen M, Partanen J",Kokki,Tourniquet-induced enmg changes in arthroscopic anterior cruciate ligament reconstruction. A comparison of low and high-pressure tourniquet systems.,tourniquetinducedenmgchangesinarthroscopicanteriorcruciateli,"BACKGROUND AND AIMS: The use of a tourniquet during surgery is associated with a risk of neurological disorders. We compared whether a new tourniquet system using low pressure (250 mmHg) is safer than a standard tourniquet system using higher inflation pressure (350 mmHg). MATERIALS AND METHODS: Thirty-one patients (ASA I-II), ages 16-48 years, were studied with ENMG preoperatively and 3 weeks postoperatively following arthroscopic anterior cruciate ligament reconstruction. Tourniquet times varied between 30 and 146 min. RESULTS: Postoperative slowing of motor and sensory conduction was observed, as well as an increase of the minimum peroneal F-response and tibial H-reflex latencies. The sensory amplitude of the sural nerve decreased. Vastus medialis of the quadriceps femoris muscle showed a reduced interference pattern in ENMG in maximal voluntary effort postoperatively. No differences were found in measured results between the low and high pressure tourniquet systems. CONCLUSIONS: Slight postoperative ENMG alterations were demonstrated but the use of both tourniquet systems is safe within the limit of tourniquet times of less than 2 h.",2000,English,Ann Chir Gynaecol,pubmed,,,11204965.0,https://pubmed.ncbi.nlm.nih.gov/11204965/,Kokki+tourniquetinducedenmgchangesinarthroscopicanteriorcruciateli+2000,tourniquetinducedenmgchangesinarthroscopicanteriorcruciateli+2000,"Tourniquet-induced enmg changes in arthroscopic anterior cruciate ligament reconstruction. A comparison of low and high-pressure tourniquet systems. BACKGROUND AND AIMS: The use of a tourniquet during surgery is associated with a risk of neurological disorders. We compared whether a new tourniquet system using low pressure (250 mmHg) is safer than a standard tourniquet system using higher inflation pressure (350 mmHg). MATERIALS AND METHODS: Thirty-one patients (ASA I-II), ages 16-48 years, were studied with ENMG preoperatively and 3 weeks postoperatively following arthroscopic anterior cruciate ligament reconstruction. Tourniquet times varied between 30 and 146 min. RESULTS: Postoperative slowing of motor and sensory conduction was observed, as well as an increase of the minimum peroneal F-response and tibial H-reflex latencies. The sensory amplitude of the sural nerve decreased. Vastus medialis of the quadriceps femoris muscle showed a reduced interference pattern in ENMG in maximal voluntary effort postoperatively. No differences were found in measured results between the low and high pressure tourniquet systems. CONCLUSIONS: Slight postoperative ENMG alterations were demonstrated but the use of both tourniquet systems is safe within the limit of tourniquet times of less than 2 h."
599,552,553,Jonsson (1994),QT,"Jonsson H, Elmqvist LG, Kärrholm J, Tegner Y",Jonsson,Over-the-top or tunnel reconstruction of the anterior cruciate ligament? A prospective randomised study of 54 patients.,overthetoportunnelreconstructionoftheanteriorcruciateligamen,"We report a review of 54 patients with chronic anterior cruciate ligament rupture treated by patellar-quadriceps tendon graft augmented with polypropylene braid (Kennedy-LAD). The femoral placement of the graft was randomised to either a modified over-the-top (OTT) or a tunnel position obtained by an isometric drill guide (ISO). At the two-year follow-up both procedures had resulted in improvement of subjective knee function and activity level. Stereoradiographic measurements showed reduction of anteroposterior laxity to near normal in about one-third of the patients, but muscle strength and objective functional performance showed little or no changes. The OTT group had better subjective knee function. We were unable to confirm the theoretical advantages of the use of the drill guide, partly because it provided a tibial tunnel which was too anterior.",1994,English,J Bone Joint Surg Br,pubmed,,,8300688.0,https://pubmed.ncbi.nlm.nih.gov/8300688/,Jonsson+overthetoportunnelreconstructionoftheanteriorcruciateligamen+1994,overthetoportunnelreconstructionoftheanteriorcruciateligamen+1994,"Over-the-top or tunnel reconstruction of the anterior cruciate ligament? A prospective randomised study of 54 patients. We report a review of 54 patients with chronic anterior cruciate ligament rupture treated by patellar-quadriceps tendon graft augmented with polypropylene braid (Kennedy-LAD). The femoral placement of the graft was randomised to either a modified over-the-top (OTT) or a tunnel position obtained by an isometric drill guide (ISO). At the two-year follow-up both procedures had resulted in improvement of subjective knee function and activity level. Stereoradiographic measurements showed reduction of anteroposterior laxity to near normal in about one-third of the patients, but muscle strength and objective functional performance showed little or no changes. The OTT group had better subjective knee function. We were unable to confirm the theoretical advantages of the use of the drill guide, partly because it provided a tibial tunnel which was too anterior."
600,553,554,Snyder-Mackler (1991),QT,"Snyder-Mackler L, Ladin Z, Schepsis AA, Young JC",Snyder-Mackler,Electrical stimulation of the thigh muscles after reconstruction of the anterior cruciate ligament. Effects of electrically elicited contraction of the quadriceps femoris and hamstring muscles on gait and on strength of the thigh muscles.,electricalstimulationofthethighmusclesafterreconstructionoft,"The effects of neuromuscular electrical stimulation on the strength of the thigh muscles and on gait were examined in ten patients after reconstruction of the anterior cruciate ligament. The patients were randomly assigned to one of two treatment groups: neuromuscular electrical stimulation and volitional exercise, or volitional exercise alone. A four-week course of electrically elicited co-contraction of the thigh muscles resulted in significant attenuation of the characteristic loss of strength of the quadriceps as compared with volitional exercise. There was no significant difference between groups in any measure of performance of the hamstring muscles. In the group that received neuromuscular electrical stimulation, the values for cadence, walking velocity, stance time of the involved limb, and flexion-excursion of the knee during stance were significantly different from those of the volitional exercise group. Flexion-excursion of the knee during stance was directly and significantly correlated with strength of the quadriceps femoris muscle. Flexion of the knee during stance was qualitatively different in the involved extremity as compared with the uninvolved extremity in all patients. There is a rapid flexion of the knee at weight acceptance that is maintained throughout stance and probably reflects stabilization of the joint by muscular coactivation to compensate for weakness of the quadriceps. The patients who received neuromuscular electrical stimulation had stronger quadriceps muscles and more normal gait patterns than those in the volitional exercise group.",1991,English,J Bone Joint Surg Am,pubmed,,,1874764.0,https://pubmed.ncbi.nlm.nih.gov/1874764/,Snyder-Mackler+electricalstimulationofthethighmusclesafterreconstructionoft+1991,electricalstimulationofthethighmusclesafterreconstructionoft+1991,"Electrical stimulation of the thigh muscles after reconstruction of the anterior cruciate ligament. Effects of electrically elicited contraction of the quadriceps femoris and hamstring muscles on gait and on strength of the thigh muscles. The effects of neuromuscular electrical stimulation on the strength of the thigh muscles and on gait were examined in ten patients after reconstruction of the anterior cruciate ligament. The patients were randomly assigned to one of two treatment groups: neuromuscular electrical stimulation and volitional exercise, or volitional exercise alone. A four-week course of electrically elicited co-contraction of the thigh muscles resulted in significant attenuation of the characteristic loss of strength of the quadriceps as compared with volitional exercise. There was no significant difference between groups in any measure of performance of the hamstring muscles. In the group that received neuromuscular electrical stimulation, the values for cadence, walking velocity, stance time of the involved limb, and flexion-excursion of the knee during stance were significantly different from those of the volitional exercise group. Flexion-excursion of the knee during stance was directly and significantly correlated with strength of the quadriceps femoris muscle. Flexion of the knee during stance was qualitatively different in the involved extremity as compared with the uninvolved extremity in all patients. There is a rapid flexion of the knee at weight acceptance that is maintained throughout stance and probably reflects stabilization of the joint by muscular coactivation to compensate for weakness of the quadriceps. The patients who received neuromuscular electrical stimulation had stronger quadriceps muscles and more normal gait patterns than those in the volitional exercise group."
648,1168,279,Smith (2007),HT,"Smith TO, Davies L",Smith,Efficacy of continuous passive motion after anterior cruciate ligament reconstruction: A systematic review,efficacyofcontinuouspassivemotionafteranteriorcruciateligame,"The application of continuous passive motion (CPM) following anterior cruciate ligament (ACL) is viewed with controversy by both orthopaedic surgeons and physiotherapists. The objective of this review was to assess the efficacy of CPM following ACL reconstruction. An electronic search was performed using the electronic databases AMED, British Nursing Index, CINAHL, the Cochrane database, EMBASE, ovid Medline, Physiotherapy Evidence Database (PEDro) and Pubmed. All English language, human subject, clinical trials, comparing the effects of CPM against a non-CPM group following ACL reconstruction were reviewed. The methodological quality of the literature was assessed independently by two reviewers using the PEDro scoring system. Eight papers including 505 ACL reconstructions were reviewed. The findings of this review suggested that it was unclear whether the application of CPM post-operatively has any benefit for ACL reconstruction patients. Furthermore, there were numerous methodological weaknesses within the evidence-base. In the absence of strong evidence, the continued use of CPM cannot be supported. Further study is recommended to improve the evidence-base, assess different CPM protocols, evaluate the efficacy of CPM following hamstring tendon grafts, and to assess functional outcomes and quality of life in patients who have and have not received CPM following an ACL reconstruction. (C) 2007 Elsevier Ltd. All rights reserved.",2007,English,PHYS THER SPORT,wos,10.1016/j.ptsp.2007.02.002,https://doi.org/10.1016/j.ptsp.2007.02.002,,,Smith+efficacyofcontinuouspassivemotionafteranteriorcruciateligame+2007,efficacyofcontinuouspassivemotionafteranteriorcruciateligame+2007,"Efficacy of continuous passive motion after anterior cruciate ligament reconstruction: A systematic review The application of continuous passive motion (CPM) following anterior cruciate ligament (ACL) is viewed with controversy by both orthopaedic surgeons and physiotherapists. The objective of this review was to assess the efficacy of CPM following ACL reconstruction. An electronic search was performed using the electronic databases AMED, British Nursing Index, CINAHL, the Cochrane database, EMBASE, ovid Medline, Physiotherapy Evidence Database (PEDro) and Pubmed. All English language, human subject, clinical trials, comparing the effects of CPM against a non-CPM group following ACL reconstruction were reviewed. The methodological quality of the literature was assessed independently by two reviewers using the PEDro scoring system. Eight papers including 505 ACL reconstructions were reviewed. The findings of this review suggested that it was unclear whether the application of CPM post-operatively has any benefit for ACL reconstruction patients. Furthermore, there were numerous methodological weaknesses within the evidence-base. In the absence of strong evidence, the continued use of CPM cannot be supported. Further study is recommended to improve the evidence-base, assess different CPM protocols, evaluate the efficacy of CPM following hamstring tendon grafts, and to assess functional outcomes and quality of life in patients who have and have not received CPM following an ACL reconstruction. (C) 2007 Elsevier Ltd. All rights reserved."
668,923,34,Zhao (2022),BPTB,"Zhao L, Lu M, Deng M",Zhao,"Outcome of bone-patellar tendon-bone vs hamstring tendon autograft for anterior cruciate ligament reconstruction A meta-analysis of randomized controlled trials with a 5-year minimum follow-up (vol 99, e23476, 2020)",outcomeofbonepatellartendonbonevshamstringtendonautograftfor,,2022,English,MEDICINE,wos,10.1097/MD.0000000000029873,https://doi.org/10.1097/MD.0000000000029873,,,Zhao+outcomeofbonepatellartendonbonevshamstringtendonautograftfor+2022,outcomeofbonepatellartendonbonevshamstringtendonautograftfor+2022,
669,1015,126,Moraes (2014),BPTB,"Moraes VY, Lenza M, Tamaoki MJ, Faloppa F, Belloti JC",Moraes,Platelet-rich therapies for musculoskeletal soft tissue injuries,plateletrichtherapiesformusculoskeletalsofttissueinjuries,"Background Platelet-rich therapies are being used increasingly in the treatment of musculoskeletal soft tissue injuries such as ligament, muscle and tendon tears and tendinopathies. These therapies can be used as the principal treatment or as an augmentation procedure (application after surgical repair or reconstruction). Platelet-rich therapies are produced by centrifuging a quantity of the patient's own blood and extracting the active, platelet-rich, fraction. The platelet-rich fraction is applied to the injured tissue; for example, by injection. Platelets have the ability to produce several growth factors, so these therapies should enhance tissue healing. There is a need to assess whether this translates into clinical benefit. Objectives To assess the effects (benefits and harms) of platelet-rich therapies for treating musculoskeletal soft tissue injuries. Search methods We searched the Cochrane Bone, Joint and Muscle Trauma Group Specialised Register (25March 2013), the Cochrane Central Register of Controlled Trials (CENTRAL 2013 Issue 2), MEDLINE (1946 to March 2013), EMBASE (1980 to 2013 Week 12) and LILACS (1982 toMarch 2012). We also searched trial registers (to Week 2 2013) and conference abstracts (2005 toMarch 2012). No language or publication restrictions were applied. Selection criteria We included randomised and quasi-randomised controlled trials that compared platelet-rich therapy with either placebo, autologous whole blood, dry needling or no platelet-rich therapy for people with acute or chronic musculoskeletal soft tissue injuries. Primary outcomes were functional status, pain and adverse effects. Data collection and analysis Two review authors independently extracted data and assessed each study's risk of bias. Disagreement was resolved by discussion or by arbitration by a third author. We contacted trial authors for clarification of methods or missing data. Treatment effects were assessed using risk ratios for dichotomous data and mean differences (MD) or standardised mean differences (SMD) for continuous data, together with 95% confidence intervals. Where appropriate, data were pooled using the fixed-effect model for RR and MD, and the random-effects model for SMD. The quality of the evidence for each outcome was assessed using GRADE criteria. Main results We included data from 19 small single centre trials (17 randomised and two quasi-randomised; 1088 participants) that compared platelet-rich therapy with placebo, autologous whole blood, dry needling or no platelet-rich therapy. These trials covered eight clinical conditions: rotator cuff tears (arthroscopic repair) (six trials); shoulder impingement syndrome surgery (one trial); elbow epicondylitis (three trials); anterior cruciate ligament (ACL) reconstruction (four trials), ACL reconstruction (donor graft site application) (two trials), patellar tendinopathy (one trial), Achilles tendinopathy (one trial) and acute Achilles rupture surgical repair (one trial). We also grouped trials into 'tendinopathies' where platelet-rich therapy (PRT) injections were the main treatment (five trials), and surgical augmentation procedures where PRT was applied during surgery (14 trials). Trial participants were mainly male, except in trials including rotator cuff tears, and elbow and Achilles tendinopathies. Three trials were judged as being at low risk of bias; the other 16 were at high or unclear risk of bias relating to selection, detection, attrition or selective reporting, or combinations of these. The methods of preparing platelet-rich plasma (PRP) varied and lacked standardisation and quantification of the PRP applied to the patient. We were able to pool data for our primary outcomes (function, pain, adverse events) for a maximum of 11 trials and 45% of participants. The evidence for all primary outcomes was judged as being of very low quality. Data assessing function in the short term(up to three months) were pooled from four trials that assessed PRT in three clinical conditions and used four different measures. These showed no significant difference between PRT and control (SMD 0.26; 95% confidence interval (CI) -0.19 to 0.71; P value 0.26; I-2 = 51%; 162 participants; positive values favour PRT). Medium-term function data (at six months) were pooled from five trials that assessed PRT in five clinical conditions and used five different measures. These also showed no difference between groups (SMD -0.09, 95% CI -0.56 to 0.39; P value 0.72; I-2 = 50%; 151 participants). Long-term function data (at one year) were pooled from 10 trials that assessed PRT in five clinical conditions and used six different measures. These also showed no difference between groups (SMD 0.25, 95% CI -0.07 to 0.57; P value 0.12; I-2 = 66%; 484 participants). Although the 95% confidence intervals indicate the possibility of a poorer outcome in the PRT group up to a moderate difference in favour of PRT at short-and long-term follow-up, these do not translate into clinically relevant differences. Data pooled from four trials that assessed PRT in three clinical conditions showed a small reduction in short-term pain in favour of PRT on a 10-point scale (MD -0.95, 95% CI -1.41 to -0.48; I-2 = 0%; 175 participants). The clinical significance of this result is marginal. Four trials reported adverse events; another seven trials reported an absence of adverse events. There was no difference between treatment groups in the numbers of participants with adverse effects (7/241 versus 5/245; RR 1.31, 95% CI 0.48 to 3.59; I-2 = 0%; 486 participants). In terms of individual conditions, we pooled heterogeneous data for long-term function from six trials of PRT application during rotator cuff tear surgery. This showed no statistically or clinically significant differences between the two groups (324 participants). The available evidence is insufficient to indicate whether the effects of PRT will differ importantly in individual clinical conditions. Authors' conclusions Overall, and for the individual clinical conditions, there is currently insufficient evidence to support the use of PRT for treating musculoskeletal soft tissue injuries. Researchers contemplating RCTs should consider the coverage of currently ongoing trials when assessing the need for future RCTs on specific conditions. There is need for standardisation of PRP preparation methods.",2014,English,COCHRANE DB SYST REV,wos,10.1002/14651858.CD010071.pub3,https://doi.org/10.1002/14651858.CD010071.pub3,,,Moraes+plateletrichtherapiesformusculoskeletalsofttissueinjuries+2014,plateletrichtherapiesformusculoskeletalsofttissueinjuries+2014,"Platelet-rich therapies for musculoskeletal soft tissue injuries Background Platelet-rich therapies are being used increasingly in the treatment of musculoskeletal soft tissue injuries such as ligament, muscle and tendon tears and tendinopathies. These therapies can be used as the principal treatment or as an augmentation procedure (application after surgical repair or reconstruction). Platelet-rich therapies are produced by centrifuging a quantity of the patient's own blood and extracting the active, platelet-rich, fraction. The platelet-rich fraction is applied to the injured tissue; for example, by injection. Platelets have the ability to produce several growth factors, so these therapies should enhance tissue healing. There is a need to assess whether this translates into clinical benefit. Objectives To assess the effects (benefits and harms) of platelet-rich therapies for treating musculoskeletal soft tissue injuries. Search methods We searched the Cochrane Bone, Joint and Muscle Trauma Group Specialised Register (25March 2013), the Cochrane Central Register of Controlled Trials (CENTRAL 2013 Issue 2), MEDLINE (1946 to March 2013), EMBASE (1980 to 2013 Week 12) and LILACS (1982 toMarch 2012). We also searched trial registers (to Week 2 2013) and conference abstracts (2005 toMarch 2012). No language or publication restrictions were applied. Selection criteria We included randomised and quasi-randomised controlled trials that compared platelet-rich therapy with either placebo, autologous whole blood, dry needling or no platelet-rich therapy for people with acute or chronic musculoskeletal soft tissue injuries. Primary outcomes were functional status, pain and adverse effects. Data collection and analysis Two review authors independently extracted data and assessed each study's risk of bias. Disagreement was resolved by discussion or by arbitration by a third author. We contacted trial authors for clarification of methods or missing data. Treatment effects were assessed using risk ratios for dichotomous data and mean differences (MD) or standardised mean differences (SMD) for continuous data, together with 95% confidence intervals. Where appropriate, data were pooled using the fixed-effect model for RR and MD, and the random-effects model for SMD. The quality of the evidence for each outcome was assessed using GRADE criteria. Main results We included data from 19 small single centre trials (17 randomised and two quasi-randomised; 1088 participants) that compared platelet-rich therapy with placebo, autologous whole blood, dry needling or no platelet-rich therapy. These trials covered eight clinical conditions: rotator cuff tears (arthroscopic repair) (six trials); shoulder impingement syndrome surgery (one trial); elbow epicondylitis (three trials); anterior cruciate ligament (ACL) reconstruction (four trials), ACL reconstruction (donor graft site application) (two trials), patellar tendinopathy (one trial), Achilles tendinopathy (one trial) and acute Achilles rupture surgical repair (one trial). We also grouped trials into 'tendinopathies' where platelet-rich therapy (PRT) injections were the main treatment (five trials), and surgical augmentation procedures where PRT was applied during surgery (14 trials). Trial participants were mainly male, except in trials including rotator cuff tears, and elbow and Achilles tendinopathies. Three trials were judged as being at low risk of bias; the other 16 were at high or unclear risk of bias relating to selection, detection, attrition or selective reporting, or combinations of these. The methods of preparing platelet-rich plasma (PRP) varied and lacked standardisation and quantification of the PRP applied to the patient. We were able to pool data for our primary outcomes (function, pain, adverse events) for a maximum of 11 trials and 45% of participants. The evidence for all primary outcomes was judged as being of very low quality. Data assessing function in the short term(up to three months) were pooled from four trials that assessed PRT in three clinical conditions and used four different measures. These showed no significant difference between PRT and control (SMD 0.26; 95% confidence interval (CI) -0.19 to 0.71; P value 0.26; I-2 = 51%; 162 participants; positive values favour PRT). Medium-term function data (at six months) were pooled from five trials that assessed PRT in five clinical conditions and used five different measures. These also showed no difference between groups (SMD -0.09, 95% CI -0.56 to 0.39; P value 0.72; I-2 = 50%; 151 participants). Long-term function data (at one year) were pooled from 10 trials that assessed PRT in five clinical conditions and used six different measures. These also showed no difference between groups (SMD 0.25, 95% CI -0.07 to 0.57; P value 0.12; I-2 = 66%; 484 participants). Although the 95% confidence intervals indicate the possibility of a poorer outcome in the PRT group up to a moderate difference in favour of PRT at short-and long-term follow-up, these do not translate into clinically relevant differences. Data pooled from four trials that assessed PRT in three clinical conditions showed a small reduction in short-term pain in favour of PRT on a 10-point scale (MD -0.95, 95% CI -1.41 to -0.48; I-2 = 0%; 175 participants). The clinical significance of this result is marginal. Four trials reported adverse events; another seven trials reported an absence of adverse events. There was no difference between treatment groups in the numbers of participants with adverse effects (7/241 versus 5/245; RR 1.31, 95% CI 0.48 to 3.59; I-2 = 0%; 486 participants). In terms of individual conditions, we pooled heterogeneous data for long-term function from six trials of PRT application during rotator cuff tear surgery. This showed no statistically or clinically significant differences between the two groups (324 participants). The available evidence is insufficient to indicate whether the effects of PRT will differ importantly in individual clinical conditions. Authors' conclusions Overall, and for the individual clinical conditions, there is currently insufficient evidence to support the use of PRT for treating musculoskeletal soft tissue injuries. Researchers contemplating RCTs should consider the coverage of currently ongoing trials when assessing the need for future RCTs on specific conditions. There is need for standardisation of PRP preparation methods."
670,1035,146,Barenius (2011),BPTB,"Barenius B, Nordlander M, Ponzer S, Tidermark J, Eriksson K",Barenius,"Quality of life and clinical outcome after anterior cruciate ligament reconstruction using patellar tendon graft or quadrupled semitendinosus graft: an 8-year follow-up of a randomized controlled trial (vol 38, pg 1533, 2010)",qualityoflifeandclinicaloutcomeafteranteriorcruciateligament,,2011,English,AM J SPORT MED,wos,10.1177/0363546511405964,https://doi.org/10.1177/0363546511405964,,,Barenius+qualityoflifeandclinicaloutcomeafteranteriorcruciateligament+2011,qualityoflifeandclinicaloutcomeafteranteriorcruciateligament+2011,
673,988,99,Maletis (2017),BPTB,"Maletis GB, Chen J, Inacio MCS, Love RM, Funahashi TT",Maletis,Increased Risk of Revision After Anterior Cruciate Ligament Reconstruction With Bone-Patellar Tendon-Bone Allografts Compared With Autografts,increasedriskofrevisionafteranteriorcruciateligamentreconstr,"Background: The use of allograft tissue for anterior cruciate ligament reconstruction (ACLR) remains controversial. Purpose: To compare the risk of aseptic revision between bone-patellar tendon-bone (BPTB) autografts and BPTB allografts. Study Design: Cohort study; Level of evidence, 2. Methods: A retrospective cohort study of prospectively collected data was conducted using the Kaiser Permanente ACLR Registry. A cohort of patients who underwent primary unilateral ACLR with BPTB autografts and BPTB allografts was identified. Aseptic revision was the endpoint. The type of graft and allograft processing method (nonprocessed, <1.8-Mrad, and 1.8-Mrad irradiation) were the exposures of interest evaluated. Age (21 and 22 years) was evaluated as an effect modifier. Analyses were adjusted for age, sex, and race. Kaplan-Meier curves and Cox proportional hazards models were employed. Hazard ratios (HRs) and 95% CIs are provided. Results: The BPTB cohort consisted of 5586 patients: 3783 (67.7%) were male, 2359 (42.2%) were white, 1029 (18.4%) had allografts (nonprocessed: 155; <1.8 Mrad: 525; 1.8 Mrad: 288), and 4557 (81.6%) had autografts. The median age was 34.9 years (interquartile range [IQR], 25.4-44.0) for allograft cases and 22.0 years (IQR, 17.6-30.0) for autograft cases. The estimated cumulative revision rate at 2 years was 4.1% (95% CI, 2.9%-5.9%) for allografts and 1.7% (95% CI, 1.3%-2.2%) for autografts. BPTB allografts had a significantly higher adjusted risk of revision than BPTB autografts (HR, 4.54; 95% CI, 3.03-6.79; P < .001). This higher risk of revision was consistent with all allograft processing methods when compared with autografts and was also consistently higher in patients with allografts regardless of age. Conclusion: When BPTB allograft tissue was used for ACLR, an overall 4.54 times adjusted higher risk of revision was observed compared with surgery performed with a BPTB autograft. Whether the tissue was irradiated with either high- or low-dose radiation, chemically processed, or not processed at all made little difference in the risk of revision. The differences in the revision risk were also consistent in younger and older patients. Surgeons and patients should be aware of the increased risk of revision when a BPTB allograft is used for ACLR.",2017,English,AM J SPORT MED,wos,10.1177/0363546517690386,https://doi.org/10.1177/0363546517690386,28277740.0,https://pubmed.ncbi.nlm.nih.gov/28277740/,Maletis+increasedriskofrevisionafteranteriorcruciateligamentreconstr+2017,increasedriskofrevisionafteranteriorcruciateligamentreconstr+2017,"Increased Risk of Revision After Anterior Cruciate Ligament Reconstruction With Bone-Patellar Tendon-Bone Allografts Compared With Autografts Background: The use of allograft tissue for anterior cruciate ligament reconstruction (ACLR) remains controversial. Purpose: To compare the risk of aseptic revision between bone-patellar tendon-bone (BPTB) autografts and BPTB allografts. Study Design: Cohort study; Level of evidence, 2. Methods: A retrospective cohort study of prospectively collected data was conducted using the Kaiser Permanente ACLR Registry. A cohort of patients who underwent primary unilateral ACLR with BPTB autografts and BPTB allografts was identified. Aseptic revision was the endpoint. The type of graft and allograft processing method (nonprocessed, <1.8-Mrad, and 1.8-Mrad irradiation) were the exposures of interest evaluated. Age (21 and 22 years) was evaluated as an effect modifier. Analyses were adjusted for age, sex, and race. Kaplan-Meier curves and Cox proportional hazards models were employed. Hazard ratios (HRs) and 95% CIs are provided. Results: The BPTB cohort consisted of 5586 patients: 3783 (67.7%) were male, 2359 (42.2%) were white, 1029 (18.4%) had allografts (nonprocessed: 155; <1.8 Mrad: 525; 1.8 Mrad: 288), and 4557 (81.6%) had autografts. The median age was 34.9 years (interquartile range [IQR], 25.4-44.0) for allograft cases and 22.0 years (IQR, 17.6-30.0) for autograft cases. The estimated cumulative revision rate at 2 years was 4.1% (95% CI, 2.9%-5.9%) for allografts and 1.7% (95% CI, 1.3%-2.2%) for autografts. BPTB allografts had a significantly higher adjusted risk of revision than BPTB autografts (HR, 4.54; 95% CI, 3.03-6.79; P < .001). This higher risk of revision was consistent with all allograft processing methods when compared with autografts and was also consistently higher in patients with allografts regardless of age. Conclusion: When BPTB allograft tissue was used for ACLR, an overall 4.54 times adjusted higher risk of revision was observed compared with surgery performed with a BPTB autograft. Whether the tissue was irradiated with either high- or low-dose radiation, chemically processed, or not processed at all made little difference in the risk of revision. The differences in the revision risk were also consistent in younger and older patients. Surgeons and patients should be aware of the increased risk of revision when a BPTB allograft is used for ACLR."
677,989,100,Lu (2017),BPTB,"Lu C, Huang X",Lu,"The comparison of clinical efficacy of arthroscopic anterior cruciate ligament reconstruction via autologous bone-patellar tendon-bone, autologous hamstring tendon and allogeneic bone-patellar tendon-bone",thecomparisonofclinicalefficacyofarthroscopicanteriorcruciat,"Objective: To compare the clinical efficacy of anterior cruciate ligament (ACL) reconstruction via autologous bone-patellar tendon-bone (auBPB), autologous hamstring tendon (auHT) and allogeneic bone-patellar tendon-bone (alBPB) under arthroscope. Methods: One hundred and thirty four cases of patients who accepted ACL reconstruction in our hospital from December 2013 to January 2016 were randomly assigned to three groups: auBPB group (n=40), auHT group (n=59), alBPB group (n=35). The operative time, hospital days, postoperative fever time, Lysholm, Tegner and IKDC knee functional scores at the eighteenth month of follow-up, Lachman test results, pivot-shift test results and the incidence of adverse events of each group were observed and compared. Results: There was no significant difference in general conditions, injury time, stoller grade classification, Lysholm, Tegner and IKDC scores at the eighteenth month of follow-up, the results of Lachman test and pivot-shift test, postoperative average fever time, hospital days, the incidence of postoperative deep venous thrombosis and infection among three groups (all P>0.05). The operative time of alBPB group was significantly shorter than those of the other two groups (P<0.05). The anterior knee pain of auBPB group was significantly more than those of the other two groups (P=0.003 vs. auHT, P=0.029 vs. alBPB). Conclusion: All the reconstruction of ACL via auBPB, auHT and alBPB could achieve positive postoperative knee joint stability, but the incidence of postoperative anterior knee pain after reconstruction of ACL via auBPB was higher.",2017,English,INT J CLIN EXP MED,wos,,,,,Lu+thecomparisonofclinicalefficacyofarthroscopicanteriorcruciat+2017,thecomparisonofclinicalefficacyofarthroscopicanteriorcruciat+2017,"The comparison of clinical efficacy of arthroscopic anterior cruciate ligament reconstruction via autologous bone-patellar tendon-bone, autologous hamstring tendon and allogeneic bone-patellar tendon-bone Objective: To compare the clinical efficacy of anterior cruciate ligament (ACL) reconstruction via autologous bone-patellar tendon-bone (auBPB), autologous hamstring tendon (auHT) and allogeneic bone-patellar tendon-bone (alBPB) under arthroscope. Methods: One hundred and thirty four cases of patients who accepted ACL reconstruction in our hospital from December 2013 to January 2016 were randomly assigned to three groups: auBPB group (n=40), auHT group (n=59), alBPB group (n=35). The operative time, hospital days, postoperative fever time, Lysholm, Tegner and IKDC knee functional scores at the eighteenth month of follow-up, Lachman test results, pivot-shift test results and the incidence of adverse events of each group were observed and compared. Results: There was no significant difference in general conditions, injury time, stoller grade classification, Lysholm, Tegner and IKDC scores at the eighteenth month of follow-up, the results of Lachman test and pivot-shift test, postoperative average fever time, hospital days, the incidence of postoperative deep venous thrombosis and infection among three groups (all P>0.05). The operative time of alBPB group was significantly shorter than those of the other two groups (P<0.05). The anterior knee pain of auBPB group was significantly more than those of the other two groups (P=0.003 vs. auHT, P=0.029 vs. alBPB). Conclusion: All the reconstruction of ACL via auBPB, auHT and alBPB could achieve positive postoperative knee joint stability, but the incidence of postoperative anterior knee pain after reconstruction of ACL via auBPB was higher."
