,pmid,PubDate,EPubDate,Source,AuthorList,LastAuthor,Title,Volume,Issue,Pages,LangList,NlmUniqueID,ISSN,ESSN,PubTypeList,RecordStatus,PubStatus,ArticleIds,DOI,History,References,HasAbstract,PmcRefCount,FullJournalName,ELocationID,SO,abstract,year
0,41562143,2026 Jan 21,2026 Jan 21,Knee Surg Sports Traumatol Arthrosc,"['Vendrig T', 'Keizer MNJ', 'Brouwer RW', 'Houdijk H', 'Hoogeslag RAG']",Hoogeslag RAG,Similar dynamic tibiofemoral movements during jump-landing and walking but distinct hamstrings strength across ACL reconstruction autograft types at mid-term follow-up.,,,,['English'],9314730,0942-2056,1433-7347,['Journal Article'],PubMed - as supplied by publisher,aheadofprint,"['41562143', '10.1002/ksa.70275']",10.1002/ksa.70275,"['2025/12/08 00:00', '2025/10/13 00:00', '2025/12/17 00:00', '2026/01/21 06:30', '2026/01/21 06:30', '2026/01/21 05:13']",[],1,0,"Knee surgery, sports traumatology, arthroscopy : official journal of the ESSKA",doi: 10.1002/ksa.70275,2026 Jan 21;,"PURPOSE: Dynamic tibiofemoral movements following anterior cruciate ligament reconstruction (ACLR) with quadriceps tendon (QT) autografts have not yet been compared to other autografts. We aimed to compare dynamic anterior tibial translation (ATTd) and internal tibial rotation (ITRd) during jump-landing and walking among patients with QT, bone-patellar tendon-bone (BPTB) and hamstrings tendon (HT) autografts at mid-term follow-up. The secondary aim was to compare lower extremity strength among autografts. METHODS: Patients were included from a previous randomized controlled trial (randomly received primary ACLR with a QT, BPTB or HT autograft), and were prospectively assessed for additional analyses. Primary outcome measures were side-to-side differences in ATTd and ITRd during the side hop, single-leg hop for distance, triple hop for distance, double-leg drop-jump and walking, measured using 3D optoelectronic motion capture, and statistically analyzed using statistical parametric mapping. Moreover, isometric hamstrings and quadriceps strength limb symmetry index (LSI) were assessed using a dynamometer. RESULTS: Thirty patients were included at 4.7 +/- 1.8 years (range: 1.4-7.2) post-ACLR (n = 10 per autograft; age: 31.0 +/- 4.8 years). No significant between-group differences were observed for side-to-side difference in ATTd and ITRd during all dynamic tasks (p > 0.05). QT and BPTB autograft groups demonstrated greater isometric hamstrings strength LSI (QT = 98.4% vs. BPTB = 99.3% vs. HT = 79.0%; p = 0.02) and greater hamstrings/quadriceps strength ratio LSI (QT = 102.0% vs. BPTB = 104.6% vs. HT = 79.6%; p = 0.01) compared to the HT autograft, but quadriceps strength was similar among autografts. CONCLUSIONS: Patients who underwent ACLR with QT autografts demonstrated similar side-to-side differences in ATTd and ITRd compared to patients with BPTB and HT autografts 5 years post-ACLR, without demonstrating graft-harvest-related strength deficits, whereas patients with HT autografts showed persistent hamstrings weakness. Graft selection should consider persistent hamstrings strength deficits in patients with HT autografts, while ATTd and ITRd are not autograft-dependent. These findings support QT autografts as a viable option for ACLR. LEVEL OF EVIDENCE: Level II.",2026
1,41536854,2026 Mar,2025 Dec 20,Lancet Reg Health Eur,"['Sonnery-Cottet B', 'Carrozzo A', 'Poilvache H', 'Fayard JM', 'Freychet B', 'Thaunat M', 'Vieira TD', 'Saithna A', 'Santy Orthopedic Center Group']",Saithna A,Anterior cruciate ligament reconstruction combined with anterolateral ligament reconstruction using hamstring autograft versus anterior cruciate ligament reconstruction using bone-patellar tendon-bone autograft: a randomised controlled trial with 5-year follow-up.,62,,101561,['English'],101777707,,2666-7762,['Journal Article'],PubMed,,"['41536854', 'PMC12796003', 'pmc-id: PMC12796003;', '10.1016/j.lanepe.2025.101561', 'S2666-7762(25)00353-9']",10.1016/j.lanepe.2025.101561,"['2025/07/18 00:00', '2025/10/31 00:00', '2025/11/26 00:00', '2026/01/15 07:56', '2026/01/15 07:55', '2026/01/15 04:31', '2025/12/20 00:00']",[],1,42,The Lancet regional health. Europe,doi: 10.1016/j.lanepe.2025.101561,2026 Mar;62:101561,"BACKGROUND: Anterior Cruciate Ligament (ACL) rupture is common knee injury. Although ACL reconstruction (ACLR) is standard, graft failure rates remain high in young active patients. This study investigated whether combining ACLR with anterolateral ligament (ALL) reconstruction (ALLR) reduces grafts failure compared with ACLR. METHODS: In this prospective, single-centre, randomised controlled trial conducted at the Santy Orthopedic Center in Lyon, France, patients aged 18-35 years with symptomatic ACL rupture were randomly allocated (1:1) to ACL + ALL reconstruction using hamstring tendon autograft (ACLR + ALLR) or ACLR with bone-patellar tendon-bone autograft (ACLR). Randomisation was performed with a block size of four using telematic software by an independent study coordinator, with concealed allocation. Surgeons were informed of the assigned procedure on the morning of surgery. Outcome assessors were not blinded. The primary outcome was graft failure at 5 years, assessed clinically and by magnetic resonance imaging (MRI) by an independent sports medicine physicians not involved in the index surgery. Efficacy analyses were performed on the Full Analysis Set in accordance with the intention-to-treat principle, while safety analyses were conducted on the Safety Set. Trial registration: ClinicalTrials.gov, ID NCT03740022. The trial has been completed. FINDINGS: Between November 11, 2016, and January 20, 2020, 593 patients were randomized (297 assigned to ACLR + ALLR and 296 to ACLR). The mean age was 25.0 years (SD 4.5); 447 (75%) participants were male and 146 (25%) female. Of these 593 patients, 556 (94%) completed a mean 5-year follow-up. Graft failure occurred in 12/283 (4.2%) with ACLR + ALLR versus 28/273 (10.3%) with ACLR (p = 0.006; adjusted odds ratio 2.54 [95% CI 1.27; 5.36]-p = 0.008). The number needed to treat was 17 overall, and 9 in patients younger than 25 years. INTERPRETATION: In our study of young, active adults with ACL rupture, who are considered high-risk for graft failure, combining ACL reconstruction with anterolateral ligament reconstruction (ACLR + ALLR) significantly decreased graft failure compared with ACLR. These results suggest that ACLR + ALLR might be beneficial for young or highly active individuals and provide a basis for future research to refine patient selection, evaluate long-term outcomes beyond five years, and explore benefits in other subgroups of patients with ACL injuries. FUNDING: GCS Ramsay Sante pour l'Enseignement et la Recherche funds the scientific activity at the Santy center.",2026
2,41522461,2026 Jan,2026 Jan 8,Orthop J Sports Med,"['Johns WL', 'Voskeridjian A', 'Miltenberg B', 'Muchintala R', 'Dodson CC', 'Cohen SB', 'Salvo J', 'Sherman M', 'Ciccotti MG', 'Hammoud S']",Hammoud S,"Regional Anesthesia Utilizing Liposomal Bupivacaine, With or Without Dexamethasone, Provides Excellent Pain Control and Minimizes Opioid Consumption Following Anterior Cruciate Ligament Reconstruction.",14,1,23259671251401596,['English'],101620522,2325-9671,2325-9671,['Journal Article'],PubMed,,"['41522461', 'PMC12783584', 'pmc-id: PMC12783584;', '10.1177/23259671251401596', '10.1177_23259671251401596']",10.1177/23259671251401596,"['2025/10/23 00:00', '2025/10/28 00:00', '2026/01/12 06:30', '2026/01/12 06:29', '2026/01/12 05:37', '2026/01/08 00:00']",[],1,42,Orthopaedic journal of sports medicine,doi: 10.1177/23259671251401596,2026 Jan;14(1):23259671251401596,"BACKGROUND: Perioperative nerve blocks are commonly used for regional analgesia with anterior cruciate ligament (ACL) reconstruction (ACLR). Liposomal bupivacaine (LB) is a long-acting anesthetic agent providing up to 72 hours of nerve blockade. It is theorized that the addition of dexamethasone to LB (LB+dex) may prolong the analgesic duration. PURPOSE: To characterize pain control and opioid consumption with adductor canal block (ACB), interspace between the popliteal artery and capsule of the posterior knee (iPACK), and suprasartorial infiltration (SSI) regional anesthetic techniques utilizing LB after ACLR and to compare LB versus LB+dex. STUDY DESIGN: Randomized controlled trial; Level of evidence, 1. METHODS: Patients undergoing primary ACLR using bone-patellar tendon-bone or quadriceps tendon autograft were included. All patients received an ACB, iPACK, and SSI preoperatively. Patients were randomized to receive either LB or LB+dex for their anesthetic agent. Opioid consumption, visual analog scale (VAS) scores, pain control satisfaction, and duration of block effect were recorded postoperatively. RESULTS: A total of 131 patients were included in the analysis. The mean opioid consumption for all patients was 1.20 +/- 2.42 five-mg oxycodone tablets (8.97 +/- 18.12 morphine milliequivalents [MME]). We did not observe a significant difference in oxycodone consumption between cohorts during the study period (1.42 +/- 2.92 vs 0.97 +/- 1.91; 10.65 +/- 21.90 MME vs 7.28 +/- 14.33 MME; P = .76). An estimated 95.2% of opioids prescribed went unused and 77.1% (101/131) of patients consumed no opioids. There was no significant difference in VAS score, patient satisfaction, or duration of block effect between cohorts. CONCLUSION: A single shot of LB with or without dexamethasone via ACB, SSI, and iPACK block provided excellent pain control and minimized opioid consumption after autograft ACLR. Nearly 80% of patients did not require opioids postoperatively, making opioid-free ACLR a realistic possibility for many patients. When narcotics were required, the dose of opioids was minimal; patients required 1.2 tablets of oxycodone on average, and >95% of the opioids prescribed went unused. Despite previous reports suggesting a prolonged duration of anesthetic effect when LB is combined with dexamethasone, we found no difference in opioid consumption, VAS score, patient satisfaction, or duration of block effect when patients received dexamethasone with their regional block. The utilization of regional anesthetic techniques such as ACB, SSI, and iPACK blocks in conjunction with LB-based anesthetics could allow providers to curtail or potentially eliminate opioid prescriptions after ACL surgery. REGISTRATION: NCT06006624 (ClinicalTrials.gov identifier).",2026
3,40308075,2025 May,2025 May 1,Am J Sports Med,"['Rao N', 'Triana J', 'Avila A', 'Campbell KA', 'Alaia MJ', 'Jazrawi LM', 'Furiguele D', 'Popovic J', 'Strauss EJ']",Strauss EJ,Postoperative Pain and Opioid Usage With Combined Adductor Canal and IPACK Block Versus Isolated Adductor Canal Block After Anterior Cruciate Ligament Reconstruction With a Bone-Patellar Tendon-Bone Autograft: A Single-Center Randomized Controlled Trial.,53,6,1359-1367,['English'],7609541,0363-5465,1552-3365,"['Clinical Trial, Phase IV', 'Comparative Study', 'Journal Article', 'Randomized Controlled Trial']",PubMed - indexed for MEDLINE,ppublish+epublish,"['40308075', '10.1177/03635465251328609']",10.1177/03635465251328609,"['2025/05/01 06:28', '2025/05/01 06:27', '2025/05/01 03:03']",[],1,0,The American journal of sports medicine,doi: 10.1177/03635465251328609,2025 May;53(6):1359-1367,"BACKGROUND: Efforts to decrease pain, improve early rehabilitation, and reduce opioid consumption have prompted a focus on peripheral nerve blocks for pain management after anterior cruciate ligament reconstruction (ACLR). The commonly used adductor canal block (ACB) might not provide sufficient postoperative pain control because of its lack of coverage of the posterior aspect of the knee. The addition of the IPACK (interspace between the popliteal artery and the capsule of the posterior knee) block, which targets this area, to the standard ACB could potentially provide better pain control after ACLR over the current standard of care. PURPOSE/HYPOTHESIS: The purpose of this study was to compare and analyze postoperative pain, satisfaction, and opioid demand between the standard ACB and a combination of an ACB and IPACK block in patients undergoing ACLR with a bone-patellar tendon-bone (BTB) autograft. It was hypothesized was that the addition of the IPACK block would substantially improve early postoperative pain control and minimize opioid use. STUDY DESIGN: Randomized controlled trial; Level of evidence, 2. METHODS: A total of 102 patients undergoing ACLR with a BTB autograft at a single institution were recruited. Patients were randomly assigned to receive either the ACB alone or the ACB plus IPACK block. Patients were contacted at 24 hours (postoperative day [POD] 1), 48 hours (POD 2), 72 hours (POD 3), and 1 week to assess postoperative pain scores, opioid consumption, and satisfaction with their postoperative pain control. Intergroup comparative analysis was performed using a t test or nonparametric test for continuous variables and the chi-square test for categorical variables. Opioid usage was reported as morphine milligram equivalents (MME). RESULTS: The final analysis included 96 patients, with 47 in the control group (ACB) who received only the ACB and 49 in the experimental group (IPACK) who received the ACB and an additional IPACK block. The cohort was composed of 60.4% male patients with a mean age of 28.40 +/- 7.51 years (range, 18-55 years) and a mean body mass index of 25.67 +/- 4.84 kg/m(2). There were no statistically significant differences between the groups with respect to age, body mass index, or sex (P > .05). Patients in the IPACK group reported significantly lower opioid usage than those in the ACB group on POD 1 (mean, 6.1 [interquartile range (IQR), 4.5-7.7] vs 10.7 [IQR, 8.6-13.0] MME, respectively; P < .001), POD 2 (mean, 7.3 [IQR, 5.2-9.5] vs 12.5 [IQR, 10.0-15.0] MME, respectively; P = .001), and POD 3 (mean, 4.2 [IQR, 2.8-5.5] vs 9.4 [IQR, 7.1-12.0] MME, respectively; P < .001). The visual analog scale for pain score on POD 1 (mean, 67.7 [IQR, 62.0-73.0] vs 55.2 [IQR, 48.0-63.0], respectively; P = .024) and POD 3 (mean, 54.9 [IQR, 48.0-63.0] vs 44.4 [IQR, 37.0-51.0], respectively; P = .037) was statistically higher in the ACB group compared with the IPACK group. On POD 1, patient satisfaction was higher in the IPACK group than in the ACB group (mean, 7.3 [IQR, 6.6-8.0] vs 5.6 [IQR, 4.8-6.4], respectively; P = .001). No statistically significant differences were observed between groups on POD 7. On regression analysis, IPACK block (beta = -13.0; P = .03) and male sex (beta = -9.9; P = .024) were significant negative predictors for opioid use on POD 1. The association of reduced opioid use in the IPACK group persisted on POD 2 (beta = -12.0; P = .019) and POD 3 (beta = -15.0; P < .001). CONCLUSION: The results of this study suggest that the addition of an IPACK block to an ACB leads to reduced opioid consumption, improved pain control, and higher satisfaction with pain control acutely after ACLR with a BTB autograft. REGISTRATION: NCT05286307 (ClinicalTrials.gov).",2025
4,40052176,2025 Mar,2025 Mar 4,Orthop J Sports Med,"['Breker AN', 'Badger GJ', 'Kiapour AM', 'Costa MQ', 'Fleming EN', 'Ferrara SL', 'Chrostek CA', 'Fadale PD', 'Hulstyn MJ', 'Shalvoy RM', 'Gil HC', 'Fleming BC']",Fleming BC,Effect of Initial Graft Tension on Knee Osteoarthritis Outcomes After ACL Reconstruction: A Randomized Controlled Clinical Trial With 15-Year Follow-up.,13,3,23259671251320972,['English'],101620522,2325-9671,2325-9671,['Journal Article'],PubMed,,"['40052176', 'PMC11881935', 'pmc-id: PMC11881935;', '10.1177/23259671251320972', '10.1177_23259671251320972']",10.1177/23259671251320972,"['2024/09/18 00:00', '2024/10/09 00:00', '2025/03/07 10:51', '2025/03/07 10:50', '2025/03/07 04:26', '2025/03/04 00:00']",[],1,56,Orthopaedic journal of sports medicine,doi: 10.1177/23259671251320972,2025 Mar;13(3):23259671251320972,"BACKGROUND: The graft tension applied during anterior cruciate ligament (ACL) graft fixation (subsequently referred to as initial graft tension) could potentiate posttraumatic osteoarthritis (PTOA) and influence other outcomes. PURPOSE/HYPOTHESIS: The purpose of this study was to analyze the effects of initial graft tension on imaging and patient-reported outcomes related to PTOA 15 years postreconstruction surgery. Clinical and functional outcomes were also assessed. It was hypothesized that (1) the high-tension group would have improved imaging findings and outcomes compared with the low-tension group at 15-year follow-up and (2) the imaging findings and outcomes for the high-tension group would be equivalent to the sex-, race-, age-, and activity level matched control group. STUDY DESIGN: Randomized controlled trial; Level of evidence, 1. METHODS: Consented patients underwent ACL reconstruction (ACLR) with bone-patellar tendon-bone or a 4-strand hamstring tendon autograft. A matched uninjured control group was assembled for comparison. Two laxity-based tensioning procedures were randomized: (1) tension set to restore normal anteroposterior (AP) laxity at time of surgery relative to the contralateral uninjured knee (low-tension group) or (2) tension set to overconstrain AP laxity at time of surgery relative to the contralateral knee (high-tension group). Baseline outcome measures, radiographs, and magnetic resonance imaging (MRI) scans were collected prior to surgery and at 15 years postoperatively. RESULTS: For medial joint space width, the differences between limbs across the 3 groups were not significant. Within the tension groups, the Whole Organ MRI Score was significantly higher in the surgical knee relative to the contralateral knee in both groups, while the Osteoarthritis Research Society International radiographic scores were higher in the surgical knee in the low-tension group only. A total of 43% of patients in both tension groups met the Knee injury and Osteoarthritis Outcome Score composite criteria for a symptomatic knee compared with controls (10%; P = .01). Most other outcomes, including AP laxity, International Knee Documentation Committee knee examination score, and single-leg hop test were not significantly different between the 3 groups. CONCLUSION: The results do not support the hypotheses that patients in the high-tension group would have better chondroprotection compared with the low-tension group and have equivalent outcomes with the matched controls. Overall, the results show that patients undergoing ACLR are more likely to develop PTOA and display inferior outcomes compared with the uninjured matched control group, regardless of graft tension.",2025
5,39982035,2025 Feb 19,2025 Feb 19,Clin Orthop Relat Res,"['Kim MS', 'Choi KY', 'Na JW', 'In Y']",In Y,Bicruciate-stabilized TKA Does Not Result in Improved Patient-reported Outcomes Compared With Posterior-stabilized TKA: A Randomized Controlled Trial in Bilateral Simultaneous TKA.,483,8,1456-1468,['English'],0075674,0009-921X,1528-1132,"['Journal Article', 'Randomized Controlled Trial', 'Comparative Study']",PubMed - indexed for MEDLINE,epublish,"['39982035', 'PMC12266895', 'pmc-id: PMC12266895;embargo-date: 2026/08/01;', '10.1097/CORR.0000000000003423', '00003086-990000000-01915']",10.1097/CORR.0000000000003423,"['2024/09/25 00:00', '2025/01/28 00:00', '2026/08/01 00:00', '2025/07/30 18:28', '2025/02/21 12:22', '2025/02/21 08:43']",['doi: 10.1097/CORR.0000000000003480'],1,42,Clinical orthopaedics and related research,doi: 10.1097/CORR.0000000000003423,2025 Feb 19;483(8):1456-1468,"BACKGROUND: Traditional posterior-stabilized implants use a cam-post mechanism as a substitute for the PCL, aiming to enhance stability and ROM. Bicruciate-stabilized TKA has been developed to mimic the function of both the ACL and PCL using a dual-cam mechanism. Despite these theoretical advantages, improvements in actual clinical and functional outcomes of bicruciate-stabilized implants compared with posterior-stabilized implants, if any, remain unproven. QUESTIONS/PURPOSES: (1) Does bicruciate-stabilized TKA result in improved posterior offset ratio and patellar tendon angle (AP position and translation of the femur in relation to sagittal plane parameters) compared with posterior-stabilized TKA? (2) Are postoperative patient-reported outcomes (PROs) superior in knees treated with bicruciate-stabilized TKA than those treated with posterior-stabilized TKA? METHODS: A prospective, single-center, patient-blinded, parallel-group randomized controlled trial was performed in 50 patients (100 knees) undergoing simultaneous bilateral TKA for primary osteoarthritis between November 2019 and April 2020. All patients underwent same-day bilateral TKAs using a bicruciate-stabilized implant (bicruciate-stabilized group) in one knee and a posterior-stabilized implant (posterior-stabilized group) in the other. Fifty patients were screened and enrolled, but two patients were lost to follow-up, so 48 patients (96 knees) were analyzed. The mean +/- SD patient age was 75 +/- 6 years, and 96% (46) of patients were women. Preoperatively, there were no between-group differences in terms of clinical parameters, including ROM, hip-knee-ankle angle, Knee Society Score (KSS), and WOMAC score. Radiographic measurements, including the posterior offset ratio, patellar tendon angle, joint line orientation angle, and static AP laxity, were obtained at 2 years postoperatively. Also at 2 years postoperatively, PROs were compared using the KSS, WOMAC score, and Forgotten Joint score (FJS); in addition, patients were asked which knee was their ""preferred"" knee. To address the challenge of evaluating PROs for a single patient with bilateral TKA, patients were instructed to independently evaluate each knee while performing daily activities, including distance walked and stair climbing, based on their subjective perception of comfort and functionality in each knee. RESULTS: The radiographic results showed that at 2 years, knees treated with the bicruciate-stabilized device had greater patellar tendon angles than those treated with the posterior-stabilized device (patellar tendon angle: 15 degrees  +/- 4 degrees  versus 9 degrees  +/- 4 degrees ; mean difference -6 degrees  [95% confidence interval (CI) -7 degrees  to -5 degrees ]; p < 0.001). The knees treated with the bicruciate-stabilized device had a smaller posterior offset ratio than those treated with the posterior-stabilized device (5% +/- 4% versus 18% +/- 4%, mean difference 13% [95% CI 11% to 15%]; p < 0.001). The increase in posterior offset ratio was less in the bicruciate-stabilized group compared with the posterior-stabilized group (1% +/- 12% versus 14% +/- 12%, mean difference 13% [95% CI 11% to 15%]; p < 0.001). The decrease in patellar tendon angle was less in the bicruciate-stabilized group compared with the posterior-stabilized group (patellar tendon angle: 1 degrees  +/- 6 degrees  versus 7 degrees  +/- 5 degrees , mean difference 6 degrees  [95% CI 4 degrees  to 7 degrees ]; p < 0.001). There were no differences in 2-year PROs, including the KSS and WOMAC, in the bicruciate-stabilized and posterior-stabilized groups (KSS: 145 +/- 23 versus 144 +/- 24, mean difference -1 [95% CI -5 to 3]; p = 0.57, WOMAC: 28 +/- 13 versus 30 +/- 17, mean difference 2 [95% CI -1 to 6]; p = 0.21). Likewise, the FJS did not differ between groups (51 +/- 20 in the bicruciate-stabilized group versus 50 +/- 22 in the posterior-stabilized group, mean difference -1 [95% CI -5 to 2]; p = 0.44), reflecting an absence of differences between implant designs in terms of patient awareness of the knee. Additionally, at 2 years, 35% (17) of patients preferred the knee treated with the bicruciate-stabilized device whereas 25% (12) of patients preferred the knee treated with the posterior-stabilized device (p = 0.54). Thus, the patients did not express a clear preference for either device. CONCLUSION: Although the bicruciate-stabilized implant demonstrated better replication of static radiographic implant positions, these findings did not translate into superior PROs compared with the posterior-stabilized TKA. Until or unless further well-designed RCTs substantiate the superiority of bicruciate-stabilized TKA in terms of endpoints that patients can perceive (such as pain, function, or implant longevity), we recommend against the wide adoption of this device in clinical practice. LEVEL OF EVIDENCE: Level Ⅰ, therapeutic study.",2025
6,39886263,2025 Jan,2025 Jan 29,Orthop J Sports Med,"['Lucidi GA', 'Agostinone P', 'Di Paolo S', 'Dal Fabbro G', 'Serra M', 'Viotto M', 'Grassi A', 'Zaffagnini S']",Zaffagnini S,Long-term Outcomes After Anterior Cruciate Ligament Reconstruction With 3 Different Surgical Techniques: A Prospective Randomized Clinical and Radiographic Evaluation at a Minimum of 20 Years' Follow-up.,13,1,23259671241302348,['English'],101620522,2325-9671,2325-9671,['Journal Article'],PubMed,,"['39886263', 'PMC11780662', 'pmc-id: PMC11780662;', '10.1177/23259671241302348', '10.1177_23259671241302348']",10.1177/23259671241302348,"['2024/05/22 00:00', '2024/05/23 00:00', '2025/01/31 06:18', '2025/01/31 06:17', '2025/01/31 04:30', '2025/01/29 00:00']",['Orthop J Sports Med. 2025 Sep 30;13(9):23259671251385668. doi: 10.1177/23259671251385668. PMID: 41040974'],1,36,Orthopaedic journal of sports medicine,doi: 10.1177/23259671241302348,2025 Jan;13(1):23259671241302348,"BACKGROUND: In recent years, lateral extra-articular tenodesis (LET) has been shown to be promising in reducing the graft failure rate at short-term follow-up. However, there is a lack of studies investigating the incidence of complications and lateral osteoarthritis (OA) after this procedure, and only a few studies have reported long-term results after anterior cruciate ligament (ACL) reconstruction. PURPOSE/HYPOTHESIS: This study aimed to compare the failure rate, clinical outcomes, and OA incidence of 3 different ACL reconstruction techniques: single-bundle quadrupled hamstring tendon (HT), bone-patellar tendon-bone (BPTB), and over-the-top HT plus LET (HT + LET). The authors hypothesized that the 3 techniques would have comparable clinical and radiographic outcomes at long-term follow-up. STUDY DESIGN: Randomized controlled trial; Level of evidence, 1. METHODS: A total of 75 patients were included in this prospective study and randomized to undergo 1 of 3 ACL reconstruction techniques. At the last follow-up (minimum of 20 years), patient-reported outcome measure (PROM) scores, complications, and reoperations were collected, and an objective clinical evaluation was performed, including the measurement of anteroposterior (AP) laxity using an arthrometer and the quantification of the pivot shift (PS) using a triaxial accelerometer. Clinical failure was considered in patients with evidence of a graft rupture or those with a side-to-side difference in AP laxity >5 mm or with a side-to-side difference in the PS >1.5 mm/s(2). At the last follow-up, patients also underwent a radiographic evaluation to assess the incidence of tibiofemoral and patellofemoral OA. RESULTS: PROM scores were collected from 61 patients (81%) at a mean follow-up of 23.0 +/- 1.1 years. Of the 75 patients, 37 (49%) completed the clinical evaluation, and 35 (47%) had radiographs obtained. Regarding the PROMs, the HT + LET group showed a slightly higher Tegner score than the BPTB group (P = .023). All other PROM scores were not significantly different between groups. The revision and clinical failure rates were 16% and 37%, respectively, for the BPTB group, 10% and 25%, respectively, for the HT group, and 5% and 19%, respectively, for the HT + LET group, with no statistical difference between the groups. The side-to-side difference in AP laxity was lower in the BPTB group than in the HT group (P = .049). The BPTB group showed a higher patellofemoral OA rate than the HT + LET group (P = .029). There was no difference in the incidence of lateral OA between the 3 techniques. CONCLUSION: The 3 different surgical techniques achieved satisfactory clinical outcomes after ACL reconstruction at long-term follow-up. However, the BPTB group was associated with an increased incidence of patellofemoral OA. Also, the HT + LET group was associated with a slightly increased Tegner score at long-term follow-up, but there was no evidence of an increased risk of lateral OA for the HT + LET group.",2025
7,39221503,2024 Sep,2024 Sep 2,Am J Sports Med,"['Popovic M', 'Myhre JR', 'Holen JIH', 'Gifstad T', 'Strand IL', 'Strand T', 'Mo IF', 'Fischer-Bredenbeck C', 'Drogset JO']",Drogset JO,Reduced Knee Flexion Strength 18 Years After ACL Reconstruction With Hamstring Tendon Versus Patellar Tendon.,52,11,2750-2757,['English'],7609541,0363-5465,1552-3365,"['Journal Article', 'Randomized Controlled Trial', 'Comparative Study', 'Multicenter Study']",PubMed - indexed for MEDLINE,ppublish+epublish,"['39221503', '10.1177/03635465241271524']",10.1177/03635465241271524,"['2024/09/14 15:46', '2024/09/02 08:45', '2024/09/02 05:34']",[],1,0,The American journal of sports medicine,doi: 10.1177/03635465241271524,2024 Sep;52(11):2750-2757,"BACKGROUND: Bone-patellar tendon-bone (BPTB) and double-looped semitendinosus and gracilis (hamstring) grafts are commonly used for anterior cruciate ligament (ACL) reconstruction. Short-term and midterm studies show little or no differences between the 2 grafts; however, there are only a few long-term studies to compare results between the 2 grafts. PURPOSE: To compare the results after using either BPTB grafts or hamstring tendon grafts 18 years after ACL reconstruction. STUDY DESIGN: Randomized controlled trial; Level of evidence 2. METHODS: A total of 114 patients with ACL rupture between 2001 and 2004 were randomized to reconstruction with either a BPTB graft or a hamstring tendon graft. Patients were operated on at 4 major hospitals. The 18-year follow-up evaluation included anterior knee laxity measured with a KT-1000 arthrometer, defined as the primary outcome, while clinical examination (Lachman and pivot-shift tests), isokinetic testing of muscle strength, patient-reported outcome measures, and an assessment of radiographic osteoarthritis using the Kellgren-Lawrence classification were defined as secondary outcomes. RESULTS: A total of 96 patients (84%, 47 BPTB and 49 hamstring grafts) were available for follow-up, 71 of these for clinical examination. Seven of 96 patients were excluded for ACL revision (n = 5) or knee replacement (n = 2) surgery. In total, 25 patients (10 BPTB and 15 hamstring grafts) had undergone additional surgery other than ACL revision or total knee arthroplasty. There were no significant differences between the groups in terms of anterior laxity test with KT-1000 arthrometer (primary outcome). In secondary outcomes, no significant differences between groups were reported regarding clinical examination, patient-reported outcome scores, or radiographic osteoarthritis (Kellgren-Lawrence grade 2-4 for patellofemoral joint [18 hamstring and 14 BPTB] or tibiofemoral joint [20 hamstring and 19 BPTB]), while isokinetic testing revealed that the hamstring group had a 10.7% reduction in mean peak flexion torque compared with the BPTB group at 60 deg/s (df = 59; P = .011). At 60 deg/s the mean total flexion work in the hamstring group was reduced by 17.2% compared with the BPTB group (df = 59; P = .002). CONCLUSION: The flexion strength in the hamstring group was significantly reduced in the operated knee after 18 years. There were no significant differences between the groups regarding subjective outcomes, patient-reported outcomes, range of motion, clinical and instrumented knee laxity, and the development of osteoarthritis. REGISTRATION: NCT05876013 (ClinicalTrials.gov identifier).",2024
8,39194385,2025 Apr,2024 Aug 28,Knee Surg Sports Traumatol Arthrosc,"['Martorell-de Fortuny L', 'Torres-Claramunt R', 'Sánchez-Soler JF', 'Perelli S', 'Hinarejos P', 'Monllau JC']",Monllau JC,Patellar bone defect grafting does not reduce anterior knee pain after bone-patellar tendon-bone anterior cruciate ligament reconstruction.,33,4,1299-1307,['English'],9314730,0942-2056,1433-7347,"['Journal Article', 'Randomized Controlled Trial']",PubMed - indexed for MEDLINE,ppublish+epublish,"['39194385', '10.1002/ksa.12449']",10.1002/ksa.12449,"['2024/08/04 00:00', '2024/05/15 00:00', '2024/08/04 00:00', '2025/03/27 06:28', '2024/08/28 12:42', '2024/08/28 09:54']",[],1,0,"Knee surgery, sports traumatology, arthroscopy : official journal of the ESSKA",doi: 10.1002/ksa.12449,2025 Apr;33(4):1299-1307,"PURPOSE: Donor site morbidity is the main drawback to using bone-patellar tendon-bone (BPTB) as a graft in anterior cruciate ligament (ACL) reconstruction. The objective of the study was to determine whether refilling the patellar bone defect after BPTB harvesting with autograft bone decreased kneeling pain to a greater degree when compared with a group in which bone defect is left unaddressed. METHODS: This is a randomised single-blinded controlled study. Forty patients were randomised into two groups; group 1: Patellar bone defect filled with autologous bone; group 2: Bone defect left undressed. Pain was measured by means of pressure algometry (PA). Functional outcomes were measured with the Kujala and Victorian Institute of Sport Assessment-Patella (VISA-P) score. Magnetic resonance imaging (MRI) was done to measure bone buildup between groups at the 1-year follow-up. RESULTS: No differences were observed in the different algometry measurements and the scores were assessed at 3, 6 and 12 months postoperatively. The ratio of void filled remained consistently higher (p = 0.003) in group 1 when compared to group 2. CONCLUSIONS: Although refilling the lower pole of the patella with autologous bone from the harvested BPTB autograft loads the bone defect, it does not reduce pain at the donor site 1 year after surgery. LEVEL OF EVIDENCE: Level 1, therapeutic study.",2025
9,38226736,2024 Feb,2024 Jan 7,Knee Surg Sports Traumatol Arthrosc,"['Martin RK', 'Marmura H', 'Wastvedt S', 'Pareek A', 'Persson A', 'Moatshe G', 'Bryant D', 'Wolfson J', 'Engebretsen L', 'Getgood A']",Getgood A,External validation of the Norwegian anterior cruciate ligament reconstruction revision prediction model using patients from the STABILITY 1 Trial.,32,2,206-213,['English'],9314730,0942-2056,1433-7347,"['Randomized Controlled Trial', 'Journal Article']",PubMed - indexed for MEDLINE,ppublish+epublish,"['38226736', '10.1002/ksa.12031']",10.1002/ksa.12031,"['2023/11/10 00:00', '2023/09/14 00:00', '2023/12/05 00:00', '2024/02/11 16:43', '2024/01/16 13:42', '2024/01/16 08:34']",[],1,0,"Knee surgery, sports traumatology, arthroscopy : official journal of the ESSKA",doi: 10.1002/ksa.12031,2024 Feb;32(2):206-213,"PURPOSE: A machine learning-based anterior cruciate ligament (ACL) revision prediction model has been developed using Norwegian Knee Ligament Register (NKLR) data, but lacks external validation outside Scandinavia. This study aimed to assess the external validity of the NKLR model (https://swastvedt.shinyapps.io/calculator_rev/) using the STABILITY 1 randomized clinical trial (RCT) data set. The hypothesis was that model performance would be similar. METHODS: The NKLR Cox Lasso model was selected for external validation owing to its superior performance in the original study. STABILITY 1 patients with all five predictors required by the Cox Lasso model were included. The STABILITY 1 RCT was a prospective study which randomized patients to receive either a hamstring tendon autograft (HT) alone or HT plus a lateral extra-articular tenodesis (LET). Since all patients in the STABILITY 1 trial received HT +/- LET, three configurations were tested: 1: all patients coded as HT, 2: HT + LET group coded as bone-patellar tendon-bone (BPTB) autograft, 3: HT + LET group coded as unknown/other graft choice. Model performance was assessed via concordance and calibration. RESULTS: In total, 591/618 (95.6%) STABILITY 1 patients were eligible for inclusion, with 39 undergoing revisions within 2 years (6.6%). Model performance was best when patients receiving HT + LET were coded as BPTB. Concordance was similar to the original NKLR prediction model for 1- and 2-year revision prediction (STABILITY: 0.71; NKLR: 0.68-0.69). Concordance 95% confidence interval (CI) ranged from 0.63 to 0.79. The model was well calibrated for 1-year prediction while the 2-year prediction demonstrated evidence of miscalibration. CONCLUSION: When patients in STABILITY 1 who received HT + LET were coded as BPTB in the NKLR prediction model, concordance was similar to the index study. However, due to a wide 95% CI, the true performance of the prediction model with this Canadian and European cohort is unclear and a larger data set is required to definitively determine the external validity. Further, better calibration for 1-year predictions aligns with general prediction modelling challenges over longer periods. While not a large enough sample size to elicit the true accuracy and external validity of the prediction model when applied to North American patients, this analysis provides more support for the notion that HT plus LET performs similarly to BPTB reconstruction. In addition, despite the wide confidence interval, this study suggests optimism regarding the accuracy of the model when applied outside of Scandinavia. LEVEL OF EVIDENCE: Level 3, cohort study.",2024
10,38021297,2023 Nov,2023 Nov 17,Orthop J Sports Med,"['Anz AW', 'Jordan SE', 'Ostrander RV 3rd', 'Branch EA', 'Denney TS', 'Cohen A', 'Andrews JR']",Andrews JR,Augmentation of ACL Autograft Reconstruction With an Amnion Collagen Matrix Wrap and Bone Marrow Aspirate Concentrate: A Pilot Randomized Controlled Trial With 2-Year Follow-up.,11,11,23259671231210035,['English'],101620522,2325-9671,2325-9671,['Journal Article'],PubMed,,"['38021297', 'PMC10656805', 'pmc-id: PMC10656805;', '10.1177/23259671231210035', '10.1177_23259671231210035']",10.1177/23259671231210035,"['2023/05/22 00:00', '2023/06/06 00:00', '2023/11/29 18:43', '2023/11/29 18:42', '2023/11/29 15:02', '2023/11/17 00:00']",[],1,36,Orthopaedic journal of sports medicine,doi: 10.1177/23259671231210035,2023 Nov;11(11):23259671231210035,"BACKGROUND: It is theorized that the lack of a synovial lining after anterior cruciate ligament (ACL) injury and ACL reconstruction (ACLR) contributes to slow ligamentization and possible graft failure. Whether graft maturation and incorporation can be improved with the use of a scaffold requires investigation. PURPOSE: To evaluate the safety and efficacy of wrapping an ACL autograft with an amnion collagen matrix and injecting bone marrow aspirate concentrate (BMAC), quantify the cellular content of the BMAC samples, and assess 2-year postoperative patient-reported outcomes. STUDY DESIGN: Randomized controlled trial; Level of evidence, 2. METHODS: A total of 40 patients aged 18 to 35 years who were scheduled to undergo ACLR were enrolled in a prospective single-blinded randomized controlled trial with 2 arms based on graft type: bone-patellar tendon-bone (BTB; n = 20) or hamstring (HS; n = 20). Participants in each arm were randomized into a control group who underwent standard ACLR or an intervention group who had their grafts wrapped with an amnion collagen matrix during graft preparation, after which BMAC was injected under the wrap layers after implantation. Postoperative magnetic resonance imaging (MRI) mapping/processing yielded mean T2* relaxation time and graft volume values at 3, 6, 9, and 12 months. Participants completed the Single Assessment Numeric Evaluation Score, Knee injury and Osteoarthritis Outcome Score, and pain visual analog scale. Statistical linear mixed-effects models were used to quantify the effects over time and the differences between the control and intervention groups. Adverse events were also recorded. RESULTS: No significant differences were found at any time point between the intervention and control groups for BTB T2* (95% CI, -1.89 to 0.63; P = .31), BTB graft volume (95% CI, -606 to 876.1; P = .71), HS T2* (95% CI, -2.17 to 0.39; P = .162), or HS graft volume (95% CI, -11,141.1 to 351.5; P = .28). No significant differences were observed between the intervention and control groups of either graft type on any patient-reported outcome measure. No adverse events were reported after a 2-year follow-up. CONCLUSION: In this pilot study, wrapping a graft with an amnion collagen matrix and injecting BMAC appeared safe. MRI T2* values and graft volume of the augmented ACL graft were not significantly different from that of controls, suggesting that the intervention did not result in improved graft maturation. REGISTRATION: NCT03294759 (ClinicalTrials.gov identifier).",2023
11,37893482,2023 Oct 3,2023 Oct 3,Medicina (Kaunas),"['Obradović M', 'Ninković S', 'Gvozdenović N', 'Tošić M', 'Milinkov M', 'Dulić O']",Dulić O,Tubularization of Bone-Tendon-Bone Grafts: Effects on Mechanical Strength and Postoperative Knee Stability in Anterior Cruciate Ligament Reconstruction.,59,10,,['English'],9425208,1010-660X,1648-9144,"['Randomized Controlled Trial', 'Journal Article']",PubMed - indexed for MEDLINE,epublish,"['37893482', 'PMC10608507', 'pmc-id: PMC10608507;', '10.3390/medicina59101764', 'medicina59101764']",10.3390/medicina59101764,"['2023/08/31 00:00', '2023/09/24 00:00', '2023/09/28 00:00', '2023/10/30 06:46', '2023/10/28 11:47', '2023/10/28 01:10', '2023/10/03 00:00']",[],1,48,"Medicina (Kaunas, Lithuania)",doi: 10.3390/medicina59101764,2023 Oct 3;59(10),"Background and Objectives: The study addresses a significant limitation in applying bone-patellar tendon-bone (BTB) grafts in anterior cruciate ligament (ACL) surgery. By exploring the tubularization of grafts, the study extends the understanding of this surgical technique. The dual approach of the study-focusing on biomechanical properties using an animal model and postoperative outcomes in humans-offers a comprehensive perspective. Materials and Methods: The experimental cohort encompassed ten pairs of fresh porcine bone-tendon-bone grafts. One graft in each pair underwent modification through sutures that transformed the flat graft into a cylindrical structure. Testing determined the force required for the modified graft to rupture mechanically, expressed as N/mm(2), compared to conventionally prepared bone-tendon-bone grafts. The second phase of the research involved a prospective randomized clinical trial comprising 120 patients undergoing operative ACL reconstruction. For half the cases, grafts were tubularized using a random selection process. Clinical evaluations preoperatively and 12 months postoperatively employed the Tegner, Lysholm, and IKDC scoring scales for knee assessment. Results: Experiments showed that ligaments made using the tubularized surgical technique have statistically significantly higher values of measured force and higher maximum elongation values than ligaments made using the classical method. The clinical study concluded that there was no significant difference between the two groups of patients in the average score on the Tegner, Lysholm, and IKDC scales before and after surgery. Conclusions: The study results showed that suturing the graft does not negatively affect its biomechanical properties, and tubularization significantly increases the values of force required to cause rupture and the values of maximum elongation during rupture. Given the possibility of the one-year follow-up period being insufficient, future investigations should extend this period to acquire objective functional insights post-surgery.",2023
12,35762124,2023 May,2022 Jun 27,Sports Health,"['Jack RA 2nd', 'Lambert BS', 'Hedt CA', 'Delgado D', 'Goble H', 'McCulloch PC']",McCulloch PC,Blood Flow Restriction Therapy Preserves Lower Extremity Bone and Muscle Mass After ACL Reconstruction.,15,3,361-371,['English'],101518422,1941-7381,1941-0921,"['Randomized Controlled Trial', 'Journal Article']",PubMed - indexed for MEDLINE,ppublish+epublish,"['35762124', 'PMC10170230', 'pmc-id: PMC10170230;', '10.1177/19417381221101006']",10.1177/19417381221101006,"['2023/04/26 06:41', '2022/06/29 06:00', '2022/06/28 03:02', '2023/06/27 00:00']",[],1,58,Sports health,doi: 10.1177/19417381221101006,2023 May;15(3):361-371,"BACKGROUND: Muscle atrophy is common after an injury to the knee and anterior cruciate ligament reconstruction (ACLR). Blood flow restriction therapy (BFR) combined with low-load resistance exercise may help mitigate muscle loss and improve the overall condition of the lower extremity (LE). PURPOSE: To determine whether BFR decreases the loss of LE lean mass (LM), bone mass, and bone mineral density (BMD) while improving function compared with standard rehabilitation after ACLR. STUDY DESIGN: Randomized controlled clinical trial. METHODS: A total of 32 patients undergoing ACLR with bone-patellar tendon-bone autograft were randomized into 2 groups (CONTROL: N = 15 [male = 7, female = 8; age = 24.1 +/- 7.2 years; body mass index [BMI] = 26.9 +/- 5.3 kg/m2] and BFR: N = 17 [male = 12, female = 5; age = 28.1 +/- 7.4 years; BMI = 25.2 +/- 2.8 kg/m2]) and performed 12 weeks of postsurgery rehabilitation with an average follow-up of 2.3 +/- 1.0 years. Both groups performed the same rehabilitation protocol. During select exercises, the BFR group exercised under 80% arterial occlusion of the postoperative limb (Delfi tourniquet system). BMD, bone mass, and LM were measured using DEXA (iDXA, GE) at presurgery, week 6, and week 12 of rehabilitation. Functional measures were recorded at week 8 and week 12. Return to sport (RTS) was defined as the timepoint at which ACLR-specific objective functional testing was passed at physical therapy. A group-by-time analysis of covariance followed by a Tukey's post hoc test were used to detect within- and between-group changes. Type I error; alpha = 0.05. RESULTS: Compared with presurgery, only the CONTROL group experienced decreases in LE-LM at week 6 (-0.61 +/- 0.19 kg, -6.64 +/- 1.86%; P < 0.01) and week 12 (-0.39 +/- 0.15 kg, -4.67 +/- 1.58%; P = 0.01) of rehabilitation. LE bone mass was decreased only in the CONTROL group at week 6 (-12.87 +/- 3.02 g, -2.11 +/- 0.47%; P < 0.01) and week 12 (-16.95 +/- 4.32 g,-2.58 +/- 0.64%; P < 0.01). Overall, loss of site-specific BMD was greater in the CONTROL group (P < 0.05). Only the CONTROL group experienced reductions in proximal tibia (-8.00 +/- 1.10%; P < 0.01) and proximal fibula (-15.0+/-2.50%,P < 0.01) at week 12 compared with presurgery measures. There were no complications. Functional measures were similar between groups. RTS time was reduced in the BFR group (6.4 +/- 0.3 months) compared with the CONTROL group (8.3 +/- 0.5 months; P = 0.01). CONCLUSION: After ACLR, BFR may decrease muscle and bone loss for up to 12 weeks postoperatively and may improve time to RTS with functional outcomes comparable with those of standard rehabilitation.",2023
13,35468330,2022 Jun,2022 Apr 22,Knee,"['de Souza Borges JH', 'Oliveira M', 'Junior PL', 'de Souza Machado R', 'Lima R', 'Ramos LA', 'Cohen M']",Cohen M,Is contralateral autogenous patellar tendon graft a better choice than ipsilateral for anterior cruciate ligament reconstruction in young sportsmen? A randomized controlled trial.,36,,33-43,['English'],9430798,0968-0160,1873-5800,"['Journal Article', 'Randomized Controlled Trial']",PubMed - indexed for MEDLINE,ppublish+epublish,"['35468330', '10.1016/j.knee.2022.03.015', 'S0968-0160(22)00044-8']",10.1016/j.knee.2022.03.015,"['2021/02/08 00:00', '2022/02/09 00:00', '2022/03/29 00:00', '2022/04/26 06:00', '2022/06/22 06:00', '2022/04/25 20:14']",[],1,0,The Knee,doi: 10.1016/j.knee.2022.03.015,2022 Jun;36:33-43,"AIM: The aim of this study was to compare the peak extensor torque (primary outcome), sensory-motor capacity and Lysholm questionnaire score up to the fourth postoperative month post-primary anterior cruciate ligament reconstruction (ACLR) with bone-patellar-tendon-bone (BPTB) graft using either ipsilateral or contralateral technique in young sportsmen. METHODS: We performed a randomized controlled trial from 2018 to 2019. The same preoperative protocol, surgical technique and postoperative protocol were used in both groups. Eighty-eight young adult male patients were randomized, and 44 of each group completed the trial. RESULTS: After the follow up analysis, the contralateral receptor and donor limb demonstrated a statistically significant increase in peak extension torque compared with the ipsilateral operated limb (effect size (ES) = 0.99, power = 0.99, P < 0.0001; ES = 0.46, power = 0.56, P < 0.04). The symmetry between limbs was compared between groups. In the contralateral group, there was a significant decrease in the recipient limb (after surgery), compared with the donor limb (before surgery) (ES = 0.87, power = 0.99, P < 0.0001). In the ipsilateral group, the operated limb demonstrated a significant decrease in peak extension torque compared with the non-operated limb after surgery (ES = 1.88, power = 0.99, P < 0.0001). The comparison between groups in sensory-motor capacity and Lysholm score demonstrated a non-significant group effect postoperatively. CONCLUSION: The use of contralateral BPTB is more effective in increasing peak extension torque when compared with ipsilateral technique in young sportsmen. Furthermore, patients achieved greater symmetry (side to side) in quadriceps muscle performance after the 4-month follow up with a contralateral graft.",2022
14,35464901,2022 Apr,2022 Apr 18,Orthop J Sports Med,"['Oliveira M', 'Júnior PL', 'Imoto AM', 'Santos T', 'Borges JHS', 'Nunes P', 'Barin FR', 'Damando M', 'Peccin MS']",Peccin MS,Unilateral Versus Bilateral Resistance Exercise in Postoperative Rehabilitation After ACL Reconstruction With Bone-Patellar Tendon-Bone Graft: A Randomized Controlled Trial.,10,4,23259671221088830,['English'],101620522,2325-9671,2325-9671,['Journal Article'],PubMed,,"['35464901', 'PMC9019374', 'pmc-id: PMC9019374;', '10.1177/23259671221088830', '10.1177_23259671221088830']",10.1177/23259671221088830,"['2021/12/06 00:00', '2021/12/15 00:00', '2022/04/25 05:40', '2022/04/26 06:00', '2022/04/26 06:01', '2022/04/18 00:00']",['Orthop J Sports Med. 2023 Oct 31;11(10):23259671231201123. doi: 10.1177/23259671231201123. PMID: 37920368'],1,51,Orthopaedic journal of sports medicine,doi: 10.1177/23259671221088830,2022 Apr;10(4):23259671221088830,"BACKGROUND: Lower limb muscle strength symmetry has been suggested as an essential criterion for the safe return to sports after anterior cruciate ligament (ACL) reconstruction. Limited evidence is available regarding the most effective intervention to achieve symmetry after reconstruction with contralateral bone-patellar tendon-bone (BPTB) graft. PURPOSE: To verify whether unilateral isotonic resistance exercise is more effective than bilateral exercise for obtaining postoperative functional and muscular strength symmetry between the donor limb and reconstructed limb for patients who received BPTB graft. STUDY DESIGN: Randomized controlled trial; Level of evidence, 1. METHODS: A total of 88 patients were randomly divided into a control group (n = 44) and an intervention group (n = 44). All participants performed an 8-week exercise program starting at the beginning of the fourth postoperative month and were evaluated before and after the program. The control group performed bilateral exercises, and the intervention group performed unilateral exercises for the donor limb only (the limb with the greatest disability). The primary outcome was muscle strength (peak torque and hamstrings to quadriceps [H:Q] ratio), and the secondary outcomes were range of motion (ROM; goniometry), KT-1000 arthrometer side-to-side difference in anteroposterior knee laxity, and objective (single-leg hop test) and subjective (Lysholm score) functionality. RESULTS: Both groups improved significantly from before to after the exercise program. The improvements were significantly greater in the intervention group regarding peak torque, H:Q ratio, flexion ROM, single-leg hop test, and Lysholm score in the donor limb (P < .001 for all), and the improvements were significantly greater in the control group regarding peak torque and single-leg hop test in the reconstructed limb (P < .001 for both). Comparison between the groups showed significantly increased symmetry regarding peak torque, H:Q ratio, and single-leg hop test in the intervention group compared with the control group (P < .001), with large effect sizes (>0.80) except for the H:Q ratio. CONCLUSION: Although postoperative, bilateral, isotonic resistance exercise provided better strength gains to the reconstructed limb, unilateral exercise was more effective in obtaining functional and muscle strength between-limb symmetry in patients who underwent ACL reconstruction with contralateral BPTB graft. REGISTRATION: Brazilian Registry of Clinical Trials (number RBR-22rnjh).",2022
15,35155707,2022 Feb,2022 Feb 9,Orthop J Sports Med,"['Sanborn RM', 'Badger GJ', 'BEAR Trial Team', 'Yen YM', 'Murray MM', 'Christino MA', 'Proffen B', 'Sant N', 'Barnett S', 'Fleming BC', 'Kramer DE', 'Micheli LJ']",Micheli LJ,Psychological Readiness to Return to Sport at 6 Months Is Higher After Bridge-Enhanced ACL Restoration Than Autograft ACL Reconstruction: Results of a Prospective Randomized Clinical Trial.,10,2,23259671211070542,['English'],101620522,2325-9671,2325-9671,['Journal Article'],PubMed,,"['35155707', 'PMC8832603', 'pmc-id: PMC8832603;', '10.1177/23259671211070542', '10.1177_23259671211070542']",10.1177/23259671211070542,"['2021/08/31 00:00', '2021/10/07 00:00', '2022/02/14 05:35', '2022/02/15 06:00', '2022/02/15 06:01', '2022/02/09 00:00']",[],1,41,Orthopaedic journal of sports medicine,doi: 10.1177/23259671211070542,2022 Feb;10(2):23259671211070542,"BACKGROUND: Previous clinical studies have shown that psychological factors have significant effects on an athlete's readiness to return to sport after anterior cruciate ligament (ACL) reconstruction (ACLR). HYPOTHESIS: We hypothesized that patients who underwent bridge-enhanced ACL restoration (BEAR) would have higher levels of psychological readiness to return to sport compared with patients who underwent ACLR. STUDY DESIGN: Randomized controlled trial; Level of evidence, 1. METHODS: A total of 100 patients (median age, 17 years; median preoperative Marx activity score, 16) with complete midsubstance ACL injuries were randomized to either the BEAR procedure (n = 65) or autograft ACLR (n = 35 [33 hamstring and 2 bone--patellar tendon-bone]) and underwent surgery within 45 days of injury. Objective, functional, and patient-reported outcomes, including the ACL--Return to Sport after Injury (ACL-RSI) scale, were assessed at 6, 12, and 24 months postoperatively. RESULTS: Patients who underwent the BEAR procedure had significantly higher ACL-RSI scores at 6 months compared with those who underwent ACLR (71.1 vs 58.2; P = .008); scores were similar at 12 and 24 months. Baseline factors independently predictive of higher ACL-RSI scores at 6 months were having a BEAR procedure and participating in level 1 sports prior to injury, explaining 15% of the variability in the scores. Regression analysis of baseline and 6-month outcomes as predictors indicated that the International Knee Documentation Committee (IKDC) score at 6 months explained 45% of the 6-month ACL-RSI variance. Subsequent analysis with IKDC excluded from the model indicated that decreased pain, increased hamstring and quadriceps strength in the surgical limb, and decreased side-to-side difference in anteroposterior knee laxity were significant predictors of a higher ACL-RSI score at 6 months, explaining 34% of the variability in scores. Higher ACL-RSI score at 6 months was associated with earlier clearance to return to sports. CONCLUSION: Patients who underwent the BEAR procedure had higher ACL-RSI scores at 6 months postoperatively. Better ACL-RSI scores at 6 months were related most strongly to higher IKDC scores at 6 months and were also associated with lower pain levels, better muscle recovery, and less knee laxity at 6 months. REGISTRATION: NCT02664545 (ClinicalTrials.gov identifier).",2022
16,35097143,2022 Jan,2022 Jan 25,Orthop J Sports Med,"['BEAR-MOON Design Group', 'Spindler KP', 'Imrey PB', 'Yalcin S', 'Beck GJ', 'Calbrese G', 'Cox CL', 'Fadale PD', 'Farrow L', 'Fitch R', 'Flanigan D', 'Fleming BC', 'Hulstyn MJ', 'Jones MH', 'Kaeding C', 'Katz JN', 'Kriz P', 'Magnussen R', 'McErlean E', 'Melgaard C', 'Owens BD', 'Saluan P', 'Strnad G', 'Winalski CS', 'Wright R']",Wright R,Design Features and Rationale of the BEAR-MOON (Bridge-Enhanced ACL Restoration Multicenter Orthopaedic Outcomes Network) Randomized Clinical Trial.,10,1,23259671211065447,['English'],101620522,2325-9671,2325-9671,['Journal Article'],PubMed,,"['35097143', 'PMC8793429', 'pmc-id: PMC8793429;', '10.1177/23259671211065447', '10.1177_23259671211065447']",10.1177/23259671211065447,"['2021/06/08 00:00', '2021/08/24 00:00', '2022/01/31 06:01', '2022/02/01 06:00', '2022/02/01 06:01', '2022/01/25 00:00']",[],1,62,Orthopaedic journal of sports medicine,doi: 10.1177/23259671211065447,2022 Jan;10(1):23259671211065447,"BACKGROUND: BEAR (bridge-enhanced anterior cruciate ligament [ACL] restoration), a paradigm-shifting technology to heal midsubstance ACL tears, has been demonstrated to be effective in a single-center 2:1 randomized controlled trial (RCT) versus hamstring ACL reconstruction. Widespread dissemination of BEAR into clinical practice should also be informed by a multicenter RCT to demonstrate exportability and compare efficacy with bone--patellar tendon-bone (BPTB) ACL reconstruction, another clinically standard treatment. PURPOSE: To present the design and initial preparation of a multicenter RCT of BEAR versus BPTB ACL reconstruction (the BEAR: Multicenter Orthopaedic Outcomes Network [BEAR-MOON] trial). Design and analytic issues in planning the complex BEAR-MOON trial, involving the US National Institute of Arthritis and Musculoskeletal and Skin Diseases, the US Food and Drug Administration, the BEAR implant manufacturer, a data and safety monitoring board, and institutional review boards, can usefully inform both clinicians on the trial's strengths and limitations and future investigators on planning of complex orthopaedic studies. STUDY DESIGN: Clinical trial. METHODS: We describe the distinctive clinical, methodological, and operational challenges of comparing the innovative BEAR procedure with the well-established BPTB operation, and we outline the clinical motivation, experimental setting, study design, surgical challenges, rehabilitation, outcome measures, and planned analysis of the BEAR-MOON trial. RESULTS: BEAR-MOON is a 6-center, 12-surgeon, 200-patient randomized, partially blinded, noninferiority RCT comparing BEAR with BPTB ACL reconstruction for treating first-time midsubstance ACL tears. Noninferiority of BEAR relative to BPTB will be claimed if the total score on the International Knee Documentation Committee (IKDC) subjective knee evaluation form and the knee arthrometer 30-lb (13.61-kg) side-to-side laxity difference are both within respective margins of 16 points for the IKDC and 2.5 mm for knee laxity. CONCLUSION: Major issues include patient selection, need for intraoperative randomization and treatment-specific postoperative physical therapy regimens (because of fundamental differences in surgical technique, initial stability construct, and healing), and choice of noninferiority margins for short-term efficacy outcomes of a novel intervention with evident short-term advantages and theoretical, but unverified, long-term benefits on other dimensions.",2022
17,35042007,2022 Jul,2022 Jan 15,Arthroscopy,"['Forsythe B', 'Chahla J', 'Korrapati A', 'Lavoie-Gagne O', 'Forlenza E', 'Diaz CC', 'Chung CB', 'Bae WC', 'Bach BR', 'Cole B', 'Yanke AB', 'Verma NN']",Verma NN,Bone Marrow Aspirate Concentrate Augmentation May Accelerate Allograft Ligamentization in Anterior Cruciate Ligament Reconstruction: A Double-Blinded Randomized Controlled Trial.,38,7,2255-2264,['English'],8506498,0749-8063,1526-3231,"['Journal Article', 'Randomized Controlled Trial']",PubMed - indexed for MEDLINE,ppublish+epublish,"['35042007', '10.1016/j.arthro.2022.01.010', 'S0749-8063(22)00013-5']",10.1016/j.arthro.2022.01.010,"['2021/07/06 00:00', '2022/01/03 00:00', '2022/01/06 00:00', '2022/01/19 06:00', '2022/07/14 06:00', '2022/01/18 20:16']","['Arthroscopy. 2022 Jul;38(7):2265-2267. doi: 10.1016/j.arthro.2022.03.016. PMID: 35809981', 'Arthroscopy. 2023 Jun;39(6):1595. doi: 10.1016/j.arthro.2023.01.092. PMID: 37147082']",1,0,Arthroscopy : the journal of arthroscopic & related surgery : official publication of the Arthroscopy Association of North America and the International Arthroscopy Association,doi: 10.1016/j.arthro.2022.01.010,2022 Jul;38(7):2255-2264,"PURPOSE: To assess the effect of bone marrow aspiration concentrate (BMAC) augmentation on clinical outcomes and magnetic resonance imaging (MRI) findings in anterior cruciate ligament (ACL) reconstruction (ACLR) with bone-patellar tendon-bone (BTB) allografts. METHODS: A double-blinded, randomized controlled trial was conducted on 80 patients undergoing ACL reconstruction using BTB allografts. Patients were randomized to 2 groups: (1) bone marrow aspirate was collected from the iliac crest, concentrated, and approximately 2.5 mL was injected into the BTB allograft, or (2) a small sham incision was made at the iliac crest (control). MRI was performed at 3 months and 9 months postoperatively to determine the signal intensity ratio of the ACL graft. RESULTS: Seventy-three patients were available for follow-up at 1-year postoperatively (36 BMAC, 37 control). International Knee Documentation Committee (IKDC) scores were significantly greater in the BMAC group versus the control at the 9-month postoperative period (81.6 +/- 10.5 vs 74.6 +/- 14.2, P = .048). There was no significant difference in the proportion of patients who met the minimal clinically important difference for IKDC between the BMAC and control groups at 9 months (89% vs 85%; P = .7). Three months postoperatively, signal intensity ratio of the inferior third of the ACL graft was significantly greater in the BMAC group versus the control group (3.2 +/- 2.2 vs 2.1 +/- 1.5; P = .02). CONCLUSIONS: Patients who received BMAC augmentation of the BTB allograft during ACL reconstruction demonstrated greater signal intensity scores on MRI at 3 months, suggesting increased metabolic activity and remodeling, and potentially accelerated ligamentization. Additionally, patients in the BMAC group had greater patient-reported outcomes (IKDC) at 9 months postoperatively when compared with those who underwent a standard surgical procedure. There was no significant difference in the proportion of patients who met the minimal clinically important difference for IKDC between the BMAC and control groups at 9 months, suggesting limited clinical significance at this time point. LEVEL OF EVIDENCE: I, randomized control trial.",2022
18,34952186,2022 Jun,2021 Dec 22,Arthroscopy,"['Chahal J', 'Whelan DB', 'Hoit G', 'Theodoropoulos J', 'Ajrawat P', 'Betsch M', 'Docter S', 'Dwyer T']",Dwyer T,Anterior Cruciate Ligament Patellar Tendon Autograft Fixation at 0° Versus 30° Results in Improved Activity Scores and a Greater Proportion of Patients Achieving the Minimal Clinical Important Difference For Knee Injury and Osteoarthritis Outcome Score Pain: A Randomized Controlled Trial.,38,6,1969-1977,['English'],8506498,0749-8063,1526-3231,"['Journal Article', 'Randomized Controlled Trial', ""Research Support, Non-U.S. Gov't""]",PubMed - indexed for MEDLINE,ppublish+epublish,"['34952186', '10.1016/j.arthro.2021.12.018', 'S0749-8063(21)01109-9']",10.1016/j.arthro.2021.12.018,"['2021/04/16 00:00', '2021/12/06 00:00', '2021/12/12 00:00', '2021/12/25 06:00', '2022/06/09 06:00', '2021/12/24 20:11']","['Arthroscopy. 2022 Jun;38(6):1978-1979. doi: 10.1016/j.arthro.2022.01.028. PMID: 35660189', 'J Bone Joint Surg Am. 2022 Aug 17;104(16):1505. doi: 10.2106/JBJS.22.00485. PMID: 35700077']",1,0,Arthroscopy : the journal of arthroscopic & related surgery : official publication of the Arthroscopy Association of North America and the International Arthroscopy Association,doi: 10.1016/j.arthro.2021.12.018,2022 Jun;38(6):1969-1977,"PURPOSE: The aim of the current study was to determine the effect of the knee flexion angle (KFA) during tibial anterior cruciate ligament (ACL) graft fixation on patient-reported outcomes, graft stability, extension loss, and reoperation after anatomic single-bundle ACL reconstruction. METHODS: All 169 included patients (mean age 28.5 years, 65% male) were treated with anatomic single-bundle ACL reconstruction using patellar tendon autograft and were randomized to tibial fixation of the ACL graft at either 0 degrees  (n = 85) or 30 degrees  (n = 84). The primary outcome was the Knee Injury and Osteoarthritis Outcome Score (KOOS) 2 years after surgery. Secondary outcomes were the Marx Activity Scale (MAS), the rate of reoperation, and physical examination findings at 1 year, including KT-1000 and side-to-side differences in knee extension. RESULTS: The follow-up rate was 82% (n = 139) for the primary outcome. Graft failure rate at 2 years was 1% (n = 2, 1 per group). ACL tibial graft fixation at 0 degrees  or 30 degrees  did not have a significant effect on KOOS scores at 2 years after ACLR. Patients whose graft was fixed at a knee flexion angle of 0 degrees  had greater scores on the MAS (mean 9.6 95% confidence interval [CI] 8.5 to 10.6, versus 8.0, 95% CI 6.9 to 9.1; P = .04), and a greater proportion achieved the minimal clinical important difference (MCID) for the KOOS pain subdomain (94% versus 81%; P = .04). There was no significant difference in knee extension loss, KT-1000 measurements, or reoperation between the 2 groups. CONCLUSION: In the setting of anatomic single-bundle ACLR using patellar tendon autograft and anteromedial portal femoral drilling, there was no difference in KOOS scores between patients fixed at 0 degrees  and 30 degrees . Patient fixed in full extension did demonstrate higher activity scores at 2 years after surgery and a greater likelihood of achieving the MCID for KOOS pain. LEVEL OF EVIDENCE: II, prospective randomized trial.",2022
19,34604426,2021 Sep,2021 Sep 24,Orthop J Sports Med,"['Guglielmetti LGB', 'Salas VER', 'Jorge PB', 'Severino FR', 'Duarte A', 'de Oliveira VM', 'Cury RPL']",Cury RPL,Prospective and Randomized Clinical Evaluation of Hamstring Versus Patellar Tendon Autograft for Anterior Cruciate Ligament Reconstruction in Soccer Players.,9,9,23259671211028168,['English'],101620522,2325-9671,2325-9671,['Journal Article'],PubMed,,"['34604426', 'PMC8485166', 'pmc-id: PMC8485166;', '10.1177/23259671211028168', '10.1177_23259671211028168']",10.1177/23259671211028168,"['2021/02/27 00:00', '2021/03/04 00:00', '2021/10/04 06:10', '2021/10/05 06:00', '2021/10/05 06:01', '2021/09/24 00:00']",[],1,34,Orthopaedic journal of sports medicine,doi: 10.1177/23259671211028168,2021 Sep;9(9):23259671211028168,"BACKGROUND: Anterior cruciate ligament (ACL) reconstruction is usually performed with autologous bone-patellar tendon-bone (PT) or hamstring tendon (HT) graft. There has been only 1 randomized clinical trial examining ACL reconstruction with these grafts specifically in soccer players, and more studies comparing these graft types within a homogenous cohort such as soccer athletes may better highlight differences in outcomes. PURPOSE: To compare the results of ACL reconstruction with PT versus HT autograft in soccer players and to evaluate objective and subjective outcomes. STUDY DESIGN: Randomized controlled trial; Level of evidence, 1. METHODS: A total of 62 professional or semiprofessional soccer players (mean age, 25.1 years) with ACL injury were randomized to undergo reconstruction with PT or HT autograft by a single orthopaedic surgeon (n = 31 in each group). Outcome measures were recorded preoperatively and at 2 years postoperatively. The primary outcome was the modified Cincinnati Knee Rating System, and secondary outcomes were the objective and subjective International Knee Documentation Committee scores, Lachman test, pivot-shift test, anterior drawer test, and Lysholm score. The following variables were also evaluated postoperatively: return to soccer, level at return, graft rerupture, postoperative complications, anterior knee pain, patellar tendinitis, difficulty sprinting, and loss of kicking power. RESULTS: The PT and HT groups were homogenous in terms of age, sex distribution, injured side, and time from injury to surgery, and there was no difference between them on any preoperative outcome score. At 2 years postoperatively, there were no differences between the groups on any outcome score; however, there were significantly fewer patients with anterior knee pain in the HT group compared with the PT group (7 [22.6%] vs 15 [48.4%], respectively; P = .03). Two patients from each group (2/31; 6.5%) sustained rerupture. CONCLUSION: There were no differences between soccer players who underwent different types of ACL reconstruction with the exception of anterior knee pain, which was more frequent in players who underwent reconstruction with PT graft.Registration: NCT02642692 (ClinicalTrials.gov).",2021
20,34601649,2022 Aug,2021 Oct 3,Arch Orthop Trauma Surg,"['Komzák M', 'Hart R', 'Náhlík D', 'Vysoký R']",Vysoký R,In vivo knee rotational stability 2 years after the ACL reconstruction using a quadriceps tendon graft with bone block and bone-patellar tendon-bone graft.,142,8,1995-1999,['English'],9011043,0936-8051,1434-3916,"['Journal Article', 'Randomized Controlled Trial']",PubMed - indexed for MEDLINE,ppublish+epublish,"['34601649', '10.1007/s00402-021-04195-2', '10.1007/s00402-021-04195-2']",10.1007/s00402-021-04195-2,"['2020/01/20 00:00', '2021/09/24 00:00', '2021/10/04 06:00', '2022/07/22 06:00', '2021/10/03 21:07']",[],1,0,Archives of orthopaedic and trauma surgery,doi: 10.1007/s00402-021-04195-2,2022 Aug;142(8):1995-1999,"INTRODUCTION: The aim of this prospective randomised study was to evaluate clinical results and rotational stability at least 2 years after single-bundle anatomic anterior cruciate ligament reconstruction using a quadriceps tendon graft with bone block (BT) and bone-patellar tendon-bone graft (BTB). MATERIALS AND METHODS: In both groups (BT and BTB), 40 patients selected prospectively at random were evaluated. The mean follow-up after the surgery was 28 months (range 24-33 months). A navigation system was used to measure rotational stability of the knee joint. Cincinnati, Lysholm, and IKDC scores and visual analog score (VAS) were used to evaluate clinical results and the non-parametric Wilcoxon test was used for the statistical analysis. RESULTS: After the BT reconstruction, the mean internal rotation of the tibia (IR) was 9.5 degrees . In the contralateral healthy knee joint, IR was 8.6 degrees  at average. After the BTB reconstruction, the mean IR was 9.9 degrees . In the contralateral healthy knee joint, IR was 8.7 degrees  at average. We did not find any statistically significant difference in IR stability between BT and BTB reconstruction. In terms of clinical results, regarding the VAS, patients perceive significantly more pain after the BTB reconstruction (p < 0.05). Kneeling was reported more difficult and painful after BTB reconstruction. CONCLUSIONS: The BT reconstruction of the ACL provides similar clinical results, less pain, better flexion and the same rotational stability of the knee in comparison with the BTB reconstruction.",2022
21,34348750,2021 Aug 4,2021 Aug 4,J Orthop Surg Res,"['Fan D', 'Ma J', 'Zhang L']",Zhang L,Patellar tendon versus artificial grafts in anterior cruciate ligament reconstruction: a systematic review and meta-analysis.,16,1,478,['English'],101265112,,1749-799X,"['Journal Article', 'Meta-Analysis', 'Systematic Review']",PubMed - indexed for MEDLINE,epublish,"['34348750', 'PMC8336077', 'pmc-id: PMC8336077;', '10.1186/s13018-021-02624-x', '10.1186/s13018-021-02624-x']",10.1186/s13018-021-02624-x,"['2021/04/07 00:00', '2021/07/19 00:00', '2021/08/05 05:35', '2021/08/06 06:00', '2021/12/21 06:00', '2021/08/04 00:00']",[],1,39,Journal of orthopaedic surgery and research,doi: 10.1186/s13018-021-02624-x,2021 Aug 4;16(1):478,"BACKGROUND: The aim of anterior cruciate ligament reconstruction (ACLR) is to restore the function of the knee joint, protect the cartilage, and reduce the occurrence of osteoarthritis. However, due to the structural limitations of the human body, it is not possible to perform ACLR with conventional sutures. To restore normal functioning of the anterior cruciate ligament (ACL), a new ligament must be reconstructed in the position of the previous ACL. OBJECTIVE: To compare autografts and synthetic grafts in terms of postoperative knee stability and function SEARCH METHODS: The protocol for this study was registered with PROSPERO (CRD42021243451). Two reviewers independently searched the PubMed, Embase, and the Cochrane Library databases from database inception though February 10, 2021. The following search method was used: ((Autograft) OR (Autologous) OR (Autotransplant)) OR Artificial Ligament AND (Anterior Cruciate Ligament Injury [MeSH Terms]) AND (Randomized controlled trial [MeSH Terms]). Methodological quality was assessed by the Cochrane risk of bias tool. SELECTION CRITERIA: We only included randomized controlled trials (level I) that compared autograft and synthetic graft interventions in participants with ACL injury. We included trials that evaluated ACLR using at least one outcome (Lachman test, pivot shift test, IKDC grades, or complications). RESULTS: A total of 748 studies were identified in the initial literature search, and seven studies that examined only bone-patellar tendon-bone (BPTB) grafts compared with artificial grafts met the predetermined inclusion criteria. The results showed that BPTB grafts were associated with significantly better pivot shift test and Lachman test results and better IKDC grades and lower complication rates than synthetic grafts. CONCLUSIONS: This review indicates that for adults, BPTB grafts perform more favorably than synthetic grafts in ACLR in terms of knee stability, function, and complication. More research is needed to compare autologous tendons and allogeneic tendons with artificial ligaments, especially in elderly individuals. LEVEL OF EVIDENCE: Level I, systematic review and meta-analysis.",2021
22,34225992,2021 Jul,,Arthroscopy,"['Alaia MJ', 'Fried JW', 'Bloom DA', 'Hurley ET', 'Popovic J', 'Baron SL', 'Campbell KA', 'Strauss EJ', 'Jazrawi LM']",Jazrawi LM,"Author Reply to ""Regarding 'Tranexamic Acid Has No Effect on Postoperative Hemarthrosis or Pain Control After Anterior Cruciate Ligament Reconstruction Using Bone-Patellar Tendon-Bone Autograft: A Double-Blind, Randomized, Controlled Trial'"".",37,7,2020-2022,['English'],8506498,0749-8063,1526-3231,"['Letter', 'Comment']",PubMed - indexed for MEDLINE,ppublish,"['34225992', '10.1016/j.arthro.2021.02.040', 'S0749-8063(21)00217-6']",10.1016/j.arthro.2021.02.040,"['2021/02/24 00:00', '2021/02/26 00:00', '2021/07/06 05:45', '2021/07/07 06:00', '2021/08/03 06:00']","['Arthroscopy. 2021 Jun;37(6):1883-1889. doi: 10.1016/j.arthro.2021.01.037. PMID: 33529783', 'Arthroscopy. 2021 Jul;37(7):2019-2020. doi: 10.1016/j.arthro.2021.02.039. PMID: 34225991']",0,0,Arthroscopy : the journal of arthroscopic & related surgery : official publication of the Arthroscopy Association of North America and the International Arthroscopy Association,doi: 10.1016/j.arthro.2021.02.040,2021 Jul;37(7):2020-2022,,2021
23,34225991,2021 Jul,,Arthroscopy,"['Zhang S', 'Dai Y', 'Xiao C']",Xiao C,"Regarding ""Tranexamic Acid Has No Effect on Postoperative Hemarthrosis or Pain Control After Anterior Cruciate Ligament Reconstruction Using Bone-Patellar Tendon-Bone Autograft: A Double-Blind, Randomized, Controlled Trial"".",37,7,2019-2020,['English'],8506498,0749-8063,1526-3231,"['Letter', 'Comment']",PubMed - indexed for MEDLINE,ppublish,"['34225991', '10.1016/j.arthro.2021.02.039', 'S0749-8063(21)00216-4']",10.1016/j.arthro.2021.02.039,"['2021/02/09 00:00', '2021/02/26 00:00', '2021/07/06 05:45', '2021/07/07 06:00', '2021/08/03 06:00']","['Arthroscopy. 2021 Jun;37(6):1883-1889. doi: 10.1016/j.arthro.2021.01.037. PMID: 33529783', 'Arthroscopy. 2021 Jul;37(7):2020-2022. doi: 10.1016/j.arthro.2021.02.040. PMID: 34225992']",0,0,Arthroscopy : the journal of arthroscopic & related surgery : official publication of the Arthroscopy Association of North America and the International Arthroscopy Association,doi: 10.1016/j.arthro.2021.02.039,2021 Jul;37(7):2019-2020,,2021
24,33945339,2021 Jun,2021 May 4,Am J Sports Med,"['Marmura H', 'Getgood AMJ', 'Spindler KP', 'Kattan MW', 'Briskin I', 'Bryant DM']",Bryant DM,Validation of a Risk Calculator to Personalize Graft Choice and Reduce Rupture Rates for Anterior Cruciate Ligament Reconstruction.,49,7,1777-1785,['English'],7609541,0363-5465,1552-3365,"['Journal Article', 'Multicenter Study', 'Randomized Controlled Trial']",PubMed - indexed for MEDLINE,ppublish+epublish,"['33945339', '10.1177/03635465211010798']",10.1177/03635465211010798,"['2021/05/05 06:00', '2021/06/29 06:00', '2021/05/04 17:15']",[],1,0,The American journal of sports medicine,doi: 10.1177/03635465211010798,2021 Jun;49(7):1777-1785,"BACKGROUND: Anterior cruciate ligament reconstructions (ACLRs) fail at an alarmingly high rate in young active individuals. The Multicenter Orthopaedic Outcomes Network (MOON) knee group has developed an autograft risk calculator that uses patient characteristics and lifestyle to predict the probability of graft rupture if the surgeon uses a hamstring tendon (HT) or a bone-patellar tendon-bone (BPTB) graft to reconstruct the ligament. If validated, this risk calculator can be used during the shared decision-making process to make optimal ACLR autograft choices and reduce rupture rates. The STABILITY 1 randomized clinical trial offers a large, rigorously collected data set of similar young active patients who received HT autograft with or without lateral extra-articular tenodesis (LET) for ACLR. PURPOSE/HYPOTHESIS: The purpose was to validate the ACLR graft rupture risk calculator in a large external data set and to investigate the utility of BPTB and LET for ACLR. We hypothesized that the risk calculator would maintain adequate discriminative ability and calibration in the external STABILITY 1 data set when compared with the initial MOON development data set. STUDY DESIGN: Cohort study (diagnosis); Level of evidence, 1. METHODS: The model predictors for the risk calculator include age, sex, body mass index, sport played at the time of injury, Marx Activity Score, preoperative knee laxity, and graft type. The STABILITY 1 trial data set was used for external validation. Discriminative ability, calibration, and diagnostic test validity of the model were assessed. Finally, predictor strength in the initial and validation samples was compared. RESULTS: The model showed acceptable discriminative ability (area under the curve = 0.73), calibration (Brier score = 0.07), and specificity (85.3%) to detect patients who will experience a graft rupture. Age, high-grade preoperative knee laxity, and graft type were significant predictors of graft rupture in young active patients. BPTB and the addition of LET to HT were protective against graft rupture versus HT autograft alone. CONCLUSION: The MOON risk calculator is a valid predictor of ACLR graft rupture and is appropriate for clinical practice. This study provides evidence supporting the idea that isolated HT autografts should be avoided for young active patients undergoing ACLR. REGISTRATION: NCT00463099 (MOON); NCT02018354 (STABILITY 1) (ClinicalTrials.gov identifiers).",2021
25,33529783,2021 Jun,2021 Jan 30,Arthroscopy,"['Fried JW', 'Bloom DA', 'Hurley ET', 'Baron SL', 'Popovic J', 'Campbell KA', 'Strauss EJ', 'Jazrawi LM', 'Alaia MJ']",Alaia MJ,"Tranexamic Acid Has No Effect on Postoperative Hemarthrosis or Pain Control After Anterior Cruciate Ligament Reconstruction Using Bone-Patellar Tendon-Bone Autograft: A Double-Blind, Randomized, Controlled Trial.",37,6,1883-1889,['English'],8506498,0749-8063,1526-3231,"['Journal Article', 'Randomized Controlled Trial']",PubMed - indexed for MEDLINE,ppublish+epublish,"['33529783', '10.1016/j.arthro.2021.01.037', 'S0749-8063(21)00054-2']",10.1016/j.arthro.2021.01.037,"['2020/08/13 00:00', '2021/01/07 00:00', '2021/01/12 00:00', '2021/02/03 06:00', '2021/08/20 06:00', '2021/02/02 20:10']","['Arthroscopy. 2021 Jun;37(6):1890-1891. doi: 10.1016/j.arthro.2021.03.016. PMID: 34090572', 'Arthroscopy. 2021 Jul;37(7):2019-2020. doi: 10.1016/j.arthro.2021.02.039. PMID: 34225991', 'Arthroscopy. 2021 Jul;37(7):2020-2022. doi: 10.1016/j.arthro.2021.02.040. PMID: 34225992']",1,0,Arthroscopy : the journal of arthroscopic & related surgery : official publication of the Arthroscopy Association of North America and the International Arthroscopy Association,doi: 10.1016/j.arthro.2021.01.037,2021 Jun;37(6):1883-1889,"PURPOSE: The purpose of this double-blind, randomized, controlled trial was to evaluate the use of intravenous (IV) tranexamic acid (TXA) in patients undergoing primary bone-patellar tendon-bone (BPTB) anterior cruciate ligament reconstruction (ACLR) regarding postoperative hemarthrosis, pain, opioid consumption, and quadriceps atrophy and activation. METHODS: A controlled, randomized, double-blind trial was conducted in 110 patients who underwent ACLR with BPTB autograft. Patients were equally randomized to the control and experimental groups. The experimental group received two 1-g boluses of IV TXA, one prior to tourniquet inflation and one prior to wound closure; the control group did not receive TXA. If a clinically significant hemarthrosis was evident, the knee was aspirated and the volume of blood (in milliliters) was recorded. Additionally, we recorded perioperative blood loss (in milliliters); visual analog scale scores on postoperative days 1, 4, and 7 and at postoperative weeks 1, 6, and 12; postoperative opioid consumption on postoperative days 1, 4, and 7; range of motion (ROM) and ability to perform a straight leg raise at postoperative weeks 1, 6, and 12; and preoperative and postoperative thigh circumference ratio. RESULTS: There was no significant difference in perioperative blood loss between the TXA and control groups (32.5 mL vs 35.6 mL, P = .47). In the TXA group, 23 knees were aspirated; in the control group, 26 knees were aspirated (P = .56). No significant difference in postoperative hemarthrosis volume was seen in patients who received IV TXA versus those who did not (26.7 mL vs 37.3 mL, P = .12). There was no significant difference in visual analog scale scores between the 2 groups (P = .15); in addition, there was no difference in postoperative opioid consumption (P = .33). No significant difference in ROM, ability to perform a straight leg raise, or postoperative thigh circumference ratio was observed (P > .05 for all). CONCLUSIONS: IV TXA in patients who undergo ACLR with BPTB autograft does not significantly impact perioperative blood loss, postoperative hemarthrosis, or postoperative pain levels. Additionally, no significant differences were seen in early postoperative recovery regarding ROM or quadriceps reactivation. LEVEL OF EVIDENCE: Level I, randomized controlled trial.",2021
26,33128587,2021 Sep,2020 Oct 31,Knee Surg Sports Traumatol Arthrosc,"['Cristiani R', 'Mikkelsen C', 'Wange P', 'Olsson D', 'Stålman A', 'Engström B']",Engström B,Autograft type affects muscle strength and hop performance after ACL reconstruction. A randomised controlled trial comparing patellar tendon and hamstring tendon autografts with standard or accelerated rehabilitation.,29,9,3025-3036,['English'],9314730,0942-2056,1433-7347,"['Journal Article', 'Randomized Controlled Trial']",PubMed - indexed for MEDLINE,ppublish+epublish,"['33128587', 'PMC8384829', 'pmc-id: PMC8384829;', '10.1007/s00167-020-06334-5', '10.1007/s00167-020-06334-5']",10.1007/s00167-020-06334-5,"['2020/06/24 00:00', '2020/10/13 00:00', '2020/11/01 06:00', '2021/08/27 06:00', '2020/10/31 17:07', '2020/10/31 00:00']",[],1,33,"Knee surgery, sports traumatology, arthroscopy : official journal of the ESSKA",doi: 10.1007/s00167-020-06334-5,2021 Sep;29(9):3025-3036,"PURPOSE: To evaluate and compare changes in quadriceps and hamstring strength and single-leg-hop (SLH) test performance over the first 24 postoperative months in patients who underwent anterior cruciate ligament reconstruction (ACLR) with bone-patellar tendon-bone (BPTB) or hamstring tendon (HT) autografts and followed either a standard or an accelerated rehabilitation protocol. METHODS: A total of 160 patients undergoing ACLR were randomised in four groups depending on the graft that was used and the rehabilitation protocol (40 BPTB/standard rehab, 40 BPTB/accelerated rehab, 40 HT/standard rehab, 40 HT/accelerated rehab). Isokinetic concentric quadriceps and hamstring strength at 90 degrees /s and the SLH test performance were assessed preoperatively and 4,6,8,12 and 24 months postoperatively. The results were reported as the limb symmetry index (LSI) at the same time point. Linear mixed models were used to compare the groups at the different time points. RESULTS: An average quadriceps strength LSI of 78.4% was found preoperatively. After ACLR, the LSI first decreased at 4 months and then increased from 6 to 24 months, reaching an overall value of 92.7% at the latest follow-up. The BPTB group showed a significantly decreased LSI at 4, 6, 8 and 12 months compared with the HT group. No significant differences between the graft groups were found at 24 months. An average hamstring strength LSI of 84.6% was found preoperatively. After ACLR, the LSI increased from 4 to 24 months in the BTPB group. In the HT group, the LSI first decreased at 4 months and then increased from 6 to 24 months. An LSI of 97.1% and 89.1% was found at the latest follow-up for the BPTB and the HT group, respectively. The HT group showed a significantly decreased LSI at all follow-ups compared with the BPTB group. An average SLH test LSI of 81% was found preoperatively. After ACLR, the LSI increased from 4 to 24 months, reaching 97.6% overall at the latest follow-up. The BPTB group showed a significantly decreased LSI only at 4 months postoperatively compared with the HT group. No significant differences in any of the three tests were found between the standard and accelerated rehabilitation groups for either of the graft groups at any time point. CONCLUSION: Muscle strength and SLH test performance recovered progressively after ACLR overall, but they did not all fully recover, as the injured leg performed on average less than 100% compared with the uninjured leg even 24 months postoperatively. After ACLR, inferior quadriceps strength and a poorer SLH test performance were found at 4, 6, 8 and 12 months and at 4 months, respectively, for the BTPB group compared with the HT group. Persistent, inferior hamstring strength was found at all postoperative follow-ups in the HT group. Rehabilitation, standard or accelerated, had no significant impact on the recovery of muscle strength and SLH test performance after ACLR in any of the graft groups. LEVEL OF EVIDENCE: Level I.",2021
27,32504178,2020 Oct,2020 Jun 5,Arch Orthop Trauma Surg,"['Barié A', 'Sprinckstub T', 'Huber J', 'Jaber A']",Jaber A,"Quadriceps tendon vs. patellar tendon autograft for ACL reconstruction using a hardware-free press-fit fixation technique: comparable stability, function and return-to-sport level but less donor site morbidity in athletes after 10 years.",140,10,1465-1474,['English'],9011043,0936-8051,1434-3916,"['Journal Article', 'Randomized Controlled Trial']",PubMed - indexed for MEDLINE,ppublish+epublish,"['32504178', 'PMC7505888', 'pmc-id: PMC7505888;', '10.1007/s00402-020-03508-1', '10.1007/s00402-020-03508-1']",10.1007/s00402-020-03508-1,"['2019/12/23 00:00', '2020/05/31 00:00', '2020/06/07 06:00', '2021/01/27 06:00', '2020/06/07 06:00', '2020/06/05 00:00']",[],1,44,Archives of orthopaedic and trauma surgery,doi: 10.1007/s00402-020-03508-1,2020 Oct;140(10):1465-1474,"INTRODUCTION: The use of quadriceps tendon-patellar bone (QTB) autograft for anterior cruciate ligament (ACL) reconstruction is gaining momentum. Yet, long-term results that compare this procedure with established methods are lacking. The aim of this study was to report and compare long-term results of ACL reconstruction using QTB autografts versus bone-patellar tendon-bone (BPTB) autografts, both anchored using a hardware-free press-fit fixation technique. MATERIALS AND METHODS: 60 athletes (Tegner score >/=6) with primary ACL rupture were prospectively randomized into two groups. 56 patients were evaluated after a mean duration of 12.2 +/- 1.9 months (range 10-14) and 43 patients after 10.3 +/- 0.2 years (range 10-11). RESULTS: On final follow-up, 90% of patients scored very good and good results in the functional Lysholm score (mean 99 +/- 7.1, range 74-100 points). Normal or almost normal IKDC score was reported by 84% of the patients (mean 97 +/- 9.5, range 60-100 points). The activity level decreased in the Tegner score from median of 7 before injury to 6 after 10 years. The KT-1000 arthrometer showed a difference in the anterior translation of less than 3 mm (mean 1.0 +/- 1.2, range - 1 to 5 mm) in 91% of the patients. Significant degeneration was radiologically detected in one patient per group. No tunnel widening was seen in any patient. Up to 97% of all patients were satisfied with the operative procedure. No significant differences were found in the mentioned parameters between the two groups and also in comparison with the 1-year results. The only significant difference was in the donor site morbidity. Significantly more patients in the BPTB group had complaints during kneeling both at 1 (p < 0.001) and 10 years (p = 0.019). Squatting was also subjectively more problematic in the BPTB group than in the QTB group both after 1 (p = 0.003) and 10 years (p = 0.046). CONCLUSIONS: This study shows equally good functional, clinical and radiological long-term results for both hardware-free methods of ACL reconstruction. These results clinically confirm the safety of press-fit anchoring after 10 years. The failure rate in this study was very low, with only one re-rupture in 10 years. The increased donor site morbidity when using the BPTB autograft compared to the QTB autograft supports already reported data. It was also seen in this study for the implant-free press-fit techniques. STUDY DESIGN: Prospective and randomized, level of evidence 2.",2020
28,32490026,2020 May,2020 May 1,Orthop J Sports Med,"['Sonnery-Cottet B', 'Pioger C', 'Vieira TD', 'Franck F', 'Kajetanek C', 'Fayard JM', 'Thaunat M', 'Saithna A']",Saithna A,Combined ACL and Anterolateral Reconstruction Is Not Associated With a Higher Risk of Adverse Outcomes: Preliminary Results From the SANTI Randomized Controlled Trial.,8,5,2325967120918490,['English'],101620522,2325-9671,2325-9671,['Journal Article'],PubMed,,"['32490026', 'PMC7238835', 'pmc-id: PMC7238835;', '10.1177/2325967120918490', '10.1177_2325967120918490']",10.1177/2325967120918490,"['2020/06/04 06:00', '2020/06/04 06:00', '2020/06/04 06:01', '2020/05/01 00:00']",[],1,47,Orthopaedic journal of sports medicine,doi: 10.1177/2325967120918490,2020 May;8(5):2325967120918490,"BACKGROUND: The widespread historical abandonment of lateral extra-articular procedures in anterior cruciate ligament (ACL) injuries occurred as a result of concerns about high rates of adverse events. Recently, the popularity of lateral extra-articular procedures has resurged, warranting an urgent evaluation of their safety profile. PURPOSE/HYPOTHESIS: The aim of this study was to perform an interim analysis of the ongoing SANTI randomized controlled trial to determine whether combined ACL and anterolateral ligament reconstruction (ACL + ALLR) is associated with an increased rate of adverse outcomes when compared with isolated ACL reconstruction (ACLR). The hypothesis was that there would be no significant difference between groups at a minimum follow-up of 1 year. STUDY DESIGN: Randomized controlled trial; Level of evidence, 1. METHODS: Recruitment commenced in November 2016. Patients scheduled for ACLR were randomized to either isolated ACLR (with bone-patellar tendon-bone [BPTB] autograft) or combined ACL + ALLR (with hamstring tendon autograft). All patients with a minimum follow-up of 1 year by March 2019 were included. The evaluated parameters included complications and reoperations, knee laxity parameters, range of motion, and scores on the Tegner, Lysholm, International Knee Documentation Committee (IKDC), and Knee injury and Osteoarthritis Outcome Score (KOOS) instruments. RESULTS: A total of 224 patients (112 in each group) with a mean +/- SD follow-up of 12.3 +/- 1.9 months (range, 12-19 months) formed the study population. A significantly higher rate of reoperation for cyclops syndrome was noted in the isolated ACLR group compared with the combined ACL + ALLR group (8.9% vs 0%, respectively; P = .0012). No significant differences were found in frequency of graft rupture (ACLR, 5.4%; ACL + ALLR, 0.9%; P = .1191), range of motion deficits, pain, or reoperation for meniscectomy between groups. No cases of postoperative infection, venous thromboembolism, or arthrofibrosis were seen. Subjective IKDC (81.2 vs 86.8; P = .0048), Lysholm (88 vs 92; P = .0131), and some components of the KOOS were significantly better in the combined ACL + ALLR group. CONCLUSION: This study demonstrates no evidence of an increased risk of short-term adverse events after combined ACL + ALLR compared with isolated ACLR with BPTB graft. REGISTRATION: NCT03740022 (ClinicalTrials.gov Identifier).",2020
29,32368935,2020 Jun,2020 May 5,Am J Sports Med,"['Castoldi M', 'Magnussen RA', 'Gunst S', 'Batailler C', 'Neyret P', 'Lustig S', 'Servien E']",Servien E,A Randomized Controlled Trial of Bone-Patellar Tendon-Bone Anterior Cruciate Ligament Reconstruction With and Without Lateral Extra-articular Tenodesis: 19-Year Clinical and Radiological Follow-up.,48,7,1665-1672,['English'],7609541,0363-5465,1552-3365,"['Journal Article', 'Randomized Controlled Trial']",PubMed - indexed for MEDLINE,ppublish+epublish,"['32368935', '10.1177/0363546520914936']",10.1177/0363546520914936,"['2020/05/06 06:00', '2020/09/10 06:00', '2020/05/06 06:00']",[],1,0,The American journal of sports medicine,doi: 10.1177/0363546520914936,2020 Jun;48(7):1665-1672,"BACKGROUND: Arthroscopic anterior cruciate ligament (ACL) reconstruction (ACLR) with a bone-patellar tendon-bone graft (BTB) is a reliable surgical option for the control of anterior knee laxity after ACL injury. The addition of a lateral extra-articular tenodesis (LET) may improve control of rotation knee laxity and improve short-term graft survival in high-risk patients. PURPOSE: The aims of this study were to compare long-term patient-reported outcomes, graft survival, and risk of osteoarthritis between ACLR with and without LET. STUDY DESIGN: Randomized controlled trial; Level of evidence, 2. METHODS: This study included 121 consecutive knees (120 patients) presenting to a single center with an ACL rupture between 1998 and 1999. In total, 61 knees were randomized to an isolated BTB ACLR, and 60 knees were randomized to a BTB ACLR with an extra-articular lateral tenodesis with gracilis tendon (modified Lemaire). RESULTS: Eighty knees in 79 patients (66%) were available for follow-up at a postoperative mean of 19.4 years (range, 19-20.2). Of those patients, 43 had a clinical examination and completed patient-reported outcome questionnaires, and the other 37 patients were evaluated through the questionnaires alone. Standard radiographs were available for 45 patients and laximetry (TELOS) for 42 patients. Mean subjective International Knee Documentation Committee score at last follow-up was 81.8, and no differences were noted between the BTB and BTB-LET groups (P = .7). Two-thirds of patients were still participating in pivoting sports. A total of 17 knees (21%) experienced a graft failure, 5 of which (6%) underwent revision ACLR. There was no significant difference in graft failure risk between the BTB group (29%) and the BTB-LET group (13%; P = .1). Lateral tibiofemoral osteoarthritis was significantly more frequent in the BTB-LET group (59%) as compared with the BTB group (22%; P = .02). Lateral compartment osteoarthritis was correlated with partial lateral meniscectomy. CONCLUSION: There were no significant differences in long-term patient-reported outcomes after ACLR with or without an LET. LET may increase the risk of lateral compartment osteoarthritis at long-term follow-up. There was a trend toward decreased graft failure risk with the addition of LET but this study was underpowered to assess this outcome.",2020
30,32298131,2020 May,2020 Apr 16,Am J Sports Med,"['Murray MM', 'Fleming BC', 'Badger GJ', 'BEAR Trial Team', 'Freiberger C', 'Henderson R', 'Barnett S', 'Kiapour A', 'Ecklund K', 'Proffen B', 'Sant N', 'Kramer DE', 'Micheli LJ', 'Yen YM']",Yen YM,Bridge-Enhanced Anterior Cruciate Ligament Repair Is Not Inferior to Autograft Anterior Cruciate Ligament Reconstruction at 2 Years: Results of a Prospective Randomized Clinical Trial.,48,6,1305-1315,['English'],7609541,0363-5465,1552-3365,"['Journal Article', 'Randomized Controlled Trial', 'Research Support, N.I.H., Extramural', ""Research Support, Non-U.S. Gov't""]",PubMed - indexed for MEDLINE,ppublish+epublish,"['32298131', 'PMC7227128', 'pmc-id: PMC7227128;', '10.1177/0363546520913532']",10.1177/0363546520913532,"['2020/04/17 06:00', '2020/11/11 06:00', '2020/04/17 06:00', '2020/05/15 00:00']",['J Bone Joint Surg Am. 2021 Feb 17;103(4):358. doi: 10.2106/JBJS.20.02088. PMID: 33369980'],1,57,The American journal of sports medicine,doi: 10.1177/0363546520913532,2020 May;48(6):1305-1315,"BACKGROUND: Preclinical studies suggest that for complete midsubstance anterior cruciate ligament (ACL) injuries, a suture repair of the ACL augmented with a protein implant placed in the gap between the torn ends (bridge-enhanced ACL repair [BEAR]) may be a viable alternative to ACL reconstruction (ACLR). HYPOTHESIS: We hypothesized that patients treated with BEAR would have a noninferior patient-reported outcomes (International Knee Documentation Committee [IKDC] Subjective Score; prespecified noninferiority margin, -11.5 points) and instrumented anteroposterior (AP) knee laxity (prespecified noninferiority margin, +2-mm side-to-side difference) and superior muscle strength at 2 years after surgery when compared with patients who underwent ACLR with autograft. STUDY DESIGN: Randomized controlled trial; Level of evidence, 1. METHODS: One hundred patients (median age, 17 years; median preoperative Marx activity score, 16) with complete midsubstance ACL injuries were enrolled and underwent surgery within 45 days of injury. Patients were randomly assigned to receive either BEAR (n = 65) or autograft ACLR (n = 35 [33 with quadrupled semitendinosus-gracilis and 2 with bone-patellar tendon-bone]). Outcomes-including the IKDC Subjective Score, the side-to-side difference in instrumented AP knee laxity, and muscle strength-were assessed at 2 years by an independent examiner blinded to the procedure. Patients were unblinded after their 2-year visit. RESULTS: In total, 96% of the patients returned for 2-year follow-up. Noninferiority criteria were met for both the IKDC Subjective Score (BEAR, 88.9 points; ACLR, 84.8 points; mean difference, 4.1 points [95% CI, -1.5 to 9.7]) and the side-to-side difference in AP knee laxity (BEAR, 1.61 mm; ACLR, 1.77 mm; mean difference, -0.15 mm [95% CI, -1.48 to 1.17]). The BEAR group had a significantly higher mean hamstring muscle strength index than the ACLR group at 2 years (98.2% vs 63.2%; P < .001). In addition, 14% of the BEAR group and 6% of the ACLR group had a reinjury that required a second ipsilateral ACL surgical procedure (P = .32). Furthermore, the 8 patients who converted from BEAR to ACLR in the study period and returned for the 2-year postoperative visit had similar primary outcomes to patients who had a single ipsilateral ACL procedure. CONCLUSION: BEAR resulted in noninferior patient-reported outcomes and AP knee laxity and superior hamstring muscle strength when compared with autograft ACLR at 2-year follow-up in a young and active cohort. These promising results suggest that longer-term studies of this technique are justified. REGISTRATION: NCT02664545 (ClinicalTrials.gov identifier).",2020
31,32059954,2020 Jun,2020 Feb 12,Arthroscopy,"['Smith PA', 'Cook CS', 'Bley JA']",Bley JA,All-Inside Quadrupled Semitendinosus Autograft Shows Stability Equivalent to Patellar Tendon Autograft Anterior Cruciate Ligament Reconstruction: Randomized Controlled Trial in Athletes 24 Years or Younger.,36,6,1629-1646,['English'],8506498,0749-8063,1526-3231,"['Journal Article', 'Randomized Controlled Trial']",PubMed - indexed for MEDLINE,ppublish+epublish,"['32059954', '10.1016/j.arthro.2020.01.048', 'S0749-8063(20)30130-4']",10.1016/j.arthro.2020.01.048,"['2019/04/05 00:00', '2019/12/20 00:00', '2020/01/18 00:00', '2020/02/16 06:00', '2020/11/11 06:00', '2020/02/16 06:00']",['Arthroscopy. 2020 Jun;36(6):1647-1648. doi: 10.1016/j.arthro.2020.03.005. PMID: 32503775'],1,0,Arthroscopy : the journal of arthroscopic & related surgery : official publication of the Arthroscopy Association of North America and the International Arthroscopy Association,doi: 10.1016/j.arthro.2020.01.048,2020 Jun;36(6):1629-1646,"PURPOSE: To compare clinical outcomes of knee anterior cruciate ligament (ACL) autograft reconstruction using all-inside quadrupled semitendinosus (AIST) versus bone-patellar tendon-bone (BPTB) in a high-risk athletic population 24 years or younger. METHODS: Skeletally mature candidates younger than 24 years old with an ACL tear were randomized into either the AIST (n = 32) or BPTB (n = 32) group and were followed for 2 years. Magnetic resonance imaging scans were obtained at 1-year follow-up, and radiographs were obtained at 2-year follow-up. All surgeries were performed by a single surgeon using an anteromedial portal to establish the femoral tunnel. The primary outcome measure was KT-1000 stability testing. Secondary outcome measures included International Knee Documentation Committee (IKDC) Knee Evaluation Form, IKDC Subjective Form, Knee Injury and Osteoarthritis Outcome Score, Marx Activity Scale, visual analog pain scale, and SF-12 (Mental and Physical). RESULTS: At 2-year follow-up, no statistical difference existed with KT-1000-measured side-to-side laxity between AIST (0.3 +/- 0.7 mm, 95% confidence interval 0.0-1.0 mm) and BPTB (0.0 +/- 0.8 mm, confidence interval CI -0.3 to 1.1 mm) (P = .197). In addition, no statistical differences between the groups were found for IKDC Subjective Form, Knee Injury and Osteoarthritis Outcome Score, Marx, SF-12 Mental, SF-12 Physical, or with regards to imaging findings. Patients with BPTB reported significantly greater postoperative pain scores at days 2 (P = .049), 3 (P = .004), and 7 (P = .015) and had significantly greater kneeling pain at 2 years (P < .019). A return to sport questionnaire at 2 years revealed no significant difference between the groups for returning to preoperative level of sport activity (83% AIST, 74% BPTB; P = .415). Two graft retears (7%; P = .222) occurred in the AIST group. Three patients in the BPTB group experienced ACL tears in the contralateral knee (9%; P = .239). CONCLUSIONS: ACL reconstruction with an all-inside quadrupled semitendinosus autograft construct is equivalent to patellar BPTB autograft based on KT-1000 stability testing in athletes 24 years or younger. LEVEL OF EVIDENCE: randomized controlled trial with 92% 2-year follow-up, Level I.",2020
32,31800420,2019 Dec 4,,J Bone Joint Surg Am,"['Sporsheim AN', 'Gifstad T', 'Lundemo TO', 'Engebretsen L', 'Strand T', 'Mølster A', 'Drogset JO']",Drogset JO,Autologous BPTB ACL Reconstruction Results in Lower Failure Rates Than ACL Repair with and without Synthetic Augmentation at 30 Years of Follow-up: A Prospective Randomized Study.,101,23,2074-2081,['English'],0014030,0021-9355,1535-1386,"['Comparative Study', 'Journal Article', 'Randomized Controlled Trial']",PubMed - indexed for MEDLINE,ppublish,"['31800420', '10.2106/JBJS.19.00098', '00004623-201912040-00002']",10.2106/JBJS.19.00098,"['2019/12/05 06:00', '2019/12/05 06:00', '2020/04/15 06:00']",['J Bone Joint Surg Am. 2019 Dec 4;101(23):e129. doi: 10.2106/JBJS.19.01099. PMID: 31800433'],1,0,The Journal of bone and joint surgery. American volume,doi: 10.2106/JBJS.19.00098,2019 Dec 4;101(23):2074-2081,"BACKGROUND: The aim of this study was to compare the 30-year follow-up results after treatment of anterior cruciate ligament (ACL) ruptures with 3 different surgical procedures. METHODS: A total of 150 patients with acute rupture of the ACL who were managed between 1986 and 1988 were randomized into 1 of 3 open repair methods: acute primary repair (n = 49), acute repair with a synthetic ligament augmentation device (LAD) (n = 50), or reconstruction with an autologous bone-patellar tendon-bone (BPTB) graft with retention of the ACL remnants (n = 51). The 30-year follow-up included evaluation of clinical findings, the Tegner and Lysholm questionnaires, radiographic examination, and registration of revisions and knee arthroplasties. RESULTS: A total of 113 patients (75%) were available for the follow-up evaluation; 39 patients were in the primary repair group, 39 in the LAD group, and 35 in the BPTB group. Through telephone calls and investigation of patient medical records, 40 of these patients were excluded from further analyses because of revision surgery, knee arthroplasty in the involved or contralateral knee, or ACL reconstruction in the contralateral knee. One patient in the BPTB group had undergone revision ACL reconstruction compared with 12 in the primary repair group (p = 0.002) and 9 in the LAD group (p = 0.015). Seven patients had undergone knee arthroplasty in the involved knee, with no significant difference among the groups. In the remaining patients, no significant differences were found among the 3 groups with regard to range of motion, laxity, or Tegner and Lysholm scores. Radiographic evidence of osteoarthritis, defined as an Ahlback grade of 2 through 5, was found in 42% of the operatively treated knees, with no significant differences among the groups. CONCLUSIONS: In the present 30-year follow-up results of a randomized controlled study, the BPTB graft augmented with the remnants of the ruptured ligament provided superior results with regard to the number of revisions compared with both the primary repair and LAD groups. No significant differences were found with respect to range of motion, laxity, activity, function, radiographic evidence of osteoarthritis, and knee arthroplasties. LEVEL OF EVIDENCE: Therapeutic Level I. See Instructions for Authors for a complete description of levels of evidence.",2019
33,31201076,2019 Jul,2019 Jun 12,Acta Orthop Traumatol Turc,"['Martin-Alguacil JL', 'Arroyo-Morales M', 'Martin-Gómez JL', 'Lozano-Lozano M', 'Galiano-Castillo N', 'Cantarero-Villanueva I']",Cantarero-Villanueva I,Comparison of knee sonography and pressure pain threshold after anterior cruciate ligament reconstruction with quadriceps tendon versus hamstring tendon autografts in soccer players.,53,4,260-265,['English'],9424806,1017-995X,2589-1294,"['Comparative Study', 'Journal Article']",PubMed - indexed for MEDLINE,ppublish+epublish,"['31201076', 'PMC6738273', 'pmc-id: PMC6738273;', '10.1016/j.aott.2019.04.012', 'S1017-995X(18)30300-6']",10.1016/j.aott.2019.04.012,"['2018/06/26 00:00', '2019/03/05 00:00', '2019/04/28 00:00', '2019/06/16 06:00', '2019/12/28 06:00', '2019/06/16 06:00', '2019/06/12 00:00']",[],1,23,Acta orthopaedica et traumatologica turcica,doi: 10.1016/j.aott.2019.04.012,2019 Jul;53(4):260-265,"OBJECTIVE: The aim of this study was to compare the pressure pain threshold and muscle architecture after an anatomic single bundle reconstruction with quadriceps tendon and hamstring tendon autografts of the anterior cruciate ligament in competitive soccer players. We hypothesized that both procedures will obtain similar outcomes. METHODS: Fifty-one participants were enrolled in this secondary analysis of a randomized controlled trial and were categorised into two groups: quadriceps tendon (QT) group (23 men and 3 women; mean age 18.7 +/- 3.6; BMI 23.0 +/- 2.2) or hamstring tendon (HT) group (16 men and 9 women; mean age 19.2 +/- 3.6 BMI 23.5 +/- 3.5). Both groups followed the same rehabilitation staged protocol. Pressure pain threshold (PPT), as a measure of perceived pain, was obtained in several points of quadriceps and hamstring muscles. Ultrasound imaging measurements were obtained in quadriceps tendon and knee cartilage thickness. Four measurements were taken in this study: baseline, 1, 3, 6, and 12 months after the anterior cruciate ligament (ACL) reconstruction. RESULTS: The analysis of PPT did not find significant differences in both groups x interaction time in the points evaluated: epicondyle (QT = 421.1 +/- 184.1 vs HT = 384.7 +/- 154.1 kPa), vastus lateralis (QT = 576.2 +/- 221.3 vs HT = 560.1 +/- 167.7 kPa), vastus medialis (QT = 544.7 +/- 198.8 vs HT = 541.1.1 +/- 181.77 kPa), patellar tendon (QT = 626.3 +/- 221.1 vs HT = 665.0 +/- 205.5 kPa), QT (QT = 651.1 +/- 276.9 vs HT = 660.0 +/- 195.2 kPa). (QT = 667.8 +/- 284.7 vs HT = 648.2 +/- 193.4 kPa) injured knee (all P > 0.05). The results of ultrasound imaging did not show significant differences in both groups x interaction time in the thickness of the QT (QT = 9.9 +/- 2.4 vs HT = 9.4 +/- 1.7 kPa) and patellar cartilage (QT = 3.2 +/- 0.6 vs HT = 3.2 +/- 0.4 kPa) (P > 0.05). CONCLUSION: A QT autograft produces similar results to a HT autograft in ACL reconstructions in terms of pressure pain threshold and ultrasound muscle architecture during the 1-year follow-up. LEVEL OF EVIDENCE: Level I, Therapeutic Study.",2019
34,31169571,2019 Jun 5,,J Bone Joint Surg Am,"['Mohtadi NG', 'Chan DS']",Chan DS,"A Randomized Clinical Trial Comparing Patellar Tendon, Hamstring Tendon, and Double-Bundle ACL Reconstructions: Patient-Reported and Clinical Outcomes at 5-Year Follow-up.",101,11,949-960,['English'],0014030,0021-9355,1535-1386,"['Journal Article', 'Randomized Controlled Trial']",PubMed - indexed for MEDLINE,ppublish,"['31169571', '10.2106/JBJS.18.01322', '00004623-201906050-00001']",10.2106/JBJS.18.01322,"['2019/06/07 06:00', '2019/06/07 06:00', '2019/12/25 06:00']",[],1,0,The Journal of bone and joint surgery. American volume,doi: 10.2106/JBJS.18.01322,2019 Jun 5;101(11):949-960,"BACKGROUND: This randomized clinical trial evaluated the 5-year, disease-specific quality-of-life outcomes of patients treated for anterior cruciate ligament (ACL) deficiency with use of a patellar tendon, single-bundle quadruple-stranded hamstring, or double-bundle hamstring reconstruction. METHODS: Patients (n = 110 per group; 183 male; 14 to 50 years of age) were randomly allocated to anatomically positioned ACL reconstruction with use of a patellar tendon graft (patellar tendon group; mean age, 28.7 years), quadruple-stranded hamstring tendon construct (hamstring tendon group; mean age, 28.5 years), or double-bundle hamstring tendon construct (double-bundle group; mean age, 28.3 years). Computer-generated allocation with varied block randomization was performed intraoperatively. The 5-year primary outcome measure was the Anterior Cruciate Ligament-Quality of Life (ACL-QOL) score, and secondary outcome measures included the International Knee Documentation Committee (IKDC) subjective score and objective grades, pivot shift assessment, range of motion, kneeling pain, Tegner activity scale, Cincinnati Occupational Rating Scale, complete traumatic reruptures, partial traumatic tears, total traumatic reinjuries, and atraumatic graft failures. RESULTS: Three hundred and fifteen patients (95%) completed the 5-year follow-up (4 withdrawals, and 11 lost to follow-up). ACL-QOL scores increased significantly from baseline for all groups (p < 0.0001), but mean scores at 5 years did not differ among the groups (p = 0.548): mean (and standard deviation) of 82.5 +/- 17.9 (95% confidence interval [CI], 79.0 to 86.0) for patellar tendon, 83.9 +/- 18.2 (95% CI, 80.3 to 87.4) for hamstring tendon, and 81.1 +/- 19.3 (95% CI, 77.4 to 84.8) for double-bundle. The proportions of patients at 5 years with a pivot shift grade of >/=2 (12% for patellar tendon, 16% for hamstring tendon, and 22% for double-bundle; p = 0.149) and with normal and nearly normal knees per IKDC grade (87%, 82%, and 75% for the 3 groups, respectively; p = 0.093) trended in favor of patellar tendon reconstruction. No differences were seen for the IKDC subjective scores, knee range of motion including passive extension deficits, the single leg hop test, Cincinnati Occupational Rating scores, and Tegner activity levels. Kneeling pain was more common with patellar tendon reconstruction (10% of patients compared with 4% for hamstring tendon and 2% for double-bundle; p = 0.029). For hamstring tendon and double-bundle reconstructions, there were trends toward more complete traumatic reruptures (4% for patellar tendon, 10% for hamstring tendon, and 10% for double-bundle; p = 0.145) and partial traumatic tears (0%, 5%, and 6%, respectively; p = 0.059), with significantly fewer combined traumatic reinjuries in the patellar tendon group (4 patients compared with 16 for hamstring tendon and 17 for double-bundle; p = 0.010). Atraumatic graft failure (pivot shift grade of >/=2) was found for 10% of the patients. CONCLUSIONS: At 5 years, we found no significant difference in the quality-of-life outcome among the patellar tendon, hamstring tendon, and double-bundle techniques for ACL reconstruction. Significantly more patients in the hamstring tendon and double-bundle groups experienced traumatic graft reinjury compared with the patellar tendon group. There was a trend toward a higher percentage with normal and nearly normal IKDC grades in the patellar tendon group compared with hamstring tendon and double-bundle groups. LEVEL OF EVIDENCE: Therapeutic Level I. See Instructions for Authors for a complete description of levels of evidence.",2019
35,30733025,2019 Mar,2019 Feb 4,Arthroscopy,"['Bailey L', 'Griffin J', 'Elliott M', 'Wu J', 'Papavasiliou T', 'Harner C', 'Lowe W']",Lowe W,Adductor Canal Nerve Versus Femoral Nerve Blockade for Pain Control and Quadriceps Function Following Anterior Cruciate Ligament Reconstruction With Patellar Tendon Autograft: A Prospective Randomized Trial.,35,3,921-929,['English'],8506498,0749-8063,1526-3231,"['Journal Article', 'Randomized Controlled Trial', ""Research Support, Non-U.S. Gov't""]",PubMed - indexed for MEDLINE,ppublish+epublish,"['30733025', '10.1016/j.arthro.2018.10.149', 'S0749-8063(18)31040-5']",10.1016/j.arthro.2018.10.149,"['2018/06/12 00:00', '2018/10/11 00:00', '2018/10/21 00:00', '2019/02/09 06:00', '2020/02/26 06:00', '2019/02/09 06:00']","['J Bone Joint Surg Am. 2019 Nov 20;101(22):2061. doi: 10.2106/JBJS.19.00985. PMID: 31764369', 'Arthroscopy. 2020 Mar;36(3):621-622. doi: 10.1016/j.arthro.2020.01.002. PMID: 32139040', 'Arthroscopy. 2020 Mar;36(3):621. doi: 10.1016/j.arthro.2020.01.001. PMID: 32139041']",1,0,Arthroscopy : the journal of arthroscopic & related surgery : official publication of the Arthroscopy Association of North America and the International Arthroscopy Association,doi: 10.1016/j.arthro.2018.10.149,2019 Mar;35(3):921-929,"PURPOSE: To compare femoral nerve blockade (FNB) versus adductor canal nerve blockade (ACB) for postoperative pain control and quadriceps muscle function in patients undergoing anterior cruciate ligament (ACL) reconstruction with patellar tendon autograft. METHODS: A randomized therapeutic trial of 90 patients undergoing ACL reconstruction with patellar tendon autograft was conducted comparing ACB versus FNB at 24 hours, 2 and 4 weeks, and 6 months postsurgery. Early outcome measures included average pain score and morphine equivalent units (milligrams) consumed, quadriceps surface electromyography, straight leg raise, and ability to ambulate without assistive devices. The 6-month outcome measures included knee range of motion (ROM), isokinetic knee extension peak torque, single-leg squat, and single-leg hop performance. Complications were recorded throughout the study for the development of anterior knee pain, knee extension ROM loss, deep vein thrombosis, and graft failure. Mixed-model analysis of variance and Mann-Whitney U tests were performed using an alpha of .05. RESULTS: Quadriceps surface electromyography deficits were higher for FNB at 24 hours (P < .001) and 2 weeks (P < .001) when compared with the ACB group. There were no between-groups difference for subjective pain (P = .793) or morphine consumption (P = .358) within the first 24 hours of surgery. A higher percentage of patients in the ACB group met the full ambulation criteria at 4 weeks compared with the FNB group (100% vs 84.2%, P < .001). No between-group differences were observed at 6 months; however, the rate of knee extension ROM loss was higher for the FNB group versus the ACB group (21.1% vs 5.0%, P = .026), respectively. CONCLUSIONS: ACB was as effective as FNB at providing pain control while eliciting fewer quadriceps muscle activation deficits and fewer postoperative complications. Based on previous evidence and the results of this study, we recommend the use of ACB over FNB for the analgesic management of patients undergoing ACL reconstruction with patellar tendon autograft. LEVEL OF EVIDENCE: Level I, prospective randomized controlled trial.",2019
36,30557034,2019 Feb,2018 Dec 17,Am J Sports Med,"['Lynch JR', 'Okoroha KR', 'Lizzio V', 'Yu CC', 'Jildeh TR', 'Moutzouros V']",Moutzouros V,Adductor Canal Block Versus Femoral Nerve Block for Pain Control After Anterior Cruciate Ligament Reconstruction: A Prospective Randomized Trial.,47,2,355-363,['English'],7609541,0363-5465,1552-3365,"['Comparative Study', 'Journal Article', 'Randomized Controlled Trial']",PubMed - indexed for MEDLINE,ppublish+epublish,"['30557034', '10.1177/0363546518815874']",10.1177/0363546518815874,"['2018/12/18 06:00', '2020/01/28 06:00', '2018/12/18 06:00']","['Am J Sports Med. 2019 Aug;47(10):NP49. doi: 10.1177/0363546519859546. PMID: 31365844', 'Am J Sports Med. 2019 Aug;47(10):NP49-NP50. doi: 10.1177/0363546519859547. PMID: 31365845']",1,0,The American journal of sports medicine,doi: 10.1177/0363546518815874,2019 Feb;47(2):355-363,"BACKGROUND: Femoral nerve block (FNB) is a commonly performed technique that has been proven to provide effective regional analgesia after anterior cruciate ligament (ACL) reconstruction. The adductor canal block (ACB) uses a similar sensory block around the knee while avoiding motor blockade of the quadriceps muscles. PURPOSE/HYPOTHESIS: The purpose of our study was to compare the efficacy of FNB versus ACB for pain control after ACL reconstruction. It was hypothesized that there would be no difference in pain levels or opioid requirements between the 2 groups. STUDY DESIGN: Randomized controlled trial; Level of evidence, 1. METHODS: We performed a prospective, double-blinded, randomized controlled trial. Sixty patients undergoing primary ACL reconstruction with bone-patellar tendon-bone autograft were randomized to receive either an ACB or an FNB preoperatively. The primary outcomes assessed were pain levels (visual analog scale) and narcotic requirements for 4 days after surgery. Secondary outcomes included ability to perform a straight leg raise in the recovery room and difference in thigh circumference between the operative and nonoperative leg measured at 7 days postoperatively. RESULTS: Morphine requirements were less in the ACB group in the first 4 hours postoperatively ( P = .02). Aside from this time interval, no differences were found between the 2 groups with regard to opioid requirements and pain scores at any other time. Similarly, no differences were noted in patients' ability to perform a straight leg raise in the recovery room ( P = .13) or in thigh circumference at the first postoperative visit ( P = .09). CONCLUSION: The results of our study suggest similar efficacy in perioperative pain control with the use of an ACB for ACL reconstruction when compared with FNB. The potential long-term benefit of quadriceps preservation with the ACB is worthy of future study. REGISTRATION: NCT03033589 (ClinicalTrials.gov identifier).",2019
37,30480022,2018 Nov,2018 Nov 20,Orthop J Sports Med,"['Elveos MM', 'Drogset JO', 'Engebretsen L', 'Brønn R', 'Lundemo TO', 'Gifstad T']",Gifstad T,Anterior Cruciate Ligament Reconstruction Using a Bone-Patellar Tendon-Bone Graft With and Without a Ligament Augmentation Device: A 25-Year Follow-up of a Prospective Randomized Controlled Trial.,6,11,2325967118808778,['English'],101620522,2325-9671,2325-9671,['Journal Article'],PubMed,,"['30480022', 'PMC6247493', 'pmc-id: PMC6247493;', '10.1177/2325967118808778', '10.1177_2325967118808778']",10.1177/2325967118808778,"['2018/11/28 06:00', '2018/11/28 06:00', '2018/11/28 06:01', '2018/11/20 00:00']",[],1,49,Orthopaedic journal of sports medicine,doi: 10.1177/2325967118808778,2018 Nov;6(11):2325967118808778,"BACKGROUND: Various grafts and ligament augmentation devices (LADs) have been used in the search for optimal reconstruction of the anterior cruciate ligament (ACL). PURPOSE: To compare 25-year follow-up results after ACL reconstruction using a bone-patellar tendon-bone (BPTB) graft with or without the Kennedy LAD. STUDY DESIGN: Randomized controlled trial; Level of evidence, 1. METHODS: One hundred patients undergoing ACL reconstruction between 1991 and 1993 were randomized into 2 groups: reconstruction using a BPTB graft alone (BPTB group, 51 patients) or a BPTB graft with the Kennedy LAD (LAD group, 49 patients). The 25-year follow-up evaluation included a clinical knee examination, patient-reported outcome measures, and an assessment of radiological osteoarthritis (OA) according to the Ahlback classification. Additional outcomes were reruptures and knee arthroplasty. RESULTS: Ninety-three patients (93%) were available for the follow-up evaluation: 48 patients in the BPTB group and 45 in the LAD group. Through telephone calls, 26 patients were excluded from further investigation because of reruptures and arthroplasty in the knee of interest; 67 patients were further investigated. A total of 43 of 44 (98%) and 42 of 44 (95%) patients had negative or 1+ Lachman and pivot-shift test results, respectively. The mean Lysholm score was 85 for the BPTB group and 83 for the LAD group. All mean Knee injury and Osteoarthritis Outcome Score (KOOS) subscale values were >/=73. There were no statistically significant differences between groups in any of these outcomes or regarding the Tegner score, radiological classification of OA, or number of ACL reruptures. Signs of radiological OA were detected in all patients, and severe radiological OA (Ahlback grade III, IV, or V) was detected in 32% of patients in the BPTB group and 21% of patients in the LAD group (P = .37). There were 12 patients in the BPTB group and 7 in the LAD group who had documented reruptures (P = .40). One patient in the BPTB group and 6 in the LAD group underwent knee arthroplasty (P = .054). CONCLUSION: In the present study, there were no statistically significant differences between groups in any of the outcomes. After 25 years, 19% of patients had reruptures, 27% had severe radiological OA, and 7% underwent knee arthroplasty.",2018
38,30414786,2018 Dec,2018 Nov 7,Knee,"['DeFroda SF', 'Karamchedu NP', 'Owens BD', 'Bokshan SL', 'Sullivan K', 'Fadale PD', 'Hulstyn MJ', 'Shalvoy RM', 'Badger GJ', 'Fleming BC']",Fleming BC,Tibial tunnel widening following anterior cruciate ligament reconstruction: A retrospective seven-year study evaluating the effects of initial graft tensioning and graft selection.,25,6,1107-1114,['English'],9430798,0968-0160,1873-5800,"['Journal Article', 'Randomized Controlled Trial']",PubMed - indexed for MEDLINE,ppublish+epublish,"['30414786', 'NIHMS985155', 'PMC6286238', 'pmc-id: PMC6286238;manuscript-id: NIHMS985155;', '10.1016/j.knee.2018.08.003', 'S0968-0160(18)30388-0']",10.1016/j.knee.2018.08.003,"['2018/06/06 00:00', '2018/07/09 00:00', '2018/08/11 00:00', '2018/11/12 06:00', '2019/03/15 06:00', '2018/11/12 06:00', '2019/12/01 00:00']",[],1,35,The Knee,doi: 10.1016/j.knee.2018.08.003,2018 Dec;25(6):1107-1114,"PURPOSE: To investigate tibial tunnel widening in ACL reconstruction patients over seven years to establish the effects of initial graft tension on tibial widening and clinical outcomes when using both patellar tendon (BTB) and hamstring tendon (HS) grafts. METHODS: Ninety patients, who were reconstructed with BTB or HS autografts, were randomized using one of two initial graft tension protocols; 1) tensioned to restore normal anteroposterior laxity (""low-tension""; n = 46) and 2) tensioned to over-constrain anteroposterior (AP) laxity by two millimeters (""high-tension""; n = 44). Seventy patients had post-surgical data with 45 available for review at seven years. Tunnel widening was assessed via radiographs at one-, three-, and seven-year follow-up. Patient-reported outcomes were compared. RESULTS: The mean +/- 95% confidence intervals of the initial diameters for the BTB autografts were 10.3 +/- 0.5 mm (Low-tension) and 10.2 +/- 0.6 mm (High-tension) with final diameters of 10.8 +/- 0.6 mm (Low-tension) and 9.9 +/- 0.6 mm (High-tension). The initial diameters for HS autografts were 8.1 +/- 0.9 mm (Low-tension) and 8.4 +/- 0.7 mm (High-tension) with final diameters of 11.5 +/- 1.1 mm (Low-tension) and 11.1 +/- 0.9 mm (High-tension). For subjects with HS autografts, mean tunnel diameters significantly changed over time (p < .001); no significant changes were observed in BTB autografts (p = .29). Change in diameter of the HS autograft group remained significantly greater than the BTB group at all time points for both tension groups (p < .05). No differences in patient-reported outcomes were found between tension groups or graft types. CONCLUSIONS: Patients who underwent ACL-R with HS autograft exhibited tibial tunnel widening over seven years. Patients with BTB autografts did not experience widening, regardless of initial graft tension. Patient-reported outcomes were equivalent.",2018
39,30349838,2018 Oct,2018 Oct 17,Orthop J Sports Med,"['Covey DC', 'Sandoval KE', 'Riffenburgh RH']",Riffenburgh RH,Contrast-Enhanced MRI Evaluation of Bone-Patellar Tendon-Bone and Hamstring ACL Autograft Healing in Humans: A Prospective Randomized Study.,6,10,2325967118800298,['English'],101620522,2325-9671,2325-9671,['Journal Article'],PubMed,,"['30349838', 'PMC6194935', 'pmc-id: PMC6194935;', '10.1177/2325967118800298', '10.1177_2325967118800298']",10.1177/2325967118800298,"['2018/10/24 06:00', '2018/10/24 06:00', '2018/10/24 06:01', '2018/10/17 00:00']",[],1,34,Orthopaedic journal of sports medicine,doi: 10.1177/2325967118800298,2018 Oct;6(10):2325967118800298,"BACKGROUND: Gadopentetate dimeglumine-enhanced magnetic resonance imaging (MRI), or gadolinium-enhanced MRI, was used to prospectively study the postoperative course of bone-patellar tendon-bone (BPTB) and combined semitendinosus and gracilis (STG) tendon autografts following arthroscopically assisted reconstruction of the anterior cruciate ligament (ACL) in humans. Gadopentetate dimeglumine is a contrast agent that has been shown to enhance the signal of vascularized tissue when examined by MRI. PURPOSE: To prospectively determine and compare the pattern and timing of autograft revascularization following arthroscopically assisted ACL reconstruction by BPTB or STG autografts. STUDY DESIGN: Randomized controlled trial; Level of evidence, 1. METHODS: A total of 73 patients (63 males, 10 females) with ACL tears who were scheduled to undergo reconstruction consented to participate in this study. The patients were randomized to receive arthroscopically assisted reconstruction of the ACL employing either BPTB or STG autografts. Gadolinium-enhanced MRI scans were scheduled at 3-month intervals during the first postoperative year to assess the integrity, timing, and pattern of enhancement of the ACL graft. The temporal sequence and morphologic characteristics of imaged signals were compared for both types of ACL reconstructions. RESULTS: Based on all knees with 1 exception, there were no statistically significant differences in gadopentetate dimeglumine-mediated graft enhancement grade observed between BPTB and STG autografts. CONCLUSION: The results suggest that autograft revascularization probably varies in intensity and location during the time course of graft healing. The interval signal changes observed 3 to 9 months, but especially 6 to 9 months, postoperatively are due to increased contrast uptake as a reflection of ongoing neovascularization during the process of ligamentization.",2018
40,29741923,2018 Jul,2018 May 9,Am J Sports Med,"['Walters BL', 'Porter DA', 'Hobart SJ', 'Bedford BB', 'Hogan DE', 'McHugh MM', 'Klein DA', 'Harousseau K', 'Nicholas SJ']",Nicholas SJ,Effect of Intraoperative Platelet-Rich Plasma Treatment on Postoperative Donor Site Knee Pain in Patellar Tendon Autograft Anterior Cruciate Ligament Reconstruction: A Double-Blind Randomized Controlled Trial.,46,8,1827-1835,['English'],7609541,0363-5465,1552-3365,"['Journal Article', 'Randomized Controlled Trial']",PubMed - indexed for MEDLINE,ppublish+epublish,"['29741923', '10.1177/0363546518769295']",10.1177/0363546518769295,"['2018/05/10 06:00', '2019/09/19 06:00', '2018/05/10 06:00']",[],1,0,The American journal of sports medicine,doi: 10.1177/0363546518769295,2018 Jul;46(8):1827-1835,"BACKGROUND: Donor site morbidity in the form of anterior knee pain is a frequent complication after bone-patellar tendon-bone (BPTB) autograft anterior cruciate ligament (ACL) reconstruction. Hypothesis/Purpose: The purpose was to examine the effect of the intraoperative administration of platelet-rich plasma (PRP) on postoperative kneeling pain. It was hypothesized that PRP treatment would reduce knee pain. STUDY DESIGN: Randomized controlled trial; Level of evidence, 2. METHODS: Fifty patients (mean +/- SD age, 30 +/- 12 years) undergoing BPTB ACL autograft reconstruction were randomized to the PRP (n = 27) or sham (n = 23) treatment. In either case, 10 mL of venous blood was drawn before the induction of anesthesia and either discarded (sham) or processed (PRP) for preparation of a PRP gel to be later mixed with donor site bone chips and inserted into the patellar defect. At 12 weeks, 6 months, 1 year, and 2 years after surgery, patients completed International Knee Documentation Committee (IKDC) forms and visual analog scale pain scores for activities of daily living and kneeling. Healing indices at the donor site were assessed by routine noncontrast magnetic resonance imaging (MRI) at 6 months. Mixed-model analysis of variance was used to assess the effect of PRP on patient symptoms and MRI indices of donor site healing, as measured by the width of the donor site defect. RESULTS: Kneeling pain, pain with activities of daily living, and IKDC scores were not different between treatment groups at any of the time intervals ( P = .08-.83). Kneeling pain improved from 12 weeks to 6 months and from 1 to 2 years ( P < .05). IKDC scores improved substantially from 12 weeks to 6 months ( P < .001) and continued to improve to 2 years (PRP, 86 +/- 19; sham, 89 +/- 10). MRI indices of donor site healing were not different between treatment groups ( P = .53-.90). CONCLUSION: Whether randomized to receive PRP in their patellar defect or not, patients continued to have similar levels of kneeling pain and patellar defect sizes after autograft BPTB ACL reconstruction. Registration: NCT01765712 ( ClinicalTrials.gov identifier).",2018
41,29741911,2018 Jul,2018 May 9,Am J Sports Med,"['Sajovic M', 'Stropnik D', 'Skaza K']",Skaza K,Long-term Comparison of Semitendinosus and Gracilis Tendon Versus Patellar Tendon Autografts for Anterior Cruciate Ligament Reconstruction: A 17-Year Follow-up of a Randomized Controlled Trial.,46,8,1800-1808,['English'],7609541,0363-5465,1552-3365,"['Journal Article', 'Randomized Controlled Trial']",PubMed - indexed for MEDLINE,ppublish+epublish,"['29741911', '10.1177/0363546518768768']",10.1177/0363546518768768,"['2018/05/10 06:00', '2019/09/19 06:00', '2018/05/10 06:00']",[],1,0,The American journal of sports medicine,doi: 10.1177/0363546518768768,2018 Jul;46(8):1800-1808,"BACKGROUND: Short-term and mid-term differences between hamstring and patellar tendon autografts for anterior cruciate ligament (ACL) reconstruction are well documented. Systematic reviews highlight the lack of long-term results between the two grafts. HYPOTHESIS: Seventeen years after ACL reconstruction, no difference will be found in functional outcome, quality of life, and graft failure between patients with patellar tendon (PT) or semitendinosus and gracilis tendon (STG) autografts; however, a significant difference will be seen in the prevalence of osteoarthritis. STUDY DESIGN: Randomized controlled trial; Level of evidence, 2. METHODS: Sixty-four patients were included in this prospective study (32 in each group). A single surgeon performed primary ACL reconstruction in alternating sequence. Forty-eight patients (24 in each group) were evaluated 17 years after ACL reconstruction: A clinical assessment was made based on the International Knee Documentation Committee (IKDC) form, instrumented laxity was measured with KT-1000 arthrometer, and radiography of the operated knee was conducted and assessed for degenerative disease. The Lysholm questionnaire and the Short Form-36 version 2 questionnaire were filled out by the patients. RESULTS: At the 17-year follow-up, no statistically significant differences were seen with respect to graft failure (2 reruptures in the semitendinosus and gracilis tendon [STG] group [6.3%] and 3 reruptures in the PT group [9.4%]) and functional outcome. Increased instrumented laxity (>3 mm) measured with KT-1000 arthrometer was seen in significantly more patients in the STG group (8 in the STG group compared with 2 in the PT group; P = .03) with a mean side-to-side difference of 2.17 +/- 1.86 mm in the STG group compared with 1.33 +/- 1.93 mm in the PT group. A significant difference was found in frequency of knee osteoarthritis (OA)-100% in the PT group compared with 71% in the STG group ( P = .004). Patients in the PT group tended to have higher grade OA according to the IKDC grading system, with an average grade of 1.46 in the PT group compared with 1 in the STG group ( P = .055). The degenerative changes in the PT group were more common in the medial and patellofemoral compartments ( P = .003 and P = .04, respectively). CONCLUSION: Both autografts provided good to excellent subjective outcomes. No significant differences were noted in graft failure and clinical instability. However, significantly more patients in the STG group had increased instrumented anteroposterior translation measured with KT-1000 arthrometer, and there was a greater prevalence of knee OA at 17 years after surgery in the PT group.",2018
42,29407520,2018 May,2018 Jan 31,Arch Phys Med Rehabil,"['Pamukoff DN', 'Montgomery MM', 'Choe KH', 'Moffit TJ', 'Vakula MN']",Vakula MN,Effect of Whole-Body Vibration on Sagittal Plane Running Mechanics in Individuals With Anterior Cruciate Ligament Reconstruction: A Randomized Crossover Trial.,99,5,973-980,['English'],2985158R,0003-9993,1532-821X,"['Journal Article', 'Randomized Controlled Trial', ""Research Support, Non-U.S. Gov't""]",PubMed - indexed for MEDLINE,ppublish+epublish,"['29407520', '10.1016/j.apmr.2017.11.019', 'S0003-9993(18)30045-5']",10.1016/j.apmr.2017.11.019,"['2017/03/08 00:00', '2017/10/31 00:00', '2017/11/26 00:00', '2018/02/07 06:00', '2019/01/23 06:00', '2018/02/07 06:00']",[],1,0,Archives of physical medicine and rehabilitation,doi: 10.1016/j.apmr.2017.11.019,2018 May;99(5):973-980,"OBJECTIVE: To examine the effect of whole-body vibration (WBV) on running biomechanics in individuals with anterior cruciate ligament reconstruction (ACLR). DESIGN: Single-blind randomized crossover trial. SETTING: Research laboratory. PARTICIPANTS: Individuals (N=20) with unilateral ACLR (age [+/- SD]=22.3 [+/-3.3] years; mass=71.8 [+/-15.3] kg; time since ACLR=44.9 [+/-22.8] months; 15 females, 10 patellar tendon autograft, 7 hamstrings autograft, 3 allograft; International Knee Documentation Committee Score=83.5 [+/-9.3]). MAIN OUTCOME MEASURE: Participants performed isometric squats while being exposed to WBV or no vibration (control). WBV and control conditions were delivered in a randomized order during separate visits separated by 1-week washout periods. Running biomechanics of the injured and uninjured limbs were evaluated before and immediately after each intervention. Dependent variables included peak vertical ground reaction force (GRF) and loading rate (LR), peak knee flexion angle and external moment, and knee flexion excursion during the stance phase of running. RESULTS: There was an increase in knee flexion excursion (+4.1 degrees , 95% confidence interval [CI]: 0.65, 7.5 degrees ) and a trend toward a reduction in instantaneous LR after WBV in the injured limb (-4.03 BW/sec(-1), 95% CI -0.38, -7.69). No effect was observed on peak GRF, peak knee flexion angle, or peak external knee flexion moment, and no effect was observed in the uninjured limb. CONCLUSIONS: Our findings indicate that a single session of WBV acutely increases knee flexion excursion. WBV could be useful to improve running characteristics in individuals with knee pathology.",2018
43,27802924,2016 Dec,2016 Oct 29,Knee,"['Niu Y', 'Niu C', 'Wang X', 'Liu J', 'Cao P', 'Wang F', 'Niu J']",Niu J,Improved ACL reconstruction outcome using double-layer BPTB allograft compared to that using four-strand hamstring tendon allograft.,23,6,1093-1097,['English'],9430798,0968-0160,1873-5800,"['Comparative Study', 'Journal Article', 'Randomized Controlled Trial']",PubMed - indexed for MEDLINE,ppublish+epublish,"['27802924', '10.1016/j.knee.2016.06.015', 'S0968-0160(16)30096-5']",10.1016/j.knee.2016.06.015,"['2016/01/20 00:00', '2016/06/14 00:00', '2016/06/23 00:00', '2016/11/03 06:00', '2017/08/16 06:00', '2016/11/03 06:00']",[],1,0,The Knee,doi: 10.1016/j.knee.2016.06.015,2016 Dec;23(6):1093-1097,"BACKGROUND: This study compared the clinical outcomes of anterior cruciate ligament reconstruction using double-layer bone-patellar tendon-bone (DBPTB) allografts and four-strand hamstring (4SHS) grafts. METHODS: This prospective randomized controlled trial included 101 patients. Of these, 50 patients received DBPTB allografts, and 51 received 4SHS grafts. Evaluations included KT-1000 arthrometer measurements, Lachman tests, pivot-shift tests, the International Knee Documentation Committee (IKDC) classification and Lysholm scores at three year postoperative follow-up. RESULTS: Two DBPTB patients (four percent) and nine 4SHS patients (17.6%) had graft failures, which was significantly different (P=0.028). The DBPTB group had significantly better Lachman test, IKDC knee score and Lysholm score results than the 4SHS group (P<0.05). However, these differences were below the threshold for clinical significance. CONCLUSIONS: DBPTB allografts had fewer graft failures at three years than 4SHS grafts for anterior cruciate ligament reconstruction; and there were statistically significant differences but not clinically significant differences between DBPTB and 4SHS grafts in terms of the KT1000 test, IKDC and Lysholm scores.",2016
44,27570169,2017 Jan,2016 Aug 25,Arthroscopy,"['Wasserman BR', 'Singh BC', 'Kaplan DJ', 'Weinberg M', 'Meislin R', 'Jazrawi LM', 'Strauss EJ']",Strauss EJ,Braking Reaction Time After Right-Knee Anterior Cruciate Ligament Reconstruction: A Comparison of 3 Grafts.,33,1,173-180,['English'],8506498,0749-8063,1526-3231,"['Journal Article', 'Randomized Controlled Trial']",PubMed - indexed for MEDLINE,ppublish+epublish,"['27570169', '10.1016/j.arthro.2016.05.043', 'S0749-8063(16)30367-X']",10.1016/j.arthro.2016.05.043,"['2015/12/03 00:00', '2016/05/27 00:00', '2016/05/31 00:00', '2016/08/30 06:00', '2017/10/25 06:00', '2016/08/30 06:00']",[],1,0,Arthroscopy : the journal of arthroscopic & related surgery : official publication of the Arthroscopy Association of North America and the International Arthroscopy Association,doi: 10.1016/j.arthro.2016.05.043,2017 Jan;33(1):173-180,"PURPOSE: To determine when patients recover the ability to safely operate the brakes of an automobile after a right-knee anterior cruciate ligament reconstruction (ACLR). METHODS: A computerized driving simulator was used to determine braking ability after an isolated right-knee ACLR. Thirty healthy volunteers were tested at 1 visit to determine normal mean values, and 27 treatment subjects were tested at 1 week, 3 weeks, and 6 weeks after ACLR. Nine study subjects were treated with a patella tendon (BPTB) autograft, 9 were treated with a hamstring (HS) autograft, and 9 were treated with a tibialis anterior (TA) allograft. The driving simulator collected data on brake reaction time (BRT), brake travel time (BTT), and total brake time (TBT) at each visit. RESULTS: The control group generated a BRT of 725 milliseconds, BTT of 2.87 seconds, and TBT of 3.59 seconds. At week 1, all treatment patients had significant differences compared with controls for BRT, BTT, and TBT, except the BTT of the HS group. At week 3, all measures for the allograft group and the BRT for both autograft groups were no longer significantly different compared with controls, but significant differences were found for TBT in the HS and BPTB groups (P = .03, P = .01). At week 6, BRT, BTT, and TBT were no longer significantly different for either the HS group or BPTB group. CONCLUSIONS: Patients who underwent a right-knee ACLR with a TA allograft regained normal braking times by week 3 postoperatively. In contrast, those treated with a BPTB or HS autograft demonstrated significantly delayed braking times at 3 weeks but returned to normal braking ability by week 6. Those treated with an autograft had an earlier return of normalized BRT than BTT. LEVEL OF EVIDENCE: Level III, case-control series.",2017
45,27568219,2016 Dec,2016 Aug 27,Arch Orthop Trauma Surg,"['Mei X', 'Zhang Z', 'Yang J']",Yang J,Double-layer versus single-layer bone-patellar tendon-bone anterior cruciate ligament reconstruction: a prospective randomized study with 3-year follow-up.,136,12,1733-1739,['English'],9011043,0936-8051,1434-3916,"['Journal Article', 'Randomized Controlled Trial']",PubMed - indexed for MEDLINE,ppublish+epublish,"['27568219', '10.1007/s00402-016-2548-z', '10.1007/s00402-016-2548-z']",10.1007/s00402-016-2548-z,"['2016/05/03 00:00', '2016/08/29 06:00', '2017/01/10 06:00', '2016/08/29 06:00']",[],1,0,Archives of orthopaedic and trauma surgery,,2016 Dec;136(12):1733-1739,"PURPOSE: To evaluate the clinical results of a randomized controlled trial of single-layer versus double-layer bone-patellar tendon-bone (BPTB) anterior cruciate ligament (ACL) reconstruction. METHODS: Fifty-eight subjects who underwent primary ACL reconstruction with a BPTB allograft were prospectively randomized into two groups: single-layer reconstruction (n = 31) and double-layer reconstruction (n = 27). The following evaluation methods were used: clinical examination, KT-1000 arthrometer measurement, muscle strength, Tegner activity score, Lysholm score, subjective rating scale regarding patient satisfaction and sports performance level, graft retear, contralateral ACL tear, and additional meniscus surgery. RESULTS: Forty-eight subjects (24 in single-layer group and 24 in double-layer group) who were followed up for 3 years were evaluated. Preoperatively, there were no differences between the groups. At 3-year follow-up, the Lachman and pivot-shift test results were better in the double-layer group (P = 0.019 and P < 0.0001, respectively). KT measurements were better in the double-layer group (mean 2.9 versus 1.5 mm; P = 0.0025). The Tegner score was also better in the double-layer group (P = 0.024). There were no significant differences in range of motion, muscle strength, Lysholm score, subjective rating scale, graft retear, and secondary meniscal tear. CONCLUSIONS: In ACL reconstruction, double-layer BPTB reconstruction was significantly better than single-layer reconstruction regarding anterior and rotational stability at 3-year follow-up. The results of KT measurements and the Lachman and pivot-shift tests were significantly better in the double-layer group, whereas there was no difference in the anterior drawer test results. The Tegner score was also better in the double-layer group; however, there were no differences in the other subjective findings.",2016
46,27501614,2016 May,,J Med Assoc Thai,"['Iamaroon A', 'Tamrongchote S', 'Sirivanasandha B', 'Halilamien P', 'Lertwanich P', 'Surachetpong S', 'Rungwattanakit P']",Rungwattanakit P,Femoral Nerve Block versus Intra-Articular Infiltration: A Preliminary Study of Analgesic Effects and Quadriceps Strength in Patients Undergoing Arthroscopic Anterior Cruciate Ligament Reconstruction.,99,5,578-83,['English'],7507216,0125-2208,,"['Comparative Study', 'Journal Article', 'Randomized Controlled Trial']",PubMed - indexed for MEDLINE,ppublish,['27501614'],,"['2016/08/10 06:00', '2016/08/10 06:00', '2016/09/07 06:00']",[],1,0,Journal of the Medical Association of Thailand = Chotmaihet thangphaet,,2016 May;99(5):578-83,"BACKGROUND: Adequate analgesia and early rehabilitation is necessary for arthroscopic anterior cruciate ligament reconstruction (A CLR) surgery. OBJECTIVE: To compare analgesia and quadriceps strength after femoral nerve block (FNB) with intra-articular infiltration (IA) using 0.25% bupivacaine for ACLR with patella tendon graft. MATERIAL AND METHOD: Forty patients were randomized to receive FNB under ultrasound guidance with 20 mL of bupivacaine or IA with 15 mL of bupivacaine into the knee joint and 5 mL infiltrated along the incision sites including portal sites at the end of surgery. All patients received intravenous ketorolac at wound closure. Data regarding demographic, time to first pain, time to first morphine requirement, morphine usage, pain scores and quadriceps strength were recorded. RESULTS: Significant difference in quadriceps strength was shown. Ninety percent of patients in Group IA and fifty-five percent of patients in Group FNB had good ability to extend knee at 24 hours after surgery (p = 0.013). No differences were found in demographic data, time to first pain, time to first morphine requirement, post operative pain scores and morphine consumption, CONCLUSION: The preliminary results demonstrated that IA has an effect on quadriceps strength less than FNB while provide comparable postoperative analgesia after patellar tendon graft ACLR.",2016
47,27376940,2016 Aug,2016 Jul 4,Eur J Orthop Surg Traumatol,"['Biswal UK', 'Balaji G', 'Nema S', 'Poduval M', 'Menon J', 'Patro DK']",Patro DK,Correlation of tunnel widening and tunnel positioning with short-term functional outcomes in single-bundle anterior cruciate ligament reconstruction using patellar tendon versus hamstring graft: a prospective study.,26,6,647-55,['English'],9518037,1633-8065,1432-1068,"['Journal Article', 'Randomized Controlled Trial']",PubMed - indexed for MEDLINE,ppublish+epublish,"['27376940', '10.1007/s00590-016-1809-4', '10.1007/s00590-016-1809-4']",10.1007/s00590-016-1809-4,"['2016/04/22 00:00', '2016/06/20 00:00', '2016/07/05 06:00', '2016/07/05 06:00', '2017/05/10 06:00']",[],1,0,European journal of orthopaedic surgery & traumatology : orthopedie traumatologie,doi: 10.1007/s00590-016-1809-4,2016 Aug;26(6):647-55,"OBJECTIVE: To study the correlation between tunnel widening and tunnel position with short-term functional outcomes post-ACL reconstruction with patellar tendon and hamstring autografts in young adults. MATERIALS AND METHODS: A total of 33 patients who underwent ACL reconstruction between October 2013 and February 2015 were included and followed up for 6 months. A standardized surgical technique was used for each graft type. Intra-op arthroscopy findings and drilled tunnel diameters were noted. They were followed up for 3 and 6 months. Radiological assessment was done at 3 and 6 months with clinical score assessment at 6 months. RESULTS: At 6 months, clinical scores were comparable in both groups. Tunnel widening in both femoral and tibial tunnel at 3 and 6 months were significantly higher in STG group (p values <0.05). The rate of widening was higher in 0-3 months and reduced in 3-6 months. There was statistically significant negative correlation between femoral tunnel widening by CT and IKDC score at 6 months (p value 0.049). We found a positive correlation between posterior positioning of femoral tunnel and Lysholm and IKDC scores. The correlation with Lysholm scores was statistically significant (p value 0.046). CONCLUSION: To conclude, tunnel widening is more with hamstrings graft. Femoral tunnel widening has significant negative correlation with that of IKDC scores at 6 months. Posterior femoral tunnel positioning and Lysholm scores at 6 months had significant correlation.",2016
48,27371291,2017 Oct,2016 Jul 1,Knee Surg Sports Traumatol Arthrosc,"['Iliopoulos E', 'Galanis N', 'Zafeiridis A', 'Iosifidis M', 'Papadopoulos P', 'Potoupnis M', 'Geladas N', 'Vrabas IS', 'Kirkos J']",Kirkos J,Anatomic single-bundle anterior cruciate ligament reconstruction improves walking economy: hamstrings tendon versus patellar tendon grafts.,25,10,3155-3162,['English'],9314730,0942-2056,1433-7347,"['Comparative Study', 'Journal Article', 'Randomized Controlled Trial']",PubMed - indexed for MEDLINE,ppublish+epublish,"['27371291', '10.1007/s00167-016-4229-4', '10.1007/s00167-016-4229-4']",10.1007/s00167-016-4229-4,"['2016/02/07 00:00', '2016/06/22 00:00', '2016/07/03 06:00', '2018/05/25 06:00', '2016/07/03 06:00']",[],1,0,"Knee surgery, sports traumatology, arthroscopy : official journal of the ESSKA",doi: 10.1007/s00167-016-4229-4,2017 Oct;25(10):3155-3162,"PURPOSE: Anterior cruciate ligament (ACL) injury is associated with a pathologic gait pattern and increased energy cost during locomotion. ACL reconstruction could improve the gait pattern. Hamstrings tendon (HAM) and bone-patellar tendon-bone (BPTB) grafts are usually used for reconstruction. The aim of this study was to compare the efficacy of anatomic ACL reconstruction with HAM and BPTB grafts on improving and normalizing the energy cost and physiologic reserves during flat, uphill, and downhill walking. METHODS: Twenty male subjects with unilateral ACL injuries were randomly assigned to ACL reconstruction with a HAM (n = 10) or BPTB (n = 10) graft. Ten matched controls were also enrolled. All participants performed three 8-min walking tasks at 0, +10, and -10 % gradients before and 9 months after surgery. Energy cost (oxygen consumption, VO(2)), heart rate (HR), and ventilation (VE) were measured. Lysholm/IKDC scores were recorded. RESULTS: Pre-operatively, VO(2), HR, and VE were higher in the HAM and BPTB groups than in controls during walking at 0, +10, and -10 % gradients (p < 0.001-0.01). Post-operatively, both HAM and BPTB groups showed reduced VO(2), HR, and VE during the three walking tasks (p < 0.001-0.01). Although the post-operative VO(2) in both surgical groups reached 90-95 % of the normative (control) value during walking, it remained elevated against the value observed in controls (p < 0.001-0.01). The HAM and BPTB groups showed no differences in post-surgical VO(2) or HR during walking at all three gradients. CONCLUSION: Anatomic ACL reconstruction with either HAM or BPTB graft resulted in similar short-term improvements in energy cost and nearly normalized locomotion economy and cardiorespiratory reserves during flat, uphill, and downhill walking. The improved locomotion economy is an additional benefit of anatomic ACL reconstruction, irrespective of the type of graft used, that the orthopaedic surgeons should consider. LEVEL OF EVIDENCE: II.",2017
49,27277002,2016 Jun 8,2016 Jun 8,J Orthop Surg Res,"['Gupta R', 'Kapoor D', 'Kapoor L', 'Malhotra A', 'Masih GD', 'Kapoor A', 'Joshi S']",Joshi S,Immediate post-operative pain in anterior cruciate ligament reconstruction surgery with bone patellar tendon bone graft versus hamstring graft.,11,1,67,['English'],101265112,,1749-799X,"['Comparative Study', 'Journal Article', 'Randomized Controlled Trial']",PubMed - indexed for MEDLINE,epublish,"['27277002', 'PMC4898387', 'pmc-id: PMC4898387;', '10.1186/s13018-016-0399-5', '10.1186/s13018-016-0399-5']",10.1186/s13018-016-0399-5,"['2016/02/13 00:00', '2016/05/24 00:00', '2016/06/10 06:00', '2016/06/10 06:00', '2017/05/24 06:00', '2016/06/08 00:00']",[],1,29,Journal of orthopaedic surgery and research,doi: 10.1186/s13018-016-0399-5,2016 Jun 8;11(1):67,"BACKGROUND: Pain in the immediate post-operative period after anterior cruciate ligament (ACL) surgery, apart from an unpleasant experience for the patient, can act as a barrier for static quadriceps contractions and optimum execution of the initial rehabilitation protocol resulting in slow recovery and a later return to full function for a sportsperson. There is no report in the literature comparing pain in the immediate post-operative period after using the two most widely used autografts, bone patellar tendon bone (BPTB) graft and hamstring graft. METHODS: The present study compared the visual analogue scale (VAS) pain score in the immediate post-operative period after arthroscopic ACL reconstruction with the BPTB and hamstring autografts. Both groups consisted of 50 patients each. The mean age of the BPTB and hamstring cohorts was 26.9 +/- 7.3 years (age range 18-59 years) and 26.7 +/- 9.0 years (age range 17-52 years), respectively. Unpaired t test was applied to compare pain scores between the BPTB and hamstring cohorts. RESULTS: In the present study, patients in the BPTB cohort showed higher mean pain scores across all the post-operative time intervals except at 6 h. However, the difference in the mean VAS pain score at post-operative 6, 12,18, 24, 36 and 48 h in the two groups was statistically not significant (p value of 1, 0.665, 0.798, 0.377, 0.651 and 0.215 at 6, 12, 18, 24, 36 and 48 h, respectively). CONCLUSIONS: Our study concludes that the arthroscopic ACL reconstruction with BPTB autograft and hamstring autograft is associated with similar pain in the immediate post-operative period. As a result, aggressive physiotherapy regime is not affected by the type of graft being used for ACL reconstruction, as the pain scores in the immediate post-operative period are similar for both techniques. TRIAL REGISTRATION: Clinical Trials Registry-India, CTRI/2016/01/006502.",2016
50,27229354,2016 Sep,2016 May 26,Am J Sports Med,"['Björnsson H', 'Samuelsson K', 'Sundemo D', 'Desai N', 'Sernert N', 'Rostgård-Christensen L', 'Karlsson J', 'Kartus J']",Kartus J,A Randomized Controlled Trial With Mean 16-Year Follow-up Comparing Hamstring and Patellar Tendon Autografts in Anterior Cruciate Ligament Reconstruction.,44,9,2304-13,['English'],7609541,0363-5465,1552-3365,"['Journal Article', 'Randomized Controlled Trial']",PubMed - indexed for MEDLINE,ppublish+epublish,"['27229354', '10.1177/0363546516646378', '0363546516646378']",10.1177/0363546516646378,"['2016/05/28 06:00', '2016/05/28 06:00', '2017/09/09 06:00']",[],1,0,The American journal of sports medicine,doi: 10.1177/0363546516646378,2016 Sep;44(9):2304-13,"BACKGROUND: There is no consensus in the current literature on which surgical options render the best long-term results after anterior cruciate ligament (ACL) reconstruction in terms of clinical outcomes and the development of radiographic osteoarthritis (OA). PURPOSE: To investigate the long-term clinical and radiographic results after ACL reconstruction using either a patellar tendon (PT) autograft or a hamstring tendon (HT) autograft. STUDY DESIGN: Randomized controlled trial; Level of evidence, 2. METHODS: This multicenter study was based on 2 previous randomized cohorts consisting of 193 patients who underwent unilateral primary ACL reconstruction using either a PT autograft or an HT autograft. The index surgical procedure was performed between September 1995 and January 2000. Clinical assessments, including knee laxity measurements, functional outcomes, patient-reported outcomes, and bilateral standing radiographs, were performed at the final follow-up examination. RESULTS: At the long-term follow-up, 147 (76%) patients were examined: 61 in the PT group and 86 in the HT group. The mean (+/-SD) follow-up time was 191.9 +/-15.1 months for the HT group and 202.6 +/- 10.4 months for the PT group. Knee laxity measurements revealed significantly more patients with a normal pivot-shift test finding in the HT group compared with the PT group (71% vs 51%, respectively; P = .048); however, no significant differences were found in terms of the manual Lachman test or the KT-1000 arthrometer manual maximum test. The patients in the PT group had significantly more difficulty knee walking (P = .049). There were no significant differences between the study groups in terms of patient-reported outcomes or range of motion in the reconstructed knee. In both groups, significantly more signs of radiographic OA were found in the reconstructed knee than in the contralateral healthy knee. However, there were no significant differences between the groups in terms of radiographic OA. CONCLUSION: Only minor and mostly insignificant differences were found between the PT and HT autograft groups in this long-term randomized controlled trial. In both groups, significantly more signs of radiographic OA were found in the reconstructed knee than in the contralateral knee.",2016
51,27159308,2016 Jul,2016 Apr 19,Am J Sports Med,"['Akelman MR', 'Fadale PD', 'Hulstyn MJ', 'Shalvoy RM', 'Garcia A', 'Chin KE', 'Duryea J', 'Badger GJ', 'Tung GA', 'Fleming BC']",Fleming BC,Effect of Matching or Overconstraining Knee Laxity During Anterior Cruciate Ligament Reconstruction on Knee Osteoarthritis and Clinical Outcomes: A Randomized Controlled Trial With 84-Month Follow-up.,44,7,1660-70,['English'],7609541,0363-5465,1552-3365,"['Journal Article', 'Randomized Controlled Trial']",PubMed - indexed for MEDLINE,ppublish+epublish,"['27159308', 'NIHMS763995', 'PMC4930731', 'pmc-id: PMC4930731;manuscript-id: NIHMS763995;', '10.1177/0363546516638387', '0363546516638387']",10.1177/0363546516638387,"['2016/05/10 06:00', '2016/05/10 06:00', '2017/10/24 06:00', '2017/07/01 00:00']",[],1,49,The American journal of sports medicine,doi: 10.1177/0363546516638387,2016 Jul;44(7):1660-70,"BACKGROUND: The ""initial graft tension"" applied at the time of graft fixation during anterior cruciate ligament (ACL) reconstruction surgery modulates joint contact mechanics, which in turn may promote posttraumatic osteoarthritis (OA). PURPOSE/HYPOTHESES: The study objectives were to compare clinical, functional, patient-reported, and OA imaging outcomes between 2 different initial laxity-based graft tension cohorts and a matched uninjured control group as well as to evaluate the effects of laxity-based graft tension on OA development at 84-month follow-up. The 2 laxity-based tension protocols were (1) to restore normal anteroposterior (AP) laxity at the time of surgery relative to the contralateral uninjured knee (low-tension group) or (2) to overconstrain AP laxity by 2 mm relative to the contralateral uninjured knee (high-tension group). The hypotheses were that (1) the high-tension group would have improved outcomes and decreased OA compared with the low-tension group after 84 months, and (2) the outcomes for the high-tension group would be equivalent to those for an age-, sex-, race-, and activity-matched group of control participants with uninjured knees. STUDY DESIGN: Randomized controlled trial; Level of evidence, 1. METHODS: Patients had their ACLs reconstructed with either a bone-patellar tendon-bone or 4-stranded hamstring autograft, and outcomes were compared with a matched control group. Outcomes were evaluated preoperatively and at 60 and 84 months postoperatively and included clinical (KT-1000 arthrometer AP laxity measurement and International Knee Documentation Committee [IKDC] examination score), functional (1-legged hop for distance and knee extensor torque), patient-reported (Knee injury and Osteoarthritis Outcome Score [KOOS], Short Form-36 [SF-36], and patient satisfaction survey), and OA imaging (measurement of joint space width [JSW], Osteoarthritis Research Society International [OARSI] radiographic score, and Whole-Organ Magnetic Resonance Imaging Score [WORMS]) components. Repeated-measures analyses of variance were used to evaluate differences in outcomes between the treatment groups and the control group. RESULTS: There were significant differences between the 2 tension groups in 1 of 5 KOOS subscales (sports and recreation; P = .04) and 2 of 8 SF-36 subscales (vitality, mental health; P < .04) at 84 and 60 months, respectively. Both tension groups scored significantly worse than the control group in the IKDC examination (P < .001), 1-legged hop (P </= .017), KOOS quality of life and symptoms subscales (P < .03), and OARSI radiographic score (P </= .02) at 84 months. The low-tension group performed significantly worse than the control group on the KOOS pain subscale (P = .03), SF-36 general health and social functioning (P < .04), OARSI radiographic score (P < .001), and WORMS (P = .001), while the high-tension group had statistically different results than the control group in AP knee laxity (P < .001), radiographic JSW (P = .003), and OARSI radiographic score (P = .02) as well as significantly more subsequent knee injuries (P = .02) at 84 months. CONCLUSION: The results do not support the hypotheses that the high-tension group would have improved outcomes when compared with the low-tension group after 84 months of healing or that the outcomes for the high-tension group would be equivalent to those for the matched control group. While there were minor differences in patient-reported outcomes between the 2 laxity-based tension groups, all other outcomes were similar. REGISTRATION: NCT00434837.",2016
52,27146668,2016 Jun,2016 May 4,Arch Orthop Trauma Surg,"['Seijas R', 'Cuscó X', 'Sallent A', 'Serra I', 'Ares O', 'Cugat R']",Cugat R,Pain in donor site after BTB-ACL reconstruction with PRGF: a randomized trial.,136,6,829-35,['English'],9011043,0936-8051,1434-3916,"['Journal Article', 'Randomized Controlled Trial']",PubMed - indexed for MEDLINE,ppublish+epublish,"['27146668', '10.1007/s00402-016-2458-0', '10.1007/s00402-016-2458-0']",10.1007/s00402-016-2458-0,"['2015/10/03 00:00', '2016/05/06 06:00', '2016/05/06 06:00', '2017/01/07 06:00']",[],1,0,Archives of orthopaedic and trauma surgery,doi: 10.1007/s00402-016-2458-0,2016 Jun;136(6):829-35,"INTRODUCTION: Anterior cruciate ligament (ACL) tears are highly incident injuries in young athletes within our work area. The use of the patellar graft, despite being the treatment of choice, presents post-operative problems such as anterior knee pain, which limits its use and leads to preference being taken for alternative grafts. Our aim was to evaluate if the application of PRGF reduces anterior knee pain in donor site in BTB-ACL reconstruction. MATERIALS AND METHODS: 43 patients were included in the double-blinded and randomized clinical trial comparing two patient groups who underwent ACL reconstruction using patellar tendon graft, comparing anterior knee pain with and without the application of PRGF at the donor site after harvesting the graft. RESULTS: The PRGF group showed decreased donor site pain in comparison to the control group, with significant differences in the first two months of follow-up. CONCLUSION: The application of PRGF decreased donor site pain compared to the control group.",2016
53,26869286,2016 Jul,2016 Feb 8,Arch Phys Med Rehabil,"['Pamukoff DN', 'Pietrosimone B', 'Lewek MD', 'Ryan ED', 'Weinhold PS', 'Lee DR', 'Blackburn JT']",Blackburn JT,Whole-Body and Local Muscle Vibration Immediately Improve Quadriceps Function in Individuals With Anterior Cruciate Ligament Reconstruction.,97,7,1121-9,['English'],2985158R,0003-9993,1532-821X,"['Journal Article', 'Randomized Controlled Trial', ""Research Support, Non-U.S. Gov't""]",PubMed - indexed for MEDLINE,ppublish+epublish,"['26869286', '10.1016/j.apmr.2016.01.021', 'S0003-9993(16)00088-5']",10.1016/j.apmr.2016.01.021,"['2016/01/18 00:00', '2016/01/21 00:00', '2016/02/13 06:00', '2016/02/13 06:00', '2017/07/14 06:00']",[],1,0,Archives of physical medicine and rehabilitation,doi: 10.1016/j.apmr.2016.01.021,2016 Jul;97(7):1121-9,"OBJECTIVE: To determine the immediate effects of a single session of whole-body vibration (WBV) and local muscle vibration (LMV) on quadriceps function in individuals with anterior cruciate ligament reconstruction (ACLR). DESIGN: Singe-blind, randomized crossover trial. SETTING: Research laboratory. PARTICIPANTS: Population-based sample of individuals with ACLR (N=20; mean age +/- SD, 21.1+/-1.2y; mean mass +/- SD, 68.3+/-14.9kg; mean time +/- SD since ACLR, 50.7+/-21.3mo; 14 women; 16 patellar tendon autografts, 3 hamstring autografts, 1 allograft). INTERVENTIONS: Participants performed isometric squats while being exposed to WBV, LMV, or no vibration (control). Interventions were delivered in a randomized order during separate visits separated by 1 week. MAIN OUTCOME MEASURES: Quadriceps active motor threshold (AMT), motor-evoked potential (MEP) amplitude, Hoffmann reflex (H-reflex) amplitude, peak torque (PT), rate of torque development (RTD), electromyographic amplitude, and central activation ratio (CAR) were assessed before and immediately after a WBV, LMV, or control intervention. RESULTS: There was an increase in CAR (+4.9%, P=.001) and electromyographic amplitude (+16.2%, P=.002), and a reduction in AMT (-3.1%, P<.001) after WBV, and an increase in CAR (+2.7%, P=.001) and a reduction in AMT (-2.9%, P<.001) after LMV. No effect was observed after WBV or LMV in H-reflex, RTD, or MEP amplitude. AMT (-3.7%, P<.001), CAR (+5.7%, P=.005), PT (+.31Nm/kg, P=.004), and electromyographic amplitude (P=.002) in the WBV condition differed from the control condition postapplication. AMT (-3.0% P=.002), CAR (+3.6%, P=.005), and PT (+.30Nm/kg, P=.002) in the LMV condition differed from the control condition postapplication. No differences were observed between WBV and LMV postapplication in any measurement. CONCLUSIONS: WBV and LMV acutely improved quadriceps function and could be useful modalities for restoring quadriceps strength in individuals with knee pathologies.",2016
54,26838934,2016 Apr,2016 Feb 2,Am J Sports Med,"['Sasaki S', 'Tsuda E', 'Hiraga Y', 'Yamamoto Y', 'Maeda S', 'Sasaki E', 'Ishibashi Y']",Ishibashi Y,Prospective Randomized Study of Objective and Subjective Clinical Results Between Double-Bundle and Single-Bundle Anterior Cruciate Ligament Reconstruction.,44,4,855-64,['English'],7609541,0363-5465,1552-3365,"['Journal Article', 'Randomized Controlled Trial']",PubMed - indexed for MEDLINE,ppublish+epublish,"['26838934', '10.1177/0363546515624471', '0363546515624471']",10.1177/0363546515624471,"['2016/02/04 06:00', '2016/02/04 06:00', '2016/11/04 06:00']",[],1,0,The American journal of sports medicine,doi: 10.1177/0363546515624471,2016 Apr;44(4):855-64,"BACKGROUND: There is controversy as to whether double-bundle anterior cruciate ligament (ACL) reconstruction with hamstring tendon graft (DB-HT) or single-bundle ACL reconstruction with patellar tendon graft (SB-PT) obtains the best clinical outcomes. PURPOSE: To compare the short-term clinical outcomes of DB-HT with those of rectangular-tunnel SB-PT (RTSB-PT) at 2-year follow-up and to identify the factors that affect subjective knee functional score. STUDY DESIGN: Randomized controlled trial. Level of evidence, 1. METHODS: Sixty-three male patients (mean age, 26.1 years) and 87 female patients (mean age, 25.8 years) were included in this study and were randomly distributed to either the DB-HT (n = 76) or RTSB-PT (n = 74) group. Clinical outcomes (knee flexion range of motion [ROM], heel-height difference, side-to-side difference in anterior laxity, rotational laxity, and Tegner activity score) were compared between the DB-HT and RTSB-PT groups, and examination of factors affecting subjective outcomes (Knee Injury and Osteoarthritis and Outcome Score [KOOS] results) was performed by multiple linear regression analysis. RESULTS: Fourteen patients (9 DB-HT, 5 RTSB-PT) had secondary ACL injury within 2 years after primary ACL reconstruction and were excluded from analysis. In the examination of 136 patients at the 24-month follow-up, there was no significant difference between the 2 groups in clinical or subjective outcomes. The normalized knee extensor strength of the RTSB-PT group showed negative surgical technique effect in the early postoperative phase (P = .005), but there was no significant difference between the 2 groups at the 24-month follow-up (P = .114). There was no significant difference in change of normalized knee flexor strength between the 2 groups (P = .493). Age, sex, body mass index (BMI), and presence of meniscus injury were the factors that affected KOOS subscale scores. CONCLUSION: In this prospective randomized controlled study, there was no significant difference in the incidence of secondary ACL injury and no difference in objective or subjective outcomes between the DB-HT and RTSB-PT reconstruction at 24-month follow-up. Age, sex, presence of meniscus injury, and BMI affected subjective KOOS subscale scores, while surgical technique did not.",2016
55,26725050,2016 Apr,2016 Jan 2,Arch Orthop Trauma Surg,"['Konrads C', 'Reppenhagen S', 'Plumhoff P', 'Hoberg M', 'Rudert M', 'Barthel T']",Barthel T,No significant difference in clinical outcome and knee stability between patellar tendon and semitendinosus tendon in anterior cruciate ligament reconstruction.,136,4,521-5,['English'],9011043,0936-8051,1434-3916,"['Comparative Study', 'Journal Article', 'Randomized Controlled Trial']",PubMed - indexed for MEDLINE,ppublish+epublish,"['26725050', '10.1007/s00402-015-2386-4', '10.1007/s00402-015-2386-4']",10.1007/s00402-015-2386-4,"['2015/08/10 00:00', '2016/01/04 06:00', '2016/01/05 06:00', '2016/11/12 06:00']",[],1,0,Archives of orthopaedic and trauma surgery,doi: 10.1007/s00402-015-2386-4,2016 Apr;136(4):521-5,"INTRODUCTION: ACL reconstruction with either patellar tendon or semitendinosus tendon autografts are standard procedures. Between these two grafts might be differences in stability, morbidity, or long-term changes. This study investigates outcomes of ACL reconstruction with patellar tendon versus semitendinosus tendon autografts. We hypothesize no significant differences in clinical outcome and knee stability between both groups. METHODS: In a randomized prospective trial, we operated 62 ACL-deficient patients, 45 males and 17 females with a mean age of 29.8 years (min. 18, max. 44). We reconstructed the ligament using either autologous patellar tendon (n = 31) or semitendinosus tendon (n = 31). After 10 years of follow-up, we investigated 47 patients of the study. For evaluation we used a standard clinical examination including one-leg jump test and KT-1000 instrumental translation measure, visual analog pain scale, IKDC subjective knee form, Lysholm score, Tegner activity scale, and standard X-rays of the knee. RESULTS: The data did not show any significant differences between the two groups. Between 5 and 10 years after ACL reconstruction both groups started to develop degenerative arthritic changes, which were detectable in standard radiographs of the knee. At 10-year follow-up mean IKDC for the BPTB group was 1.8 (min. 1, max. 3) and for the ST group it was 2.2 (min 1, max. 4), p = 0.35. Regarding Tegner activity scale after 10 years, the BPTB group showed a mean score of 5.9 (min. 4, max. 9) versus 5.1 (min. 3, max. 7) in the ST group, p = 0.53. For the Lysholm score the BPTB group reached a mean of 92.0 (min. 63, max. 98) and the ST group 91.8 (min. 62, max. 98) points, p = 0.66. There is a tendency for higher donor site morbidity in the BPTB group than in the ST group, p = 0.07. CONCLUSIONS: Both, patellar tendon and semitendinosus tendon are safe autografts for ACL reconstruction. Regarding graft selection, individual patient-dependent factors should be considered. ACL reconstruction cannot fully restore pre-injury status of knee joint function in the majority of cases.",2016
56,26612290,2015 Dec 5,,Chin Med J (Engl),"['Jia YH', 'Sun PF']",Sun PF,Comparison of Clinical Outcome of Autograft and Allograft Reconstruction for Anterior Cruciate Ligament Tears.,128,23,3163-6,['English'],7513795,0366-6999,2542-5641,"['Journal Article', 'Randomized Controlled Trial']",PubMed - indexed for MEDLINE,ppublish,"['26612290', 'PMC4794891', 'pmc-id: PMC4794891;', '10.4103/0366-6999.170265', 'ChinMedJ_2015_128_23_3163_170265']",10.4103/0366-6999.170265,"['2015/11/28 06:00', '2015/11/28 06:00', '2016/12/15 06:00', '2015/12/05 00:00']",[],1,14,Chinese medical journal,doi: 10.4103/0366-6999.170265,2015 Dec 5;128(23):3163-6,"BACKGROUND: Hamstring (HS) autograft and bone-patellar tendon-bone allograft are the most common choice for reconstruction of anterior cruciate ligament (ACL). There was a little report about the clinical outcome and difference of arthroscopic ACL reconstruction using allograft and autograft. This study aimed to compare the clinical outcome of autograft and allograft reconstruction for ACL tears. METHODS: A total of 106 patients who underwent surgery because of ACL tear were included in this study. The patients were randomly divided into two groups, including 53 patients in each group. The patients in group I underwent standard ACL reconstruction with HS tendon autografts, while others in group II underwent reconstruction with bone-patellar tendon-bone allograft. All the patients were followed up and analyzed; the mean follow-up was 81 months (range: 28-86 months). Clinical outcomes were evaluated using the International Knee Documentation Committee (IKDC), Lysholm scores, physical instability tests, and patient satisfaction questionnaires. The complication rates of both groups were compared. Tibial and femoral tunnel widening were assessed using lateral and anteroposterior radiographs. RESULTS: At the end of follow-up, no significant differences were found between the groups in terms of IKDC, Lysholm scores, physical instability tests, patient satisfaction questionnaires, and incidences of arthrofibrosis. Tibial and femoral tunnel widening was less in the HS tendon autografts. This difference was more significant on the tibial side. CONCLUSIONS: In the repair of ACL tears, allograft reconstruction is as effective as the autograft reconstruction, but the allograft can lead to more tunnel widening evidently in the tibial tunnel, particularly.",2015
57,26578718,2016 Jan,2015 Nov 17,Am J Sports Med,"['Webster KE', 'Feller JA', 'Hartnett N', 'Leigh WB', 'Richmond AK']",Richmond AK,Comparison of Patellar Tendon and Hamstring Tendon Anterior Cruciate Ligament Reconstruction: A 15-Year Follow-up of a Randomized Controlled Trial.,44,1,83-90,['English'],7609541,0363-5465,1552-3365,"['Comparative Study', 'Journal Article', 'Randomized Controlled Trial']",PubMed - indexed for MEDLINE,ppublish+epublish,"['26578718', '10.1177/0363546515611886', '0363546515611886']",10.1177/0363546515611886,"['2015/11/19 06:00', '2015/11/19 06:00', '2016/07/28 06:00']",[],1,0,The American journal of sports medicine,doi: 10.1177/0363546515611886,2016 Jan;44(1):83-90,"BACKGROUND: Numerous studies have compared patellar tendon (PT) and hamstring tendon (HS) anterior cruciate ligament (ACL) reconstructions in the short to midterm, but fewer long-term results have been published. HYPOTHESIS: There will be no difference in functional outcome between ACL reconstruction performed with PT and HS grafts, but PT grafts will have more donor site morbidity. STUDY DESIGN: Randomized controlled trial; Level of evidence, 1. METHODS: Sixty-five patients undergoing ACL reconstruction were randomized to receive either a PT graft or a 4-strand HS graft. Early results were reported at 4, 8, 12, 24, and 36 months. Forty-seven patients (22 of 31 PT and 25 of 34 HS) were reviewed at a mean of 15.3 years. RESULTS: Four graft ruptures (1 PT, 3 HS) and 6 contralateral ACL injuries (4 PT, 2 HS) occurred in the group that was reviewed. There was no statistically significant difference between the groups for any of the variables measured. There was a similar incidence of anterior knee pain and kneeling pain in both groups. The previously observed increased extension deficit in the PT group at 3 years was not present at 15 years, and there was no significant between-group difference in knee laxity. A higher proportion of patients in the PT group were participating in sport on a weekly basis (73% PT, 48% HS; P = .05). There was no difference in the degree of osteoarthritis between the groups. CONCLUSION: This randomized controlled trial showed that HS and PT ACL reconstructions have comparable results at an average 15-year follow-up. Contrary to the study hypothesis, some of the graft differences seen at earlier review were not present at 15 years, and patients with PT grafts were more active in sport participation. Overall, both graft types provided good long-term subjective and objective outcomes.",2016
58,26164058,2016 Mar,,Clin J Sport Med,"['Mohtadi N', 'Chan D', 'Barber R', 'Paolucci EO']",Paolucci EO,"Reruptures, Reinjuries, and Revisions at a Minimum 2-Year Follow-up: A Randomized Clinical Trial Comparing 3 Graft Types for ACL Reconstruction.",26,2,96-107,['English'],9103300,1050-642X,1536-3724,"['Comparative Study', 'Journal Article', 'Randomized Controlled Trial', ""Research Support, Non-U.S. Gov't""]",PubMed - indexed for MEDLINE,ppublish,"['26164058', '10.1097/JSM.0000000000000209']",10.1097/JSM.0000000000000209,"['2015/07/13 06:00', '2015/07/15 06:00', '2016/12/15 06:00']",[],1,0,Clinical journal of sport medicine : official journal of the Canadian Academy of Sport Medicine,doi: 10.1097/JSM.0000000000000209,2016 Mar;26(2):96-107,"OBJECTIVE: To evaluate the predictive factors for traumatic rerupture, reinjury, and atraumatic graft failure of anterior cruciate ligament (ACL) reconstruction at a minimum 2-year follow-up. DESIGN: Double-blind randomized clinical trial (RCT) with intraoperative computer-generated allocation. SETTING: University-based orthopedic referral practice. PATIENTS: Three hundred thirty patients with isolated ACL deficiency were equally randomized to (1) patellar tendon (PT; mean, 29.2 years), (2) quadruple-stranded hamstring tendon (HT; mean, 29.0 years), and (3) double bundle using HT (DB; mean, 28.8 years). Three hundred twenty-two patients completed 2-year follow-up. INTERVENTIONS: Anatomically positioned primary ACL reconstruction with PT, HT, and DB autografts. MAIN OUTCOME MEASURES: Proportions of complete traumatic reruptures, traumatic reinjuries (complete reruptures and partial tears), atraumatic graft failures, and contralateral ACL tears. Logistic regression assessed 5 a priori determined independent predictors: chronicity, graft type, age, sex, and Tegner level. RESULTS: More complete traumatic reruptures occurred in the HT and DB groups: PT = 3; HT = 7; DB = 7 (P = 0.37). Traumatic reinjuries statistically favored PT reconstructions: (PT = 3; HT = 12; DB = 11; P = 0.05). Atraumatic graft failures were not different: PT = 16; HT = 17; DB = 20 (P = 0.75). Younger age was a significant predictor of complete traumatic reruptures and traumatic reinjuries (P < 0.01). Higher activity level, males, and patients with HT, DB, and acute reconstructions had greater odds of reinjury. None of these factors reached statistical significance. Contralateral ACL tears were not different between groups, but trends suggested that younger females were more likely to have a contralateral ACL tear. CONCLUSIONS: More traumatic reinjuries occurred with HT and DB grafts. Younger age was a predictor of complete traumatic rerupture and traumatic reinjury, irrespective of graft type. LEVEL OF EVIDENCE: Level 1 (Therapeutic Studies). CLINICAL RELEVANCE: This article describes the complete traumatic graft rerupture, partial traumatic ACL tear, atraumatic graft failure, and contralateral ACL tear rates observed at 2 years postoperatively in a large double-blind RCT comparing PT, single-bundle hamstring, and double-bundle hamstring ACL reconstructions. The odds and predictive factors of traumatic rerupture and reinjury are also evaluated.",2016
59,25881568,2016 May,,Clin J Sport Med,"['Mohtadi N', 'Barber R', 'Chan D', 'Paolucci EO']",Paolucci EO,Complications and Adverse Events of a Randomized Clinical Trial Comparing 3 Graft Types for ACL Reconstruction.,26,3,182-9,['English'],9103300,1050-642X,1536-3724,"['Journal Article', 'Randomized Controlled Trial']",PubMed - indexed for MEDLINE,ppublish,"['25881568', '10.1097/JSM.0000000000000202']",10.1097/JSM.0000000000000202,"['2015/04/18 06:00', '2015/04/18 06:00', '2017/03/11 06:00']",[],1,0,Clinical journal of sport medicine : official journal of the Canadian Academy of Sport Medicine,doi: 10.1097/JSM.0000000000000202,2016 May;26(3):182-9,"OBJECTIVE: Complications/adverse events of anterior cruciate ligament (ACL) surgery are underreported, despite pooled level 1 data in systematic reviews. All adverse events/complications occurring within a 2-year postoperative period after primary ACL reconstruction, as part of a large randomized clinical trial (RCT), were identified and described. DESIGN: Prospective, double-blind randomized clinical trial. Patients and the independent trained examiner were blinded to treatment allocation. SETTING: University-based orthopedic referral practice. PATIENTS: Three hundred thirty patients (14-50 years; 183 males) with isolated ACL deficiency were intraoperatively randomized to ACL reconstruction with 1 autograft type. Graft harvest and arthroscopic portal incisions were identical. INTERVENTION: Patients were equally distributed to patellar tendon (PT), quadruple-stranded hamstring tendon (HT), and double-bundle (DB) hamstring autograft ACL reconstruction. MAIN OUTCOME MEASURES: Adverse events/complications were patient reported, documented, and diagnoses confirmed. RESULTS: Two major complications occurred: pulmonary embolism and septic arthritis. Twenty-four patients (7.3%) required repeat surgery, including 25 separate operations: PT = 7 (6.4%), HT = 9 (8.2%), and DB = 8 (7.3%). Repeat surgery was performed for meniscal tears (3.6%; n = 12), intra-articular scarring (2.7%; n = 9), chondral pathology (0.6%; n = 2), and wound dehiscence (0.3%; n = 1). Other complications included wound problems, sensory nerve damage, muscle tendon injury, tibial periostitis, and suspected meniscal tears and chondral lesions. Overall, more complications occurred in the HT/DB groups (PT = 24; HT = 31; DB = 45), but more PT patients complained of moderate or severe kneeling pain (PT = 17; HT = 9; DB = 4) at 2 years. CONCLUSIONS: Overall, ACL reconstructive surgery is safe. Major complications were uncommon. Secondary surgery was necessary 7.3% of the time for complications/adverse events (excluding graft reinjury or revisions) within the first 2 years. LEVEL OF EVIDENCE: Level 1 (therapeutic studies). CLINICAL RELEVANCE: This article reports on the complications/adverse events that were prospectively identified up to 2 years postoperatively, in a defined patient population participating in a large double-blind randomized clinical trial comparing PT, single-bundle hamstring, and DB hamstring reconstructions for ACL rupture.",2016
60,25763849,2016 Sep,2015 Mar 13,Knee Surg Sports Traumatol Arthrosc,"['Dai C', 'Wang F', 'Wang X', 'Wang R', 'Wang S', 'Tang S']",Tang S,Arthroscopic single-bundle anterior cruciate ligament reconstruction with six-strand hamstring tendon allograft versus bone-patellar tendon-bone allograft.,24,9,2915-2922,['English'],9314730,0942-2056,1433-7347,"['Journal Article', 'Randomized Controlled Trial']",PubMed - indexed for MEDLINE,ppublish+epublish,"['25763849', '10.1007/s00167-015-3569-9', '10.1007/s00167-015-3569-9']",10.1007/s00167-015-3569-9,"['2014/07/30 00:00', '2015/03/03 00:00', '2015/03/13 06:00', '2015/03/13 06:00', '2017/04/30 06:00']",[],1,0,"Knee surgery, sports traumatology, arthroscopy : official journal of the ESSKA",doi: 10.1007/s00167-015-3569-9,2016 Sep;24(9):2915-2922,"PURPOSE: The aim of this study was to compare the clinical outcomes of arthroscopic single-bundle anterior cruciate ligament (ACL) reconstruction with six-strand hamstring tendon (HT) allograft versus bone-patellar tendon-bone (BPTB) allograft. METHODS: The prospective randomized controlled trial was included 129 patients. Sixty-nine patients received reconstruction with six-strand HT allografts (HT group), whereas 60 patients with BPTB allografts (BPTB group). Outcome assessment included re-rupture findings, International Knee Documentation Committee (IKDC) scores, Lysholm scores, KT-1000 arthrometer, Lachman test, pivot-shift test, range of motion (ROM) and single-leg hop test. RESULTS: At a mean follow-up of 52 months, 113 patients (HT group, 61 patients; BPTB group, 52 patients) completed a minimum 4-year follow-up. Four patients in HT group and six in BPTB group experienced ACL re-rupture (6.2 vs. 10.3 %) and received revision surgery. Significant between-group differences were observed in KT-1000 outcomes and pivot-shift test 1 (1.2 +/- 1.5 vs. 1.8 +/- 1.3, p = 0.025; positive rate 6.5 vs. 18.9 %, p = 0.036), 2 (1.1 +/- 1.4 vs. 1.6 +/- 1.2, p = 0.044; 8.1 vs. 20.7 %, p = 0.039), 4 (1.1 +/- 1.5 vs. 1.7 +/- 1.4, p = 0.031; 9.7 vs. 25 %, p = 0.012) years postoperatively. The outcomes between the two groups were comparable in terms of IKDC scores, Lysholm scores, Lachman test, ROM and single-leg hop test. CONCLUSIONS: Six-strand HT allograft achieved superior anteroposterior and rotational stability after single-bundle ACL reconstruction. It is a reasonable graft substitute for ACL reconstruction. LEVEL OF EVIDENCE: II.",2016
61,25645436,2015 Jul,2015 Feb 3,Int Orthop,"['Mouzopoulos G', 'Siebold R', 'Tzurbakis M']",Tzurbakis M,Hip flexion strength remains decreased in anterior cruciate ligament reconstructed patients at one-year follow up compared to healthy controls.,39,7,1427-32,['English'],7705431,0341-2695,1432-5195,"['Journal Article', 'Randomized Controlled Trial']",PubMed - indexed for MEDLINE,ppublish+epublish,"['25645436', '10.1007/s00264-014-2662-x']",10.1007/s00264-014-2662-x,"['2014/09/18 00:00', '2014/12/27 00:00', '2015/02/04 06:00', '2015/02/04 06:00', '2016/03/02 06:00']",[],1,0,International orthopaedics,doi: 10.1007/s00264-014-2662-x,2015 Jul;39(7):1427-32,"PURPOSE: The aim of this study was to evaluate hip muscle flexion strength in patients who underwent anterior cruciate ligament (ACL) reconstruction with patellar or hamstrings tendon graft and compare them with healthy controls. METHODS: Sixty-eight male ACL deficient patients who underwent reconstruction (36 patients with hamstrings tendon graft and 32 patients with patellar tendon graft; randomized selection of type of graft) in our department, between July 2011 and July 2012, were enrolled in this randomised prospective study. Also 64 healthy male weekend athletes participated in the study as a control group. Hip flexor strength was measured by isokinetic dynamometer (Biodex), pre-operatively and one year after reconstruction. The statistical packet STATA 8.0 was used and statistical significance was set at p < 0.05. RESULTS: Hip flexion strength in ACL reconstructed patients either with patellar tendon or hamstrings grafts, one year after reconstruction is significantly decreased compared to healthy controls (p < 0.0001). Patients reconstructed with patellar tendon have stronger hip flexors than those reconstructed with hamstrings graft (p < 0.0001). CONCLUSION: Hip flexion strength remains decreased one year after ACL surgery compared to healthy controls. Patellar tendon could be the graft of choice for ACL reconstruction in athletes who must preserve stronger hip flexors.",2015
62,25514139,2015 Jul,,Clin J Sport Med,"['Mohtadi N', 'Chan D', 'Barber R', 'Oddone Paolucci E']",Oddone Paolucci E,"A Randomized Clinical Trial Comparing Patellar Tendon, Hamstring Tendon, and Double-Bundle ACL Reconstructions: Patient-Reported and Clinical Outcomes at a Minimal 2-Year Follow-up.",25,4,321-31,['English'],9103300,1050-642X,1536-3724,"['Comparative Study', 'Journal Article', 'Randomized Controlled Trial']",PubMed - indexed for MEDLINE,ppublish,"['25514139', '10.1097/JSM.0000000000000165']",10.1097/JSM.0000000000000165,"['2014/12/17 06:00', '2014/12/17 06:00', '2016/03/22 06:00']",[],1,0,Clinical journal of sport medicine : official journal of the Canadian Academy of Sport Medicine,doi: 10.1097/JSM.0000000000000165,2015 Jul;25(4):321-31,"OBJECTIVE: To compare 3 anatomically positioned autografts for anterior cruciate ligament (ACL) reconstruction, by measuring patient-reported disease-specific quality of life at 2 years postoperatively. DESIGN: Double-blinded, randomized clinical trial with intraoperative computer-generated treatment allocation. Patients and an independent trained evaluator were blinded. SETTING: University-based orthopedic referral practice. PATIENTS: Three hundred thirty patients (14-50 years; 183 male patients) with isolated ACL deficiency were equally randomized to: (1) patellar tendon, PT: 28.7 years (SD = 9.7); (2) quadruple-stranded hamstring tendon, HT: 28.5 years (SD = 9.9); and (3) double bundle using HT, DB: 28.3 years (SD = 9.8); 322 patients completed 2-year follow-up. INTERVENTION: Anterior cruciate ligament reconstruction using PT, HT, or DB autografts. MAIN OUTCOME MEASURES: Measured at baseline, 1 and 2 years postoperatively-primary: anterior cruciate ligament quality-of-life scores; secondary: International Knee Documentation Committee (IKDC) scores, KT-1000 arthrometer, pivot shift, range of motion, Tegner activity, Cincinnati Occupational Scale, and single-leg hop. Proportions of correct graft type guesses by the patients and evaluator assessed blinding effectiveness. RESULTS: Baseline characteristics were not different. Anterior cruciate ligament quality-of-life scores increased over time for all groups (P = 0.001) but were not different at 2 years (P = 0.591): PT = 84.6 (SD = 16.6, 95% confidence interval [CI] = 81.4-87.8), HT = 82.5 (SD = 17.7, 95% CI = 79.2-85.9), and DB = 82.4 (SD = 17.5, 95% CI = 79.1-85.7). Two-year KT-1000 side-to-side differences (PT = 1.86 mm; HT = 2.97 mm; DB = 2.65 mm) were statistically significant between PT-HT (P = 0.002) and PT-DB (P = 0.044). The remaining secondary outcomes were not statistically different. Correct graft type guesses occurred 51% of the time for patients and 46% for the evaluator. CONCLUSIONS: Two-year disease-specific quality-of-life outcome was not different between the ACL reconstruction techniques. The PT reconstructions had significantly lower side-to-side differences on static stability measures. Patient and evaluator blinding was achieved. LEVEL OF EVIDENCE: Level 1 (Therapeutic Studies). CLINICAL RELEVANCE: This high-quality, large, double-blind randomized clinical trial (RCT) addresses the insufficient evidence in the literature comparing PT, single-bundle hamstring, and DB hamstring reconstructions for ACL rupture in adults. In addition to the clinical and functional results, this RCT uniquely reports on the disease-specific, patient-reported quality-of-life outcome at 2 years postoperatively.",2015
63,25384473,2014 Oct,,Injury,"['Valentí Azcárate A', 'Lamo-Espinosa J', 'Aquerreta Beola JD', 'Hernandez Gonzalez M', 'Mora Gasque G', 'Valentí Nin JR']",Valentí Nin JR,Comparison between two different platelet-rich plasma preparations and control applied during anterior cruciate ligament reconstruction. Is there any evidence to support their use?,45 Suppl 4,,S36-41,['English'],0226040,0020-1383,1879-0267,"['Journal Article', 'Randomized Controlled Trial']",PubMed - indexed for MEDLINE,ppublish,"['25384473', '10.1016/S0020-1383(14)70008-7', 'S0020-1383(14)70008-7']",10.1016/S0020-1383(14)70008-7,"['2014/11/12 06:00', '2014/11/12 06:00', '2015/06/30 06:00']",[],1,0,Injury,doi: 10.1016/S0020-1383(14)70008-7,2014 Oct;45 Suppl 4:S36-41,"INTRODUCTION: To compare the clinical, analytical and graft maturation effects of two different platelet-rich plasma (PRP) preparations applied during anterior cruciate ligament (ACL) reconstruction. MATERIALS AND METHODS: A total of 150 patients with ACL disruption were included in the study. Arthroscopic ACL reconstruction with patellar tendon allograft was conducted on all knees using the same protocol. One hundred patients were prospectively randomised to either a group to receive double-spinning platelet-enriched gel (PRP) with leukocytes (n=50) or to a non-gel group (n=50). Finally, we included 50 patients treated with a platelet-rich preparation from a single-spinning procedure (PRGF Endoret((R)) Technology) without leukocytes. Inflammatory parameters, including C-reactive protein (CRP) and knee perimeters (PER), were measured 24 hours and 10 days after surgery. Postoperative pain score (visual analogue score [VAS]) was recorded the day after surgery. Follow-up visits occurred postoperatively at 3, 6, and 12 months. The International Knee Documentation Committee scale (IKDC) was included to compare functional state, and MRI was conducted 6 months after surgery. RESULTS: The PRGF group showed a statistically significant improvement in swelling and inflammatory parameters compared with the other two groups at 24 hours after surgery (p<0.05). The results did not show any significant differences between groups for MRI and clinical scores. CONCLUSIONS: PRGF used in ACL allograft reconstruction was associated with reduced swelling; however, the intensity and uniformity of the graft on MRI were similar in the three groups, and there was no clinical or pain improvement compared with the control group. LEVEL OF EVIDENCE: II.",2014
64,25322347,2015 Jan,2014 Oct 16,J Athl Train,"['Harris K', 'Driban JB', 'Sitler MR', 'Cattano NM', 'Hootman JM']",Hootman JM,Five-year clinical outcomes of a randomized trial of anterior cruciate ligament treatment strategies: an evidence-based practice paper.,50,1,110-2,['English'],9301647,1062-6050,1938-162X,"['Journal Article', 'Comment']",PubMed - indexed for MEDLINE,ppublish+epublish,"['25322347', 'PMC4299728', 'pmc-id: PMC4299728;', '10.4085/1062-6050-49.3.53', 'attr-49-03-53']",10.4085/1062-6050-49.3.53,"['2014/10/17 06:00', '2014/10/17 06:00', '2015/04/29 06:00', '2016/01/01 00:00']",['BMJ. 2013 Jan 24;346:f232. doi: 10.1136/bmj.f232. PMID: 23349407'],1,5,Journal of athletic training,doi: 10.4085/1062-6050-49.3.53,2015 Jan;50(1):110-2,"REFERENCE/CITATION: Frobell RB, Roos HP, Roos EM, Roemer FW, Ranstam J, Lohmander LS. Treatment for acute anterior cruciate ligament tear: five year outcome of randomised trial. BMJ. 2013;346:F232. CLINICAL QUESTION: Does early anterior cruciate ligament (ACL) reconstruction with rehabilitation lead to better patient-reported outcomes and a lower incidence of osteoarthritis at 5 years postinjury compared with delayed ACL reconstruction with rehabilitation? STUDY SELECTION: This randomized controlled trial with extended follow-up at 5 years postrandomization was conducted in 2 Swedish orthopaedic departments. DATA EXTRACTION: The authors studied a total of 121 moderately active adults (age = 18-35 years) with an acute ACL rupture in a knee with no other history of trauma. Excluded were patients with a collateral ligament rupture, full-thickness cartilage defect, or extensive meniscal fixation. One patient assigned to the early ACL-reconstruction group did not attend the 5-year follow-up visit. Patients were randomly assigned to (1) an early ACL reconstruction plus structured rehabilitation group (n = 62, surgery within 10 weeks of injury) or (2) optional-delayed ACL reconstruction plus structured rehabilitation group (n = 59). The primary outcome measure was change in the average of 4 out of 5 subscales of the Knee Injury and Osteoarthritis Outcome Score (KOOS). The authors also assessed crude KOOS (combined 4 subscales), KOOS subscale scores, general physical and mental health (Short-Form 36), activity level (Tegner Activity Scale), mechanical knee stability (Lachman and pivot shift tests), meniscal surgery status, and presence of knee osteoarthritis on radiographs. MAIN RESULTS: Among patients randomized to the optional-delayed ACL-reconstruction group, 30 (51%) opted for an ACL reconstruction. The treatment groups had comparable 5-year patient-reported outcomes and changes in patient-reported outcomes (eg, knee pain, knee symptoms, activities of daily living, sport and recreational levels, knee-related quality of life, general physical health, and general mental health). Patients in the optional-delayed ACL-reconstruction group had greater mechanical knee instability than patients who received early ACL reconstruction; however, this was primarily among the patients opting for conservative management alone. In the overall sample, 61 knees (51%) required meniscal surgery over 5 years, regardless of treatment group. At 5 years, radiographs were available for 113 patients (93%). Overall, 29 patients (26%) had knee osteoarthritis at 5 years. Specifically, 13 patients (12%) developed tibiofemoral radiographic osteoarthritis (9 patients [16%] in the early ACL-reconstruction group, 4 [7%] in the optional-delayed ACL-reconstruction group) and 22 (19%) developed patellofemoral osteoarthritis (14 patients [24%] in the early ACL-reconstruction group, 8 [15%] in the optional-delayed ACL-reconstruction group). Patients with patellar tendon grafts (n = 40) had a greater incidence of ipsilateral patellofemoral osteoarthritis than patients with hamstrings tendon grafts (n = 51), but the 2 groups had similar incidences of ipsilateral tibiofemoral osteoarthritis. Six knees (5%) had both tibiofemoral and patellofemoral osteoarthritis. CONCLUSIONS: Early ACL reconstruction plus rehabilitation did not provide better results at 5 years compared with optional-delayed ACL reconstruction plus rehabilitation. Furthermore, the authors found no radiographic differences among patients with early ACL reconstruction, delayed ACL reconstruction, or no ACL reconstruction (rehabilitation alone).",2015
65,25265770,2014 Jul,,J Med Assoc Thai,"['Iamaroon A', 'Tangwiwat S', 'Sirivanasandha B', 'Halilamien P', 'Lertpenmetha Y', 'Sirimaneewattana S', 'Surachetpong S', 'Puangchan S']",Puangchan S,Femoral nerve block using 0.25% or 0.5% bupivacaine for analgesia after arthroscopic anterior cruciate ligament reconstruction.,97,7,717-23,['English'],7507216,0125-2208,,"['Comparative Study', 'Journal Article', 'Randomized Controlled Trial']",PubMed - indexed for MEDLINE,ppublish,['25265770'],,"['2014/10/01 06:00', '2014/10/01 06:00', '2015/05/13 06:00']",[],1,0,Journal of the Medical Association of Thailand = Chotmaihet thangphaet,,2014 Jul;97(7):717-23,"BACKGROUND: Femoral nerve block (FNB) with varying concentrations of bupivacaine is often used for postoperative analgesia after anterior cruciate ligament (ACL) reconstruction. OBJECTIVE: To determine whether FNB using 0.25% or 0.5% bupivacaine provided better analgesia with less effect on quadriceps strengths after ACL reconstruction. MATERIAL AND METHOD: One hundred patients were randomized to receive FNB with 20 mL of 0.25% or 0.5% bupivacaine. Data regarding demographic, effectiveness of FNB, time to first pain, time to first analgesic, pain scores, morphine use, and recovery of sensory and motor function were recorded. RESULTS: Median time to first morphine requirement was 12 hours in 0.5% bupivacaine group and 10 hours in 0.25% bupivacaine group (p = 0.048). Pain score at 18 hours was lower in 0.5% bupivacaine group compared with 0.25% bupivacaine group (p = 0.001). When specify to the patellar tendon graft subgroup, the patients requiring morphine were 70% in 0.5% bupivacaine group and 90% in 0.25% bupivacaine group (p = 0.03). No differences were found in demographic data, effectiveness of FNB, time to first pain, morphine consumption, and recovery of sensorimotor function. CONCLUSION: FNB with 0.5% bupivacaine provided longer time to first analgesic and lower narcotic requirements after patellar tendon graft ACL reconstruction when compared to 0.25% bupivacaine. Both concentrations showed similar effect on quadriceps strengths.",2014
66,25192689,2015 Mar,2014 Sep 6,Int Orthop,"['Papalia R', 'Franceschi F', 'Tecame A', ""D'Adamio S"", 'Maffulli N', 'Denaro V']",Denaro V,Anterior cruciate ligament reconstruction and return to sport activity: postural control as the key to success.,39,3,527-34,['English'],7705431,0341-2695,1432-5195,"['Journal Article', 'Randomized Controlled Trial']",PubMed - indexed for MEDLINE,ppublish+epublish,"['25192689', '10.1007/s00264-014-2513-9']",10.1007/s00264-014-2513-9,"['2014/08/03 00:00', '2014/08/14 00:00', '2014/09/07 06:00', '2014/09/07 06:00', '2016/02/16 06:00']",[],1,0,International orthopaedics,doi: 10.1007/s00264-014-2513-9,2015 Mar;39(3):527-34,"PURPOSE: The risk for re-tear following anterior cruciate ligament (ACL) reconstruction is influenced by several hormonal, neuromuscular, biomechanical and anatomic factors. One of the most important negative prognostic factors that markedly increase the risk for ACL re-tear is the presence of high knee-abduction moment (KAM), which can be measured immediately by landing on both feet after a vertical jump. We evaluated the effect in postoperative values for KAM according to the type of graft used for ACL reconstruction (hamstring vs patellar tendon) and a specific rehabilitation protocol focusing on recovery of muscular strength, proprioception and joint stabilisation. METHODS: From November 2010 to September 2012, we enrolled 40 female recreational athletes with clinical and imaging evidence of ACL tear and randomised them in two groups. One group of patients underwent reconstruction with a hamstring-tendon graft and the second with a patellar-tendon graft. A custom rehabilitation programme focusing on proprioception was adopted. Clinical outcomes [International Knee Documentation Committee (IKDC) and Lysholm scores] and performance in functional test for stability (single-leg hop, timed hop, crossover triple hop, KAM test) were assessed preoperatively at three and six months postoperatively. RESULTS: All patients showed statistically significant clinical improvements postoperatively when compared with preoperative values (P < 0.0001). No significant intergroup difference was observed in all clinical scores and functional tests, with the exception of the value registered for the KAM test (P < 0.0001). CONCLUSIONS: ACL reconstruction using patellar-tendon graft followed by rehabilitation centred on strength, proprioception and stability restoration can produce satisfactory values for KAM within the physiological range. The surgical strategies should be adapted to the patient on the basis of a multidisciplinary approach.",2015
67,25128968,2015 Jan,2014 Aug 17,Int Orthop,"['Kautzner J', 'Kos P', 'Hanus M', 'Trc T', 'Havlas V']",Havlas V,A comparison of ACL reconstruction using patellar tendon versus hamstring autograft in female patients: a prospective randomised study.,39,1,125-30,['English'],7705431,0341-2695,1432-5195,"['Journal Article', 'Randomized Controlled Trial', ""Research Support, Non-U.S. Gov't""]",PubMed - indexed for MEDLINE,ppublish+epublish,"['25128968', '10.1007/s00264-014-2495-7']",10.1007/s00264-014-2495-7,"['2014/05/21 00:00', '2014/07/17 00:00', '2014/08/18 06:00', '2014/08/19 06:00', '2016/01/29 06:00']",[],1,0,International orthopaedics,doi: 10.1007/s00264-014-2495-7,2015 Jan;39(1):125-30,"PURPOSE: The incidence of an anterior cruciate ligament (ACL) tear is highest in female patients; however, it is not apparent whether graft choice affects clinical results. The aim of this prospective randomised study was to evaluate clinical results of an ACL reconstruction using patellar tendon [bone-patellar tendon-bone (BTB)] or hamstring graft (HS) in female patients. METHODS: Inclusion criteria were traumatic instability, no signs of osteoarthritis, no previous instability and no contralateral knee instability. Inclusion criteria were met in 150 patients, mean age 26 (17-47) years. Patients were randomised into two groups of 75 patients according to graft type; all had the same rehabilitation protocol. Tegner Lysholm knee score and stability were evaluated pre-operatively and one and two years postoperatively. The difference between groups was statistically evaluated using unpaired t test. RESULTS: Of the 150 patients, all completed one year follow-up; three were lost to follow-up at two years. There was no significant difference in functional scores and knee stability between groups. The HS group had significantly less anterior knee pain in the first six months postoperatively. CONCLUSION: ACL reconstruction significantly improves clinical results and stability of the knee. Difference in Lysholm score and stability between groups was not significant. Neither group showed higher tendency to graft failure within two years. Graft choice for reconstruction in female patients should be surgeon specific and individualised, as both grafts studied achieved comparable results.",2015
68,24825597,2014 Jul,2014 May 14,Wien Klin Wochenschr,"['Leitgeb J', 'Köttstorfer J', 'Schuster R', 'Kovar FM', 'Platzer P', 'Aldrian S']",Aldrian S,Primary anterior cruciate ligament reconstruction in athletes: a 5-year follow up comparing patellar tendon versus hamstring tendon autograft.,126,13-14,397-402,['English'],21620870R,0043-5325,1613-7671,"['Comparative Study', 'Journal Article', 'Randomized Controlled Trial']",PubMed - indexed for MEDLINE,ppublish+epublish,"['24825597', '10.1007/s00508-014-0550-4']",10.1007/s00508-014-0550-4,"['2014/01/16 00:00', '2014/04/13 00:00', '2014/05/15 06:00', '2014/05/16 06:00', '2015/12/15 06:00']",['Wien Klin Wochenschr. 2014 Jul;126(13-14):455'],1,0,Wiener klinische Wochenschrift,doi: 10.1007/s00508-014-0550-4,2014 Jul;126(13-14):397-402,"INTRODUCTION: ACL reconstruction with quadruple hamstring graft (HT) as well as bone-patellar tendon-bone autograft (PT) is a frequent procedure in athletes after ACL rupture. Both techniques are reported to provide for satisfying results but only few articles compare both techniques. MATERIAL AND METHODS: Prospective evaluation was performed on 96 patients with isolated ACL rupture undergoing reconstruction with a HT or PT autograft by a single surgeon at our institution. Long time follow-up after five years included the IKDC and KOOS evaluation form as well as clinical assessment (ROM, Lachmann testing, KT-2000). RESULTS: Comparing both methods revealed no significant differences regarding IKDC and KOOS. The KT-2000 arthrometer testing showed a slightly increased mean laxity in the HT group. There were no differences regarding harvest side symptoms comparing HT and PT as well as one and two incision technique. Kneeling pain was significantly less common after HT autograft. HT as well as PT autograft achieve equally good clinical results in athletes at five year follow-up with no significant difference regarding knee stability. Although no difference concerning the harvest site was identified, HT seems to be favorable for patients who work in a kneeling position.",2014
69,24770382,2015 Aug,2014 Apr 27,Knee Surg Sports Traumatol Arthrosc,"['Kang HJ', 'Wang XJ', 'Wu CJ', 'Cao JH', 'Yu DH', 'Zheng ZM']",Zheng ZM,Single-bundle modified patellar tendon versus double-bundle tibialis anterior allograft ACL reconstruction: a prospective randomized study.,23,8,2244-2249,['English'],9314730,0942-2056,1433-7347,"['Comparative Study', 'Journal Article', 'Randomized Controlled Trial']",PubMed - indexed for MEDLINE,ppublish+epublish,"['24770382', '10.1007/s00167-014-3021-6', '10.1007/s00167-014-3021-6']",10.1007/s00167-014-3021-6,"['2013/10/28 00:00', '2014/04/14 00:00', '2014/04/29 06:00', '2014/04/29 06:00', '2015/12/23 06:00']",[],1,0,"Knee surgery, sports traumatology, arthroscopy : official journal of the ESSKA",doi: 10.1007/s00167-014-3021-6,2015 Aug;23(8):2244-2249,"PURPOSE: The purpose of this study was to prospectively compare the outcomes of single-bundle (SB) anterior cruciate ligament (ACL) reconstruction with modified bone-patellar tendon-bone (BPTB) allograft and double-bundle (DB) reconstruction with tibialis anterior allograft. METHODS: With 94 patients enroled in the study, 43 subjects who had SB ACL reconstruction with modified BPTB allograft (group S) and 41 subjects of DB ACL reconstruction with tibialis anterior allograft (group D) were followed up for a minimum of 2 years. Clinical outcomes including Lachman and pivot-shift tests, KT-1000 arthrometer measurements, and the International Knee Documentation Committee (IKDC) classification, Lysholm and Tegner activity scores were compared between the two groups at the last follow-up. RESULTS: The mean graft size of the group S, the anteromedial bundle and posterolateral bundle in group D were 9.9 +/- 0.2, 7.5 +/- 0.4 and 6.6 +/- 0.4 mm, with statistically significant difference between the group S graft to either bundle of group D grafts (p < 0.001). At the last follow-up, there was no statistical difference between the two groups for the Lachman test, pivot-shift test and side-to-side difference. Substantial improvements in the subjective knee function scores were achieved in both groups, but without significant difference between the two groups. CONCLUSIONS: After a 2-year minimum follow-up, SB ACL reconstruction based on modified BPTB allograft achieved similar clinical outcomes to DB reconstruction with tibialis anterior allograft in knee stability, both anterior-posterior and rotational, as well as knee function. The modified BPTB allograft was recommended as an ideal graft option for the SB ACL reconstruction. LEVEL OF EVIDENCE: Therapeutic, randomized controlled study, Level II.",2015
70,24756534,2014 Jul,2014 Apr 23,Arch Orthop Trauma Surg,"['Sarzaeem MM', 'Najafi F', 'Razi M', 'Najafi MA']",Najafi MA,ACL reconstruction using bone-patella tendon-bone autograft: press-fit technique vs. interference screw fixation.,134,7,955-62,['English'],9011043,0936-8051,1434-3916,"['Comparative Study', 'Journal Article', 'Randomized Controlled Trial']",PubMed - indexed for MEDLINE,ppublish+epublish,"['24756534', '10.1007/s00402-014-1999-3']",10.1007/s00402-014-1999-3,"['2013/11/22 00:00', '2014/04/24 06:00', '2014/04/24 06:00', '2014/09/17 06:00']",[],1,0,Archives of orthopaedic and trauma surgery,doi: 10.1007/s00402-014-1999-3,2014 Jul;134(7):955-62,"PURPOSE: The gold standard in ACL reconstructions has been the bone-patellar tendon-bone autograft fixed with interference screws. This prospective, randomized clinical trial aimed to compare two methods of fixation for BPTB grafts: press-fit fixation vs. interference screw, over a 12-month follow-up interval. METHODS: 158 patients with an average age of 29.8 years, between 2011 and 2012, were treated for torn ACL. 82 patients underwent reconstruction with BPTB autograft with a press fit fixation technique, and in 76 cases an interference screw was used. At the time of final follow-up, 71 patients in press-fit group and 65 patients in interference screw group were evaluated in terms of return to pre-injury activity level, pain, knee stability, range of motion, IKDC score and complications. RESULTS: At 12-month follow-up, 59 (83 %) and 55 (85 %) in press-fit and screw group, respectively had good-to-excellent IKDC score (p > 0.05). The mean laxity assessed using a KT-1000 arthrometer improved to 2.7 and 2.5 mm in press-fit and screw group, respectively. Regarding Lachman and pivot shift test, there was a statistically significant improvement in the integrity of the ACL in both the groups, but no significant differences was noted between groups. There were no significant differences in terms of femur circumference difference, effusion, knee range of motion, pain and complications. CONCLUSIONS: The press-fit technique is an efficient procedure. Its outcome was comparable with the interference screw group. Furthermore it has unlimited bone-to-bone healing, no need for removal of hardware, ease for revision and cost effectiveness.",2014
71,24644301,2014 May,2014 Mar 18,Am J Sports Med,"['Barenius B', 'Ponzer S', 'Shalabi A', 'Bujak R', 'Norlén L', 'Eriksson K']",Eriksson K,Increased risk of osteoarthritis after anterior cruciate ligament reconstruction: a 14-year follow-up study of a randomized controlled trial.,42,5,1049-57,['English'],7609541,0363-5465,1552-3365,"['Journal Article', 'Randomized Controlled Trial']",PubMed - indexed for MEDLINE,ppublish+epublish,"['24644301', '10.1177/0363546514526139', '0363546514526139']",10.1177/0363546514526139,"['2014/03/20 06:00', '2014/03/20 06:00', '2014/11/05 06:00']",[],1,0,The American journal of sports medicine,doi: 10.1177/0363546514526139,2014 May;42(5):1049-57,"BACKGROUND: The reported prevalence of radiological osteoarthritis (OA) after anterior cruciate ligament (ACL) reconstruction varies from 10% to 90%. Purpose/ HYPOTHESIS: To report the prevalence of OA after ACL reconstruction and to compare the OA prevalence between quadrupled semitendinosus tendon (ST) and bone-patellar tendon-bone (BPTB) grafts. The hypothesis was that there would be no difference in OA prevalence between the graft types. The secondary aim was to study whether patient characteristics and additional injuries were associated with long-term outcomes. STUDY DESIGN: Randomized controlled trial; Level of evidence, 1. METHODS: Radiological examination results, Tegner activity levels, and Knee injury and Osteoarthritis Outcome Score (KOOS) values were determined in 135 (82%) of 164 patients at a mean of 14 years after ACL reconstruction randomized to an ST or a BPTB graft. Osteoarthritis was defined according to a consensus by at least 2 of 3 radiologists of Kellgren-Lawrence grade >/=2. Using regression analysis, graft type, sex, age, overweight, time between injury and reconstruction, additional meniscus injury, and a number of other variables were assessed as risk factors for OA 14 years after ACL reconstruction. RESULTS: Osteoarthritis of the medial compartment was most frequent, with 57% of OA cases in the ACL-reconstructed knee and 18% of OA cases in the contralateral knee (P < .001). There was no difference between the graft types: 49% of OA of the medial compartment for BPTB grafts and 65% for ST grafts (P = .073). The KOOS results were lower for patients with OA in all subscales, indicating that OA was symptomatic. No difference in the KOOS between the graft types was found. Meniscus resection was a strong risk factor for OA of the medial compartment (odds ratio, 3.6; 95% CI, 1.4-9.3) in the multivariable logistic regression analysis. CONCLUSION: A 3-fold increased prevalence of OA was found after an ACL injury treated with reconstruction compared with the contralateral healthy knee. No differences in the prevalence of OA between the BPTB and quadrupled ST reconstructions were found. An initial meniscus resection was a strong risk factor for OA; the time between injury and reconstruction was not.",2014
72,24630956,2014 May,2014 Mar 14,Arthroscopy,"['Lund B', 'Nielsen T', 'Faunø P', 'Christiansen SE', 'Lind M']",Lind M,Is quadriceps tendon a better graft choice than patellar tendon? a prospective randomized study.,30,5,593-8,['English'],8506498,0749-8063,1526-3231,"['Clinical Trial, Phase II', 'Comparative Study', 'Journal Article', 'Randomized Controlled Trial']",PubMed - indexed for MEDLINE,ppublish+epublish,"['24630956', '10.1016/j.arthro.2014.01.012', 'S0749-8063(14)00076-0']",10.1016/j.arthro.2014.01.012,"['2013/04/24 00:00', '2014/01/18 00:00', '2014/01/23 00:00', '2014/03/18 06:00', '2014/03/19 06:00', '2014/06/06 06:00']",[],1,0,Arthroscopy : the journal of arthroscopic & related surgery : official publication of the Arthroscopy Association of North America and the International Arthroscopy Association,doi: 10.1016/j.arthro.2014.01.012,2014 May;30(5):593-8,"PURPOSE: The purpose of this randomized controlled study was to compare knee stability, kneeling pain, harvest site pain, sensitivity loss, and subjective clinical outcome after primary anterior cruciate ligament (ACL) reconstruction with either bone-patellar tendon-bone (BPTB) or quadriceps tendon-bone (QTB) autografts in a noninferiority study design. METHODS: From 2005 to 2009, a total of 51 patients were included in the present study. Inclusion criteria were isolated ACL injuries in adults. Twenty-five patients were randomized to BPTB grafts and 26 to QTB grafts. An independent examiner performed follow-up evaluations 1 and 2 years postoperatively. Anteroposterior knee laxity was measured with a KT-1000 arthrometer (MEDmetric, San Diego, CA). Anterior knee pain was assessed clinically and by knee-walking ability. Knee Injury and Osteoarthritis Outcome Score (KOOS) and subjective International Knee Documentation Committee (IKDC) score were used for patient-evaluated outcome. RESULTS: Anterior knee laxity was equal between the 2 groups with KT-1000 values of 1.1 +/- 1.4 mm and 0.8 +/- 1.7 mm standard deviation (SD) at follow-up in QTB and BPTB groups, respectively (P = .65), whereas positive pivot shift test results were seen less frequently (14% compared with 38%, respectively; P = .03). Anterior kneeling pain, evaluated by the knee walking ability test, was significantly less in the QTB group, with only 7% of patients grading knee walking as difficult or impossible compared with 34% in the BPTB group. At 1 and 2 years' follow-up, there was no difference between the 2 groups in subjective patient-evaluated outcome. The IKDC score was 75 +/- 13 patients and 76 +/- 16 SD at 1-year follow-up in QTB and BPTB groups, respectively (P = .78). At 2 years, 12 patients were lost to follow-up, resulting in 18 in the BPTB group and 21 in the QTB group. CONCLUSIONS: The use of the QTB graft results in less kneeling pain, graft site pain, and sensitivity loss than seen with BPTB grafts; however, similar anterior knee stability and subjective outcomes are seen. The results of this study show that QTB is a viable option for ACL reconstruction. LEVEL OF EVIDENCE: Level II, randomized controlled clinical trial.",2014
73,24488793,2014 Dec,2014 Jan 31,J Knee Surg,"['Koyonos L', 'Owsley K', 'Vollmer E', 'Limpisvasti O', 'Gambardella R']",Gambardella R,Preoperative cryotherapy use in anterior cruciate ligament reconstruction.,27,6,479-84,['English'],101137599,1538-8506,1938-2480,"['Journal Article', 'Randomized Controlled Trial']",PubMed - indexed for MEDLINE,ppublish+epublish,"['24488793', '10.1055/s-0034-1367730']",10.1055/s-0034-1367730,"['2014/02/04 06:00', '2014/02/04 06:00', '2015/07/24 06:00']",[],1,0,The journal of knee surgery,doi: 10.1055/s-0034-1367730,2014 Dec;27(6):479-84,"Unrelieved postoperative pain may impair rehabilitation, compromise functional outcomes, and lead to patient dissatisfaction. Preemptive multimodal analgesic techniques may improve outcomes after surgery. We hypothesized that patients using preoperative cryotherapy plus a standardized postoperative treatment plan will have lower pain scores and require less pain medication compared with patients receiving a standardized postoperative treatment plan alone after arthroscopically assisted anterior cruciate ligament reconstruction (ACLR). A total of 53 consecutive patients undergoing arthroscopically assisted ACLR performed by one of seven surgeons were randomly assigned to one of two groups. Group 1 received no preoperative cryotherapy and group 2 received 30 to 90 minutes of preoperative cryotherapy to the operative leg using a commercial noncompressive cryotherapy unit. Visual analog scale pain scores and narcotic use were recorded for the first 4 days postoperatively. Total hours of cold therapy and continuous passive motion (CPM) use and highest degree of flexion achieved were recorded as well. Group 1 consisted of 26 patients (15 allograft Achilles tendon and 11 autograft bone patellar tendon bone [BPTB]), and group 2 consisted of 27 patients (16 allograft Achilles tendon and 11 autograft BPTB). Group 2 patients reported less pain (average 1.3 units, p < 0.02) and used less narcotic use (average 1.7 tablets, p < 0.02) for the first 36 hours compared with group 1. No statistically significant differences were identified between the two groups with regard to demographics, hours of postoperative cryotherapy, hours of CPM use, or maximum knee flexion achieved. Complications did not occur in either group. This is the first report we are aware of showing the postoperative effects of preoperative cryotherapy. Our results support the safety and efficacy of preoperative cryotherapy in a multimodal pain regimen for patients undergoing ACL reconstruction.",2014
74,24280956,2015 Apr,2013 Nov 27,Knee Surg Sports Traumatol Arthrosc,"['Seijas R', 'Rius M', 'Ares O', 'García-Balletbó M', 'Serra I', 'Cugat R']",Cugat R,Healing of donor site in bone-tendon-bone ACL reconstruction accelerated with plasma rich in growth factors: a randomized clinical trial.,23,4,991-7,['English'],9314730,0942-2056,1433-7347,"['Journal Article', 'Randomized Controlled Trial']",PubMed - indexed for MEDLINE,ppublish+epublish,"['24280956', '10.1007/s00167-013-2787-2']",10.1007/s00167-013-2787-2,"['2013/05/06 00:00', '2013/11/17 00:00', '2013/11/28 06:00', '2013/11/28 06:00', '2015/09/22 06:00']",[],1,0,"Knee surgery, sports traumatology, arthroscopy : official journal of the ESSKA",doi: 10.1007/s00167-013-2787-2,2015 Apr;23(4):991-7,"PURPOSE: To determine whether the use of plasma rich in growth factors accelerates healing of the donor site in bone-tendon-bone anterior cruciate ligament (ACL) reconstruction (patellar graft). The use of the patellar graft presents post-operative problems such as anterior knee pain, which limits its use and leads to preference being taken for alternative grafts. METHODS: A double-blind, randomized, clinical trial was performed comparing two groups of patients who underwent ACL reconstruction using patellar tendon graft and comparing the use of plasma rich in growth factors at the donor site after graft harvest in terms of local regeneration by ultrasound assessment. RESULTS: The plasma rich in growth factors group shows earlier donor site regeneration in comparison with the control group (2 months earlier), with significant differences in the first 4 months of the follow-up. CONCLUSION: The application of plasma rich in growth factors shows accelerated tissue regeneration processes with respect to the control group. This fact, together with the previously published with similar conclusions, can create a knowledge basis in order to set out new recovery guidelines following ACL reconstruction. LEVEL OF EVIDENCE: Therapeutic study, Level I.",2015
75,24001575,2013 Nov,2013 Sep 3,Am J Sports Med,"['McRae S', 'Leiter J', 'McCormack R', 'Old J', 'MacDonald P']",MacDonald P,Ipsilateral versus contralateral hamstring grafts in anterior cruciate ligament reconstruction: a prospective randomized trial.,41,11,2492-9,['English'],7609541,0363-5465,1552-3365,"['Comparative Study', 'Journal Article', 'Multicenter Study', 'Randomized Controlled Trial', ""Research Support, Non-U.S. Gov't""]",PubMed - indexed for MEDLINE,ppublish+epublish,"['24001575', '10.1177/0363546513499140', '0363546513499140']",10.1177/0363546513499140,"['2013/09/05 06:00', '2013/09/05 06:00', '2014/06/24 06:00']",[],1,0,The American journal of sports medicine,doi: 10.1177/0363546513499140,2013 Nov;41(11):2492-9,"BACKGROUND: Benefits of graft harvest from the side contralateral to the anterior cruciate ligament (ACL)-deficient leg have been identified when using bone-patellar tendon-bone autografts in ACL reconstruction (ACLR). As hamstring tendon autografts are becoming more commonly used, a study examining the effect of contralateral graft harvest of semitendinosus gracilis (STG) tendons on patient quality of life was conducted. PURPOSE: To evaluate if ACLR using a hamstring tendon autograft results in better patient quality of life if the graft is harvested from the leg contralateral to the ACL rupture compared with the ipsilateral leg. STUDY DESIGN: Randomized controlled trial; Level of evidence, 1. METHODS: A total of 100 participants between 16 and 50 years of age with a complete ACL tear were randomly assigned to undergo ACLR using either the ipsilateral or contralateral leg as the STG graft donor. Primary outcome measures were the ACL Quality of Life questionnaire (ACL-QOL), concentric knee flexion and extension strength at 60 and 240 deg/s, International Knee Documentation Committee (IKDC) knee assessment form, early postoperative pain and diary of analgesic use, and rate of reruptures. Outcome measures were evaluated before surgery and at 3, 6, 12, and 24 months after surgery. RESULTS: The ACL-QOL score improved over time for both groups (P < .001), and there were no significant differences between groups at any time point (P = .528). Significant differences in knee flexion and extension strength were found at 3 months after surgery. There were no differences between groups in IKDC knee assessment scores or rerupture rates. CONCLUSION: There does not appear to be any measurable benefit or drawback in quality of life to the use of an STG graft from the unaffected limb. In light of this finding, further research to examine other possible effects on agility and balance as well as time and ability to return to sport should be conducted. Longer term follow-up beyond 2 years would allow for a more thorough evaluation of the risk of reruptures or contralateral reruptures using this novel approach.",2013
76,23996068,2014 Sep,2013 Aug 31,Knee Surg Sports Traumatol Arthrosc,"['Peterson L', 'Eklund U', 'Engström B', 'Forssblad M', 'Saartok T', 'Valentin A']",Valentin A,Long-term results of a randomized study on anterior cruciate ligament reconstruction with or without a synthetic degradable augmentation device to support the autograft.,22,9,2109-20,['English'],9314730,0942-2056,1433-7347,"['Comparative Study', 'Journal Article', 'Multicenter Study', 'Randomized Controlled Trial', ""Research Support, Non-U.S. Gov't""]",PubMed - indexed for MEDLINE,ppublish+epublish,"['23996068', '10.1007/s00167-013-2636-3']",10.1007/s00167-013-2636-3,"['2012/12/17 00:00', '2013/08/18 00:00', '2013/09/03 06:00', '2013/09/03 06:00', '2015/04/01 06:00']",[],1,0,"Knee surgery, sports traumatology, arthroscopy : official journal of the ESSKA",doi: 10.1007/s00167-013-2636-3,2014 Sep;22(9):2109-20,"PURPOSE: The aim was to compare the outcome of anterior cruciate ligament (ACL) reconstruction with bone-patellar tendon-bone (BPTB) autograft, with and without a poly(urethane urea) augmentation device. METHODS: Patients were randomized to BPTB reconstruction with a synthetic degradable augmentation device (n = 96) or without augmentation (n = 105). Follow-ups were made during 4 years after surgical treatment with the KT1000 arthrometer for objective evaluation of sagittal stability. The Tegner scoring system for assessment of physical activity level and the Knee injury Osteoarthritis Outcome Score (KOOS) for assessment of knee-specific health were evaluated after 4 and 12 years. RESULTS: KT1000 tests showed a significant decrease in mean manual maximum side-to-side difference after 4 years in both patients with and those without augmentation, without any statistical difference between the groups (n.s.). Pre-injury, 76 and 80% of the patients, respectively, reported Tegner level 7-10. Pre-surgery, the corresponding figures were 6 and 5%, and at 4 years, 33 and 30 %. Twelve years after ACL reconstruction, both groups had significantly higher KOOS scores in function in sports and recreational activities (p < 0.001) and knee-related quality of life (p < 0.001) compared to before surgical treatment. In 10 patients, the augmentation device was removed, in six of these because of insufficient screw fixation to femur and in four due to swelling/hydrops. CONCLUSION: This study showed no significant difference in clinical outcome with use of an additional synthetic augmentation device in a single-bundle BPTB ACL reconstruction compared with non-augmentation, in short, intermediate, or long-term perspective. LEVEL OF EVIDENCE: Therapeutic study, Level I.",2014
77,23974633,2014 Sep,2013 Aug 24,Knee Surg Sports Traumatol Arthrosc,"['Stensbirk F', 'Thorborg K', 'Konradsen L', 'Jørgensen U', 'Hölmich P']",Hölmich P,"Iliotibial band autograft versus bone-patella-tendon-bone autograft, a possible alternative for ACL reconstruction: a 15-year prospective randomized controlled trial.",22,9,2094-101,['English'],9314730,0942-2056,1433-7347,"['Comparative Study', 'Journal Article', 'Randomized Controlled Trial']",PubMed - indexed for MEDLINE,ppublish+epublish,"['23974633', '10.1007/s00167-013-2630-9']",10.1007/s00167-013-2630-9,"['2013/01/07 00:00', '2013/08/18 00:00', '2013/08/27 06:00', '2013/08/27 06:00', '2015/04/01 06:00']",[],1,0,"Knee surgery, sports traumatology, arthroscopy : official journal of the ESSKA",doi: 10.1007/s00167-013-2630-9,2014 Sep;22(9):2094-101,"PURPOSE: The long-term results after using the iliotibial band autograft (ITB) in anterior cruciate ligament (ACL) reconstruction are not fully known. If equal in quality to conventional methods, the ITB graft could be a useful alternative as a primary graft, in revision surgery or multi-ligament reconstruction. The purpose is to assess whether the ITB autograft is a long-term reliable alternative to the bone-patella-tendon-bone (BPTB) autograft, using a prospective randomized controlled trial design. METHODS: From 1995 to 1996, sixty patients scheduled for primary ACL reconstruction were included in a prospective randomized controlled trial. Three senior knee surgeons, experienced in both types of ACL surgery, performed all the operations. A standardized and supervised rehabilitation programme was used for both groups for 6 months. Thirty patients received the ITB reconstruction, and 30 received the BPTB reconstruction. Forty-nine participated at follow-up in 2010 (82%). Primary outcome was the failure rate after ACL reconstruction. Secondary outcomes were knee injury osteoarthritis outcome score (KOOS) [pain, symptoms, Sport/Rec, quality of life (QOL), daily living function], Tegner activity scale, anterior knee pain-score, Lysholm score, Rolimeter laxity, extension deficit, single hop and crossover hop for distance. RESULTS: At 15-year follow-up, no significant difference existed between the groups. Graft failure occurred in 4 ITB subjects (16%) and 3 BPTB subjects (13%). KOOS (Sport/Rec) for the ITB group was 75 and 73 for the BPTB group. The KOOS (QOL) was 72 and 68 for the ITB group and BPTB group, respectively. CONCLUSION: Similar graft failure rates and KOOS were found when comparing ITB- and BPTB-operated individuals, at 15-year follow-up. The ITB graft had equal long-term clinical results compared to the BPTB graft and is recommended as a reliable alternative autograft for ACL reconstruction. LEVEL OF EVIDENCE: Therapeutic studies, Level I.",2014
78,23864175,2013 Jul 17,,J Bone Joint Surg Am,"['Mohammadi F', 'Salavati M', 'Akhbari B', 'Mazaheri M', 'Mohsen Mir S', 'Etemadi Y']",Etemadi Y,Comparison of functional outcome measures after ACL reconstruction in competitive soccer players: a randomized trial.,95,14,1271-7,['English'],0014030,0021-9355,1535-1386,"['Comparative Study', 'Journal Article', 'Randomized Controlled Trial']",PubMed - indexed for MEDLINE,ppublish,"['23864175', '10.2106/JBJS.L.00724', '1705134']",10.2106/JBJS.L.00724,"['2013/07/19 06:00', '2013/07/19 06:00', '2013/09/24 06:00']",[],1,0,The Journal of bone and joint surgery. American volume,doi: 10.2106/JBJS.L.00724,2013 Jul 17;95(14):1271-7,"BACKGROUND: The choice of graft for anterior cruciate ligament (ACL) reconstruction remains controversial. Although many outcome studies comparing bone-patellar tendon-bone and semitendinosus and gracilis tendon grafts have been performed, most have not included tests of functional outcomes that challenge the graft. The objective of the current study was to compare the functional performances of soccer players after ACL reconstruction that was performed with either a bone-patellar tendon-bone or a semitendinosus and gracilis tendon graft. METHODS: Forty-two soccer players with unilateral ACL injury were prospectively randomized to a bone-patellar tendon-bone group (BPTB group; twenty-one subjects) or a semitendinosus and gracilis tendon group (STG group; twenty-one subjects) and followed a rehabilitation protocol. At the time of return to sports, the patients were asked to execute strength, hop, and jump tests and the results were compared between the groups. Twenty-one healthy athletes were recruited as the control group to evaluate their performance of the same tests. RESULTS: The limbs with the ACL reconstruction in the STG group had greater values for quadriceps torque as well as on the triple-hop, crossover-hop, and jump-landing test (p < 0.01), but the STG and BPTB groups showed similar results in terms of hamstrings peak torque and the results of two other hop tests (p > 0.05). Moreover, the subjects with ACL reconstruction had significantly lower values with regard to quadriceps and hamstrings peak torques and the results of the hop and jump tests compared with the healthy athletes (p < 0.01). CONCLUSIONS: At the time of return to sports, the STG group had better performance in terms of quadriceps strength and the results of the triple-hop, crossover-hop, and jump-landing tests compared with the BPTB group. Compared with controls, soccer players who had undergone ACL reconstruction had less quadriceps and hamstrings strength and inferior hop performance and jump-landing strategy.",2013
79,23810648,2014 Jan,2013 Jun 28,Knee,"['Trichine F', 'Alsaati M', 'Chouteau J', 'Moyen B', 'Bouzitouna M', 'Maza R']",Maza R,"Patellar tendon autograft reconstruction of the anterior cruciate ligament with and without lateral plasty in advanced-stage chronic laxity. A clinical, prospective, randomized, single-blind study using passive dynamic X-rays.",21,1,58-65,['English'],9430798,0968-0160,1873-5800,"['Journal Article', 'Randomized Controlled Trial']",PubMed - indexed for MEDLINE,ppublish+epublish,"['23810648', '10.1016/j.knee.2013.06.001', 'S0968-0160(13)00110-5']",10.1016/j.knee.2013.06.001,"['2012/02/09 00:00', '2013/05/29 00:00', '2013/06/03 00:00', '2013/07/02 06:00', '2013/07/03 06:00', '2014/10/30 06:00']",[],1,0,The Knee,doi: 10.1016/j.knee.2013.06.001,2014 Jan;21(1):58-65,"PURPOSE: A prospective randomized study was performed to assess the influence of extra-articular ilio-tibial band tenodesis on the results of arthroscopic anterior cruciate ligament (ACL) reconstruction in patients with advanced-stage chronic anterior laxity of the knee. METHODS: Preoperatively, the two constituent groups of our series of 120 patients: group 1 (Kenneth Jones) and group 2 (Kenneth Jones+extra-articular ilio-tibial band tenodesis) were strictly comparable with regard to demographic data, activity level, interval between the injury and the operation, and even objective laxity. Through radiological measurements made by passive dynamic X-rays, we studied the evolution of the objective laxity on the two compartments (medial and lateral) of the knee before the surgery and in review. RESULTS: At 2 years follow-up, there was no significant difference between the two groups in terms of the subjective result, sports, and the overall international knee documentation committee score, however, In terms of objective laxity; Gain laxity obtained after surgery on the lateral compartment, was statistically higher in cases of extra-articular associated plasty (+29%), by cons in cases of intra-articular reconstruction alone, the laxity of the lateral compartment was poorly controlled and has continued to evolve despite the plasty of the ACL. CONCLUSION: The indication of an associated extra-articular plasty remains very discussed but we plead for an objective criterion with knowing the importance of preoperative objective laxity especially that of the lateral compartment to decide if it necessary, or not, being associated. LEVEL OF EVIDENCE: Level I, therapeutic prospective randomized trial.",2014
80,23807029,2014 May,2013 Jun 27,Knee Surg Sports Traumatol Arthrosc,"['Mayr HO', 'Stüeken P', 'Münch EO', 'Wolter M', 'Bernstein A', 'Suedkamp NP', 'Stoehr A']",Stoehr A,Brace or no-brace after ACL graft? Four-year results of a prospective clinical trial.,22,5,1156-62,['English'],9314730,0942-2056,1433-7347,"['Journal Article', 'Randomized Controlled Trial']",PubMed - indexed for MEDLINE,ppublish+epublish,"['23807029', '10.1007/s00167-013-2564-2']",10.1007/s00167-013-2564-2,"['2012/10/17 00:00', '2013/06/06 00:00', '2013/06/29 06:00', '2013/06/29 06:00', '2014/12/15 06:00']",[],1,0,"Knee surgery, sports traumatology, arthroscopy : official journal of the ESSKA",doi: 10.1007/s00167-013-2564-2,2014 May;22(5):1156-62,"PURPOSE: A controversial discussion is held on using stabilizing knee braces after anterior cruciate ligament (ACL) surgery. The current study investigated the influence of a stabilizing knee brace on results after ACL reconstruction using patellar tendon autografts. METHODS: A prospective randomized study was started including 64 patients divided into two equal groups and treated with or without a stabilizing knee brace for 6 weeks post-operatively. A follow-up examination 4 years after operation comprised IKDC 2000, KT1000 measurement, a visual analogue pain scale (VAS; scores 0-10) and radiographic evaluation. The t test for independent and paired samples and the Pearson's Chi-square test were used for statistical analysis (p < 0.05). The primary endpoint was the difference in IKDC classification. RESULTS: Eighty-one per cent of the patients were examined 4 years post-operatively. IKDC 2000 subjective (brace group 90.5 +/- 8.9, braceless group 93.2 +/- 6.1) and objective results (brace A 30%, B 56%, C 16%; braceless A 32%, B 48%, C 20%) and instrumental measurement of anteroposterior laxity with KT1000 (brace 0.6 +/- 2.4 mm, braceless 1.8 +/- 3.4 mm) showed no significant differences. VAS pain results were significantly better in the braceless group at 1.0 +/- 1.2 versus 1.9 +/- 1.4 under sports activity or heavy physical work (p = 0.015). There were no radiographic differences concerning osteoarthritic findings and tunnel widening between the groups. CONCLUSION: Post-operative treatment with a stabilizing knee brace after ACL replacement showed no advantage over treatment without a brace at 4-year follow-up. The use of a knee-stabilizing brace after isolated ACL reconstruction with autologous patellar tendon graft is not recommended. LEVEL OF EVIDENCE: II.",2014
81,23629979,2013 Apr,,J Orthop Surg (Hong Kong),"['Seijas R', 'Ares O', 'Catala J', 'Alvarez-Diaz P', 'Cusco X', 'Cugat R']",Cugat R,Magnetic resonance imaging evaluation of patellar tendon graft remodelling after anterior cruciate ligament reconstruction with or without platelet-rich plasma.,21,1,10-4,['English'],9440382,1022-5536,2309-4990,"['Journal Article', 'Randomized Controlled Trial']",PubMed - indexed for MEDLINE,ppublish,"['23629979', '10.1177/230949901302100105']",10.1177/230949901302100105,"['2013/05/01 06:00', '2013/05/01 06:00', '2013/12/16 06:00']",[],1,0,Journal of orthopaedic surgery (Hong Kong),,2013 Apr;21(1):10-4,"PURPOSE: To evaluate the stages of patellar tendon graft remodelling using magnetic resonance imaging (MRI) after anterior cruciate ligament (ACL) reconstruction with or without platelet-rich plasma (PRP) injection. METHODS: 98 patients aged 18 to 65 years with complete rupture of the ACL were randomised to undergo reconstruction with the autologous patellar tendon grafts with or without PRP injection. For the PRP group, 8 ml of PRP was obtained in the surgery room and was percutaneously injected into the suprapatellar joint after portal suture. MRI was obtained at months 4, 6, and 12. Remodelling stages of the grafts were classified as hypointense, mildly hyperintense, moderately hyperintense, severely hyperintense, and diffusely hyperintense by a radiologist blinded to treatment allocation. RESULTS: More patients in the PRP group than controls attained higher stages of remodelling at month 4 (p=0.003), month 6 (p=0.0001), and month 12 (p=0.354). CONCLUSION: PRP enabled faster remodelling of patellar tendon grafts.",2013
82,23203337,2013 Sep,2012 Dec 1,Knee Surg Sports Traumatol Arthrosc,"['Indelicato PA', 'Ciccotti MG', 'Boyd J', 'Higgins LD', 'Shaffer BS', 'Vangsness CT Jr']",Vangsness CT Jr,Aseptically processed and chemically sterilized BTB allografts for anterior cruciate ligament reconstruction: a prospective randomized study.,21,9,2107-12,['English'],9314730,0942-2056,1433-7347,"['Journal Article', 'Multicenter Study', 'Randomized Controlled Trial', ""Research Support, Non-U.S. Gov't""]",PubMed - indexed for MEDLINE,ppublish+epublish,"['23203337', 'PMC3751503', 'pmc-id: PMC3751503;', '10.1007/s00167-012-2309-7']",10.1007/s00167-012-2309-7,"['2012/02/28 00:00', '2012/11/19 00:00', '2012/12/04 06:00', '2012/12/04 06:00', '2014/04/08 06:00', '2012/12/01 00:00']",[],1,43,"Knee surgery, sports traumatology, arthroscopy : official journal of the ESSKA",doi: 10.1007/s00167-012-2309-7,2013 Sep;21(9):2107-12,"PURPOSE: To compare the clinical outcomes of bone-patellar tendon-bone (BTB) allografts processed via a novel sterilization system with the traditional aseptically processed BTB allografts for anterior cruciate ligament (ACL) reconstruction. METHODS: A total of 67 patients undergoing ACL reconstruction at 6 independent investigation sites were randomized into one of two intervention groups, BioCleanse-sterilized or aseptic BTB allografts. Inclusion criteria included an acute, isolated, unilateral ACL tear, and exclusion criteria included prior ACL injury, multi-ligament reconstruction, and signs of degenerative joint disease. Post-op examiners and patients were blinded to graft type. Patients were evaluated at 6, 12, and 24 months. Clinical outcomes were compared using the IKDC, a KT-1000 knee arthrometer, level of effusion, and ranges of motion (ROM). RESULTS: After randomization, 24 patients received aseptic BTB allografts and 43 patients received BioCleanse-sterilized allografts. Significant improvement in IKDC scores (P < 0.0001) as well as KT-1000 results (P < 0.0001) was noted over the 24-month period for both groups. IKDC or KT-1000 results were not significantly different between groups at any time point. Active flexion ROM significantly improved from pre-op to 24-month follow-up (P < 0.0001) with no difference between groups at any time point. Active extension ROM did not differ significantly between the two groups. CONCLUSIONS: These results indicate that the sterilization process, BioCleanse, did not demonstrate a statistical difference in clinical outcomes for the BTB allograft at 2 years. The BioCleanse process may provide surgeons with allografts clinically similar to aseptically processed allograft tissue with the benefit of addressing donor-to-recipient disease. LEVEL OF EVIDENCE: II.",2013
83,23126601,2012 Nov 6,2012 Nov 6,Sports Med Arthrosc Rehabil Ther Technol,"['Christanell F', 'Hoser C', 'Huber R', 'Fink C', 'Luomajoki H']",Luomajoki H,The influence of electromyographic biofeedback therapy on knee extension following anterior cruciate ligament reconstruction: a randomized controlled trial.,4,1,41,['English'],101484554,,1758-2555,['Journal Article'],PubMed,epublish,"['23126601', 'PMC3582470', 'pmc-id: PMC3582470;', '10.1186/1758-2555-4-41', '1758-2555-4-41']",10.1186/1758-2555-4-41,"['2011/07/26 00:00', '2012/10/31 00:00', '2012/11/07 06:00', '2012/11/07 06:00', '2012/11/07 06:01', '2012/11/06 00:00']",[],1,47,"Sports medicine, arthroscopy, rehabilitation, therapy & technology : SMARTT",doi: 10.1186/1758-2555-4-41,2012 Nov 6;4(1):41,"BACKGROUND: Loss of knee extension and a deficit in quadriceps strength are frequently found following anterior cruciate ligament (ACL) reconstruction. The aim of this study was to investigate whether the addition of Eletromyographic Biofeedback (EMG BFB) therapy for the vastus medialis muscle to the in the early phase of the standard rehabilitation programme could improve the range of knee extension and strength after ACL reconstruction more than a standard rehabilitation programme. The correlation between EMG measurement and passive knee extension was also investigated. METHOD: Sixteen patients, all of whom underwent endoscopic ACL reconstruction using patellar tendon autograft, were randomly assigned to two groups:* Control group (8 patients): standard rehabilitation protocol; with full weight-bearing postoperative, knee brace (0 degrees extension, 90 degrees  flexion), electrical stimulation, aquatics and proprioceptive training.* The EMG BFB group (8 patients): EMG BFB was added to the standard rehabilitation protocol within the first postoperative week and during each session for the next 6 weeks.Each patent attended a total of 16 outpatient physiotherapy sessions following surgery. High-Heel-Distance (HHD) Test, range of motion (ROM) and integrated EMG (iEMG) for vastus medialis were measured preoperatively, and at the 1, 2, 4 and 6-week follow ups. Additionally, knee function, swelling and pain were evaluated using standardized scoring scales. RESULTS: At 6 weeks, passive knee extension (p < 0.002) and the HHD Test were significantly (p < 0.01) better in the EMG BFB group compared to controls. Integrated EMG (vastus medialis) of the EMG BFB group also showed a significant increase after 2 (p < 0.01) and 6 (p < 0.01) weeks. At the 6-week follow up, no significant (p > 0.01) differences were found between the two groups for the assessment of knee function, swelling and pain. CONCLUSION: The results indicate that EMG BFB therapy, in the early phase of rehabilitation after ACL reconstruction, is useful in enhancing knee extension. Improved innervation of the vastus medialis can play a key role in the development of postoperative knee extension. EMG BFB therapy is a simple, inexpensive and valuable adjunct to conventional therapeutic modalities.",2012
84,22984128,2012 Nov,2012 Sep 13,Am J Sports Med,"['Holm I', 'Oiestad BE', 'Risberg MA', 'Gunderson R', 'Aune AK']",Aune AK,No differences in prevalence of osteoarthritis or function after open versus endoscopic technique for anterior cruciate ligament reconstruction: 12-year follow-up report of a randomized controlled trial.,40,11,2492-8,['English'],7609541,0363-5465,1552-3365,"['Comparative Study', 'Journal Article', 'Randomized Controlled Trial']",PubMed - indexed for MEDLINE,ppublish+epublish,"['22984128', '10.1177/0363546512458766', '0363546512458766']",10.1177/0363546512458766,"['2012/09/18 06:00', '2012/09/18 06:00', '2013/05/29 06:00']",[],1,0,The American journal of sports medicine,doi: 10.1177/0363546512458766,2012 Nov;40(11):2492-8,"BACKGROUND: Although arthroscopic techniques are the most common procedures today when reconstructing the anterior cruciate ligament (ACL), many surgeons still prefer the open and/or 2-incision techniques. HYPOTHESIS: There are no differences in knee function or prevalence of knee osteoarthritis (OA) in patients who have undergone the open versus endoscopic technique for ACL reconstruction using the patellar tendon autograft. STUDY DESIGN: Randomized controlled trial; Level of evidence, 2. METHODS: Sixty-seven patients with subacute or chronic rupture of the ACL were randomly assigned to open (OPEN) (n = 33) or endoscopic (ENDO) (n = 34) reconstruction. Function was evaluated by the Cincinnati knee score, single-legged hop tests, and isokinetic muscle strength tests. The radiographs were classified according to the Kellgren and Lawrence (KL) classification system, defining grade 2 or more as the cutoff point for knee OA. The Insall-Salvati ratio and the Blackburne-Peel ratio were used to calculate the patellar position and height. RESULTS: Mean age at inclusion and at the 12-year follow-up evaluation was 27.9 +/- 8.6 and 39.8 +/- 8.6 years, respectively. At 12-year follow-up, 53 patients (79%) were eligible for evaluation. There were no significant differences between the 2 surgical procedures with respect to the pain, function, muscle strength, hop tests, patellar height, or the prevalence of OA. The prevalence of OA was high in the tibiofemoral joint on the operated side, 79% and 80% in the OPEN and ENDO groups, respectively. For the uninvolved knee, the corresponding numbers were 36% and 21%. CONCLUSION: This study suggests that the open procedure does not produce more functional problems or osteoarthritis compared with the endoscopic technique up to 12 years postoperatively.",2012
85,22543555,2012 Mar,,Eur J Phys Rehabil Med,"['Cappellino F', 'Paolucci T', 'Zangrando F', 'Iosa M', 'Adriani E', 'Mancini P', 'Bellelli A', 'Saraceni VM']",Saraceni VM,Neurocognitive rehabilitative approach effectiveness after anterior cruciate ligament reconstruction with patellar tendon. A randomized controlled trial.,48,1,17-30,['English'],101465662,1973-9087,1973-9095,"['Comparative Study', 'Journal Article', 'Randomized Controlled Trial']",PubMed - indexed for MEDLINE,ppublish,"['22543555', 'R33112486']",,"['2012/05/01 06:00', '2012/05/01 06:00', '2012/09/26 06:00']",[],1,0,European journal of physical and rehabilitation medicine,,2012 Mar;48(1):17-30,"BACKGROUND: A proper knee rehabilitation after a surgical reconstruction of the anterior cruciate ligament (ACL) should start immediately after the injury and it should be focused on recovery of symmetry, proprioception, swelling reduction, gait training, hyperextension exercises, and even mental preparation. AIM: Aim of this study was to test a neurocognitive rehabilitative approach based on proprioceptive exercises and proper motor strategy choices, compared with conventional rehabilitation, assessing baropodometric, gait and clinical changes. DESIGN: Randomized controlled trial. SETTING: Ambulatory University Centre. POPULATION: Fourteen subjects (27.9+/-5.2 years) underwent to a surgical reconstruction of ACL were divided into the two groups. METHODS: The subjects were randomly assigned into a group who received a specific neurocognitive and perceptive rehabilitation treatment (TG), and into a control group who received the common physical therapy (CG). The following outcome measures were assessed pre-intervention, one, three and six months later: static and dynamic baropodometry, Visual Analog Scale for pain, Short Form SF-36, Range of Motion, trophism of thigh region, edema, Manual Muscle Test, magneto-resonance imaging assessment. RESULTS: Lower impairment was observed in TG in respect of CG in terms of load asymmetry during static baropodometry (from 7% to 3% vs. from 10% to 7%, interaction time per treatment: P=0.037), less wide steps during gait (effect size=1.05 vs. 0.38 for CG), swelling (treatment effect: P=0.012). A significantly higher improvement (from 35% to 100%) in terms of SF-36 was recorded only in TG for physical activity (P=0.027). CG showed a quite higher walking speed (treatment effect: P=0.049). CONCLUSION: Even if further studies are needed on larger samples, the obtained results showed that a neurocognitive rehabilitative approach could be an effective treatment after ACL-reconstruction: in TG we observed a more rapid load symmetrization, the reduction of step width and a more rapid resolution of edema. CLINICAL REHABILITATION IMPACT: Posture, gait, clinical features and quality of life could benefit from a neurocognitive rehabilitation after ACL surgical reconstruction.",2012
86,22472272,2012 Jun,2012 Apr 2,Am J Sports Med,"['de Almeida AM', 'Demange MK', 'Sobrado MF', 'Rodrigues MB', 'Pedrinelli A', 'Hernandez AJ']",Hernandez AJ,Patellar tendon healing with platelet-rich plasma: a prospective randomized controlled trial.,40,6,1282-8,['English'],7609541,0363-5465,1552-3365,"['Journal Article', 'Randomized Controlled Trial']",PubMed - indexed for MEDLINE,ppublish+epublish,"['22472272', '10.1177/0363546512441344', '0363546512441344']",10.1177/0363546512441344,"['2012/04/05 06:00', '2012/04/05 06:00', '2012/10/16 06:00']",['J Bone Joint Surg Am. 2013 May 15;95(10):942. doi: 10.2106/JBJS.9510.ebo450. PMID: 23677364'],1,0,The American journal of sports medicine,doi: 10.1177/0363546512441344,2012 Jun;40(6):1282-8,"BACKGROUND: The patellar tendon has limited ability to heal after harvesting its central third. Platelet-rich plasma (PRP) could improve patellar tendon healing. HYPOTHESIS: Adding PRP to the patellar tendon harvest site would improve donor site healing and improve clinical outcome at 6 months after anterior cruciate ligament (ACL) reconstruction with a patellar tendon graft. STUDY DESIGN: Randomized controlled trial; Level of evidence, 1. METHODS: Twenty-seven patients were randomly divided to receive (n = 12) or not receive (n = 15) PRP in the patellar tendon harvest site during ACL reconstruction. The primary outcome was magnetic resonance imaging (MRI) assessment of patellar tendon healing (gap area) after 6 months. Secondary outcomes were questionnaires and isokinetic testing of ACL reconstruction with a patellar tendon graft comparing both groups. RESULTS: Patellar tendon gap area was significantly smaller in the PRP group (4.9 +/- 5.3 mm(2); 95% confidence interval [CI], 1.1-8.8) than in the control group (9.4 +/- 4.4 mm(2); 95% CI, 6.6-12.2; P = .046). Visual analog scale score for pain was lower in the PRP group immediately postoperatively (3.8 +/- 1.0; 95% CI, 3.18-4.49) than in the control group (5.1 +/- 1.4; 95% CI, 4.24-5.90; P = .02). There were no differences after 6 months in questionnaire and isokinetic testing results comparing both groups. CONCLUSION: We showed that PRP had a positive effect on patellar tendon harvest site healing on MRI after 6 months and also reduced pain in the immediate postoperative period. Questionnaire and isokinetic testing results were not different between the groups at 6 months.",2012
87,22425308,2012 Dec,2012 Mar 16,Knee,"['Lui PP', 'Cheng YY', 'Yung SH', 'Hung AS', 'Chan KM']",Chan KM,A randomized controlled trial comparing bone mineral density changes of three different ACL reconstruction techniques.,19,6,779-85,['English'],9430798,0968-0160,1873-5800,"['Comparative Study', 'Journal Article', 'Randomized Controlled Trial', ""Research Support, Non-U.S. Gov't""]",PubMed - indexed for MEDLINE,ppublish+epublish,"['22425308', '10.1016/j.knee.2012.02.005', 'S0968-0160(12)00034-8']",10.1016/j.knee.2012.02.005,"['2011/12/08 00:00', '2012/02/14 00:00', '2012/02/20 00:00', '2012/03/20 06:00', '2012/03/20 06:00', '2013/05/17 06:00']",[],1,0,The Knee,doi: 10.1016/j.knee.2012.02.005,2012 Dec;19(6):779-85,"INTRODUCTION: This study aimed to compare the changes in bone mineral density (BMD) of three different ACL reconstruction (ACLR) techniques and its association with early clinical and functional outcomes. METHODS: Sixty-two male adult patients undergoing primary ACLR were prospectively parallel randomized to bone-patellar tendon-bone graft (BPTB), single-bundle (HT-SB) or double-bundle (HT-DB) hamstring graft. BMD (primary outcome) at the proximal tibia, distal femur, femoral neck and trochanteric region was measured blindly at day 1, 3 months, 5 months and 1 year after surgery. KT-1000, Lysholm, IKDC, one-leg hop test and Lachman test were performed blindly at baseline and 1 year post-reconstruction. RESULTS: There was a significant bone loss at the injured knee and hip at 3 and 5 months which was reversible at the knee, but not at the hip, at 1 year post-operation. There was a significant improvement of early clinical and functional outcomes at 1 year. No significant differences in bone loss was detected among different surgical techniques, except BMD loss at the femoral neck, though a trend of greater BMD loss in the HT-SB group at 5 months after reconstruction was observed. There was a significant positive correlation between BMD at the distal femur and the single-leg hop distance at 1 year. CONCLUSION: In conclusion, the three surgical techniques were similar in transient bone loss at the knee region, irreversible bone loss at the hip, early clinical and functional outcomes up to 1 year post-reconstruction. BMD at the distal femur was positively associated with the single-leg hop distance at 1 year post-reconstruction.",2012
88,22407182,2013 Mar,2012 Mar 10,Knee Surg Sports Traumatol Arthrosc,"['Gifstad T', 'Sole A', 'Strand T', 'Uppheim G', 'Grøntvedt T', 'Drogset JO']",Drogset JO,Long-term follow-up of patellar tendon grafts or hamstring tendon grafts in endoscopic ACL reconstructions.,21,3,576-83,['English'],9314730,0942-2056,1433-7347,"['Comparative Study', 'Journal Article', 'Randomized Controlled Trial']",PubMed - indexed for MEDLINE,ppublish+epublish,"['22407182', '10.1007/s00167-012-1947-0']",10.1007/s00167-012-1947-0,"['2011/10/05 00:00', '2012/02/27 00:00', '2012/03/13 06:00', '2012/03/13 06:00', '2013/06/20 06:00']",[],1,0,"Knee surgery, sports traumatology, arthroscopy : official journal of the ESSKA",doi: 10.1007/s00167-012-1947-0,2013 Mar;21(3):576-83,"PURPOSE: Several studies compare the short- and long-term results of anterior cruciate ligament (ACL) reconstruction using bone-patellar tendon-bone (BPTB) graft or double-looped semitendinosus and gracilis (DLSG) graft. However, no studies evaluate the long-term results of BPTB grafts fixed with metal interference screws and DLSG grafts fixed with the Bone Mulch Screw and the Washer Loc. This prospective randomized multicentre study has the null hypothesis that there is no difference in long-term outcome between the two procedures. METHODS: A total of 114 patients with a symptomatic ACL rupture were randomized to reconstruction with either a BPTB graft (N = 58) or a DLSG graft (N = 56). Follow-up was conducted after one, two and seven years. At the seven-year follow-up, 102 of the 114 patients (89%) were available for evaluation; however, 16 of these by telephone-interview only. RESULTS: Ten patients in the BPTB group and 19 patients in the DLSG group underwent additional knee surgery (P = 0.048), two and three, respectively, of these were ACL revisions (n.s.). The total flexion work was lower in the DLSG group (P = 0.001). The mean peak flexion torque and extension work, however, showed no difference between the groups. No significant differences were found between the groups regarding the Tegner activity score, the Lysholm functional score, the Knee injury and osteoarthritis outcome score (KOOS), subjective knee function, anterior knee pain or mobility. There was no significant difference in laxity between the groups on the Lachman test or the KT-1,000 maximum manual force test. CONCLUSIONS: Both grafts and fixation methods resulted in satisfactory subjective outcome and objective stability. Both these methods can therefore be considered as suitable alternatives for ACL reconstructions. LEVEL OF EVIDENCE: II.",2013
89,22281194,2012 May,2012 Jan 26,Arthroscopy,"['Koh IJ', 'Chang CB', 'Seo ES', 'Kim SJ', 'Seong SC', 'Kim TK']",Kim TK,"Pain management by periarticular multimodal drug injection after anterior cruciate ligament reconstruction: a randomized, controlled study.",28,5,649-57,['English'],8506498,0749-8063,1526-3231,"['Journal Article', 'Randomized Controlled Trial']",PubMed - indexed for MEDLINE,ppublish+epublish,"['22281194', '10.1016/j.arthro.2011.10.015', 'S0749-8063(11)01216-3']",10.1016/j.arthro.2011.10.015,"['2011/04/09 00:00', '2011/10/09 00:00', '2011/10/14 00:00', '2012/01/28 06:00', '2012/01/28 06:00', '2012/08/23 06:00']",[],1,0,Arthroscopy : the journal of arthroscopic & related surgery : official publication of the Arthroscopy Association of North America and the International Arthroscopy Association,doi: 10.1016/j.arthro.2011.10.015,2012 May;28(5):649-57,"PURPOSE: We aimed to determine the efficacy of periarticular (PA) multimodal drug cocktail (MDC) infiltration for pain control after anterior cruciate ligament reconstruction with an autogenous bone-patellar tendon-bone graft. METHODS: We randomly assigned 100 patients to five study groups (20 per group): control group, no injection; intra-articular (IA) ropivacaine group, IA injection of ropivacaine alone; IA MDC group, IA injection of MDC; PA MDC group, PA injection of MDC; and IA + PA MDC group, IA and PA injections of MDC. The MDC consisted of ropivacaine, morphine, ketorolac, epinephrine, and cefuroxime. The five groups were compared in terms of pain levels during the first night after surgery and on postoperative days 1, 2, and 14; patient satisfaction was assessed on postoperative day 14. RESULTS: The PA MDC and IA + PA MDC groups had less pain during the first night than patients in the other three groups (P < .001) and were more likely to have the same amount of pain or less pain on postoperative day 1 than their preoperative expectation (P = .05). However, there were no group differences in patient satisfaction on postoperative day 14. No MDC-related side effect was reported. CONCLUSIONS: The MDC injection, particularly when delivered periarticularly, provides an effective, safe means of reducing early postoperative pain after anterior cruciate ligament reconstruction at minimal cost. In addition, a single IA injection would have no value in pain relief, regardless of types of drugs. LEVEL OF EVIDENCE: Level I, randomized controlled trial.",2012
90,21952714,2011 Dec,2011 Sep 27,Am J Sports Med,"['Beynnon BD', 'Johnson RJ', 'Naud S', 'Fleming BC', 'Abate JA', 'Brattbakk B', 'Nichols CE']",Nichols CE,"Accelerated versus nonaccelerated rehabilitation after anterior cruciate ligament reconstruction: a prospective, randomized, double-blind investigation evaluating knee joint laxity using roentgen stereophotogrammetric analysis.",39,12,2536-48,['English'],7609541,0363-5465,1552-3365,"['Journal Article', 'Randomized Controlled Trial', 'Research Support, N.I.H., Extramural', ""Research Support, Non-U.S. Gov't""]",PubMed - indexed for MEDLINE,ppublish+epublish,"['21952714', '10.1177/0363546511422349', '0363546511422349']",10.1177/0363546511422349,"['2011/09/29 06:00', '2011/09/29 06:00', '2012/04/10 06:00']",['Clin J Sport Med. 2012 Nov;22(6):523-4. doi: 10.1097/JSM.0b013e318275d4f2. PMID: 23117340'],1,0,The American journal of sports medicine,doi: 10.1177/0363546511422349,2011 Dec;39(12):2536-48,"BACKGROUND: The relationship between the biomechanical dose of rehabilitation exercises administered after anterior cruciate ligament (ACL) reconstruction and the healing response of the graft and knee is not well understood. HYPOTHESIS: After ACL reconstruction, rehabilitation administered with either accelerated or nonaccelerated programs produces the same change in the knees' 6 degrees of freedom, or envelope, laxity values. STUDY DESIGN: Randomized controlled trial; Level of evidence, 1. METHODS: Patients who underwent ACL reconstruction with a bone-patellar tendon-bone autograft were randomized to rehabilitation with either accelerated (19 week) or nonaccelerated (32 week) programs. At the time of surgery, and then 3, 6, 12, and 24 months later, the 6 degrees of freedom knee laxity values were measured using roentgen stereophotogrammetric analysis and clinical, functional, and patient-oriented outcome measures. RESULTS: Eighty-five percent of those enrolled were followed through 2 years. Laxity of the reconstructed knee was restored to within the limits of the contralateral, normal side at the time of surgery (baseline) in all participants. Patients in both programs underwent a similar increase in the envelope of knee laxity over the 2-year follow-up interval (anterior-posterior translation 3.2 vs 4.5 mm, and coupled internal-external rotations 2.6 degrees  vs 1.9 degrees  for participants in the accelerated and nonaccelerated programs, respectively). Those who underwent accelerated rehabilitation experienced a significant improvement in thigh muscle strength at the 3-month follow-up (P < .05) compared with those who participated in nonaccelerated rehabilitation, but no differences between the programs were seen after this time interval. At the 2-year follow-up, the groups were similar in terms of clinical assessment, patient satisfaction, function, proprioception, and isokinetic thigh muscle strength. CONCLUSION: Rehabilitation with the accelerated and nonaccelerated programs administered in this study produced the same increase in the envelope of knee laxity. A majority of the increase in the envelope of knee laxity occurred during healing when exercises were advanced and activity level increased. Patients in both programs had the same clinical assessment, functional performance, proprioception, and thigh muscle strength, which returned to normal levels after healing was complete. For participants in both treatment programs, the Knee Injury and Osteoarthritis Outcome Score (KOOS) assessment of quality of life did not return to preinjury levels.",2011
91,21775147,2012 Aug,2011 Jul 19,Knee,"['Tse BK', 'Vaughn ZD', 'Lindsey DP', 'Dragoo JL']",Dragoo JL,Evaluation of a one-stage ACL revision technique using bone void filler after cyclic loading.,19,4,477-81,['English'],9430798,0968-0160,1873-5800,"['Journal Article', 'Randomized Controlled Trial']",PubMed - indexed for MEDLINE,ppublish+epublish,"['21775147', '10.1016/j.knee.2011.06.013', 'S0968-0160(11)00118-9']",10.1016/j.knee.2011.06.013,"['2011/02/08 00:00', '2011/06/10 00:00', '2011/06/22 00:00', '2011/07/22 06:00', '2011/07/22 06:00', '2012/10/23 06:00']",[],1,0,The Knee,doi: 10.1016/j.knee.2011.06.013,2012 Aug;19(4):477-81,"BACKGROUND: Revision anterior cruciate ligament (ACL) reconstruction often requires a two-stage approach. This study analyzes the biomechanical properties after cyclic loading of a one-stage ACL revision technique using a calcium phosphate bone cement. METHODS: Arthroscopic reconstruction of the ACL was performed in 5 matched pairs of fresh-frozen cadaveric knees separated into two groups. The control group underwent a standard reconstruction with a bone-patellar tendon-bone autograft with bioabsorbable interference screw fixation. The experimental group simulated a failed reconstruction by drilling a 12 mm hole and underwent a revision after filling it with a bioabsorbable calcium phosphate bone cement. The specimens were dissected, scanned for bone mineral density, and cyclically loaded on a mechanical testing system (preload of 250 cycles of 5-75 N at 0.5 Hz followed by 10,000 cycles of 20-150 N at 1 Hz). Intact specifmens underwent a load-to-failure protocol of 50mm/min. Ultimate load, stiffness, and modes of failure were recorded. Data was analyzed using paired t-tests. FINDINGS: All specimens completed the mechanical testing protocol. The control group had a mean maximum load of 471.33 N (SD 220.73 N) and the experimental group had 453.54 N (SD 152.36; p=0.84). There were no statistically significant differences in maximum load or stiffness. No correlation between bone mineral density (BMD) and maximum load was found. INTERPRETATION: Using calcium phosphate filler in a single-stage ACL revision is biomechanically viable. Further testing of long-term incorporation of the ACL graft in an animal model, along with human clinical trials, should be performed before there is clinical acceptance of this technique.",2012
92,21712483,2011 Oct,2011 Jun 28,Am J Sports Med,"['Sajovic M', 'Strahovnik A', 'Dernovsek MZ', 'Skaza K']",Skaza K,Quality of life and clinical outcome comparison of semitendinosus and gracilis tendon versus patellar tendon autografts for anterior cruciate ligament reconstruction: an 11-year follow-up of a randomized controlled trial.,39,10,2161-9,['English'],7609541,0363-5465,1552-3365,"['Journal Article', 'Randomized Controlled Trial']",PubMed - indexed for MEDLINE,ppublish+epublish,"['21712483', '10.1177/0363546511411702', '0363546511411702']",10.1177/0363546511411702,"['2011/06/30 06:00', '2011/06/30 06:00', '2012/02/23 06:00']",['Am J Sports Med. 2012 Aug;40(8):NP155; author reply NP15-6. doi: 10.1177/0363546512453451. PMID: 22869758'],1,0,The American journal of sports medicine,doi: 10.1177/0363546511411702,2011 Oct;39(10):2161-9,"BACKGROUND: There are still controversies about graft selection for primary anterior cruciate ligament reconstruction. Prospective, randomized long-term studies are needed to determine the differences between the graft materials. HYPOTHESIS: Eleven years after anterior cruciate ligament reconstruction there is no difference in functional outcome and quality of life between patients with patellar tendon or hamstring tendon autografts; however, the patients with patellar tendon autograft would have a higher prevalence of osteoarthritis. STUDY DESIGN: Randomized controlled trial; Level of evidence, 2. METHODS: From June 1999 to March 2000, 64 patients were included in this prospective study. A single surgeon performed primary arthroscopically assisted anterior cruciate ligament reconstruction in an alternating sequence. In 32 patients, anterior cruciate ligament reconstruction was performed with hamstring tendon autograft (semitendinosus and gracilis [STG] group) while in the other 32 patients the reconstruction was performed with patellar tendon autograft (PT group). RESULTS: At the 11-year follow-up, no statistically significant differences were seen with respect to the Lysholm score and Short Form-36, KT-1000 arthrometer laxity testing, anterior knee pain, single-legged hop test, or International Knee Documentation Committee (IKDC) classification results. Positive pivot-shift test (1+) was significantly more frequent in the PT group (P = .036). Twenty-two patients (81%) in the STG group and 18 patients (72%) in the PT group were still at their preinjury level of activity. Graft rupture occurred in 2 patients from the STG group (6%) and in 4 patients from the PT (12%). Grade B and C abnormal radiographic findings were seen in 84% (21 of 25) of patients in the PT group and in 63% (17 of 27) of patients in the STG group (P = .008). CONCLUSION: Both hamstring and patellar tendon autografts provided good subjective outcomes and objective stability at 11 years. Positive pivot-shift test (1+) was significantly more frequent in the PT group. No significant differences in the rate of graft failure were identified. Patients with patellar tendon graft had a greater prevalence of osteoarthritis at 11 years after surgery.",2011
93,21705562,2011 Jul,,J Bone Joint Surg Br,"['Ward TR', 'Burns AW', 'Gillespie MJ', 'Scarvell JM', 'Smith PN']",Smith PN,Bicruciate-stabilised total knee replacements produce more normal sagittal plane kinematics than posterior-stabilised designs.,93,7,907-13,['English'],0375355,0301-620X,2044-5377,"['Journal Article', 'Randomized Controlled Trial', ""Research Support, Non-U.S. Gov't""]",PubMed - indexed for MEDLINE,ppublish,"['21705562', '10.1302/0301-620X.93B7.26208', '93-B/7/907']",10.1302/0301-620X.93B7.26208,"['2011/06/28 06:00', '2011/06/28 06:00', '2011/08/30 06:00']",[],1,0,The Journal of bone and joint surgery. British volume,doi: 10.1302/0301-620X.93B7.26208,2011 Jul;93(7):907-13,"Bicruciate-stabilised total knee replacement (TKR) aims to restore normal kinematics by replicating the function of both cruciate ligaments. We performed a prospective, randomised controlled trial in which bicruciate- and posterior-stabilised TKRs were implanted in 13 and 15 osteo-arthritic knees, respectively. The mean age of the bicruciate-stabilised group was 63.9 years (SD 10.00) and that of the posterior-stabilised group 63.2 years (SD 6.7). A control group comprised 14 normal subjects with a mean age of 67.9 years (SD 7.9). The patellar tendon angle (PTA) was measured one week pre-operatively and at seven weeks post-operatively during knee extension, flexion and step-up exercises. At near full extension during step-up, the bicruciate-stabilised TKR produced a higher mean PTA than the posterior-stabilised TKR, indicating that the bicruciate design at least partially restored the kinematic role of the anterior cruciate ligament. The bicruciate-stabilised TKR largely restored the pre-operative kinematics, whereas the posterior-stabilised TKR resulted in a consistently lower PTA at all activities. The PTA in the pre-operative knees was higher than in the control group during the step-up and at near full knee extension. Overall, both groups generated a more normal PTA than that seen in previous studies in high knee flexion. This suggested that both designs of TKR were more effective at replicating the kinematic role of the posterior cruciate ligament than those used in previous studies.",2011
94,21678095,2012 Jan,2011 Jun 16,Knee Surg Sports Traumatol Arthrosc,"['Cervellin M', 'de Girolamo L', 'Bait C', 'Denti M', 'Volpi P']",Volpi P,"Autologous platelet-rich plasma gel to reduce donor-site morbidity after patellar tendon graft harvesting for anterior cruciate ligament reconstruction: a randomized, controlled clinical study.",20,1,114-20,['English'],9314730,0942-2056,1433-7347,"['Journal Article', 'Randomized Controlled Trial', ""Research Support, Non-U.S. Gov't""]",PubMed - indexed for MEDLINE,ppublish+epublish,"['21678095', '10.1007/s00167-011-1570-5']",10.1007/s00167-011-1570-5,"['2011/02/22 00:00', '2011/05/26 00:00', '2011/06/17 06:00', '2011/06/17 06:00', '2012/09/11 06:00']",[],1,0,"Knee surgery, sports traumatology, arthroscopy : official journal of the ESSKA",doi: 10.1007/s00167-011-1570-5,2012 Jan;20(1):114-20,"PURPOSE: Bone-patellar tendon-bone technique (BPTB) for anterior cruciate ligament injuries is associated with a higher risk of donor-site morbidity. To evaluate whether platelet-rich plasma (PRP), due to its anti-inflammatory properties and capacity to stimulate tissue regeneration, was able to reduce the anterior knee pain, the kneeling pain, and donor-site morbidity, as evidenced by evaluation of VISA and VAS scoring scales and MRI analysis of the tendon and bone defect, we performed a clinical randomized controlled study where PRP gel was applied to donor site after ACL reconstruction with BPTB. METHODS: Forty young athletes with the indication of ACL reconstruction with patellar tendon grafts were randomly assigned to group A (n = 20 patients, control group) or group B (n = 20 patients, PRP group). The autologous PRP gel was applied to both the patellar and tendon bone plug harvest site and stabilized by the peritenon suture. At 12-month follow-up, all patients underwent clinical examination and VAS and VISA questionnaires, respectively, evaluating the average daily pain of the knee and the pain during particular activities involving the knee, were filled. MRI at the same time point was also performed. RESULTS: VISA scores were significantly higher in the patients treated with PRP (84.5 +/- 11.8 and 97.8 +/- 2.5 for group A and for group B; P = 0.041), whereas no significant difference in postoperative VAS scores between the two groups was observed (1 +/- 1.4 and 0.6 +/- 0.9 for group A and group B, n.s.). In 85% of PRP group patients, the tibial and patellar bone defect was satisfactorily filled by new bony tissue (>70% of bone gap filled), whereas this percentage was just of 60% in control group patients, but this difference was not statistically significant. CONCLUSIONS: The study shows the usefulness of PRP in reducing subjective pain at the donor-site level after ACL reconstruction with BPTB. However, this approach deserves further investigations to confirm PRP efficacy and to elucidate its mechanism of action. LEVEL OF EVIDENCE: Prospective randomized controlled study, Level I.",2012
95,21663722,2011 May,,Arthroscopy,"['Wipfler B', 'Donner S', 'Zechmann CM', 'Springer J', 'Siebold R', 'Paessler HH']",Paessler HH,Anterior cruciate ligament reconstruction using patellar tendon versus hamstring tendon: a prospective comparative study with 9-year follow-up.,27,5,653-65,['English'],8506498,0749-8063,1526-3231,"['Comparative Study', 'Journal Article', 'Randomized Controlled Trial', 'Video-Audio Media']",PubMed - indexed for MEDLINE,ppublish,"['21663722', '10.1016/j.arthro.2011.01.015', 'S0749-8063(11)00085-5']",10.1016/j.arthro.2011.01.015,"['2010/01/19 00:00', '2010/12/10 00:00', '2011/01/13 00:00', '2011/06/14 06:00', '2011/06/15 06:00', '2011/10/15 06:00']",[],1,0,Arthroscopy : the journal of arthroscopic & related surgery : official publication of the Arthroscopy Association of North America and the International Arthroscopy Association,doi: 10.1016/j.arthro.2011.01.015,2011 May;27(5):653-65,"PURPOSE: To analyze the long-term evaluation of clinical, functional, and magnetic resonance imaging (MRI) results after implant-free press-fit anterior cruciate ligament (ACL) reconstruction with bone-patella tendon (BPT) versus quadrupled hamstring tendon (HT) grafts. METHODS: Sixty-two ACL-insufficient patients were included in a prospective, randomized study (31 BPT and 31 HT). Both surgical procedures were performed without any implants by a press-fit technique by the senior author. The femoral tunnel was drilled through the anteromedial portal for anatomic placement. At 8.8 years after reconstruction, 53 patients (28 BPT and 25 HT) were examined by different clinical and functional tests. Bilateral MRI scans were performed and interpreted by an independent radiologist. RESULTS: On follow-up, the score on the International Knee Documentation Committee evaluation form was significantly better in the HT group. The clinical examination including range of motion, KT-1000 test (MEDmetric, San Diego, CA), and pivot-shift test showed no significant differences. On isokinetic testing, the mean quadriceps strength was close to normal (96%) in both groups, but the hamstring strength was lower in the HT group (100.3%/95.1%). Kneeling (1.5/1.1, P = .002), knee walking (1.72/1.14, P = .002), and single-leg hop test (95.8%/99.1%, P = .057) were better in the HT group. The MRI findings about the mean degree of cartilage lesion (International Cartilage Repair Society protocol) of the operated (2.1/2.1) and nonoperated (1.4/1.8) knee showed no significant differences. No significant difference was found in the grade of medial or lateral meniscal lesion or the number of patients having meniscal lesions when the operated and nonoperated knees were compared. Tunnel measurements, Caton-Deschamps Index, and the sagittal ACL angle were similar. CONCLUSIONS: The implant-free press-fit technique for anterior cruciate ligament reconstruction by use of bone-patellar tendon and hamstring grafts with anatomic graft placement is an innovative technique to preserve the cartilage and meniscal status without significant differences between the operated and nonoperated knees in the long term. Significantly less anterior knee pain was noted in the hamstring group, when testing for kneeling and knee walking. LEVEL OF EVIDENCE: Level II, prospective comparative study.",2011
96,21441418,2011 Jul,2011 Mar 25,Am J Sports Med,"['Sun K', 'Zhang J', 'Wang Y', 'Xia C', 'Zhang C', 'Yu T', 'Tian S']",Tian S,"Arthroscopic reconstruction of the anterior cruciate ligament with hamstring tendon autograft and fresh-frozen allograft: a prospective, randomized controlled study.",39,7,1430-8,['English'],7609541,0363-5465,1552-3365,"['Comparative Study', 'Journal Article', 'Randomized Controlled Trial', ""Research Support, Non-U.S. Gov't""]",PubMed - indexed for MEDLINE,ppublish+epublish,"['21441418', '10.1177/0363546511400384', '0363546511400384']",10.1177/0363546511400384,"['2011/03/29 06:00', '2011/03/29 06:00', '2011/12/14 06:00']",[],1,0,The American journal of sports medicine,doi: 10.1177/0363546511400384,2011 Jul;39(7):1430-8,"BACKGROUND: Most studies of allograft versus autograft for anterior cruciate ligament reconstruction have been of bone-patellar tendon-bone; outcome reports evaluating anterior cruciate ligament reconstruction with hamstring tendon autograft versus allograft are rare. PURPOSE: This study was undertaken to compare the clinical outcome of arthroscopic anterior cruciate ligament reconstruction with hamstring tendon autograft versus allograft. STUDY DESIGN: Randomized controlled trial; Level of evidence, 2. METHODS: Between 2000 and 2004, 208 patients who met the inclusion and exclusion criteria of the study were prospectively randomized into autograft (n = 104) or allograft (n = 104) groups. All hamstring tendon allografts were fresh-frozen and obtained from a single certified tissue bank. All the operations were done by the same surgeon with the same surgical technique. Femoral and tibial fixation was by means of an EndoButton and a bioabsorbable interference screw augmented with a staple, respectively. Patients were evaluated preoperatively and postoperatively. Evaluations included detailed history, physical examination, functional knee ligament testing, KT-2000 arthrometer testing, Harner vertical jump and Daniel 1-legged hop tests, Lysholm score, Tegner score, the International Knee Documentation Committee (IKDC) standard evaluation form, Cincinnati knee score, and radiographs. RESULTS: Of these patients, 186 (autograft, n = 91; allograft, n = 95) were available for full evaluation. Demographic data were comparable between groups. The mean follow-up was 7.8 years for both groups. There were no statistically significant differences according to the evaluations of the outcome aforementioned between the 2 groups except that patients in the allograft group had a shorter operation time than the autograft group. Seven patients (7.7%) in the autograft group and 8 (8.4%) in the allograft group had a side-to-side difference >5 mm. Eighty-five patients (93.4%) in the autograft group and 86 (90.5%) in the allograft group were normal or nearly normal according to the overall IKDC. According to the subjective IKDC, the average scores were 89 and 90 points, respectively, for the autograft and allograft groups. The mean Lysholm and Tegner scores were 89 points and 7.7 points, respectively, for the autograft group and 90 points and 7.6 points, respectively, for the allograft group. For the Cincinnati knee score, the average scores were 90 and 91 points, respectively, for the autograft and allograft groups. CONCLUSION: Both groups of patients achieved almost the same satisfactory outcome at an average of 7.8 years of follow-up. Fresh-frozen hamstring tendon allograft is a reasonable alternative choice to autograft for anterior cruciate ligament reconstruction.",2011
97,21234545,2011 May,2011 Jan 14,Knee Surg Sports Traumatol Arthrosc,"['Drogset JO', 'Straume LG', 'Bjørkmo I', 'Myhr G']",Myhr G,A prospective randomized study of ACL-reconstructions using bone-patellar tendon-bone grafts fixed with bioabsorbable or metal interference screws.,19,5,753-9,['English'],9314730,0942-2056,1433-7347,"['Comparative Study', 'Journal Article', 'Randomized Controlled Trial', ""Research Support, Non-U.S. Gov't""]",PubMed - indexed for MEDLINE,ppublish+epublish,"['21234545', 'PMC3076560', 'pmc-id: PMC3076560;', '10.1007/s00167-010-1353-4']",10.1007/s00167-010-1353-4,"['2009/04/18 00:00', '2010/11/30 00:00', '2011/01/15 06:00', '2011/01/15 06:00', '2011/09/23 06:00', '2011/01/14 00:00']",[],1,45,"Knee surgery, sports traumatology, arthroscopy : official journal of the ESSKA",doi: 10.1007/s00167-010-1353-4,2011 May;19(5):753-9,"INTRODUCTION: Bioabsorbable screws are, at the expense of metal screws, increasingly used as fixation device in ACL-reconstructions. The possible advantages with bioabsorbable screws are better postoperative MRI evaluations and easier revision surgery. PURPOSE: The aim of this study was to compare the clinical outcome after ACL-reconstructions with BPTB-grafts fixed with metal interference screws or bioabsorbable screws 7 years postoperatively. The resorption of the bioabsorbable screws was also analyzed. METHODS: Between 2000 and 2001, 41 patients with ACL deficient knees were randomized for the use of BPTB-graft fixed with either metal interference screws or bioabsorbable poly-L: -lactic acid screws. This is a 7-year follow-up with clinical examinations of both groups and, MRI of the patients with bioabsorbable screws. RESULTS: The clinical and functional results were satisfactory in both groups. There were no significant differences between the groups in any parameter measured, except for better Pivot shift results in the bioscrew group (P = 0.04). The MRI evaluation showed degradation of the bioscrews. A residual screw tract which appeared threaded was seen in the tibia in 11 of the 16 patients. There was no sign of bony ingrowth in the previous screw site in the tibia in any of the patients. CONCLUSION: The potential advantages of using PLLA-screws compared to metal screws are not sufficient to warrant the routine use of PLLA-screws in ACL-reconstructions. LEVEL OF EVIDENCE: I.",2011
98,20934698,2010 Nov,2010 Oct 8,Injury,"['Volpi P', 'Cervellin M', 'Denti M', 'Bait C', 'Melegati G', 'Quaglia A', 'de Girolamo L']",de Girolamo L,ACL reconstruction in sports active people: transtibial DB technique with ST/G vs. transtibial SB technique with BPTB: preliminary results.,41,11,1168-71,['English'],0226040,0020-1383,1879-0267,"['Comparative Study', 'Journal Article', 'Randomized Controlled Trial']",PubMed - indexed for MEDLINE,ppublish+epublish,"['20934698', '10.1016/j.injury.2010.09.029', 'S0020-1383(10)00684-4']",10.1016/j.injury.2010.09.029,"['2010/10/12 06:00', '2010/10/12 06:00', '2011/07/27 06:00']",[],1,0,Injury,doi: 10.1016/j.injury.2010.09.029,2010 Nov;41(11):1168-71,"The single-bundle ACL reconstruction ensures good outcomes and it is a well-established and widespread technique. Nevertheless, some patients still present residual pain and instability. Recent studies have showed that the double-bundle technique restores better natural ACL-fitting kinematics. Long-term clinical studies comparing the two surgical techniques are not frequent and there is no instrument to evaluate function and kinematics during the knee rotation in vivo. In this randomised prospective study performed on sportive people, we compare the BPTB single-bundle ACL reconstruction technique, which is the most common surgical technique performed on these patients' category, with the ACL double-bundle reconstruction technique (DB), in order to evaluate possible differences between the groups. Comparing the two groups, no statistically significant difference regarding the post-operative Lysholm score (p=0.368) the Tegner activity scale (p=0.519) and the arthrometric evaluation with KT-1000 (p=0.74) have been observed. On the contrary, the IKDC evaluation showed a statistically significant difference (p=0.004) better results of the DB group. Moreover, as assessed by the Tegner activity scale, only patients of the DB group were able to return to sports at a pre-injury level. Our data suggest that the double bundle ST/G ACL reconstruction technique results into slightly better outcome than the traditional technique of single-bundle BPTB. The verification and quantification of the advantages of this technique is anticipated with future studies focusing to the accurate measurement of knee rotation during different activities.",2010
99,20668835,2011 Mar,2010 Jul 29,Knee Surg Sports Traumatol Arthrosc,"['Zaffagnini S', 'Bruni D', 'Marcheggiani Muccioli GM', 'Bonanzinga T', 'Lopomo N', 'Bignozzi S', 'Marcacci M']",Marcacci M,Single-bundle patellar tendon versus non-anatomical double-bundle hamstrings ACL reconstruction: a prospective randomized study at 8-year minimum follow-up.,19,3,390-7,['English'],9314730,0942-2056,1433-7347,"['Comparative Study', 'Journal Article', 'Randomized Controlled Trial']",PubMed - indexed for MEDLINE,ppublish+epublish,"['20668835', '10.1007/s00167-010-1225-y']",10.1007/s00167-010-1225-y,"['2009/12/28 00:00', '2010/07/12 00:00', '2010/07/30 06:00', '2010/07/30 06:00', '2011/06/28 06:00']",[],1,0,"Knee surgery, sports traumatology, arthroscopy : official journal of the ESSKA",doi: 10.1007/s00167-010-1225-y,2011 Mar;19(3):390-7,"PURPOSE: The purpose of this study was to compare subjective, objective and radiographic outcome of the lateralized single-bundle bone-patellar tendon-bone autograft with a non-anatomical double-bundle hamstring tendons autograft anterior cruciate ligament (ACL) reconstruction technique at long-term follow-up. METHODS: Seventy-nine non-consecutive randomized patients (42 men; 37 women) with unilateral ACL insufficiency were prospectively evaluated, before and after ACL reconstruction by means of the above-mentioned techniques, with a minimum follow-up of 8 years (range 8-10 years; mean 8.6 years). In the double-bundle hamstrings technique, we used one tibial and one femoral tunnel combined with one ""over-the-top"" passage, cortical staple's fixation and we left intact hamstrings' tibial insertion. Patients were evaluated subjectively and objectively, using IKDC score, Tegner level, manual maximum displacement test with KT-2000 arthrometer. Radiographic evaluation was performed according to IKDC grading system, and re-intervention rate for meniscal lesions was also recorded. RESULTS: The subjective and objective IKDC were similar in both groups while double-bundle hamstrings group showed significantly higher Tegner level (P = 0.0007), higher passive range of motion recovery (P = 0.0014), faster sport resumption (P = 0.0052), lower glide pivot-shift phenomenon (P = 0.0302) and lower re-intervention rate (P = 0.0116) compared with patellar tendon group. Radiographic evaluation showed significant lower objective degenerative changes in double-bundle hamstrings group at final follow-up (P = 0.0056). CONCLUSION: Although both techniques provide satisfactory results, double-bundle ACL reconstruction shows better functional results, with a faster return to sport activity, a lower re-operation rate and lower degenerative knee changes.",2011
100,20607509,2010 Jul,,Unfallchirurg,['Pässler HH'],Pässler HH,[Anatomic anterior cruciate ligament reconstruction with hamstrings using press-fit fixation without hardware: operative technique and long-term results of a prospective and randomized study].,113,7,555-60,['German'],8502736,0177-5537,1433-044X,"['Journal Article', 'Randomized Controlled Trial']",PubMed - indexed for MEDLINE,ppublish,"['20607509', '10.1007/s00113-010-1791-y']",10.1007/s00113-010-1791-y,"['2010/07/08 06:00', '2010/07/08 06:00', '2010/12/14 06:00']",[],1,0,Der Unfallchirurg,doi: 10.1007/s00113-010-1791-y,2010 Jul;113(7):555-60,"An innovative technique for anterior cruciate ligament (ACL) reconstruction has been developed in 1998 which allows the grafts to be fixed by press-fit to the femoral and tibial tunnel without any hardware. The semitendinosus (ST) and gracilis tendons (GT) are built into a sling by tying a knot with the tendon ends and securing the knot after conditioning by sutures. For the femoral tunnel the anteromedial porta is used. The correct anatomic position of the single femoral tunnel is checked using intraoperative lateral fluoroscopy by placing the tip of a K-wire to a point between the anteromedial and posterolateral bundle insertion sites. A femoral bottleneck tunnel is drilled to receive the knot of the tendons. The tendon loops filled the tibial tunnel without any suture material. The loops are fixed at the tibial tunnel outlet with tapes over a bone bridge. Between 1998 and 1999 a prospective randomized study (level 1) was conducted comparing this technique with a technique using bone-patellar-tendon graft and press-fit fixation without hardware. In conclusion it was found that implant-free press-fit ACL reconstruction using bone-patella-tendon (BPT) and hamstring tendon (HT) grafts proved to be an excellent procedure to restore stability and function of the knee. Using hamstring tendons (ST and GT) significantly lower donor site morbidity was noted. Kneeling and knee walking pain persisted to be significantly more intense in the BPT up to 9 years after the operation. Re-rupture rates, subjective findings, knee stability and isokinetic testing showed similar results for both grafts. This is the first level I study which demonstrates cartilage protection by ACL reconstruction as long as the meniscus is intact at index surgery, shown by bilateral MRI analysis 9 years post-operation. There was no significant difference in the average grade of chondral and meniscus lesions between BPT and HT and in comparison of the operated to the intact knee, except for grade 3-4 lesions found at the 9 year follow-up, which were significantly higher in the BPT group.",2010
101,20591671,2010 Jun,2010 Jun 29,Gait Posture,"['Moraiti CO', 'Stergiou N', 'Vasiliadis HS', 'Motsis E', 'Georgoulis A']",Georgoulis A,Anterior cruciate ligament reconstruction results in alterations in gait variability.,32,2,169-75,['English'],9416830,0966-6362,1879-2219,"['Journal Article', 'Randomized Controlled Trial', 'Research Support, N.I.H., Extramural', ""Research Support, Non-U.S. Gov't""]",PubMed - indexed for MEDLINE,ppublish+epublish,"['20591671', '10.1016/j.gaitpost.2010.04.008', 'S0966-6362(10)00114-1']",10.1016/j.gaitpost.2010.04.008,"['2008/11/15 00:00', '2010/04/10 00:00', '2010/04/14 00:00', '2010/07/02 06:00', '2010/07/02 06:00', '2010/12/14 06:00']",[],1,0,Gait & posture,doi: 10.1016/j.gaitpost.2010.04.008,2010 Jun;32(2):169-75,"INTRODUCTION: The temporal structure of gait variability has shown that healthy human gait exhibits long-range correlations and deterministic properties which allow the neuromuscular system to be flexible and adaptable to stresses. Pathology results in deterioration of these properties. We examined structure of gait variability after ACL reconstruction with either BPTB or quadrupled ST/G tendon autografts. METHODS: Six patients with BPTB reconstruction, six with ST/G reconstruction and six healthy controls walked on a treadmill at their self-selected pace. Two minutes of continuous kinematic data were recorded with a 6-camera optoelectronic system. The nonlinear measure of the largest Lyapunov Exponent (LyE) was estimated from the knee flexion-extension time series from 100 continuous walking strides to assess the structure of gait variability. RESULTS: The reconstructed limbs in both reconstructed groups exhibited significantly larger LyE values than the control limbs (p<0.05), even though clinical outcomes indicated complete restoration. No significant differences were found between the two autografts. In addition, the intact contralateral leg produced significant higher LyE values as compared with the ACL-reconstructed leg in both groups. No interaction was found. DISCUSSION: The larger LyE values indicate that the reconstructed knees of both reconstructed groups exhibit more divergence in the movement trajectories during gait. The larger Lye values found in the intact leg in both reconstructed groups could be interpreted as a compensatory mechanism. However, the increased divergence found in both limbs may present an alternative explanation for the impaired neuromuscular performance and increased susceptibility to future pathology, which is supported by the increased amount of osteoarthritis found in ACL-reconstructed patients.",2010
102,20566719,2010 Aug,2010 Jun 21,Am J Sports Med,"['Barenius B', 'Nordlander M', 'Ponzer S', 'Tidermark J', 'Eriksson K']",Eriksson K,Quality of life and clinical outcome after anterior cruciate ligament reconstruction using patellar tendon graft or quadrupled semitendinosus graft: an 8-year follow-up of a randomized controlled trial.,38,8,1533-41,['English'],7609541,0363-5465,1552-3365,"['Journal Article', 'Randomized Controlled Trial']",PubMed - indexed for MEDLINE,ppublish+epublish,"['20566719', '10.1177/0363546510369549', '0363546510369549']",10.1177/0363546510369549,"['2010/06/23 06:00', '2010/06/23 06:00', '2010/12/14 06:00']","['Am J Sports Med. 2011 Apr;39(4):NP6', 'J Bone Joint Surg Am. 2011 May 18;93(10):969. doi: 10.2106/JBJS.9310ebo371. PMID: 21593374']",1,0,The American journal of sports medicine,doi: 10.1177/0363546510369549,2010 Aug;38(8):1533-41,"BACKGROUND: Randomized controlled trials after anterior cruciate ligament reconstructions with long-term follow-up including assessment of health-related quality of life are rare. PURPOSE: To compare clinical outcome and health-related quality of life 8 years after anterior cruciate ligament reconstruction using 2 types of graft. STUDY DESIGN: Randomized controlled trial; Level of evidence, 1. METHODS: Long-term follow-up of 164 patients with anterior cruciate ligament injury randomized to arthroscopic reconstruction with a quadrupled semitendinosus graft or a bone-patellar tendon-bone graft was undertaken. After a mean 8 years, 153 patients were available for follow-up, including instrumented laxity, 1-legged hop test, a knee-walking test, and assessment with International Knee Documentation Committee, Lysholm, Tegner, and patellofemoral pain score. Health-related quality of life was assessed with Knee Osteoarthritis Outcome Score and Short Form-36. RESULTS: Patients in both graft groups retained the same stability, knee function, and health-related quality of life. The patellofemoral pain score was similar for both groups; the bone-patellar tendon-bone group had more donor site morbidity from kneeling and knee walking. In the bone-patellar tendon-bone group, 19 patients had no kneeling problems, 23 slight problems, 31 moderate problems, and 5 unable to kneel. Corresponding figures for the semitendinosus group were 25, 32, 16, and 2 (P < .001). Patients with early reconstructions (<5 months) had a lower risk for meniscal injuries (37%) than did later reconstructed (62%, P = .008). Health-related quality of life regarding physical functioning in Short Form-36 was better for the early-reconstructed patients than for the later reconstructed (92 vs 85; P = .014). Patients without medial meniscal surgery had higher Knee Osteoarthritis Outcome Scores for all subscales than did patients with medial meniscal surgery, with most significant difference for sport and recreation (63 vs 75, P = .008). CONCLUSION: In the long term, the semitendinosus graft provided similar stability, knee function, and health-related quality of life but with less kneeling morbidity than did the bone-patellar tendon-bone graft.",2010
103,20369525,2010 Mar,,Zhongguo Xiu Fu Chong Jian Wai Ke Za Zhi,"['Tian S', 'Zhang J', 'Wang Y', 'Sun K', 'Xia C', 'Yu T', 'Zhang C']",Zhang C,[A prospective study on anterior cruciate ligament reconstruction with patellar tendon autograft versus gamma irradiated allograft].,24,3,282-6,['Chinese'],9425194,1002-1892,,"['English Abstract', 'Journal Article', 'Randomized Controlled Trial', ""Research Support, Non-U.S. Gov't""]",PubMed - indexed for MEDLINE,ppublish,['20369525'],,"['2010/04/08 06:00', '2010/04/08 06:00', '2011/01/12 06:00']",[],1,0,Zhongguo xiu fu chong jian wai ke za zhi = Zhongguo xiufu chongjian waike zazhi = Chinese journal of reparative and reconstructive surgery,,2010 Mar;24(3):282-6,"OBJECTIVE: To analyze the stability and clinical outcomes of arthroscopic anterior cruciate ligament (ACL) reconstruction with gamma irradiated patellar tendon allograft compared with autograft. METHODS: From January 2004 to October 2007, 69 patients undergoing arthroscopic ACL reconstruction were prospectively randomized consecutively into two groups: group A (autograft, n=36) and group B (gamma irradiated allograft, n=33). In group A, there were 30 males and 6 females with an average age of 30.1 years, including 30 cases of simple ACL rupture and 6 cases of ACL rupture with medial accessory ligament injury; ACL rupture was caused by sports in 28 cases, by traffic accident in 5 cases, and by others in 3 cases; and the time from injury to operation was 1.4 months on average. In group B, there were 26 males and 7 females with an average age of 32.5 years, including 27 cases of simple ACL rupture and 6 cases of ACL rupture with medial accessory ligament injury; ACL rupture was caused by sports in 27 cases, by traffic accident in 4 cases, and by others in 2 cases; and the time from injury to operation was 1.5 months on average. There were no significant differences in general data between two groups (P > 0.05). The same arthroscopic technique was used in all ACL reconstructions done by the same surgeon. The clinical outcome was evaluated and compared by general conditions, pivot shift test, Lachman test, KT-2000 arthrometer testing, Daniel's one-leg hop test, International Knee Documental Committee (IKDC) scoring, Lysholm knee scoring scale, and Tegner activity score. RESULTS: All patients were followed up for 39.5 months (group A) and 37.6 months (group B). In group A, patella fracture occurred in 1 case and anterior knee pain in 2 cases postoperatively. No complication occurred in group B. The hospitalization times in groups A and B were (15.6 +/- 2.4) days and (15.5 +/- 1.5) days, respectively, showing no significant difference (P > 0.05). The operation time of group A was longer than that of group B and the fever time of group A was shorter than that of group B, showing significant differences (P < 0.05). At the final follow-up, there were significant differences (P < 0.05) in Lachman test and the pivot shift test between two groups, between pre- and post-operation; there. were no significant differences (P > 0.05) in Daniel's one-leg hop test, the IKDC, Lysholm, and Tegner activity scores between two groups, however, there was a decreased trend in the functional and activity levels in group B. And there was significant difference between pre- and post-operation (P < 0.05). At the final follow-up, the differences between normal side and affected side were (2.4 +/- 0.6) mm in group A and (5.5 +/- 3.6) mm in group B, showing significant difference (P < 0.05). There was significant difference in tibial advancement between pre- and post-operation (P < 0.05). CONCLUSION: The functional and activity level of the knee after ACL reconstruction with autograft and gamma irradiated patellar tendon allograft were similar, but anterior and rotational stability of the involved knee decreases significantly in the group with gamma irradiated patellar tendon allograft.",2010
104,20194956,2010 Mar,,Am J Sports Med,"['Sekir U', 'Gur H', 'Akova B']",Akova B,Early versus late start of isokinetic hamstring-strengthening exercise after anterior cruciate ligament reconstruction with patellar tendon graft.,38,3,492-500,['English'],7609541,0363-5465,1552-3365,"['Journal Article', 'Randomized Controlled Trial']",PubMed - indexed for MEDLINE,ppublish,"['20194956', '10.1177/0363546509349490', '38/3/492']",10.1177/0363546509349490,"['2010/03/03 06:00', '2010/03/03 06:00', '2010/06/15 06:00']",[],1,0,The American journal of sports medicine,doi: 10.1177/0363546509349490,2010 Mar;38(3):492-500,"BACKGROUND: Hamstring strengthening after anterior cruciate ligament reconstruction is a vital component of the rehabilitation program. PURPOSE: The objective of this trial was to investigate the effects of hamstring isokinetic training used in the early phase of the rehabilitation program on the stability, strength, symptoms, and functional outcomes of patients throughout 12 months after anterior cruciate ligament surgery. STUDY DESIGN: Randomized controlled clinical trial; Level of evidence, 2. METHODS: Forty-eight men underwent anterior cruciate ligament reconstruction with an ipsilateral bone-patellar tendon-bone autograft. The patients were randomly assigned to perform daily isokinetic hamstring exercises at postoperative 3 weeks (group I) or to perform daily isokinetic hamstring exercises at postoperative 9 weeks (group II). The patients were evaluated monthly for the first 4 months and at the 12th month for postoperative hamstring and quadriceps strength, as well as for knee function via the Cincinnati Knee Rating Scale and International Knee Documentation Committee form. RESULTS: Hamstring isometric strength at 30 degrees of knee flexion (at the first and second months) and concentric isokinetic strength (at 2, 3, 4, and 12 months) at the angular velocity of 60 deg/s were significantly (P <.05-.01) greater in group I compared with group II. Average scores of the Cincinnati Knee Rating Scale for symptoms were significantly (P <.05-.001) higher in group I compared with group II at all evaluation periods. Walking and stair-climbing scores at 1, 2, 3, and 4 months and squatting score at all evaluation periods were also better (P <.05-.01) in group I compared with group II. In addition, group I exhibited better (P <.01-.001) Lachman test results compared with group II for all postoperative evaluation periods. The International Knee Documentation Committee final rating scores were significantly (P <.01) greater at 2, 3, and 4 months in group I compared with group II. CONCLUSION: The results of this study suggest that hamstring as well as quadriceps strength can be increased via early hamstring strengthening after anterior cruciate ligament reconstruction with no negative impact on knee function.",2010
105,20097928,2010 Mar,2010 Jan 23,Am J Sports Med,"['Holm I', 'Oiestad BE', 'Risberg MA', 'Aune AK']",Aune AK,No difference in knee function or prevalence of osteoarthritis after reconstruction of the anterior cruciate ligament with 4-strand hamstring autograft versus patellar tendon-bone autograft: a randomized study with 10-year follow-up.,38,3,448-54,['English'],7609541,0363-5465,1552-3365,"['Journal Article', 'Randomized Controlled Trial']",PubMed - indexed for MEDLINE,ppublish+epublish,"['20097928', '10.1177/0363546509350301', '0363546509350301']",10.1177/0363546509350301,"['2010/01/26 06:00', '2010/01/26 06:00', '2010/06/15 06:00']",[],1,0,The American journal of sports medicine,doi: 10.1177/0363546509350301,2010 Mar;38(3):448-54,"BACKGROUND: The choice of different graft types and surgical techniques used when reconstructing a torn anterior cruciate ligament may influence the long-term prevalence of osteoarthritis and functional outcomes. HYPOTHESIS: There are no differences in the prevalence of knee osteoarthritis or knee function in patients undergoing reconstruction of a torn anterior cruciate ligament with 4-strand hamstring autograft versus patellar tendon-bone autograft. STUDY DESIGN: Randomized controlled trial; Level of evidence, 1. METHODS: Seventy-two patients with subacute or chronic rupture of the anterior cruciate ligament were randomly assigned to autograft reconstruction with 4-strand gracilis and semitendinosus tendon (HAM) (N = 37) or with patellar tendon-bone (PTB) (N = 35) from the ipsilateral side. Outcome measurements were the Cincinnati knee score, single-legged hop tests, isokinetic muscle strength tests, pain, knee joint laxity test (KT-1000 arthrometer), and a radiologic evaluation (Kellgren and Lawrence) at 10-year follow-up. RESULTS: At 10 years, 57 patients (79%) were eligible for evaluation-29 in the HAM group and 28 in the PTB group. No differences were found between the 2 graft groups with respect to the Cincinnati knee score, the single-legged hop tests, pain, muscle strength measurements, or knee joint laxity. Fifty-five percent and 64% of the patients had osteoarthritis corresponding to Kellgren and Lawrence grade 2 or more in the HAM and the PTB groups, respectively (P =.27). For the uninvolved knee, the corresponding numbers were 28% and 22% (P = .62). CONCLUSION: At 10 years postoperatively, no statistically significant differences in clinical outcome between the 2 graft types were found. The prevalence of osteoarthritis was significantly higher in the operated leg than in the contralateral leg, but there were no significant differences between the 2 groups. The results indicate that the choice of graft type after an anterior cruciate ligament injury has minimal influence on the prevalence of osteoarthritis 10 years after surgery.",2010
106,19956928,2010 Aug,2009 Dec 3,Knee Surg Sports Traumatol Arthrosc,"['Drogset JO', 'Strand T', 'Uppheim G', 'Odegård B', 'Bøe A', 'Grøntvedt T']",Grøntvedt T,Autologous patellar tendon and quadrupled hamstring grafts in anterior cruciate ligament reconstruction: a prospective randomized multicenter review of different fixation methods.,18,8,1085-93,['English'],9314730,0942-2056,1433-7347,"['Journal Article', 'Multicenter Study', 'Randomized Controlled Trial']",PubMed - indexed for MEDLINE,ppublish+epublish,"['19956928', '10.1007/s00167-009-0996-5']",10.1007/s00167-009-0996-5,"['2009/02/17 00:00', '2009/11/09 00:00', '2009/12/04 06:00', '2009/12/04 06:00', '2010/11/17 06:00']",[],1,0,"Knee surgery, sports traumatology, arthroscopy : official journal of the ESSKA",doi: 10.1007/s00167-009-0996-5,2010 Aug;18(8):1085-93,"ACL reconstruction with bone patellar tendon bone (BPTB) grafts has been shown to produce dependable results. Recently, reconstructions with double-looped semitendinosus gracilis (DLSG) grafts have become common. The prevailing opinion is that ACL reconstruction with patellar tendon graft produces a more stable knee with more anterior knee pain than DLSG grafts, while the functional results and knee scores are similar. The present study evaluates BPTB grafts fixed with metallic interference screws and DLSG grafts fixed with Bone Mulch Screw on the femur and WasherLoc fixation on the tibia. All else being the same, there is no difference in the outcome between the two grafts and fixation methods. This is a prospective randomized multicenter study. A total of 115 patients with isolated ACL ruptures were randomized to either reconstruction with BPTB grafts fixed with metal interference screws (58 patients) or DLSG grafts (57 patients) fixed with Bone Mulch Screws and WasherLoc Screws. Follow-up was at one and two years; the latter by an independent observer. At two years, one ACL revision had been performed in each group. Eight patients in the DLSG group and one in the BPTB group underwent meniscus surgery in the follow-up period (P = 0.014). Mean Lysholm score at the two year follow-up was 91 (SD +/- 10.3) in the DLSG group and also 91 (SD +/- 10.2) in the BPTB group. Mean KT-1000 at two years was 1.5 mm in the BPTB group and 1.8 mm in the DLSG group (n.s.). At two years, four patients in the BPTB group and three in the DLSG group had a Lachman test grade 2 or 3 (n.s.). More patients in the BPTB group had pain at the lower pole of the patella (P = 0.04). Peak flexion torque and total flexion work were lower in the DLSG group at one year (P = 0.003 and P = 0.000) and total flexion work also at two years (P = 0.05). BPTB ACL reconstruction fixed with interference screws and DLSG fixed with Bone Mulch Screws on the femur and WasherLoc Screws on the tibia produce satisfactory and nearly identical outcomes. Among our patients in the DLSG group, flexion strength was lower, and more patients underwent meniscus surgery in the follow-up period. The BPTB group has more anterior knee pain.",2010
107,19896041,2009 Nov,,Arthroscopy,"['Nin JR', 'Gasque GM', 'Azcárate AV', 'Beola JD', 'Gonzalez MH']",Gonzalez MH,Has platelet-rich plasma any role in anterior cruciate ligament allograft healing?,25,11,1206-13,['English'],8506498,0749-8063,1526-3231,"['Journal Article', 'Randomized Controlled Trial']",PubMed - indexed for MEDLINE,ppublish,"['19896041', '10.1016/j.arthro.2009.06.002', 'S0749-8063(09)00512-X']",10.1016/j.arthro.2009.06.002,"['2008/10/10 00:00', '2009/06/01 00:00', '2009/06/02 00:00', '2009/11/10 06:00', '2009/11/10 06:00', '2010/01/21 06:00']","['Arthroscopy. 2010 Jun;26(6):725-6; author reply 726. doi: 10.1016/j.arthro.2010.03.002. PMID: 20511025', 'Arthroscopy. 2010 Sep;26(9):1144; author reply 1145-6. doi: 10.1016/j.arthro.2010.06.020. PMID: 20810068']",1,0,Arthroscopy : the journal of arthroscopic & related surgery : official publication of the Arthroscopy Association of North America and the International Arthroscopy Association,doi: 10.1016/j.arthro.2009.06.002,2009 Nov;25(11):1206-13,"PURPOSE: The aim of this study was to evaluate and compare the clinical and inflammatory parameters with the addition of platelet-derived growth factor (PDGF) in primary anterior cruciate ligament (ACL) reconstruction with bone-patellar tendon-bone allograft. METHODS: We prospectively randomized 100 patients undergoing arthroscopic patellar tendon allograft ACL reconstruction to a group in whom platelet-enriched gel was used (n = 50) and a non-gel group (n = 50). The platelet concentration was 837 x 10(3)/mm(3), and the gel was introduced inside the graft and the tibial tunnel. Demographic data were comparable between groups. The mean follow-up was 24 months for both groups and included a history, clinical evaluation with the International Knee Documentation Committee score, radiographs, and magnetic resonance imaging. RESULTS: There were no differences in the number of associated injuries. The results did not show any statistically significant differences between the groups for inflammatory parameters (perimeters of the knee and C-reactive protein level), magnetic resonance imaging appearance of the graft, and clinical evaluation scores (visual analog scale, International Knee Documentation Committee, and KT-1000 arthrometer [MEDmetric, San Diego, CA]). CONCLUSIONS: At this time, the therapeutic role of PDGF in ACL reconstruction remains unclear. The use of PDGF, on the graft and inside the tibial tunnel, in patients treated with bone-patellar tendon-bone allografts has no discernable clinical or biomechanical effect at 2 years' follow-up. More clinical studies will be needed to show the efficacy and use of these factors in daily practice in ACL reconstruction. LEVEL OF EVIDENCE: Level I, prospective, randomized, double-blind study.",2009
108,19861236,2010 Oct,2009 Oct 25,Knee,"['Ghalayini SR', 'Helm AT', 'Bonshahi AY', 'Lavender A', 'Johnson DS', 'Smith RB']",Smith RB,Arthroscopic anterior cruciate ligament surgery: results of autogenous patellar tendon graft versus the Leeds-Keio synthetic graft five year follow-up of a prospective randomised controlled trial.,17,5,334-9,['English'],9430798,0968-0160,1873-5800,"['Comparative Study', 'Journal Article', 'Randomized Controlled Trial']",PubMed - indexed for MEDLINE,ppublish+epublish,"['19861236', '10.1016/j.knee.2009.09.008', 'S0968-0160(09)00175-6']",10.1016/j.knee.2009.09.008,"['2009/03/23 00:00', '2009/09/27 00:00', '2009/09/28 00:00', '2009/10/29 06:00', '2009/10/29 06:00', '2010/12/14 06:00']",[],1,0,The Knee,doi: 10.1016/j.knee.2009.09.008,2010 Oct;17(5):334-9,"We conducted a prospective, randomised controlled trial comparing anterior cruciate ligament reconstruction using middle third patellar tendon graft (PT) to synthetic Leeds-Keio (LK) ligament. The patients were randomised (26 PT, 24 LK). Subjective knee function was classified (Lysholm, Tegner activity, IKDC scores), laxity was measured (Lachman test, Stryker laxometer), and functional ability was assessed (one-hop test). There were no significant differences between Lysholm or IKDC scores at any stage by 5 years. Significant differences were found between the groups at 2 years for Tegner activity scores, laxity and one-hop testing. By 5 years there were no significant differences. Clinical equivalence was demonstrated between the two groups for the Lysholm score and one-hop test but not for the Tegner activity score at 5 years. The use of the LK ligament has been largely abandoned due to reports of its insufficiency. Our results demonstrate that it is not as inferior as one might expect. We conclude that the results of LK ligament ACL reconstruction are as acceptable as those using PT. It may provide an additional means of reconstruction where no suitable alternative is present.",2010
109,19851754,2010 Jun,2009 Oct 23,Knee Surg Sports Traumatol Arthrosc,"['Heijne A', 'Werner S']",Werner S,A 2-year follow-up of rehabilitation after ACL reconstruction using patellar tendon or hamstring tendon grafts: a prospective randomised outcome study.,18,6,805-13,['English'],9314730,0942-2056,1433-7347,"['Journal Article', 'Randomized Controlled Trial', ""Research Support, Non-U.S. Gov't""]",PubMed - indexed for MEDLINE,ppublish+epublish,"['19851754', '10.1007/s00167-009-0961-3']",10.1007/s00167-009-0961-3,"['2009/07/11 00:00', '2009/10/05 00:00', '2009/10/24 06:00', '2009/10/24 06:00', '2010/09/14 06:00']",[],1,0,"Knee surgery, sports traumatology, arthroscopy : official journal of the ESSKA",doi: 10.1007/s00167-009-0961-3,2010 Jun;18(6):805-13,"Sixty-eight patients were clinically evaluated preoperatively, 3, 5, 7, 9 months, 1 and 2 years after ACL reconstruction, 34 with patellar tendon graft, 34 with hamstring graft. Outcome regarding graft choice and anterior knee laxity (P = 0.04) was in favour of patellar tendon graft. Hamstring graft led to a larger laxity, 2.4 mm compared with patellar tendon graft, 1.3 mm at 1 year and 2.5 mm and 1.5 mm, respectively, at 2 years (P = 0.05). There was a significant difference in rotational knee stability in favour of the patellar tendon graft at all test occasions but 9 months. A general effect regarding graft choice and muscle torque was found at 90 degrees/s for quadriceps (P = 0.03) and hamstrings (P < or = 0.0001) and at 230 degrees/s for hamstrings (P < or = 0.0001). No treatment effect regarding graft choice and one-leg hop test, postural sway or knee function was found. No group differences in anterior knee pain were found at any of the test occasions but 2 years in favour of hamstring graft compared to patellar tendon graft (P = 0.04). Patellar tendon graft resulted in higher activity level than hamstring graft at all test occasions but 1 year (P = 0.01). Patellar tendon ACL reconstruction led to more stable knees with less anterior knee laxity and less rotational instability than hamstring ACL reconstruction. Hamstring graft patients had not reached preoperative level in hamstring torque even 2 years after ACL reconstruction. Athletes with patellar tendon graft returned to sports earlier and at a higher level than those with hamstring graft.",2010
110,19801284,2009 Oct,,Arthroscopy,"['Endele D', 'Jung C', 'Becker U', 'Bauer G', 'Mauch F']",Mauch F,Anterior cruciate ligament reconstruction with and without computer navigation: a clinical and magnetic resonance imaging evaluation 2 years after surgery.,25,10,1067-74,['English'],8506498,0749-8063,1526-3231,"['Comparative Study', 'Journal Article', 'Randomized Controlled Trial']",PubMed - indexed for MEDLINE,ppublish,"['19801284', '10.1016/j.arthro.2009.05.016', 'S0749-8063(09)00507-6']",10.1016/j.arthro.2009.05.016,"['2008/08/08 00:00', '2009/04/19 00:00', '2009/05/23 00:00', '2009/10/06 06:00', '2009/10/06 06:00', '2009/12/18 06:00']",[],1,0,Arthroscopy : the journal of arthroscopic & related surgery : official publication of the Arthroscopy Association of North America and the International Arthroscopy Association,doi: 10.1016/j.arthro.2009.05.016,2009 Oct;25(10):1067-74,"PURPOSE: The purpose of this study was to evaluate the benefits of computer navigation on tunnel placement during anterior cruciate ligament reconstruction. METHODS: A prospective, randomized, controlled study comparing computer navigation with manual operation was performed between December 2003 and April 2004. We assigned 20 patients to the computer navigation group and 20 patients to the manual navigation group. Surgery was performed by use of a patellar tendon autograft with press-fit fixation. A lateral radiograph of the knee at maximum extension was used to determine the exact position of the tibial tunnel at 4 days postoperatively. Outcomes were evaluated with International Knee Documentation Committee 2000, Tegner, and Lysholm scoring. There was an additional magnetic resonance imaging (MRI) evaluation of tunnel placement and graft quality at the most recent follow-up, approximately 24 months after surgery. RESULTS: The postoperative radiographs and 2-year postoperative MRI scans showed no differences between groups for tibial or femoral tunnel placement. In both groups the mean tibial tunnel placement was 46% of the maximal diameter of the tibia. There were no significant differences between groups for objective and subjective outcomes scoring. Although some qualitative differences existed between groups with respect to MRI graft appearance at 2 years, this had no correlation with overall results. CONCLUSIONS: No significant differences were found between computer-assisted and manually navigated anterior cruciate ligament reconstruction with regard to tunnel placement and clinical results at a mean of 2 years postoperatively. LEVEL OF EVIDENCE: Level I, randomized, single-blinded, controlled trial.",2009
111,19723992,2009 Sep,,J Bone Joint Surg Am,"['Ristanis S', 'Stergiou N', 'Siarava E', 'Ntoulia A', 'Mitsionis G', 'Georgoulis AD']",Georgoulis AD,Effect of femoral tunnel placement for reconstruction of the anterior cruciate ligament on tibial rotation.,91,9,2151-8,['English'],0014030,0021-9355,1535-1386,"['Journal Article', 'Randomized Controlled Trial']",PubMed - indexed for MEDLINE,ppublish,"['19723992', 'PMC2730859', 'pmc-id: PMC2730859;', '10.2106/JBJS.H.00940', '91/9/2151']",10.2106/JBJS.H.00940,"['2009/09/03 09:00', '2009/09/03 06:00', '2009/09/23 06:00', '2010/09/01 00:00']",[],1,43,The Journal of bone and joint surgery. American volume,doi: 10.2106/JBJS.H.00940,2009 Sep;91(9):2151-8,"BACKGROUND: Rotational knee movement after reconstruction of the anterior cruciate ligament has been difficult to quantify. The purpose of this study was to identify in vivo whether a more horizontal placement of the femoral tunnel (in the ten o'clock position rather than in the eleven o'clock position) can restore rotational kinematics, during highly demanding dynamic activities, in a knee in which a bone-patellar tendon-bone graft had been used to reconstruct the anterior cruciate ligament. METHODS: We evaluated ten patients in whom a bone-patellar tendon-bone graft had been used to reconstruct the anterior cruciate ligament with the femoral tunnel in the eleven o'clock position, ten patients who had had the same procedure with the femoral tunnel in the ten o'clock position, and ten healthy controls. Kinematic data were collected while the subjects (1) descended from a stairway, made foot contact, and then pivoted 90 degrees on the landing lower limb and (2) jumped from a platform, landed with both feet on the ground, and pivoted 90 degrees on the right or left lower limb. The dependent variable that we examined was tibial rotation during pivoting. RESULTS: The results demonstrated that reconstruction of the anterior cruciate ligament with the femoral tunnel in either the ten or the eleven o'clock position successfully restored anterior tibial translation. However, both techniques resulted in tibial rotation values, during the dynamic activities evaluated, that were significantly larger than those in the intact contralateral lower limbs and those in the healthy controls. Tibial rotation did not differ significantly between the two reconstruction groups or between the healthy controls and the intact contralateral lower limbs. However, we noticed that positioning the tunnel at ten o'clock resulted in slightly decreased rotation values that may have clinical relevance but not statistical significance. CONCLUSIONS: Regardless of which of the two tested positions was utilized to fix the graft to the femur, reconstruction of the anterior cruciate ligament did not restore normal tibial rotation during dynamic activities.",2009
112,19684298,2009 Oct,2009 Aug 14,Am J Sports Med,"['Taylor DC', 'DeBerardino TM', 'Nelson BJ', 'Duffey M', 'Tenuta J', 'Stoneman PD', 'Sturdivant RX', 'Mountcastle S']",Mountcastle S,Patellar tendon versus hamstring tendon autografts for anterior cruciate ligament reconstruction: a randomized controlled trial using similar femoral and tibial fixation methods.,37,10,1946-57,['English'],7609541,0363-5465,1552-3365,"['Comparative Study', 'Journal Article', 'Randomized Controlled Trial']",PubMed - indexed for MEDLINE,ppublish+epublish,"['19684298', '10.1177/0363546509339577', '0363546509339577']",10.1177/0363546509339577,"['2009/08/18 09:00', '2009/08/18 09:00', '2010/02/02 06:00']",[],1,0,The American journal of sports medicine,doi: 10.1177/0363546509339577,2009 Oct;37(10):1946-57,"BACKGROUND: Controversy remains over the most appropriate graft for anterior cruciate ligament reconstruction. HYPOTHESIS: There is no significant difference in outcomes after 4-strand hamstring and patellar tendon autograft anterior cruciate ligament reconstructions using similar fixation techniques. STUDY DESIGN: Randomized controlled trial; Level of evidence, 1. METHODS: Between August 2000 and May 2003, 64 Keller Army Hospital patients with complete anterior cruciate ligament tears were randomized to hamstring (n = 32) or patellar tendon (n = 32) autograft anterior cruciate ligament reconstruction. Operative graft fixation and rehabilitative techniques were the same for both groups. Follow-up assessments included the Single Assessment Numeric Evaluation score, Lysholm score, International Knee Documentation Committee score, and Knee Injury and Osteoarthritis Outcome Score. Postoperative radiographs were analyzed for tunnel location and orientation. RESULTS: Eleven women and 53 men were randomized. Eighty-three percent of the patients (53 of 64) had follow-up of greater than 2 years, or to the point of graft rupture or removal (average follow-up, 36 months). Four hamstring grafts (12.5%) and three patellar tendon grafts (9.4%) (P = .71) ruptured. One deep infection in a hamstring graft patient necessitated graft removal. Forty-five of the 56 patients with intact grafts had greater than 2-year follow-up. Patients with patellar tendon grafts had greater Tegner activity scores (P = .04). Single Assessment Numeric Evaluation scores were 88.5 (95% confidence interval: 83.1, 93.8) and 90.1 (95% confidence interval: 85.2, 96.1) for the hamstring and patellar tendon groups, respectively (P = .53). Lysholm scores were 90.3 (95% confidence interval: 84.4, 96.1) and 90.4 (95% confidence interval: 84.5, 96.3) for the hamstring and patellar tendon groups, respectively (P = .97). There were no significant differences in knee laxity, kneeling pain, isokinetic peak torque, International Knee Documentation Committee score, or Knee Injury and Osteoarthritis Outcome Scores. Postoperative graft rupture correlated with more horizontal tibial tunnel orientation. CONCLUSION: Hamstring and patellar tendon autografts provide similar objective, subjective, and functional outcomes when assessed at least 2 years after anterior cruciate ligament reconstruction.",2009
113,19575180,2009 Sep,2009 Jul 3,Knee Surg Sports Traumatol Arthrosc,"['Ahldén M', 'Kartus J', 'Ejerhed L', 'Karlsson J', 'Sernert N']",Sernert N,"Knee laxity measurements after anterior cruciate ligament reconstruction, using either bone-patellar-tendon-bone or hamstring tendon autografts, with special emphasis on comparison over time.",17,9,1117-24,['English'],9314730,0942-2056,1433-7347,"['Journal Article', 'Randomized Controlled Trial', ""Research Support, Non-U.S. Gov't""]",PubMed - indexed for MEDLINE,ppublish+epublish,"['19575180', '10.1007/s00167-009-0846-5']",10.1007/s00167-009-0846-5,"['2009/02/09 00:00', '2009/06/08 00:00', '2009/07/04 09:00', '2009/07/04 09:00', '2009/12/23 06:00']",[],1,0,"Knee surgery, sports traumatology, arthroscopy : official journal of the ESSKA",doi: 10.1007/s00167-009-0846-5,2009 Sep;17(9):1117-24,"The aims of the study were to analyse the change in knee laxity over time after anterior cruciate ligament (ACL) reconstruction, using either bone-patellar-tendon-bone (BPTB) or hamstring (HS) tendon autografts, and to compare the knee laxity measurements between the study groups both pre-operatively and on multiple follow-up occasions. Another aim was to compare the radiographic findings in terms of degenerative changes between the study groups. A randomised series of 71 patients, who underwent ACL reconstruction using BPTB or HS tendon autografts and interference screw fixation, were included in the study. Of these patients, 47/71 (66%) attended a clinical examination, including laxity measurements using the KT-1000 arthrometer, pre-operatively and on four post-operative occasions; 6 months, 1 year, 2 years and 7 years after the reconstruction. The BPTB group consisted of 22 patients, while there were 25 patients in the HS group. There were no significant differences in the mean side-to-side knee laxity between the BPTB and the HS group pre-operatively or at the follow-up examinations. There was a tendency towards a reduction in side-to-side knee laxity over time in both groups, measured with the KT-1000 arthrometer. The decrease was significant when analysing the injured and uninjured knee separately (injured side p < 0.001 (BPTB) and p = 0.005 (HS), uninjured side p = 0.008 and p = 0.042, respectively). Forty-four patients (BPTB 21, ST 23) underwent a radiographic assessment at the 7-year follow-up, which revealed no significant differences between the study groups in terms of osteoarthritic findings classified according to the Fairbank and Ahlback rating systems. In overall terms, osteoarthritis was identified in 16% (BPTB 19%; ST 13%; n.s.) according to the Ahlback rating system and 68% (BPTB 67%; ST 70%; n.s.) according to the Fairbank rating system. There were no significant differences in knee laxity measurements between the two study groups pre-operatively or at 7 years. A decrease in knee laxity over time was seen in both groups. There were no significant differences between the BPTB and ST groups in terms of osteoarthritic findings at 7 years.",2009
114,19560639,2009 Jul,2009 Apr 17,Arthroscopy,"['Sun K', 'Tian SQ', 'Zhang JH', 'Xia CS', 'Zhang CL', 'Yu TB']",Yu TB,Anterior cruciate ligament reconstruction with bone-patellar tendon-bone autograft versus allograft.,25,7,750-9,['English'],8506498,0749-8063,1526-3231,"['Comparative Study', 'Journal Article', 'Randomized Controlled Trial', ""Research Support, Non-U.S. Gov't""]",PubMed - indexed for MEDLINE,ppublish+epublish,"['19560639', '10.1016/j.arthro.2008.12.023', 'S0749-8063(09)00039-5']",10.1016/j.arthro.2008.12.023,"['2008/08/22 00:00', '2008/11/08 00:00', '2008/12/25 00:00', '2009/06/30 09:00', '2009/06/30 09:00', '2009/09/16 06:00']",[],1,0,Arthroscopy : the journal of arthroscopic & related surgery : official publication of the Arthroscopy Association of North America and the International Arthroscopy Association,doi: 10.1016/j.arthro.2008.12.023,2009 Jul;25(7):750-9,"PURPOSE: The purpose of this study was to analyze the clinical outcome of arthroscopic anterior cruciate ligament (ACL) reconstruction with bone-patellar tendon-bone autograft versus allograft. METHODS: Between May 2000 and June 2004, 172 patients undergoing arthroscopic bone-patellar tendon-bone ACL reconstruction were prospectively randomized into autograft (n = 86) or allograft (n = 86) groups. The senior surgeon performed all operations using the same surgical technique. Each fixation was performed by means of an interference screw. Patients were evaluated preoperatively and postoperatively at follow-up. Of the patients, 156 (76 in the autograft group and 80 in the allograft group) were available for full evaluation. Evaluations included a detailed history, physical examination, functional knee ligament testing, KT-2000 arthrometer testing (MEDmetric, San Diego, CA), Harner's vertical jump and Daniel's 1-leg hop tests, Lysholm score, Tegner score, International Knee Documentation Committee standard evaluation form, Cincinnati knee score, and radiograph. RESULTS: Demographic data were comparable between groups. The mean follow-up was 5.6 years for both groups. There were no statistically significant differences according to evaluations of outcome between the 2 groups except that patients in the allograft group had a shorter operation time and longer fever time postoperatively compared with the autograft group. The postoperative infection rates were 0% and 1.25% for the autograft group and allograft group, respectively. There was a significant difference (P < .05) in the development of osteoarthritis between the operated knee in comparison to the contralateral knee according to radiographs. However, no significant difference was found between the 2 groups at the final follow-up examination (P > .05). CONCLUSIONS: Both groups of patients achieved almost the same satisfactory outcomes after a mean of 5.6 years of follow-up. Allograft is a reasonable alternative to autograft for ACL reconstruction. LEVEL OF EVIDENCE: Level II, prospective comparative study.",2009
115,19374299,2009 Apr,,J Med Assoc Thai,"['Laoruengthana A', 'Pattayakorn S', 'Chotanaputhi T', 'Kosiyatrakul A']",Kosiyatrakul A,"Clinical comparison between six-strand hamstring tendon and patellar tendon autograft in arthroscopic anterior cruciate ligament reconstruction: a prospective, randomized clinical trial.",92,4,491-7,['English'],7507216,0125-2208,,"['Journal Article', 'Randomized Controlled Trial']",PubMed - indexed for MEDLINE,ppublish,['19374299'],,"['2009/04/21 09:00', '2009/04/21 09:00', '2009/05/27 09:00']",[],1,0,Journal of the Medical Association of Thailand = Chotmaihet thangphaet,,2009 Apr;92(4):491-7,"OBJECTIVE: Many randomized clinical trials demonstrated that 4-strand hamstring tendon grafts have comparable results both subjectively and objectively with the patellar tendon grafts. The authors hypothesized that the increment of hamstring tendons strength with 6-strand graft could improve the knee stability compared to the result from using the gold standard patellar tendon. MATERIAL AND METHOD: Thirty-four patients were prospectively randomized into two groups for arthroscopic anterior cruciate ligament reconstruction. Seventeen patients underwent reconstruction with 6-strand hamstring tendons and the remaining seventeen were treated with bone-patellar tendon-bone graft. Patients were followed-up under the similar rehabilitation protocol for at least 12 months. At the time of final follow-up, all the patients in both groups were evaluated in terms of patient's satisfaction, activity level, and knee stability. RESULTS: Fifteen patients in bone-patellar tendon-bone graft (two lost to follow-up) and thirteen patients used 6-strand hamstring tendons (four were converted to 4-strand hamstring tendons) were evaluated at a mean of 19 months (range 12-31 months). The mean of KT-2000 side-to-side laxity measurement in 6-strand hamstring group (0.96 mm) is less than BPTB group (1.22 mm) significantly (p < 0.05). Eleven of 13 patients (84.62%) that received the 6-strand hamstring tendons could return to sport activities compared to 10 of 15 patients (66.67%) that received BPTB graft. Hamstring group have a lower prevalence of donor-site morbidity resulting in less difficult in kneeling. CONCLUSION: The authors concluded that using 6-strand hamstring tendons could improve knee stability in the early clinical outcomes. With no difference in subjective assessment, anterior cruciate ligament reconstruction used hamstring tendons have less donor-site morbidity, which is more compatible to Asian life-style.",2009
116,19353750,2009 Apr,,J Zhejiang Univ Sci B,"['Sun K', 'Tian SQ', 'Zhang JH', 'Xia CS', 'Zhang CL', 'Yu TB']",Yu TB,ACL reconstruction with BPTB autograft and irradiated fresh frozen allograft.,10,4,306-16,['English'],101236535,1673-1581,1862-1783,"['Journal Article', 'Randomized Controlled Trial', ""Research Support, Non-U.S. Gov't""]",PubMed - indexed for MEDLINE,ppublish,"['19353750', 'PMC2666208', 'pmc-id: PMC2666208;', '10.1631/jzus.B0820335']",10.1631/jzus.B0820335,"['2009/04/09 09:00', '2009/04/09 09:00', '2009/07/10 09:00', '2009/04/01 00:00']",[],1,35,Journal of Zhejiang University. Science. B,doi: 10.1631/jzus.B0820335,2009 Apr;10(4):306-16,"OBJECTIVE: To analyze the clinical outcomes of arthroscopic anterior cruciate ligament (ACL) reconstruction with irradiated bone-patellar tendon-bone (BPTB) allograft compared with non-irradiated allograft and autograft. METHODS: All BPTB allografts were obtained from a single tissue bank and the irradiated allografts were sterilized with 2.5 mrad of irradiation prior to distribution. A total of 68 patients undergoing arthroscopic ACL reconstruction were prospectively randomized consecutively into one of the two groups (autograft and irradiated allograft groups). The same surgical technique was used in all operations done by the same senior surgeon. Before surgery and at the average of 31 months of follow-up (ranging from 24 to 47 months), patients were evaluated by the same observer according to objective and subjective clinical evaluations. RESULTS: Of these patients, 65 (autograft 33, irradiated allograft 32) were available for full evaluation. When the irradiated allograft group was compared to the autograft group at the 31-month follow-up by the Lachman test, the anterior drawer test (ADT), the pivot shift test, and KT-2000 arthrometer test, statistically significant differences were found. Most importantly, 87.8% of patients in the autograft group and just only 31.3% in the irradiated allograft group had a side-to-side difference of less than 3 mm according to KT-2000. The failure rate of the ACL reconstruction with irradiated allograft (34.4%) was higher than that with autograft (6.1%). The anterior and rotational stabilities decreased significantly in the irradiated allograft group. According to the overall International Knee Documentation Committee (IKDC), functional and subjective evaluations, and activity level testing, no statistically significant differences were found between the two groups. Besides, patients in the irradiated allograft group had a shorter operation time and a longer duration of postoperative fever. When the patients had a fever, the laboratory examinations of all patients were almost normal. Blood routine was normal, the values of erythrocyte sedimentation rate (ESR) were 5~16 mm/h and the contents of C reactive protein (CRP) were 3-10 mg/L. CONCLUSION: We conclude that the short term clinical outcomes of the ACL reconstruction with irradiated BPTB allograft were adversely affected. The less than satisfactory results led the senior authors to discontinue the use of irradiated BPTB allograft in ACL surgery and not to advocate using the gamma irradiation as a secondary sterilizing method.",2009
117,19282706,2009 Mar-Apr,,Reg Anesth Pain Med,"['Dauri M', 'Fabbi E', 'Mariani P', 'Faria S', 'Carpenedo R', 'Sidiropoulou T', 'Coniglione F', 'Silvi MB', 'Sabato AF']",Sabato AF,Continuous femoral nerve block provides superior analgesia compared with continuous intra-articular and wound infusion after anterior cruciate ligament reconstruction.,34,2,95-9,['English'],9804508,1098-7339,1532-8651,"['Journal Article', 'Randomized Controlled Trial']",PubMed - indexed for MEDLINE,ppublish,"['19282706', '10.1097/AAP.0b013e31819baf98', '00115550-200903000-00003']",10.1097/AAP.0b013e31819baf98,"['2009/03/14 09:00', '2009/03/14 09:00', '2009/04/02 09:00']",[],1,0,Regional anesthesia and pain medicine,doi: 10.1097/AAP.0b013e31819baf98,2009 Mar-Apr;34(2):95-9,"BACKGROUND AND OBJECTIVES: This prospective, randomized, clinical trial compared pain intensity and analgesic drug consumption after anterior cruciate ligament (ACL) reconstruction with patellar tendon under femoral-sciatic nerve block anesthesia in patients who received either a continuous femoral nerve block (CFNB) or continuous local anesthetic wound and intra-articular infusions. METHODS: Fifty patients were randomized to CFNB (n = 25) or an ON-Q device (I-Flow Corp, Lake Forest, Calif) (n = 25). All patients received sciatic nerve block (25 mL of ropivacaine 7.5 mg/mL and clonidine 30 microg). The first group received a CFNB (2 mg/mL of ropivacaine at 7 mL/hr), and the second group received a single-shot femoral nerve block (both using 25 mL of ropivacaine 7.5 mg/mL and clonidine 30 microg). At the end of the intervention, an ON-Q device was positioned on the ON-Q patients to continuously infuse the patellar tendon wound and intra-articular cavity with ropivacaine 2 mg/mL at 2 mL/hr for each catheter. Data regarding demographic, hemodynamic, pain scores, adverse effects, and need for supplemental analgesia were registered in a 36-hr follow-up period. RESULTS: The CFNB group reported lower visual analog scale values than the ON-Q group: at rest at 12 hrs (2.4 [SD, 2.2] vs 5.4 [SD, 3.1]; P < 0.001) and on movement at 12 (3.1 [SD, 2.5] vs 6.3 [SD, 2.9]; P < 0.001) and 24 hrs (2.7 [SD, 1.9] vs 4.6 [SD, 2.6]; P = 0.01) after surgery. The number of morphine and ketorolac boluses was lower in the CNFB group (morphine: 3.2 [SD, 2.2] vs 6.2 [SD, 2.5]; P < 0.001; ketorolac: 1.1 [SD, 1.0] vs 2.4 [SD, 0.9]; P < 0.001). CONCLUSION: Continuous femoral nerve block provides better analgesia than the continuous patellar tendon wound and intra-articular infusions after anterior cruciate ligament reconstruction with patellar tendon.",2009
118,19280799,2009 Jan-Feb,,Electromyogr Clin Neurophysiol,"['Rosenthal MD', 'Moore JH', 'Stoneman PD', 'DeBerardino TM']",DeBerardino TM,Neuromuscular excitability changes in the vastus medialis following anterior cruciate ligament reconstruction.,49,1,43-51,['English'],0327533,0301-150X,,"['Journal Article', 'Randomized Controlled Trial']",PubMed - indexed for MEDLINE,ppublish,['19280799'],,"['2009/03/14 09:00', '2009/03/14 09:00', '2009/04/14 09:00']",[],1,0,Electromyography and clinical neurophysiology,,2009 Jan-Feb;49(1):43-51,"PURPOSE: Quadriceps weakness following anterior cruciate ligament reconstruction (ACLR) is prevalent despite intensive rehabilitation. Diminished neuromuscular excitability is one potential factor that may limit muscular recovery following injury or surgery. The H-reflex provides a measure of alpha motorneuron (neuromuscular) excitability in the sensory-motor pathway of the respective muscle and nerve. To date the vastus medialis (VM) and soleus (SOL) H-reflexes have been examined primarily in control subjects with induced knee joint effusion. This prospective, randomized clinical trial evaluated the affect of ACLR, utilizing hamsting (HS) or bone-patellar tendon-bone (BTB) autograft, on VM and SOL H-reflex latency and amplitude in twenty subjects. METHODS: Preoperatively bilateral VM and SOL H-reflex tests were conducted. VM and SOL H-reflexes were subsequently conducted on the involved lower extremity at 1 and 3 months post surgery. At each test session subjects completed visual analog scales and knee girth was measured. RESULTS: The VM H-reflex amplitude increased in the HS group at 3 months compared to 1-month post surgery (p<.05). Significant changes over time were also noted in the visual analog pain and functional scales and the mid-patella girth. CONCLUSIONS: The increased VM H-reflex amplitude at 3 months following HS autograft ACLR demonstrates an increase in VM neuromuscular excitability. Increased VM neuromuscular excitability was not evident in patients following BTB reconstruction. The increased neuromuscular excitability, observed only in the HS group, warrants consideration when selecting graft type for patients with extensive preoperative quadriceps dysfunction.",2009
119,19139845,2009 May,2009 Jan 13,Knee Surg Sports Traumatol Arthrosc,"['Sun K', 'Tian S', 'Zhang J', 'Xia C', 'Zhang C', 'Yu T']",Yu T,"Anterior cruciate ligament reconstruction with BPTB autograft, irradiated versus non-irradiated allograft: a prospective randomized clinical study.",17,5,464-74,['English'],9314730,0942-2056,1433-7347,"['Journal Article', 'Randomized Controlled Trial', ""Research Support, Non-U.S. Gov't""]",PubMed - indexed for MEDLINE,ppublish+epublish,"['19139845', '10.1007/s00167-008-0714-8']",10.1007/s00167-008-0714-8,"['2008/09/01 00:00', '2008/12/18 00:00', '2009/01/14 09:00', '2009/01/14 09:00', '2009/08/01 09:00']",[],1,0,"Knee surgery, sports traumatology, arthroscopy : official journal of the ESSKA",doi: 10.1007/s00167-008-0714-8,2009 May;17(5):464-74,"The effect of using gamma irradiation to sterilize bone-patellar tendon-bone (BPTB) allograft on the clinical outcomes of anterior cruciate ligament (ACL) reconstruction with irradiated allograft remains controversial. Our study was aimed to analyze the clinical outcomes of arthroscopic ACL reconstruction with irradiated BPTB allograft compared with non-irradiated allograft and autograft. All BPTB allografts were obtained from a single tissue bank and the irradiated allografts were sterilized with 2.5 Mrad of irradiation prior to distribution. A total of 102 patients undergoing arthroscopic ACL reconstruction were prospectively randomized consecutively into three groups. The same surgical technique was used in all operations done by the same senior surgeon. Before surgery and at the average of 31 months follow-up (range 24-47 months) patients were evaluated by the same observer according to objective and subjective clinical evaluations. Of these patients, 99 (autograft 33, non-irradiated allograft 34, irradiated allograft 32) were available for full evaluation. When compared the irradiated allograft group to non-irradiated allograft group or autograft group at 31 months follow-up by the Lachman test, ADT, pivot shift test and KT-2000 arthrometer testing, statistically significant differences were found. Most importantly, 87.8% of patients in the Auto group, 85.3% in the Non-Ir-Auto group and just only 31.3% in the Ir-Allo group had a side-to-side difference of less than 3 mm according to KT-2000. The failure rate of the ACL reconstruction with irradiated allograft (34.4%) was higher than that with autograft (6.1%) and non-irradiated allograft (8.8%). The anterior and rotational stability decreased significantly in the irradiated allograft group. According to the overall IKDC, functional, subjective evaluations and activity level testing, no statistically significant differences were found between the three groups. However, there was a trend that the functional and activity level decreased and the patients felt uncomfortable more often in the irradiated allograft group. The statistical analysis showed no significant difference between the non-irradiated allograft group and the autograft group according to the aforementioned evaluations, except that patients in the allograft group had a shorter operation time and a longer duration of postoperative fever. When comparing the postoperative duration of fever of the two allograft groups, there was also a trend that the irradiated allograft group was longer than the non-irradiated allograft group, but no significant difference was found. When the patients had a fever, the laboratory examinations of all patients were almost normal (Blood routine was normal, the values of ESR were 5 - 16 mm/h, CRP were 3 - 10 mg/l). On the basis of our study, we concluded that patients undergoing ACL reconstruction with BPTB non-irradiated allograft or autograft had similar clinical outcomes. Non-irradiated BPTB allograft is a reasonable alternative to autograft for ACL reconstruction. While the short term clinical outcomes of the ACL reconstruction with irradiated BPTB allograft were adversely affected with an increased failure rate. The less than satisfactory results led the senior authors to discontinue the use of irradiated BPTB allograft in ACL surgery and not to advocate that gamma irradiation be used as a secondary sterilizing method. Further research into alternatives to gamma irradiation is needed.",2009
120,18982311,2009 Feb,2008 Nov 4,Knee Surg Sports Traumatol Arthrosc,"['Ageberg E', 'Roos HP', 'Silbernagel KG', 'Thomeé R', 'Roos EM']",Roos EM,Knee extension and flexion muscle power after anterior cruciate ligament reconstruction with patellar tendon graft or hamstring tendons graft: a cross-sectional comparison 3 years post surgery.,17,2,162-9,['English'],9314730,0942-2056,1433-7347,"['Comparative Study', 'Journal Article', 'Randomized Controlled Trial', ""Research Support, Non-U.S. Gov't""]",PubMed - indexed for MEDLINE,ppublish+epublish,"['18982311', '10.1007/s00167-008-0645-4']",10.1007/s00167-008-0645-4,"['2008/04/28 00:00', '2008/09/19 00:00', '2008/11/05 09:00', '2009/06/27 09:00', '2008/11/05 09:00']",[],1,0,"Knee surgery, sports traumatology, arthroscopy : official journal of the ESSKA",doi: 10.1007/s00167-008-0645-4,2009 Feb;17(2):162-9,"Hamstring muscles play a major role in knee-joint stabilization after anterior cruciate ligament (ACL) injury. Weakness of the knee extensors after ACL reconstruction with patellar tendon (PT) graft, and in the knee flexors after reconstruction with hamstring tendons (HT) graft has been observed up to 2 years post surgery, but not later. In these studies, isokinetic muscle torque was used. However, muscle power has been suggested to be a more sensitive and sport-specific measures of strength. The aim was to study quadriceps and hamstring muscle power in patients with ACL injury treated with surgical reconstruction with PT or HT grafts at a mean of 3 years after surgery. Twenty subjects with PT and 16 subjects with HT grafts (mean age at follow up 30 years, range 20-39, 25% women), who were all included in a prospective study and followed the same goal-based rehabilitation protocol for at least 4 months, were assessed with reliable, valid, and responsive tests of quadriceps and hamstring muscle power at 3 years (SD 0.9, range 2-5) after surgery. The mean difference between legs (injured minus uninjured), the hamstring to quadriceps (H:Q, hamstring divided by quadriceps) ratio, and the limb symmetry index (LSI, injured leg divided by uninjured and multiplied by 100) value, were used for comparisons between the groups (analysis of variance). The mean difference between the injured and uninjured legs was greater in the HT than in the PT group for knee flexion power (-21.3 vs. 7.7 W, p = 0.001). Patients with HT graft had lower H:Q ratio in the injured leg than the patients with PT graft (0.63 vs. 0.77, p = 0.012). They also had lower LSI for knee flexion power than those in the PT group (88 vs. 106%, p < 0.001). No differences were found between the groups for knee extension power. The lower hamstring muscle power, and the lower hamstring to quadriceps ratio in the HT graft group than in the PT graft group 3 years (range 2-5) after ACL reconstruction, reflect imbalance of knee muscles after reconstruction with HT graft that may have a negative effect on dynamic knee-joint stabilization.",2009
121,18936277,2009 Jan,2008 Oct 20,Am J Sports Med,"['Matava MJ', 'Prickett WD', 'Khodamoradi S', 'Abe S', 'Garbutt J']",Garbutt J,"Femoral nerve blockade as a preemptive anesthetic in patients undergoing anterior cruciate ligament reconstruction: a prospective, randomized, double-blinded, placebo-controlled study.",37,1,78-86,['English'],7609541,0363-5465,1552-3365,"['Journal Article', 'Randomized Controlled Trial', ""Research Support, Non-U.S. Gov't""]",PubMed - indexed for MEDLINE,ppublish+epublish,"['18936277', '10.1177/0363546508324311', '0363546508324311']",10.1177/0363546508324311,"['2008/10/22 09:00', '2009/05/07 09:00', '2008/10/22 09:00']",['Am J Sports Med. 2009 Aug;37(8):E1; author reply E1-2. doi: 10.1177/0363546509339997. PMID: 19633299'],1,0,The American journal of sports medicine,doi: 10.1177/0363546508324311,2009 Jan;37(1):78-86,"BACKGROUND: Femoral nerve blockade has been purported to be an effective regional anesthetic in patients undergoing various procedures to lower extremities. HYPOTHESIS: Femoral nerve blockade will provide improved postoperative pain control over a local anesthetic in the knee joint alone in patients undergoing endoscopic patellar tendon anterior cruciate ligament reconstruction. STUDY DESIGN: Randomized, controlled trial; Level of evidence, 1. METHODS: Fifty-six adult patients undergoing an endoscopic patellar tendon anterior cruciate ligament reconstruction under general anesthesia were prospectively randomized to receive either a bupivacaine femoral nerve blockade (block) or a saline placebo injection (control). Both groups received local bupivacaine injection and intravenous ketorolac at wound closure. Outcomes included postoperative pain measured on a validated visual analog scale at postoperative intervals for 72 hours, intraoperative and postoperative narcotic consumption, admission rates, hospital charges, patient satisfaction, and complications related to the femoral nerve block. RESULTS: There were 31 block patients and 25 control patients. No significant differences between groups for postoperative pain scores, intraoperative or postoperative narcotic consumption, readiness for discharge, duration of hospitalization, admission rates, hospital charges, or patient satisfaction were observed. There were no complications related to the femoral nerve block. CONCLUSION: A preemptive femoral nerve blockade, although safe, does not provide significant clinical benefit in this patient population to justify its routine use.",2009
122,18929746,2008 Oct,2008 Mar 26,Rev Chir Orthop Reparatrice Appar Mot,"['Laboute E', 'Savalli L', 'Lefesvre T', 'Puig P', 'Trouve P']",Trouve P,[Interest of an iterative specialized rehabilitation after an anterior cruciate ligament reconstruction in high level sport athletes].,94,6,533-40,['French'],1272427,0035-1040,,"['Journal Article', 'Randomized Controlled Trial']",PubMed - indexed for MEDLINE,ppublish+epublish,"['18929746', '10.1016/j.rco.2008.01.008', 'S0035-1040(08)00074-3']",10.1016/j.rco.2008.01.008,"['2008/01/29 00:00', '2008/10/22 09:00', '2009/01/27 09:00', '2008/10/22 09:00']",[],1,0,Revue de chirurgie orthopedique et reparatrice de l'appareil moteur,doi: 10.1016/j.rco.2008.01.008,2008 Oct;94(6):533-40,"PURPOSE OF THE STUDY: The aim of this work was to assess the usefulness of specialized rehabilitation sessions after anterior cruciate ligament reconstruction in high-level athletes participating in regional-, national-, or international-level sports. MATERIAL AND METHODS: We conducted a retrospective comparison between two populations: in the first, rehabilitation was limited to the early postoperative period (PO); in the second, rehabilitation sessions were repeated, once in the early postoperative period and again 90 days later (POR). The second rehabilitation period lasted two or three weeks and included an open and closed-chain muscle training program controlled by physical therapists using isokinetic devices. The sessions also included proprioceptive exercises and cardiovascular exercise reconditioning with a therapeutic project developed by the Physical Medicine and Rehabilitation physician in collaboration with other health professionals and taking into consideration the surgical recommendations and the patient's clinical status. A questionnaire was addressed to all patients one year after the operation. The response rate was 55 %. Two groups were created at random: 74 patients were in the PO group and 75 in the POR group. The two populations were comparable in terms of gender (64 men, 10 women in PO versus 57 men and 18 women in POR), sports level (regional, national, international), type of surgery (41 hamsting, 33 bone-patellar tendon-bone in PO and 43 hamstring and 32 bone-patellar tendon-bone in POR) and sports (generally rugby, soccer, handball or ski). RESULTS: Our results were statistically in favor of the group POR in terms of resumption of sports activities: time to return to training (7.6 versus 8.7 months, p=0.03) and time to return to competition (9.06 versus 10.84 months, p=0.007). They were also in favor of the group POR for resumption of sports activities at the former level (52.05 % versus 19.44 %, p=0.001), pain (numerical scale: 1.52 versus 2.03, p=0.021) and subjective impression (IKDC subjective score: 87.58 % versus 81.64 %, p=0.003). There was no significant difference for resumption of training (90.50 % versus 81.69 %, p=0.2) or competition (71.80 % versus 56.76 %, p=0.1) at one year, but the results were close to the level of significance. DISCUSSION: Adapted preparation before returning to sports activities using a scheme elaborated by specialists (physicians, physical therapists, trainers) provided a statistically significant improvement in time and quality of resumed activity (return to prior level, pain, subjective IKDC score) in this specific population of high-level competition athletes. A larger series would be interesting to check the statistical significance of return to training and competition at one year. Another follow-up beyond one year (1.5 or two years for example) would also provide information on the percentage of definitive return to sports in these two populations.",2008
123,18381313,2008 Apr,,J Bone Joint Surg Am,"['Hantes ME', 'Basdekis GK', 'Varitimidis SE', 'Giotikas D', 'Petinaki E', 'Malizos KN']",Malizos KN,Autograft contamination during preparation for anterior cruciate ligament reconstruction.,90,4,760-4,['English'],0014030,0021-9355,1535-1386,"['Journal Article', 'Randomized Controlled Trial']",PubMed - indexed for MEDLINE,ppublish,"['18381313', '10.2106/JBJS.G.00806', '90/4/760']",10.2106/JBJS.G.00806,"['2008/04/03 09:00', '2008/04/30 09:00', '2008/04/03 09:00']",[],1,0,The Journal of bone and joint surgery. American volume,doi: 10.2106/JBJS.G.00806,2008 Apr;90(4):760-4,"BACKGROUND: The autograft preparation process for anterior cruciate ligament reconstruction has a potential for graft contamination. The purpose of this study was to evaluate the possibility of contamination of the bone-patellar tendon-bone and hamstring tendon autograft during preparation for anterior cruciate ligament reconstruction. METHODS: A primary isolated reconstruction of the anterior cruciate ligament with use of bone-patellar tendon-bone autograft (thirty patients) and hamstring tendon autograft (thirty patients) was performed in a prospective, consecutive series of patients. Three tissue samples were obtained for culture from each graft at different time-intervals during the graft preparation. In addition, the erythrocyte sedimentation rate and the C-reactive protein level were evaluated preoperatively and on the third, seventh, and twentieth postoperative days, and the clinical course of all patients was monitored. RESULTS: The time needed for graft preparation was significantly longer for hamstring autografts (nineteen minutes) than for bone-patellar tendon-bone autografts (ten minutes) (p = 0.032). In the hamstring group, cultures of graft tissue from four patients (13%) were positive for bacteria. In the bone-patellar tendon-bone group, cultures of graft tissue from three patients (10%) were positive for bacteria; the difference between groups was not significant (p = 0.923). No patient had development of a postoperative infection. There were no differences between patients with a contaminated graft and those with an uncontaminated graft with regard to postoperative changes in the erythrocyte sedimentation rate or the C-reactive protein level at all time-intervals. CONCLUSIONS: A high rate (12%) of autograft contamination can be expected during autograft preparation for anterior cruciate ligament reconstruction. The contamination rate is almost equal for both bone-patellar tendon-bone and hamstring tendon autografts. We could not identify an association between contaminated grafts implanted in the knee and postoperative inflammatory markers such as the erythrocyte sedimentation rate and the C-reactive protein level.",2008
124,17620776,2007 Jul,,Clin J Sport Med,"['Huang MH', 'Yang RC', 'Chou PH']",Chou PH,Preliminary effects of hyaluronic acid on early rehabilitation of patients with isolated anterior cruciate ligament reconstruction.,17,4,242-50,['English'],9103300,1050-642X,,"['Journal Article', 'Randomized Controlled Trial', ""Research Support, Non-U.S. Gov't""]",PubMed - indexed for MEDLINE,ppublish,"['17620776', '10.1097/JSM.0b013e31812570fa', '00042752-200707000-00003']",10.1097/JSM.0b013e31812570fa,"['2007/07/11 09:00', '2007/09/21 09:00', '2007/07/11 09:00']",[],1,0,Clinical journal of sport medicine : official journal of the Canadian Academy of Sport Medicine,,2007 Jul;17(4):242-50,"OBJECTIVE: To investigate the effects of Hyaluronic acid (HA) on early rehabilitation of patients with isolated anterior cruciate ligament (ACL) reconstruction. DESIGN: Randomized, controlled clinical trial. SETTING: A total 120 patients with isolated ACL injury who had received patellar tendon autograft reconstruction were randomly assigned to four groups (groups I-IV), with 30 subjects in each group. INTERVENTIONS: All patients received 16 weeks of a regular rehabilitation program and an intra-articular injection of HA or saline weekly for 3 weeks. Additionally, patients in group I received the HA commencing at 4 weeks after surgery, patients in group II at 8 weeks, and patients in group III at 12 weeks. Patients in group IV did not receive HA but did receive the same volume of normal saline as control subjects at 4 weeks after surgery. The rehabilitation program started at the same time after surgery for all groups. MAIN OUTCOME MEASUREMENTS: Outcomes were measured at 4, 8, 12, and 16 weeks after reconstruction, and at follow-up 1 year later. These included the changes in Lysholm knee scoring scale, knee range of motion, ambulation speed (AS), and muscle peak torque (MPT) of knee flexion and extension. RESULTS: There were improvements in groups I-III shortly after receiving the HA, but not in the saline group (group IV). Patients in groups II and III showed more improvement in AS and MPT after rehabilitation program and at follow-up. Besides, the best results 1 year later occurred in the group receiving HA at 8 weeks after surgery (group II). CONCLUSION: HA therapy results in more functional and MPT improvement in ACL rehabilitation, and the intervention at 8 weeks after surgery results in the best outcome.",2007
125,17431619,2008 Aug,2007 Mar 13,Int Orthop,"['Sajovic M', 'Strahovnik A', 'Komadina R', 'Dernovsek MZ']",Dernovsek MZ,The effect of graft choice on functional outcome in anterior cruciate ligament reconstruction.,32,4,473-8,['English'],7705431,0341-2695,1432-5195,"['Journal Article', 'Randomized Controlled Trial', 'Retracted Publication']",PubMed - indexed for MEDLINE,ppublish+epublish,"['17431619', 'PMC2532271', 'pmc-id: PMC2532271;', '10.1007/s00264-007-0341-x']",10.1007/s00264-007-0341-x,"['2007/01/09 00:00', '2007/01/16 00:00', '2007/04/14 09:00', '2009/01/09 09:00', '2007/04/14 09:00', '2009/08/01 00:00']","['Int Orthop. 2008 Aug;32(4):479; author reply 481. doi: 10.1007/s00264-007-0412-z. PMID: 17634941', 'Int Orthop. 2009 Oct;33(5):1471. doi: 10.1007/s00264-009-0795-0. PMID: 19513713']",1,25,International orthopaedics,,2008 Aug;32(4):473-8,"A prospective, randomised, 5-year follow-up study was designed to compare the functional results between patellar tendon and hamstring tendon autografts after anterior cruciate ligament reconstruction. Primary reconstruction was performed in 32 patients using the central third of the patellar ligament and in 32 patients using double-looped semitendinosus and gracilis tendons. All reconstructions were performed by a single surgeon, with identical surgical technique and rehabilitation protocol. Of the total 64 patients in the study, 54 (85%) were available for the 5-year follow-up. No statistically significant differences were seen with respect to Lysholm score, International Knee Documentation Committee (IKDC) classification, clinical and KT-2000 arthrometer laxity testing, single-legged hop test and anterior knee pain. Graft rupture occurred in two patients (8%) in the patellar tendon group and in two patients (7%) in the hamstring tendon group; 23 patients (88%) in the patellar tendon group and 23 patients (82%) in the hamstring tendon group returned to their pre-injury activity level. Good subjective outcome and stability can be obtained by using either graft; no statistically significant differences were found in functional outcome between the grafts.",2008
126,17332105,2007 Mar,,J Bone Joint Surg Am,"['Gerber JP', 'Marcus RL', 'Dibble LE', 'Greis PE', 'Burks RT', 'LaStayo PC']",LaStayo PC,Effects of early progressive eccentric exercise on muscle structure after anterior cruciate ligament reconstruction.,89,3,559-70,['English'],0014030,0021-9355,,"['Journal Article', 'Randomized Controlled Trial', ""Research Support, Non-U.S. Gov't""]",PubMed - indexed for MEDLINE,ppublish,"['17332105', '10.2106/JBJS.F.00385', '89/3/559']",10.2106/JBJS.F.00385,"['2007/03/03 09:00', '2007/04/14 09:00', '2007/03/03 09:00']",[],1,0,The Journal of bone and joint surgery. American volume,,2007 Mar;89(3):559-70,"BACKGROUND: Thigh muscle atrophy is a major impairment that occurs early after reconstruction of the anterior cruciate ligament and persists for several years. Eccentric resistance training has the potential to induce considerable gains in muscle size and strength that could prove beneficial during postoperative rehabilitation. The purpose of this study was to evaluate the effects of progressive eccentric exercise on thigh muscle structure following reconstruction of the anterior cruciate ligament. METHODS: Beginning three weeks after reconstruction of the anterior cruciate ligament, forty patients were randomly assigned to a program involving either twelve weeks of eccentric exercises or a standard rehabilitation protocol. Patients were matched by surgical procedure, sex, and age. The final series consisted of two cohorts of twenty patients each who had been treated with one of two types of graft (semitendinosus-gracilis or bone-patellar tendon-bone), with ten patients treated with each of the two rehabilitation protocols in each graft cohort. To evaluate changes in muscle structure, magnetic resonance images of the involved and uninvolved thighs were acquired before and after training. The volume and peak cross-sectional area of the quadriceps, hamstrings, and gracilis and the distal portion of the gluteus maximus were calculated from these images. RESULTS: The volume and peak cross-sectional area of the quadriceps and gluteus maximus, in both the involved and the uninvolved thighs and in the patients treated with each type of graft, improved significantly more in the eccentric-exercise group (p < 0.001). The magnitude of the volume change was more than twofold greater in that group. No significant differences in any hamstring or gracilis structural measurements were observed between the rehabilitation groups. However, the volume and peak cross-sectional area of the gracilis were markedly reduced, compared with the pretraining values, in the patients who had undergone reconstruction with the semitendinosus-gracilis graft. CONCLUSIONS: Eccentric resistance training implemented three weeks after reconstruction of the anterior cruciate ligament can induce structural changes in the quadriceps and gluteus maximus that greatly exceed those achieved with a standard rehabilitation protocol. The success of this intervention can be attributed to the gradual and progressive exposure to negative work through eccentric exercise, ultimately leading to production of high muscle force.",2007
127,17293471,2007 May,2007 Feb 9,Am J Sports Med,"['Lidén M', 'Ejerhed L', 'Sernert N', 'Laxdal G', 'Kartus J']",Kartus J,"Patellar tendon or semitendinosus tendon autografts for anterior cruciate ligament reconstruction: a prospective, randomized study with a 7-Year follow-up.",35,5,740-8,['English'],7609541,0363-5465,,"['Journal Article', 'Randomized Controlled Trial', ""Research Support, Non-U.S. Gov't""]",PubMed - indexed for MEDLINE,ppublish+epublish,"['17293471', '10.1177/0363546506298275', '0363546506298275']",10.1177/0363546506298275,"['2007/02/13 09:00', '2007/06/15 09:00', '2007/02/13 09:00']",['Am J Sports Med. 2008 Oct;36(10):e1; author reply e1. doi: 10.1177/0363546508314407. PMID: 18832482'],1,0,The American journal of sports medicine,,2007 May;35(5):740-8,"BACKGROUND: The aim of the study was to compare the results after arthroscopic anterior cruciate ligament (ACL) reconstruction using central-third bone-patellar tendon-bone (BTB) autografts and triple/quadruple semitendinosus (ST) autografts. HYPOTHESIS: In the long-term, ACL reconstruction using BTB autografts will render more donor-site problems than ST autografts. STUDY DESIGN: Randomized controlled trial; Level of evidence, 1. METHODS: A randomized series of 71 patients (22 women and 49 men) with a unilateral ACL rupture who underwent reconstructive surgery were included in the study. The BTB graft was used in 34 patients (BTB group) and the ST-tendon graft was used in 37 patients (ST group). The patients were examined a median of 86 months (range, 68 to 114 months) after the reconstruction. RESULTS: Sixty-eight of 71 patients (96%) were examined at follow-up. The clinical assessments at follow-up revealed no significant differences between the BTB group and the ST group in terms of the Lysholm score, Tegner activity level, International Knee Documentation Committee evaluation system, 1-legged hop test, KT-1000 arthrometer laxity measurements, manual Lachman test, and range of motion. A significant improvement was seen in both groups compared with the preoperative values in terms of most clinical assessments. Donor-site morbidity in the form of knee-walking ability, kneeling ability, and area of disturbed anterior knee sensitivity revealed no significant differences between the groups. CONCLUSION: Seven years after ACL reconstruction, the subjective and objective outcomes were similar after using the central-third BTB autograft and triple/quadruple ST autograft. Furthermore, no difference in terms of donor-site morbidity was found between the 2 groups.",2007
128,17261567,2007 Apr,2007 Jan 29,Am J Sports Med,"['Pinczewski LA', 'Lyman J', 'Salmon LJ', 'Russell VJ', 'Roe J', 'Linklater J']",Linklater J,"A 10-year comparison of anterior cruciate ligament reconstructions with hamstring tendon and patellar tendon autograft: a controlled, prospective trial.",35,4,564-74,['English'],7609541,0363-5465,,"['Clinical Trial', 'Comparative Study', 'Journal Article', 'Randomized Controlled Trial', ""Research Support, Non-U.S. Gov't""]",PubMed - indexed for MEDLINE,ppublish+epublish,"['17261567', '10.1177/0363546506296042', '0363546506296042']",10.1177/0363546506296042,"['2007/01/31 09:00', '2007/12/07 09:00', '2007/01/31 09:00']",[],1,0,The American journal of sports medicine,,2007 Apr;35(4):564-74,"BACKGROUND: There are no controlled, prospective studies comparing the 10-year outcomes of anterior cruciate ligament (ACL) reconstruction using patellar tendon (PT) and 4-strand hamstring tendon (HT) autografts. HYPOTHESIS: Comparable results are possible with HT and PT autografts. STUDY DESIGN: Cohort study; Level of evidence, 2. METHODS: One hundred eighty ACL-deficient knees that met inclusion criteria underwent ACL reconstruction (90 HT autograft, 90 PT autograft) by one surgeon and were treated with an accelerated rehabilitation program. All knees were observed in a prospective fashion with subjective, objective, and radiographic evaluation at 2, 5, 7, and 10-year intervals. RESULTS: At 10 years, there were no differences in graft rupture rates (7/90 PT vs. 12/90 HT, P = .24). There were 20 contralateral ACL ruptures in the PT group, compared with 9 in the HT group (P = .02). In all patients, graft rupture was associated with instrumented laxity >2 mm at 2 years (P = .001). Normal or near-normal function of the knee was reported in 97% of patients in both groups. In the PT group, harvest-site symptoms (P = .001) and kneeling pain (P = .01) were more common than in the HT group. More patients reported pain with strenuous activities in PT knees than in HT knees (P = .05). Radiographic osteoarthritis was more common in PT knees than the HT-reconstructed knees (P = .04). The difference, however, was composed of patients with mild osteoarthritis. Other predictors of radiographic osteoarthritis were <90% single-legged hop test at 1 year and the need for further knee surgery. An ""ideal"" outcome, defined as an overall International Knee Documentation Committee grade of A or B and a radiographic grade of A at 10 years after ACL reconstruction, was associated with <3 mm of instrumented laxity at 2 years, the absence of additional surgery in the knee, and HT grafts. CONCLUSIONS: It is possible to obtain excellent results with both HT and PT autografts. We recommend HT reconstructions to our patients because of decreased harvest-site symptoms and radiographic osteoarthritis.",2007
129,17251174,2007 Feb,2007 Jan 23,Am J Sports Med,"['Chouliaras V', 'Ristanis S', 'Moraiti C', 'Stergiou N', 'Georgoulis AD']",Georgoulis AD,Effectiveness of reconstruction of the anterior cruciate ligament with quadrupled hamstrings and bone-patellar tendon-bone autografts: an in vivo study comparing tibial internal-external rotation.,35,2,189-96,['English'],7609541,0363-5465,,"['Comparative Study', 'Journal Article', 'Randomized Controlled Trial', ""Research Support, Non-U.S. Gov't""]",PubMed - indexed for MEDLINE,ppublish+epublish,"['17251174', '10.1177/0363546506296040', '0363546506296040']",10.1177/0363546506296040,"['2007/01/26 09:00', '2007/03/21 09:00', '2007/01/26 09:00']",['Am J Sports Med. 2008 Dec;36(12):E2; author reply E2. doi: 10.1177/0363546508327540. PMID: 19074401'],1,0,The American journal of sports medicine,,2007 Feb;35(2):189-96,"BACKGROUND: The 2 most frequently used autografts for anterior cruciate ligament reconstruction are the bone-patellar tendon-bone and the quadrupled hamstrings tendon. HYPOTHESIS: Hamstring tendon graft is superior to patellar tendon graft in restoring tibial rotation during highly demanding activities because of its superiority in strength and linear stiffness and because it is closer morphologically to the anatomy of the natural anterior cruciate ligament. STUDY DESIGN: Case control study; Level of evidence, 3. METHODS: Eleven patients with patellar tendon graft anterior cruciate ligament reconstruction, 11 patients with hamstring tendon graft anterior cruciate ligament reconstruction, and 11 controls were assessed. Kinematic data were collected (50 Hz) with a 6-camera optoelectronic system while the subjects descended stairs and, immediately after, pivoted on their landing leg. The dependent variable examined was the tibial internal-external rotation during pivoting. All patients in both groups were also assessed clinically and with the use of a KT-1000 arthrometer to evaluate anterior tibial translation. RESULTS: The results demonstrated that reconstructions with either graft successfully restored anterior tibial translation. However, both anterior cruciate ligament reconstruction groups had significantly increased tibial rotation when compared with the controls, whereas no differences were found between the 2 reconstructed groups. CONCLUSION: The 2 most frequently used autografts for anterior cruciate ligament reconstruction cannot restore tibial rotation to normal levels. CLINICAL RELEVANCE: New surgical techniques are needed that can better approximate the actual anatomy and function of the anterior cruciate ligament.",2007
130,17245238,2006 Dec,,Rev Chir Orthop Reparatrice Appar Mot,"['Giraud B', 'Besse JL', 'Cladière F', 'Ecochard R', 'Moyen B', 'Lerat JL']",Lerat JL,[Intra-articular reconstruction of the anterior cruciate ligament with and without extra-articular supplementation by quadricipital tendon plasty: seven-year follow-up].,92,8,788-97,['French'],1272427,0035-1040,,"['Comparative Study', 'Journal Article', 'Randomized Controlled Trial']",PubMed - indexed for MEDLINE,ppublish,"['17245238', '10.1016/s0035-1040(06)75947-5', 'MDOI-RCO-12-2006-92-8-0035-1040-101019-200520008']",10.1016/s0035-1040(06)75947-5,"['2007/01/25 09:00', '2007/05/26 09:00', '2007/01/25 09:00']",[],1,0,Revue de chirurgie orthopedique et reparatrice de l'appareil moteur,,2006 Dec;92(8):788-97,"PURPOSE OF THE STUDY: Reconstruction of the anterior cruciate ligament (ACL) is a common procedure, but use of lateral reinforcement is still a subject of debate. The purpose of this study was to compare two randomized series of ACL reconstructions, one using an intra-articular method (patellar tendon autograft) and the other an intra- and extra-articular method (Mac-InJones). MATERIAL AND METHODS: From January 1995 to March 1998, 63 knees underwent surgery for ACL reconstruction. Inclusion criteria was significant medial differential laxity measured between 7 and 12 mm on passive dynamic x-rays as 20 degrees flexion. Group 1 (patellar tendon intra-articular reconstruction) included 34 patients (27.1+/-7.5 years) and group 2 (intra-articular reconstruction plus extra-articular quadircipital tendon plasty) included 29 patients (28.5+/-12 years). The IKDC score was determined for 72% of the knees in group 1 and 68% in group 2 at seven years follow-up on average (102 and 93 months respectively). Anterior laxity was measured radiographically and with KT-1000. The position of the tunnels was controlled using the Aglietti method. RESULTS: The subjective functional score was 83.6+/-3.5 in group 1 and 83.5+/-3.5 in group 2. The overall IKDC knee score classes for group 1 were 0% A, 52.4% B, 28.6% C, and 19% D and for group 2 were 5.5% group A, 50% group B, 33.3% group C, and 11.1% group D. In group 1, the pivot test was negative in 61.9% and noted stage 1 in 28.6% and stage 2 in 9.5%. In group 2, the pivot test was negative in 78.9% and noted stage 1 in 15.8% and stage 2 in 5.3%. The KT-1000 showed no difference in gain in laxity: 31% for group 1 and 27% for group 2. Similarly, radiographically there was no difference with a 43.9% gain in differential laxity for the medial compartment and 45.3% for the lateral compartment in group 1. In group 2 the corresponding values were 51.9% and 41.8%. The position of the tunnels was the same in the two groups. DISCUSSION: In a preliminary study with two years follow-up, the results in these two series were not significantly different. It was concluded that there was not clear advantage to adding the extra-articular lateral plasty. At the present 7-year follow-up, pivoting appears to be better controlled in the lateral plasty group (p=0.23), but with no significant difference for laxity for both knee compartments. The inclusion criteria would be different today and would be based on the laxity of the lateral compartment.",2006
131,17219226,2007 Apr,2007 Jan 12,Knee Surg Sports Traumatol Arthrosc,"['Heijne A', 'Werner S']",Werner S,Early versus late start of open kinetic chain quadriceps exercises after ACL reconstruction with patellar tendon or hamstring grafts: a prospective randomized outcome study.,15,4,402-14,['English'],9314730,0942-2056,,"['Journal Article', 'Randomized Controlled Trial', ""Research Support, Non-U.S. Gov't""]",PubMed - indexed for MEDLINE,ppublish+epublish,"['17219226', '10.1007/s00167-006-0246-z']",10.1007/s00167-006-0246-z,"['2006/09/18 00:00', '2006/11/09 00:00', '2007/01/16 09:00', '2007/06/15 09:00', '2007/01/16 09:00']","['Knee Surg Sports Traumatol Arthrosc. 2007 Apr;15(4):472-3', 'Knee Surg Sports Traumatol Arthrosc. 2007 Apr;15(4):472-3. doi: 10.1007/s00167-007-0313-0. PMID: 27520629']",1,0,"Knee surgery, sports traumatology, arthroscopy : official journal of the ESSKA",,2007 Apr;15(4):402-14,"The purpose of the present investigation was to evaluate physical outcome after anterior cruciate ligament (ACL) reconstruction with early versus late initiation of open kinetic chain (OKC) exercises for the quadriceps in patients operated on either patellar tendon or hamstring grafts. Sixty-eight patients, 36 males and 32 females, with either patellar tendon graft (34 patients) or hamstring graft (34 patients) were enrolled in this study. All patients were randomly allocated to either early (the 4th postoperative week) or late (the 12th postoperative week) start of OKC exercises for the quadriceps, resulting in four subgroups: patellar tendon reconstruction, early start (P4) or late start (P12) of OKC quadriceps exercises, hamstring tendon reconstruction, early start (H4) or late start (H12) of quadriceps OKC exercises. Prior to surgery and 3, 5 and 7 months later, assessments of range of motion (goniometer), anterior knee laxity (KT-1000), postural sway (KAT 2000), thigh muscle torques (Kin-Com dynamometer) and anterior knee pain (anterior knee pain score) were evaluated. No significant group differences were found in terms of range of motion 3, 5 and 7 months postoperatively. The H4 group showed a significantly higher mean difference of laxity over time of 1.0 mm (CI: 0.18-1.86) than the P4 group (P=0.04). Within the same type of surgery, the H4 against the H12, the mean difference over time was 1.2 mm (0.37-2.1) higher in the H4 group than in the H12 group (P=0.01). There were no significant group differences in terms of postural sway or anterior knee pain at the different test occasions. Significant differences in trends (changes over time) were found when comparing the four groups, for both quadriceps muscle torques (P<0.001) and hamstring muscle torques (P<0.001). All groups, except the P4 group, reached preoperative values of quadriceps muscle torques at the 7 months follow-up. In the H4 and the H12 groups, significantly lower hamstring muscle torques at the 7 months follow-up compared with preoperative values were found. In conclusion, early start of OKC quadriceps exercises after hamstring ACL reconstruction resulted in significantly increased anterior knee laxity in comparison with both late start and with early and late start after bone-patellar tendon-bone ACL reconstruction. Furthermore, the early introduction of OKC exercises for quadriceps did not influence quadriceps muscle torques neither in patients operated on patellar tendon nor hamstring tendon grafts. On the contrary, it appears as if the choice of graft affected the strength of the specific muscle more than the type of exercises performed. Our results could not determine the appropriate time for starting OKC quadriceps exercises for patients who have undergone ACL reconstruction with hamstring tendon graft. Future studies of long-term results of anterior knee laxity and functional outcome are needed.",2007
132,17218661,2007 Mar,2007 Jan 11,Am J Sports Med,"['Maletis GB', 'Cameron SL', 'Tengan JJ', 'Burchette RJ']",Burchette RJ,A prospective randomized study of anterior cruciate ligament reconstruction: a comparison of patellar tendon and quadruple-strand semitendinosus/gracilis tendons fixed with bioabsorbable interference screws.,35,3,384-94,['English'],7609541,0363-5465,,"['Journal Article', 'Randomized Controlled Trial', ""Research Support, Non-U.S. Gov't""]",PubMed - indexed for MEDLINE,ppublish+epublish,"['17218661', '10.1177/0363546506294361', '0363546506294361']",10.1177/0363546506294361,"['2007/01/16 09:00', '2007/04/28 09:00', '2007/01/16 09:00']",[],1,0,The American journal of sports medicine,,2007 Mar;35(3):384-94,"BACKGROUND: Debate exists regarding the optimal graft for anterior cruciate ligament reconstruction. Few studies have compared the differences in outcome after reconstruction using similar fixation methods. HYPOTHESIS: Similar outcomes will be seen after anterior cruciate ligament reconstruction with bone-patellar tendon-bone or quadruple-strand semitendinosus/gracilis tendons fixed with bioabsorbable interference screws. STUDY DESIGN: Randomized controlled trial; Level of evidence, 1. METHODS: Ninety-nine patients were prospectively randomized to bone-patellar tendon-bone (46 patients) or quadruple-strand semitendinosus/gracilis (53 patients) reconstruction groups. The bone-patellar tendon-bone group had slightly lower preinjury Tegner scores (6.7 vs 7.1, P = .03); otherwise, the groups were similar. All surgeries were performed by a single surgeon using an endoscopic technique with bioabsorbable interference screw fixation. Patients were evaluated at 3, 6, 12, and 24 months. RESULTS: Forty-six bone-patellar tendon-bone and 50 quadruple-strand semitendinosus/gracilis patients were available at 24 months (97%). No differences in International Knee Documentation Committee grade, Lysholm score, Tegner activity level, range of motion, single-legged hop test, KT-1000 arthrometer manual maximum difference, Short Form-36, or patient knee rating were found. The bone-patellar tendon-bone group had better flexion strength in the operated leg than in the nonoperated leg (102% vs 90%, P = .0001), fewer patients complaining of difficulty jumping (3% vs 17%, P = .03), and a greater number of patients returning to preinjury Tegner level (51% vs 26%, P = .01). The quadruple-strand semitendinosus/gracilis group had better extension strength in the operated leg than in the nonoperated leg (92% vs 85%, P = .04), fewer patients with sensory deficits (14% vs 83%, P = .0001), and fewer patients with difficulty kneeling (6% vs 20%, P = .04). Both groups showed significant improvement in KT-1000 arthrometer manual maximum difference, Lysholm score, Tegner activity level, International Knee Documentation Committee grade, and patient knee rating score. CONCLUSIONS: Good outcomes were seen in both the bone-patellar tendon-bone and quadruple-strand semitendinosus/gracilis groups. Subtle differences were noted between the groups, which may help guide optimal graft choice.",2007
133,17129731,2007 Jan,2006 Nov 28,Knee,"['Ito Y', 'Deie M', 'Adachi N', 'Kobayashi K', 'Kanaya A', 'Miyamoto A', 'Nakasa T', 'Ochi M']",Ochi M,A prospective study of 3-day versus 2-week immobilization period after anterior cruciate ligament reconstruction.,14,1,34-8,['English'],9430798,0968-0160,,"['Comparative Study', 'Journal Article', 'Randomized Controlled Trial']",PubMed - indexed for MEDLINE,ppublish+epublish,"['17129731', '10.1016/j.knee.2006.10.004', 'S0968-0160(06)00168-2']",10.1016/j.knee.2006.10.004,"['2006/02/03 00:00', '2006/09/21 00:00', '2006/10/15 00:00', '2006/11/30 09:00', '2007/03/21 09:00', '2006/11/30 09:00']",[],1,0,The Knee,,2007 Jan;14(1):34-8,"BACKGROUND: Aggressive early rehabilitation is recommended after reconstruction of the anterior cruciate ligament (ACL) using a patellar tendon-bone graft. However, rehabilitation after reconstruction of ACL using the multistranded hamstring is controversial. In this study, we compared the clinical results of 3-day immobilization after reconstruction of ACL using the multistranded hamstring, with those of 2-week immobilization prospectively. METHODS: A total of 30 consecutive patients with ruptured ACL underwent single-socket ACL reconstruction. 10 male and 5 female patients (mean age of 29.2+/-10.0 years) were prospectively randomized for a 3-day immobilization period, and 6 male and 9 female patients (mean age of 27.3+/-10.9 years) were randomized for a 2-week immobilization period. We measured the anterior laxity with a KT-2000 arthrometer, joint position sense, and thigh muscle strength at 3, 6 and 12 months after surgery. RESULTS AND CONCLUSIONS: There were no statistically significant differences between the two groups. We concluded that the post-operative 3-day immobilization period is preferable to the longer 2-week period in our rehabilitation program from the viewpoint of psychological load to the patients and the duration of hospitalization after ACL reconstruction using multistranded hamstring tendons.",2007
134,16955299,2006 Nov,2006 Sep 6,Knee Surg Sports Traumatol Arthrosc,"['Isberg J', 'Faxén E', 'Brandsson S', 'Eriksson BI', 'Kärrholm J', 'Karlsson J']",Karlsson J,Early active extension after anterior cruciate ligament reconstruction does not result in increased laxity of the knee.,14,11,1108-15,['English'],9314730,0942-2056,,"['Journal Article', 'Randomized Controlled Trial']",PubMed - indexed for MEDLINE,ppublish+epublish,"['16955299', '10.1007/s00167-006-0138-2']",10.1007/s00167-006-0138-2,"['2005/10/04 00:00', '2006/03/13 00:00', '2006/09/07 09:00', '2007/02/28 09:00', '2006/09/07 09:00']",[],1,0,"Knee surgery, sports traumatology, arthroscopy : official journal of the ESSKA",,2006 Nov;14(11):1108-15,"If permission of full active and passive extension immediately after an anterior cruciate ligament (ACL) reconstruction will increase the post-operative laxity of the knee has been a subject of discussion. We investigated whether a post-operative rehabilitation protocol including active and passive extension without any restrictions in extension immediately after an ACL reconstruction would increase the post-operative anterior-posterior knee laxity (A-P laxity). Our hypothesis was that full active and passive extension immediately after an ACL reconstruction would have no effect on the A-P laxity and clinical results up to 2 years after the operation. Twenty-two consecutive patients (14 men, 8 women, median age 21 years, range 17-41) were included. All the patients had a unilateral ACL rupture and no other ligament injuries or any other history of previous knee injuries. The surgical procedure was identical in all patients and one experienced surgeon operated on all the patients, using the bone-patellar tendon-bone autograft. The post-operative rehabilitation programme was identical in both groups, except for extension training during the first 4 weeks post-operatively. The patients were randomly allocated to post-operative rehabilitation programmes either allowing (Group A, n=11) or not allowing [Group B (30 to -10 degrees ), n=11] full active and passive extension immediately after the operation. They were evaluated pre-operatively and at 6 months and 2 years after the reconstruction. To evaluate the A-P knee laxity, radiostereometric analysis (RSA) and KT-1000 arthrometer (KT-1000) measurements were used, range of motion, Lysholm score, Tegner activity level, the International Knee Documentation Committee (IKDC) evaluation system and one-leg-hop test quotient were used. Pre-operatively, the RSA measurements revealed side-to-side differences in Group A of 8.6 mm (2.3-15.4), median (range) and in Group B of 7.2 mm (2.2-17.4) (n.s.). The corresponding KT-1000 values were for Group A, 2.0 mm (0-8.0) and Group B, 4.0 mm (0-10.0) (n.s.). At 2 years, the differences between the two groups were minimal, regardless of the method that had been used. The RSA measurements in Group A were 2.7 mm (0-10.7) and in Group B 2.8 (-1.8 to 9.5). The KT-1000 values were for Group A, 1.0 mm (-1.5 to 3.5), and for Group B, 0.5 mm (-1.0 to 4.0), without any significant differences between the groups. Nor did the Lysholm score, Tegner activity level, IKDC or one-leg-hop test differ. Early active and passive extension training, without any restrictions in extension, immediately after an ACL reconstruction using bone-patellar tendon-bone graft did not increase post-operative knee laxity up to 2 years after the ACL reconstruction.",2006
135,16923826,2006 Dec,2006 Aug 21,Am J Sports Med,"['Sajovic M', 'Vengust V', 'Komadina R', 'Tavcar R', 'Skaza K']",Skaza K,"A prospective, randomized comparison of semitendinosus and gracilis tendon versus patellar tendon autografts for anterior cruciate ligament reconstruction: five-year follow-up.",34,12,1933-40,['English'],7609541,0363-5465,,"['Comparative Study', 'Journal Article', 'Randomized Controlled Trial', ""Research Support, Non-U.S. Gov't""]",PubMed - indexed for MEDLINE,ppublish+epublish,"['16923826', '10.1177/0363546506290726', '0363546506290726']",10.1177/0363546506290726,"['2006/08/23 09:00', '2007/02/07 09:00', '2006/08/23 09:00']",[],1,0,The American journal of sports medicine,,2006 Dec;34(12):1933-40,"BACKGROUND: There are still controversies about graft selection for primary anterior cruciate ligament reconstruction. Prospective randomized long-term studies are needed to determine the differences between the materials. HYPOTHESIS: Five years after anterior cruciate ligament reconstruction, there is a difference between hamstring and patellar tendon grafts in development of degenerative knee joint disease. STUDY DESIGN: Randomized controlled trial; Level of evidence, 1. METHODS: From June 1999 to March 2000, 64 patients were included in this prospective study. A single surgeon performed primary arthroscopically assisted anterior cruciate ligament reconstruction in an alternating sequence. In 32 patients, anterior cruciate ligament reconstruction was performed with hamstring tendon autograft, whereas in the other 32 patients, anterior cruciate ligament reconstruction was performed with patellar tendon autograft. RESULTS: At the 5-year follow-up, no statistically significant differences were seen with respect to the Lysholm score, clinical and KT-2000 arthrometer laxity testing, anterior knee pain, single-legged hop test, or International Knee Documentation Committee classification results; 23 patients (82%) in the hamstring tendon group and 23 patients (88%) in the patellar tendon group returned to their preinjury activity levels. Graft rupture occurred in 2 patients from the hamstring tendon group (7%) and in 2 patients from the patellar tendon group (8%). Grade B abnormal radiographic findings were seen in 50% (13/26) of patients in the patellar tendon group and in 17% (5/28) of patients in the hamstring tendon group (P = .012). CONCLUSION: Both hamstring and patellar tendon grafts provided good subjective outcomes and objective stability at 5 years. No significant differences in the rate of graft failure were identified. Patients with patellar tendon grafts had a greater prevalence of osteoarthritis at 5 years after surgery.",2006
136,16909301,2006 Nov,2006 Aug 15,Knee Surg Sports Traumatol Arthrosc,"['Zaffagnini S', 'Marcacci M', 'Lo Presti M', 'Giordano G', 'Iacono F', 'Neri MP']",Neri MP,Prospective and randomized evaluation of ACL reconstruction with three techniques: a clinical and radiographic evaluation at 5 years follow-up.,14,11,1060-9,['English'],9314730,0942-2056,,"['Journal Article', 'Randomized Controlled Trial']",PubMed - indexed for MEDLINE,ppublish+epublish,"['16909301', '10.1007/s00167-006-0130-x']",10.1007/s00167-006-0130-x,"['2005/12/12 00:00', '2006/02/14 00:00', '2006/08/16 09:00', '2007/02/28 09:00', '2006/08/16 09:00']",[],1,0,"Knee surgery, sports traumatology, arthroscopy : official journal of the ESSKA",,2006 Nov;14(11):1060-9,"A variety of graft sources have been used for ACL reconstruction to improve functions and kinematics in ACL deficient knees. The two most commonly used autogenous grafts are the central third of the patellar tendon and the hamstring tendon constructs. The choice of different grafts and different construct influence the final clinical outcome of ACL reconstruction. The 3 groups, of 25 patients each, were generated by choosing the technique (PT tendon, 4 strand hamstring, and single hamstring plus extraarticular plasty) to utilize and followed for 5 years, with an alternate systematic sampling. Our comparison has shown significant kneeling pain in the patellar tendon with respect to the groups with hamstrings techniques. Single hamstring plus extraarticular plasty achieved subjective score significantly higher with respect to the other two groups as well as for the time to resume sport. The study confirms that patellar tendon and hamstring can be equivalent options for ACL reconstruction. This study demonstrated that a superior outcome as far as subjective clinical findings were concerned, was obtained in group III. Patients in the latter group were also able to return to sports sooner than those in the bone-patellar tendon graft group and the four-strand hamstring group.",2006
137,16904589,2006 Aug,,Arthroscopy,"['McCormack RG', 'Greenhow RJ', 'Fogagnolo F', 'Shrier I']",Shrier I,"Intra-articular drain versus no drain after arthroscopic anterior cruciate ligament reconstruction: a randomized, prospective clinical trial.",22,8,889-93,['English'],8506498,0749-8063,1526-3231,"['Comparative Study', 'Journal Article', 'Randomized Controlled Trial', ""Research Support, Non-U.S. Gov't"", 'Validation Study']",PubMed - indexed for MEDLINE,ppublish,"['16904589', '10.1016/j.arthro.2006.05.004', 'S0749-8063(06)00614-1']",10.1016/j.arthro.2006.05.004,"['2006/08/15 09:00', '2006/09/08 09:00', '2006/08/15 09:00']",[],1,0,Arthroscopy : the journal of arthroscopic & related surgery : official publication of the Arthroscopy Association of North America and the International Arthroscopy Association,,2006 Aug;22(8):889-93,"PURPOSE: A significant proportion of surgeons use intra-articular drains after arthroscopic anterior cruciate ligament (ACL) reconstruction. The usual reason given to justify the use of a drain is to minimize patient pain and stiffness of the knee joint. The purpose of this study was to assess the validity of this approach. METHODS: In this study 118 consecutive ACL reconstruction patients were randomized to no drain or a postoperative intra-articular suction drain. Inclusion criteria included a successful ACL reconstruction via either 4-strand hamstrings or bone-patellar tendon-bone autograft as a graft source. The primary outcomes were defined as pain (assessed by pain scores and analgesic counts) and range of motion (ROM) (assessed by loss of flexion and extension compared with the nonoperative leg). An independent statistical analysis was performed. RESULTS: The 2 groups were comparable with respect to patient demographics, surgical findings, and procedures performed. There were no differences between the treatment groups for the primary outcomes of pain and ROM during the 8-week follow-up period. The study had adequate power to detect a clinically significant difference. Regarding the secondary outcomes, there was a difference in the grade of hemarthrosis between the groups at week 1 but not at week 4 or 8. However, the difference in subjective grade of hemarthrosis at 1 week did not have any effect on the primary outcomes of pain and ROM. During the study period, there were no complications in either group. CONCLUSIONS: The routine use of intra-articular drains after arthroscopic ACL surgery was not supported by this study. LEVEL OF EVIDENCE: Level II, randomized controlled trial without narrow confidence intervals.",2006
138,16651157,2006 May,,Arthroscopy,"['Drogset JO', 'Grøntvedt T', 'Jessen V', 'Tegnander A', 'Mollnes TE', 'Bergh K']",Bergh K,Comparison of in vitro and in vivo complement activation by metal and bioabsorbable screws used in anterior cruciate ligament reconstruction.,22,5,489-96,['English'],8506498,0749-8063,1526-3231,"['Clinical Trial, Phase II', 'Comparative Study', 'Journal Article', 'Randomized Controlled Trial']",PubMed - indexed for MEDLINE,ppublish,"['16651157', '10.1016/j.arthro.2006.03.011', 'S0749-8063(06)00283-0']",10.1016/j.arthro.2006.03.011,"['2006/05/03 09:00', '2006/08/23 09:00', '2006/05/03 09:00']",[],1,0,Arthroscopy : the journal of arthroscopic & related surgery : official publication of the Arthroscopy Association of North America and the International Arthroscopy Association,,2006 May;22(5):489-96,"PURPOSE: The purpose of the study was to evaluate the biocompatibility of polylactide (PLLA) screws in comparison with standard metal screws for fixation of the patellar tendon graft in human anterior cruciate ligament (ACL) reconstruction. METHODS: A total of 41 patients (22 women and 19 men) were prospectively randomized for the use of metal interference screws (20 patients) or biologically resorbable PLLA screws from Linvatec, Largo, FL (21 patients). Average age at the time of surgery was 26 years (15 to 51 y). Synovial fluid and plasma were collected preoperatively and after 6 weeks in both groups. Plasma was analyzed for C5a and synovial fluid, as well as for terminal SC5b-9 complement complex (TCC) and interleukin (IL)-8. At 1 year after surgery, serum was incubated with metal, PLLA, and no screws; this was followed by analysis of C5a after 1 and 6 hours of incubation. Inflammatory mediators were measured through enzyme-linked immunosorbent assay (ELISA). RESULTS: In the BioScrew group, 4 patient samples showed high C5a concentration in synovial fluid after 6 weeks, but no statistically significant difference was observed between the 2 groups (P = .11). One patient in the BioScrew group had a high TCC value after 6 weeks, but no statistically significant difference was seen between the 2 groups (P = .20). In the in vitro study, no increased C5a generation was observed in sera incubated with a BioScrew or a metal screw compared with controls. CONCLUSIONS: No statistically significant difference was observed between the BioScrew and metal screw groups concerning C5a, TCC, and IL-8 formation. However, some patients in the BioScrew group showed elevated values. LEVEL OF EVIDENCE: Level II, prospective randomized trial.",2006
139,16552549,2006 Jun,2006 Mar 22,Knee Surg Sports Traumatol Arthrosc,"['Harilainen A', 'Linko E', 'Sandelin J']",Sandelin J,Randomized prospective study of ACL reconstruction with interference screw fixation in patellar tendon autografts versus femoral metal plate suspension and tibial post fixation in hamstring tendon autografts: 5-year clinical and radiological follow-up results.,14,6,517-28,['English'],9314730,0942-2056,,"['Journal Article', 'Randomized Controlled Trial']",PubMed - indexed for MEDLINE,ppublish+epublish,"['16552549', '10.1007/s00167-006-0059-0']",10.1007/s00167-006-0059-0,"['2005/05/30 00:00', '2005/08/25 00:00', '2006/03/23 09:00', '2006/12/09 09:00', '2006/03/23 09:00']",[],1,0,"Knee surgery, sports traumatology, arthroscopy : official journal of the ESSKA",,2006 Jun;14(6):517-28,"Patellar tendon graft has been the most frequently used material in anterior cruciate ligament (ACL) reconstruction, but the hamstring tendons have been increasingly used as well; however, which graft is to be preferred is not adequately supported by existing clinical studies. In this prospective randomized clinical trial, the study hypothesis was that the hamstring tendons are equally good graft material as the patellar tendon in ACL reconstruction. Ninety-nine patients with laxity due to a torn ACL underwent arthroscopically assisted reconstruction with graft randomization according to their birth year to either patellar tendon with metal interference screw fixation or double looped semitendinosus and gracilis tendons with fixation similar to the Endobutton technique using a titanium metal plate suspension proximally and screw-washer postdistally. Excluding preoperative Lysholm knee score, there were no significant differences between the two groups in the preoperative and operative data. A standard rehabilitation regimen was used for all the patients, including immediate postoperative mobilization without a knee brace, protected weight bearing for 2 weeks, and return to full activity at 6-12 months postoperatively. Forty patients in the patellar tendon group and 39 patients in the hamstring tendon group were available for clinical evaluation at median 5 years after surgery (ranges 3 years 11 months-6 years 7 months). The results revealed no statistically significant differences with respect to clinical and instrumented laxity testing, isokinetic muscle torque measurements, International Knee Documentation Committee ratings, Lysholm (knee score), Tegner (activity level) and Kujala patellofemoral knee scores. There was an enlargement of the drill tunnels, statistically more in the hamstring tendon group, but no increase from 2 to 5 years in either group. Narrowing of the joint spaces (IKDC measurement method) from 2 to 5 years postoperatively was seen in both the groups, however, without difference between the two groups.",2006
140,16496124,2006 Oct,2006 Feb 22,Knee Surg Sports Traumatol Arthrosc,"['Gobbi A', 'Francisco R']",Francisco R,Factors affecting return to sports after anterior cruciate ligament reconstruction with patellar tendon and hamstring graft: a prospective clinical investigation.,14,10,1021-8,['English'],9314730,0942-2056,,"['Journal Article', 'Randomized Controlled Trial']",PubMed - indexed for MEDLINE,ppublish+epublish,"['16496124', '10.1007/s00167-006-0050-9']",10.1007/s00167-006-0050-9,"['2005/02/02 00:00', '2005/08/17 00:00', '2006/02/24 09:00', '2007/02/09 09:00', '2006/02/24 09:00']",[],1,0,"Knee surgery, sports traumatology, arthroscopy : official journal of the ESSKA",,2006 Oct;14(10):1021-8,"In athletes, anterior cruciate ligament (ACL) reconstruction is recommended after injury to restore the normal knee function and allow subsequent return to sport. Successful ACL reconstruction with patellar tendon (PT) and hamstring tendon (HT) grafts combined with a well-structured rehabilitation program could bring athletes back to their previous level of sport activities. We prospectively followed-up 100 athletes who underwent ACL reconstruction with either PT (n=50) or HT grafts (n=50). Evaluation was done pre-operatively and post-operatively (3, 6, 12, and 24 months) using International Knee Documentation Committee (IKDC), Lysholm, Noyes, and Tegner scales. Subjective assessment numeric evaluation (SANE), knee activity rating scale (Marx) and a psychological profile questionnaire (psychovitality) were also utilized. Objective evaluations included isokinetic tests and computerized knee motion analysis. Data gathered were statistically analyzed using the Mann-Whitney non-parametric U-test. Among the 100 patients who have undergone ACL reconstruction, 65% returned to the same level of sports, 24% changed sports and 11% ceased sport activities. No significant difference (P>0.05) in outcome between PT and HT grafts were observed. No significant differences (P>0.05) were noted between athletes who ""returned"" to their previous sport and those who ""did not return"" to sports at the same level when using the IKDC, Lysholm, Noyes, and Tegner knee evaluation scales. However, significant difference was observed with the knee scores obtained by those who returned and those who completely ceased participation in sport activities. Computerized laxity test revealed that 90% of these patients have less than 3 mm side-to-side difference with no significant difference between HT and PT groups. Patients who ""returned to sports"" obtained significantly better scores with the Marx scale (P=0.001) and the psychovitality questionnaire (P=0.001) than those who did not. Conventional knee scales including IKDC, Lysholm, Noyes, and Tegner remain as reliable means of evaluating outcome of ACL reconstruction. However, the data obtained from these are not sufficient to determine which among the patients who had knee reconstruction can successfully return to sport. The use of the Marx knee activity rating scale and the evaluation of the athletes' psychological profile are additional scales that can be useful in determining which among the patients treated have a better chance of returning to their pre-injury activity levels.",2006
141,16493167,2006 Aug,2006 Feb 21,Am J Sports Med,"['Woods GW', ""O'Connor DP"", 'Calder CT']",Calder CT,Continuous femoral nerve block versus intra-articular injection for pain control after anterior cruciate ligament reconstruction.,34,8,1328-33,['English'],7609541,0363-5465,,"['Journal Article', 'Randomized Controlled Trial']",PubMed - indexed for MEDLINE,ppublish+epublish,"['16493167', '10.1177/0363546505286145', '0363546505286145']",10.1177/0363546505286145,"['2006/02/24 09:00', '2007/05/10 09:00', '2006/02/24 09:00']",[],1,0,The American journal of sports medicine,,2006 Aug;34(8):1328-33,"BACKGROUND: Continuous femoral nerve blocks have been recommended for postoperative pain control after anterior cruciate ligament reconstruction. HYPOTHESIS: A pain control protocol involving a continuous ropivacaine femoral nerve block will decrease pain and narcotic use in the first 24 hours after surgery compared with a postoperative pain control protocol involving an intra-articular injection of bupivacaine/morphine. STUDY DESIGN: Randomized controlled clinical trial; Level of evidence, 2. METHODS: Ninety subjects, aged 15 years or older, who were receiving arthroscopically assisted bone-patellar tendon-bone anterior cruciate ligament reconstruction were randomly assigned to 2 groups. The first group received a ropivacaine continuous femoral nerve block and oral hydrocodone (block group). The second group received an intra-articular bupivacaine/morphine injection and oral oxycodone (injection group). Patients in both groups could receive intramuscular injection of hydromorphone for breakthrough pain; most patients in the block group also received bolus doses of ropivacaine through the femoral catheter. Subjects rated their worst, average, and current pain levels using a visual analog scale and category-ratio scale the morning after surgery. Postoperative narcotic pain medication use was converted to morphine-equivalent doses. RESULTS: Postoperative pain ratings did not differ between the treatment groups. The largest difference in pain ratings between the groups was 0.5 cm for worst pain level (P = .345). Total narcotic use did not differ significantly between groups (1.1 morphine-equivalent doses in both groups; P = .671). CONCLUSIONS: Continuous femoral block with ropivacaine appeared to have no clinical advantage in the immediate postoperative period after anterior cruciate ligament reconstruction when compared with an intra-articular injection of bupivacaine/morphine. Both methods are effective for pain control after anterior cruciate ligament reconstruction.",2006
142,16452264,2006 Jul,2006 Feb 1,Am J Sports Med,"['Halinen J', 'Lindahl J', 'Hirvensalo E', 'Santavirta S']",Santavirta S,Operative and nonoperative treatments of medial collateral ligament rupture with early anterior cruciate ligament reconstruction: a prospective randomized study.,34,7,1134-40,['English'],7609541,0363-5465,,"['Journal Article', 'Randomized Controlled Trial']",PubMed - indexed for MEDLINE,ppublish+epublish,"['16452264', '10.1177/0363546505284889', '0363546505284889']",10.1177/0363546505284889,"['2006/02/03 09:00', '2006/09/09 09:00', '2006/02/03 09:00']",['J Bone Joint Surg Am. 2007 Feb;89(2):457. doi: 10.2106/JBJS.8902.ebo1. PMID: 17272477'],1,0,The American journal of sports medicine,,2006 Jul;34(7):1134-40,"BACKGROUND: The apparent consensus is that solitary medial collateral ligament rupture can be treated nonoperatively, but treatment of severe combined ruptures of the medial collateral ligament and anterior cruciate ligament remains controversial. HYPOTHESES: Nonoperative and early operative treatments of grade III medial collateral ligament rupture lead to similar results when the anterior cruciate ligament is reconstructed in the early phase. STUDY DESIGN: Randomized controlled clinical trial; Level of evidence, 1. METHODS: Forty-seven consecutive patients with combined anterior cruciate ligament and grade III medial collateral ligament injuries were randomized into 2 groups. The medial collateral ligament injury was treated operatively in group 1 (n = 23) and non-operatively in group 2 (n = 24). In both groups, the anterior cruciate ligament injury was treated with early reconstruction, using bone-patellar tendon-bone graft and interference screw. Two years postoperatively, knee stability was measured with a KT-1000 arthrometer and Telos valgus radiography and knee extension strength with a Biodex dynamometer and a 1-legged hop test. An International Knee Documentation Committee evaluation form and Lysholm score were completed. RESULTS: All 47 patients were available for clinical evaluation for a mean of 27 months (range, 20-37 months) after surgery. There were no statistically significant differences between the 2 groups with respect to subjective function of the knee, postoperative stability, range of motion, muscle power, return to activities, Lysholm score, and overall International Knee Documentation Committee evaluation. The subjective outcome and Lysholm score were good and anteroposterior knee stability excellent in both groups. CONCLUSION: Nonoperative and operative treatments of medial collateral ligament injuries lead to equally good results. Medial collateral ligament ruptures need not be treated operatively when the anterior cruciate ligament is reconstructed in the early phase.",2006
143,16430676,2006 Feb,,Scand J Med Sci Sports,"['Harilainen A', 'Sandelin J']",Sandelin J,Post-operative use of knee brace in bone-tendon-bone patellar tendon anterior cruciate ligament reconstruction: 5-year follow-up results of a randomized prospective study.,16,1,14-8,['English'],9111504,0905-7188,,"['Journal Article', 'Randomized Controlled Trial']",PubMed - indexed for MEDLINE,ppublish,"['16430676', '10.1111/j.1600-0838.2004.00435.x', 'SMS435']",10.1111/j.1600-0838.2004.00435.x,"['2006/01/25 09:00', '2006/06/06 09:00', '2006/01/25 09:00']",[],1,0,Scandinavian journal of medicine & science in sports,,2006 Feb;16(1):14-8,"Sixty patients were prospectively randomized to brace and no-brace groups after bone-tendon-bone patellar tendon anterior cruciate ligament (ACL) reconstruction. The brace group wore a rehabilitation knee brace for 12 weeks post-operatively, while the no-brace group was mobilized immediately, and crutches were discarded 2 weeks post-operatively. The groups were comparable with respect to age, gender, time from injury to surgery and concomitant injuries. There were no differences either pre-operatively or 5 years post-operatively (80% of patients reviewed) between the groups in terms of the knee score (Lysholm), activity level (Tegner), degree of laxity or isokinetic peak muscle torque. Thus it appears that knee braces are not needed in the post-operative rehabilitation after ACL reconstruction with the patellar tendon graft.",2006
144,16282583,2006 Feb,2005 Nov 10,Am J Sports Med,"['Matsumoto A', 'Yoshiya S', 'Muratsu H', 'Yagi M', 'Iwasaki Y', 'Kurosaka M', 'Kuroda R']",Kuroda R,A comparison of bone-patellar tendon-bone and bone-hamstring tendon-bone autografts for anterior cruciate ligament reconstruction.,34,2,213-9,['English'],7609541,0363-5465,,"['Comparative Study', 'Journal Article', 'Randomized Controlled Trial']",PubMed - indexed for MEDLINE,ppublish+epublish,"['16282583', '10.1177/0363546505279919', '0363546505279919']",10.1177/0363546505279919,"['2005/11/12 09:00', '2006/04/19 09:00', '2005/11/12 09:00']",['Am J Sports Med. 2006 Oct;34(10):1699; author reply 1699-1700. doi: 10.1177/0363546506293649. PMID: 16980521'],1,0,The American journal of sports medicine,,2006 Feb;34(2):213-9,"BACKGROUND: Most of the previous comparative studies between patellar tendon and hamstring tendon anterior cruciate ligament grafts compared grafts of different constructs fixed with different methods. PURPOSE: To compare patellar tendon and hamstring tendon grafts with the same fixation method used to reconstruct the anterior cruciate ligament. STUDY DESIGN: Randomized controlled trial; Level of evidence, 1. METHODS: During the reconstructive procedure, the hamstring tendon graft was prepared as a bone-hamstring-bone graft; both bone-patellar tendon-bone and bone-hamstring-bone grafts were fixed with interference screws. Eighty consecutive patients who underwent anterior cruciate ligament reconstruction were randomly assigned to either bone-patellar tendon-bone or bone-hamstring-bone groups. Follow-up examinations were performed for at least 5 years postoperatively. Seventy-two of the 80 patients (37 patients in the bone-patellar tendon-bone group and 35 in the bone-hamstring-bone group) were evaluated, with a mean follow-up period of 87.0 and 80.8 months, respectively. Follow-up examinations were performed using the International Knee Documentation Committee knee ligament standard and subjective knee forms. RESULTS: The mean KT-1000 arthrometer evaluation results showed no significant difference between the bone-patellar tendon-bone and bone-hamstring-bone groups (1.2 +/- 2.1 mm and 1.7 +/- 1.4 mm, respectively; P = .24). However, symptoms related to graft harvest (anterior kneeling pain) were more frequently observed in the bone-patellar tendon-bone group, and unsatisfactory results were correlated with severe kneeling pain in 3 patients from this group (P = .0056). Significant hamstring muscle weakness without complaint of functional deficit was found in the bone-hamstring-bone group (P = .0045). CONCLUSION: Bone-hamstring-bone grafts were shown to reduce the risk of problems at the graft harvest site compared to bone-patellar tendon-bone grafts, with comparable results in the remaining clinical parameters tested.",2006
145,16002493,2005 Sep,2005 Jul 7,Am J Sports Med,"['Grant JA', 'Mohtadi NG', 'Maitland ME', 'Zernicke RF']",Zernicke RF,Comparison of home versus physical therapy-supervised rehabilitation programs after anterior cruciate ligament reconstruction: a randomized clinical trial.,33,9,1288-97,['English'],7609541,0363-5465,,"['Comparative Study', 'Journal Article', 'Randomized Controlled Trial', ""Research Support, Non-U.S. Gov't""]",PubMed - indexed for MEDLINE,ppublish+epublish,"['16002493', '10.1177/0363546504273051', '0363546504273051']",10.1177/0363546504273051,"['2005/07/09 09:00', '2005/12/24 09:00', '2005/07/09 09:00']",['Am J Sports Med. 2005 Sep;33(9):1287. doi: 10.1177/0363546505280098. PMID: 16127126'],1,0,The American journal of sports medicine,,2005 Sep;33(9):1288-97,"BACKGROUND: Because of health care funding and policy changes, there is a need to examine the effects of an evolution toward patient-directed (ie, home-based) rehabilitation programs on clinical outcomes of patients undergoing anterior cruciate ligament reconstruction. HYPOTHESIS: There will be no difference in the effectiveness of a home-based rehabilitation program and a standard physical therapy-supervised rehabilitation program in patients 3 months after nonacute anterior cruciate ligament reconstruction with bone-patellar tendon-bone grafts. STUDY DESIGN: Randomized controlled clinical trial; Level of evidence, 1. METHODS: There were 145 patients (16-59 years) who attended a presurgery education class. Home-based patients attended 4 physical therapy sessions, and physical therapy-supervised patients attended 17 physical therapy sessions over the first 12 weeks after surgery. All patients followed the same standardized rehabilitation program. Study outcome measures included active-assisted knee flexion and passive knee extension range of motion, knee range of motion during walking, KT computerized arthrometer results, and isokinetic quadriceps and hamstrings strength. Patient outcomes were dichotomized as either clinically acceptable or unacceptable. Rehabilitation programs were compared by the proportion of acceptable patients in each group. RESULTS: The home-based group had a significantly higher percentage of patients with acceptable flexion and extension range of motion compared to the standard physical therapy group (flexion, 67% vs 47%; extension, 97% vs 83%). There were no significant differences between the groups in range of motion during walking, ligament laxity, and strength. CONCLUSION: A structured, minimally supervised rehabilitation program was more effective in achieving acceptable knee range of motion in the first 3 months after anterior cruciate ligament reconstruction than a standard physical therapy-based program. CLINICAL RELEVANCE: Recreational athletes undergoing nonacute anterior cruciate ligament reconstruction can successfully reach acceptable rehabilitation goals in the first 3 months after surgery with a limited number of purposeful physical therapy education sessions, allowing recreational athletes more flexibility when integrating the necessary postoperative rehabilitation into their daily activities.",2005
146,16000666,2005 Aug,2005 Jul 6,Am J Sports Med,"['Drogset JO', 'Grøntvedt T', 'Tegnander A']",Tegnander A,Endoscopic reconstruction of the anterior cruciate ligament using bone-patellar tendon-bone grafts fixed with bioabsorbable or metal interference screws: a prospective randomized study of the clinical outcome.,33,8,1160-5,['English'],7609541,0363-5465,,"['Clinical Trial', 'Comparative Study', 'Journal Article', 'Randomized Controlled Trial']",PubMed - indexed for MEDLINE,ppublish+epublish,"['16000666', '10.1177/0363546504272264', '0363546504272264']",10.1177/0363546504272264,"['2005/07/08 09:00', '2005/09/02 09:00', '2005/07/08 09:00']",[],1,0,The American journal of sports medicine,,2005 Aug;33(8):1160-5,"BACKGROUND: During the past decade, bioabsorbable interference screws have become increasingly popular in endoscopic reconstructions of the anterior cruciate ligament. With these screws, there is no need for a second operation for removal and no complicating factor if later revision surgery is necessary. Several pullout studies have found similar results between metal and bioabsorbable interference screws; however, few studies have investigated the clinical outcome. HYPOTHESIS: There is no difference in the clinical outcome of bioabsorbable interference screws compared with metal screws. STUDY DESIGN: Randomized controlled clinical trial; Level of evidence, 1. METHODS: Forty-one patients were randomized for the use of either metal interference screws (20 patients) or bioabsorbable poly-l-lactic acid screws (21 patients). The patients were followed with clinical examinations at 6, 12, and 24 weeks and at 1 and 2 years postoperatively. RESULTS: Subjective knee function was better in the patients in the metal screw group; they had less pain at rest, a higher Tegner score, a higher Lysholm score, and better subjective knee function at 2 years compared to the bioabsorbable screw group. However, there was no difference in stability between the groups. CONCLUSION AND CLINICAL RELEVANCE: Because of the inferior results in the bioabsorbable screw group in our study, and until larger studies show otherwise, we do not find the advantages of using bioabsorbable screws sufficient to warrant the routine use of poly-L-lactic acid screws in anterior cruciate ligament reconstructions.",2005
147,15800520,2005 Apr,,Arthroscopy,"['Ibrahim SA', 'Al-Kussary IM', 'Al-Misfer AR', 'Al-Mutairi HQ', 'Ghafar SA', 'El Noor TA']",El Noor TA,Clinical evaluation of arthroscopically assisted anterior cruciate ligament reconstruction: patellar tendon versus gracilis and semitendinosus autograft.,21,4,412-7,['English'],8506498,0749-8063,1526-3231,"['Comparative Study', 'Journal Article', 'Randomized Controlled Trial']",PubMed - indexed for MEDLINE,ppublish,"['15800520', '10.1016/j.arthro.2004.12.002', 'S0749806304013908']",10.1016/j.arthro.2004.12.002,"['2005/04/01 09:00', '2006/02/16 09:00', '2005/04/01 09:00']",['Arthroscopy. 2006 Apr;22(4):465;author reply 465-6. doi: 10.1016/j.arthro.2005.12.055. PMID: 16581467'],1,0,Arthroscopy : the journal of arthroscopic & related surgery : official publication of the Arthroscopy Association of North America and the International Arthroscopy Association,,2005 Apr;21(4):412-7,"PURPOSE: To evaluate the clinical results of anterior cruciate ligament (ACL) reconstruction in patients with ACL-deficient knee in 2 similar groups of patients. TYPE OF STUDY: A prospective randomized comparison of patellar tendon (PT) versus semitendinosus and gracilis tendon (STG) autografts for ACL reconstruction. METHODS: Between 1994 and 1996, 85 consecutive male patients with chronic ACL-deficient knees underwent arthroscopically assisted reconstruction with either autologous PT or double-loop STG (4-strand) graft. PT grafts were used in patients with even-numbered birth dates and STG grafts for those with odd-numbered birth dates. Preoperatively, no significant differences between the 2 groups were noted with respect to age, level of activity, and degree of laxity (chi-square analysis). A standardized rehabilitation program was used for both groups postoperatively that included immediate active extension and early weight bearing and gradual flexion. Return to sports was permitted 8 months postoperatively. Assessment of the patients was carried out using a questionnaire, clinical assessment, Lysholm knee scores, the International Knee Documentation Committee scale, and radiological examination. RESULTS: At a mean follow-up of 81 months, there was no significant difference between the 2 groups with respect to subjective complaints (recurrent giving way, functional level) or objective laxity evaluation, including KT-1000 measurement or return to sports. Loss of extension of < or =5 degrees was greater in the PT group (12 patients, 30 %) than in the STG group (8 patients, 17 %). There was loss of flexion of < or =15 degrees in 5 patients (12 %) in the PT group and 1 patient (2.2 %) in the STG group. Anterior knee pain was recorded in 10 patients (24 %) in the PT group and 3 patients (5 %) in the STG group. The Lysholm knee score was 91.6 and 92.7 for the PT and STG groups, respectively, and the Tegner activity score decreased from 8.9 preoperatively for both groups to 7.9 for the PT group and 7.8 for the STG group. CONCLUSION: In this study, the 2 groups had comparable results in terms of patient satisfaction, activity level, and knee function. Our study showed that patellofemoral problems and loss of knee motion are more frequent in patients with PT grafts than in those with STG grafts. LEVEL OF EVIDENCE: Level I, Randomized Controlled Trial.",2005
148,15756168,2004 Sep,,J Sports Med Phys Fitness,"['Pigozzi F', 'Di Salvo V', 'Parisi A', 'Giombini A', 'Fagnani F', 'Magini W', 'Franceschi F', 'Denaro E']",Denaro E,Isokinetic evaluation of anterior cruciate ligament reconstruction: quadriceps tendon versus patellar tendon.,44,3,288-93,['English'],0376337,0022-4707,,"['Clinical Trial', 'Journal Article', 'Randomized Controlled Trial']",PubMed - indexed for MEDLINE,ppublish,['15756168'],,"['2005/03/10 09:00', '2005/05/11 09:00', '2005/03/10 09:00']",[],1,0,The Journal of sports medicine and physical fitness,,2004 Sep;44(3):288-93,"AIM: The goal of this prospective randomized study was to compare the isokinetic recovery of thigh strength after anterior cruciate ligament (ACL) reconstruction by using patellar or quadriceps tendon as graft at the 6th month follow-up. METHODS: The authors evaluated 48 patients who underwent arthroscopic ACL reconstruction using patellar tendon (PT group) or quadriceps tendon (QT group) as autograft after a 6 months follow-up undergoing the following tests: the Ergojump Bosco System springboard and Universal's FITNET computerized isokinetic system. RESULTS: The counter movement jump (CMJ) test showed a 24% (p<0.01) strength deficit in patients operated with patellar tendon and 11% in the quadriceps tendon group. Also in the leg press test the greater differences in strength (p<0.05) were verified in the patellar tendon group, above all the peak torque (PT) test carried out at 3 repetitions (15%). CONCLUSIONS: The strength deficit found in the subjects operated with quadriceps tendon were statistically lower in comparison to that verified in the patellar tendon group. A good recovery in thigh strength after 6 months in patients operated with quadriceps tendon could encourage the use of this kind of graft in order to achieve an easier rehabilitation and a faster release of the patient to daily and sports activity.",2004
149,15716250,2005 Mar,,Am J Sports Med,"['Beynnon BD', 'Uh BS', 'Johnson RJ', 'Abate JA', 'Nichols CE', 'Fleming BC', 'Poole AR', 'Roos H']",Roos H,"Rehabilitation after anterior cruciate ligament reconstruction: a prospective, randomized, double-blind comparison of programs administered over 2 different time intervals.",33,3,347-59,['English'],7609541,0363-5465,,"['Clinical Trial', 'Journal Article', 'Randomized Controlled Trial', ""Research Support, Non-U.S. Gov't""]",PubMed - indexed for MEDLINE,ppublish,"['15716250', '10.1177/0363546504268406']",10.1177/0363546504268406,"['2005/02/18 09:00', '2005/05/25 09:00', '2005/02/18 09:00']",[],1,0,The American journal of sports medicine,,2005 Mar;33(3):347-59,"BACKGROUND: There are adverse effects associated with immobilization of the knee after anterior cruciate ligament reconstruction, yet very little is known about how much activity will promote adequate rehabilitation without permanently elongating the graft, producing graft failure, or creating damage to articular cartilage. HYPOTHESIS: Rehabilitation with either an accelerated or nonaccelerated program produces no difference in anterior-posterior knee laxity, clinical assessment, patient satisfaction, functional performance, and the synovial fluid biomarkers of articular cartilage metabolism. STUDY DESIGN: Randomized controlled clinical trial; Level of evidence, 1. METHODS: Twenty-five patients who tore their anterior cruciate ligament were enrolled and underwent anterior cruciate ligament reconstruction. Patients were randomized to accelerated rehabilitation or nonaccelerated rehabilitation. At the time of surgery and 3, 6, 12, and 24 months later, measurements of anterior-posterior knee laxity, clinical assessment, patient satisfaction, functional performance, and cartilage metabolism were completed. RESULTS: At the 2-year follow-up, there was no difference in the increase of anterior knee laxity relative to the baseline values that were obtained immediately after surgery between the 2 groups (2.2-mm vs 1.8-mm increase relative to the normal knee). The groups were similar in terms of clinical assessment, patient satisfaction, activity level, function, and response of the bio-markers. After 1 year of healing, synthesis of collagen and turnover of aggrecan remained elevated in both groups. CONCLUSION: Anterior cruciate ligament reconstruction with a bone-patellar tendon-bone graft followed by either accelerated or nonaccelerated rehabilitation produces the same increase of anterior knee laxity. Both programs had the same effect in terms of clinical assessment, patient satisfaction, functional performance, and the biomarkers of articular cartilage metabolism. There is concern that the cartilage biomarkers remained elevated for an extended period.",2005
150,15689862,2005 Feb,,Arthroscopy,"['Kaeding C', 'Farr J', 'Kavanaugh T', 'Pedroza A']",Pedroza A,A prospective randomized comparison of bioabsorbable and titanium anterior cruciate ligament interference screws.,21,2,147-51,['English'],8506498,0749-8063,1526-3231,"['Comparative Study', 'Journal Article', 'Multicenter Study', 'Randomized Controlled Trial']",PubMed - indexed for MEDLINE,ppublish,"['15689862', '10.1016/j.arthro.2004.09.012', 'S0749806304009648']",10.1016/j.arthro.2004.09.012,"['2005/02/04 09:00', '2006/02/14 09:00', '2005/02/04 09:00']",[],1,0,Arthroscopy : the journal of arthroscopic & related surgery : official publication of the Arthroscopy Association of North America and the International Arthroscopy Association,,2005 Feb;21(2):147-51,"PURPOSE: To compare the Phantom bioabsorbable polymer interference screw (DePuy, Warsaw, IN) with a titanium metal interference screw when used in fixation of femoral and tibial bone blocks in central third bone-patellar tendon-bone autograft anterior cruciate ligament (ACL) reconstructions. TYPE OF STUDY: Multicentered prospective randomized study. METHODS: Two surgeons performed primary ACL reconstructions at different locations. Preoperatively, the patients were randomly assigned. One group received a titanium cannulated interference screw. The second group received the cannulated poly-L-lactic bioabsorbable Phantom screw. Data included subjective evaluation of activity level and International Knee Documentation Committee scores. Objective measures were made using the KT-1000 arthrometer (MedMetric, San Diego, CA), range of motion, presence of effusions, and complications intraoperatively or postoperatively. Measurements were made at 1 year and 2 years. Radiographic evaluation was carried out at least 2 years from the initial surgical date and interpreted by 2 independent orthopaedic surgeons. RESULTS: At the 1-year follow-up (N = 97), pain was reported more during moderate activity in the Phantom screw group (6) compared with the titanium screw group (0) (P = .03). No statistical difference between range of motion (P = .45), activity level (P = .83), swelling with activity (P = .95), partial (P = .13) or full (P = .31) giving way, knee effusions (P = .33), or KT-1000 side-to-side difference (P = .53) were found. At the 2-year follow-up (N = 65), more subjects (18) in the Phantom interference screw group reported activity levels in the strenuous category compared with those in the titanium interference screws (7) group (P = .02). No differences were reported with respect to pain (P = .97), effusion (P = .17), partial (P = .28) or full (P = .27) giving way, swelling with activity (P = .21), range of motion ( P = .64), or KT-1000 side-to-side difference (P = .96). Radiographic inspection showed no change in bone plug position, osteolysis, adverse effect, or complication caused by the bioabsorbable material. Some evidence of tunnel widening was seen in both groups. CONCLUSIONS: Use of a poly-L-lactic bioabsorbable interference screw can provide clinical results equal to that of a metal interference screw for fixation of a central third bone-patellar tendon-bone graft in ACL reconstruction. LEVEL OF EVIDENCE: Level II, therapeutic.",2005
151,15650664,2005 Jan,,Arthroscopy,"['Laxdal G', 'Kartus J', 'Hansson L', 'Heidvall M', 'Ejerhed L', 'Karlsson J']",Karlsson J,A prospective randomized comparison of bone-patellar tendon-bone and hamstring grafts for anterior cruciate ligament reconstruction.,21,1,34-42,['English'],8506498,0749-8063,1526-3231,"['Clinical Trial', 'Comparative Study', 'Journal Article', 'Randomized Controlled Trial', ""Research Support, Non-U.S. Gov't""]",PubMed - indexed for MEDLINE,ppublish,"['15650664', '10.1016/j.arthro.2004.09.014', 'S0749806304009661']",10.1016/j.arthro.2004.09.014,"['2005/01/15 09:00', '2005/12/13 09:00', '2005/01/15 09:00']",[],1,0,Arthroscopy : the journal of arthroscopic & related surgery : official publication of the Arthroscopy Association of North America and the International Arthroscopy Association,,2005 Jan;21(1):34-42,"PURPOSE: The aim of this study was to compare the results after arthroscopic anterior cruciate ligament (ACL) reconstruction using central-third, bone-patellar tendon-bone (BPTB group), 3-strand semitendinosus (ST group), or 4-strand semitendinosus/gracilis (ST/G group) autografts. TYPE OF STUDY: Prospective randomized trial. METHODS: A randomized series of 134 patients, all with unilateral ACL rupture was included in the study. In all 3 groups, interference screw fixation of the graft was used at both ends and 125 of 134 (93%) of the patients returned for the follow-up examination after 26 months (range, 20 to 43 months). The preoperative assessments in all 3 groups were similar in terms of gender, Tegner activity level, Lysholm score, KT-1000 measurements, 1-leg hop test, and the knee-walking test. RESULTS: At follow-up, the knee-walking test was significantly worse in the BPTB group than in the ST group (P = .0004) and ST/G group (P < .0001). Furthermore, the knee-walking test was significantly worse at follow-up than preoperatively in the BPTB group (P < .0001). The corresponding findings were not made in the other 2 groups. A significant reduction in knee laxity and an increase in activity level compared with the preoperative assessments were found in all 3 groups, without any significant differences between the groups. CONCLUSIONS: Two years after ACL reconstruction, the use of ST and ST/G autografts rendered significantly less discomfort during the knee-walking test than the use of BPTB autografts. However, in terms of functional outcome and knee laxity, the groups displayed no significant differences. LEVEL OF EVIDENCE: Level I.",2005
152,15611004,2005 Jan,,Am J Sports Med,"['Hill PF', 'Russell VJ', 'Salmon LJ', 'Pinczewski LA']",Pinczewski LA,The influence of supplementary tibial fixation on laxity measurements after anterior cruciate ligament reconstruction with hamstring tendons in female patients.,33,1,94-101,['English'],7609541,0363-5465,,"['Clinical Trial', 'Journal Article', 'Randomized Controlled Trial', ""Research Support, Non-U.S. Gov't""]",PubMed - indexed for MEDLINE,ppublish,"['15611004', '10.1177/0363546504268036']",10.1177/0363546504268036,"['2004/12/22 09:00', '2005/03/16 09:00', '2004/12/22 09:00']",[],1,0,The American journal of sports medicine,,2005 Jan;33(1):94-101,"BACKGROUND: Female patients undergoing arthroscopic anterior cruciate ligament reconstruction with a hamstring tendon graft developed increased postoperative laxity compared to male and female patients who had reconstruction using a patellar tendon graft. This difference may be due to graft slippage in less dense female tibial bone. HYPOTHESIS: Reinforcement of tibial fixation of the hamstring tendon graft in women by supplementary methods may reduce laxity. STUDY DESIGN: Randomized controlled clinical trial; Level of evidence, 2. METHODS: Fifty-six female patients divided into 2 groups (standard tibial fixation with 7 x 25-mm metal interference screw versus metal interference screw with supplementary staple fixation) were followed for 2 years. RESULTS: After 2 years, the mean side-to-side difference using KT-1000 arthrometer manual maximum measurements was 1.8 mm (standard group) and 1.1 mm (staple group) (P=.05). The percentage of patients with a side-to-side difference of <3 mm did not differ significantly between the 2 groups (P=.66): 88.8% of the standard group versus 90.5% of the staple group. A grade 0 Lachman test result was present in 63% of the standard group and 86% of the staple group (P=.04). Kneeling pain was experienced by 7% of the standard group and 29% of the staple group (P=.05). CONCLUSIONS: Supplementary tibial fixation in female patients undergoing anterior cruciate ligament reconstruction with hamstring tendon graft in addition to a single-size screw significantly improves laxity measurements and clinical stability assessment 2 years after surgery. However, this improvement is at the cost of increased kneeling pain.",2005
153,15572316,2004 Dec,,Am J Sports Med,"['Nicholas SJ', ""D'Amato MJ"", 'Mullaney MJ', 'Tyler TF', 'Kolstad K', 'McHugh MP']",McHugh MP,A prospectively randomized double-blind study on the effect of initial graft tension on knee stability after anterior cruciate ligament reconstruction.,32,8,1881-6,['English'],7609541,0363-5465,,"['Clinical Trial', 'Journal Article', 'Randomized Controlled Trial']",PubMed - indexed for MEDLINE,ppublish,"['15572316', '10.1177/0363546504265924']",10.1177/0363546504265924,"['2004/12/02 09:00', '2005/03/18 09:00', '2004/12/02 09:00']",[],1,0,The American journal of sports medicine,,2004 Dec;32(8):1881-6,"BACKGROUND: No consensus exists on the amount of tension that should be applied to anterior cruciate ligament grafts to best facilitate graft incorporation and re-create normal knee mechanics. HYPOTHESIS: Differences in initial graft tension will affect postoperative knee stability. STUDY DESIGN: Prospective, randomized, double-blind clinical trial. METHODS: Forty-nine patients undergoing bone-patellar tendon-bone autograft anterior cruciate ligament reconstruction by a single surgeon were randomized into high-tension (n = 27) and low-tension (n = 22) groups. Grafts were set at 90 N or 45 N. Arthrometric measurements (KT-1000 arthrometer manual maximum) of anterior tibial displacement and knee range of motion were made before surgery and at 1 week and an average of 20 months after surgery. Knee outcome scores were collected before and after surgery, and a single-leg hop test was also performed at final follow-up. RESULTS: After anterior cruciate ligament reconstruction, anterior tibial displacement was significantly greater in the patients in the low-tension group (P < .05). The side-to-side difference in anterior tibial displacement in the high-tension and low-tension groups was 1.1 +/- 1.7 mm versus 2.4 +/- 2.4 mm 1 week after surgery and 2.2 +/- 1.6 mm versus 3.0 +/- 2.2 mm at follow-up. Five patients had abnormal anterior tibial displacement (>5 mm side-to-side difference), and all were in the low-tension group (P <.05). Knee outcome scores improved with surgery (P <.01), with similar results for low-tension and high-tension groups. Hop test deficits were not different between groups. CONCLUSIONS: Initial graft tension affects the restoration of knee stability. A graft tension of 45 N was not sufficient for restoring knee stability.",2004
154,15466722,2004 Oct,,J Bone Joint Surg Am,"['Aglietti P', 'Giron F', 'Buzzi R', 'Biddau F', 'Sasso F']",Sasso F,"Anterior cruciate ligament reconstruction: bone-patellar tendon-bone compared with double semitendinosus and gracilis tendon grafts. A prospective, randomized clinical trial.",86,10,2143-55,['English'],0014030,0021-9355,,"['Clinical Trial', 'Comparative Study', 'Journal Article', 'Randomized Controlled Trial']",PubMed - indexed for MEDLINE,ppublish,"['15466722', '86/10/2143']",,"['2004/10/07 09:00', '2004/11/04 09:00', '2004/10/07 09:00']",['J Bone Joint Surg Am. 2005 Aug;87(8):1882-3; author reply 1883. doi: 10.2106/00004623-200508000-00033. PMID: 16085632'],1,0,The Journal of bone and joint surgery. American volume,,2004 Oct;86(10):2143-55,"BACKGROUND: The choice of graft for anterior cruciate ligament reconstruction is a matter of debate, with patellar and hamstring tendons being the two most popular autologous graft options. The objective of this study was to determine in a prospective, randomized clinical trial whether two grafts (bone-patellar tendon-bone or doubled hamstring tendons) fixed with modern devices affect the two-year minimum clinical and radiographic outcomes of anterior cruciate ligament reconstruction. METHODS: One hundred and twenty patients with a chronic unilateral rupture of the anterior cruciate ligament underwent arthroscopically assisted reconstruction with use of either autologous bone-patellar tendon-bone or doubled hamstring tendon grafts, in a strictly alternating manner. Both groups were comparable with regard to demographic data, preoperative activity level, mechanism of injury, interval between the injury and the operation, and the amount of knee laxity present preoperatively. The same well-proven surgical technique and aggressive controlled rehabilitation was used. An independent observer, who was blinded with regard to the involved leg and the type of graft, performed the outcome assessment with use of a visual analog scale, the new International Knee Documentation Committee form, the Knee Injury and Osteoarthritis Outcome Score, the Functional Knee Score for Anterior Knee Pain, and an arthrometric and an isokinetic dynamometric evaluation. Radiographs were also made. RESULTS: At the two-year follow-up evaluation, no differences were found in terms of the visual analog score, the Knee Injury and Osteoarthritis Outcome Score, the new International Knee Documentation Committee subjective and objective evaluation scores, the KT-1000 side-to-side laxity measurements, the Functional Knee Score for Anterior Knee Pain, muscle strength recovery, or return to sports activities. In the bone-patellar tendon-bone group, we found a higher prevalence of postoperative kneeling discomfort (p < 0.01) and an increased area of decreased skin sensitivity (p < 0.001). In the hamstring tendon group, we recorded a higher prevalence of femoral tunnel widening (p < 0.01). In this group, a correlation was also found between medial meniscectomy and an increased prevalence of pivot-shift glide (p = 0.035). CONCLUSIONS: We believe that, with use of accurate and proven surgical and rehabilitation techniques, both grafts are an equivalent option for anterior cruciate ligament reconstruction.",2004
155,15363236,2004 Aug 22,,Zhonghua Wai Ke Za Zhi,"['Sun K', 'Tang JW', 'Xu Q', 'Liu XY', 'Zhou LG', 'Hao YQ', 'Wang L', 'Sun YJ']",Sun YJ,[A prospective study of the anterior cruciate ligament reconstruction: allograft versus autograft].,42,16,989-92,['Chinese'],0153611,0529-5815,,"['Journal Article', 'Randomized Controlled Trial']",PubMed - indexed for MEDLINE,ppublish,['15363236'],,"['2004/09/15 05:00', '2006/11/01 09:00', '2004/09/15 05:00']",[],1,0,Zhonghua wai ke za zhi [Chinese journal of surgery],,2004 Aug 22;42(16):989-92,"OBJECTIVE: To compare the clinical outcomes and differences of arthroscopic anterior cruciate ligament (ACL) reconstruction by using allografts and autografts. METHODS: Fifty-three patients with grade III ACL injuries were divided randomly into 2 groups. Twenty-five cases of group A with autografts of patellar bone-tendon-bone (B-PT-B;n = 15) and 4 strands of semitendinosus/gracilis (n = 10); 28 patients of group B with allografts of B-PT-B (n = 18), 4 strands of semitendinosus/2 strands of gracilis tendons (n = 6) and double tibialis posterior (n = 4) as well as Achilles bone-tendon (n = 2). All procedures were performed endoscopically by some surgeons. All patients were followed up for 12 to 31 months, average 19 months. RESULTS: There were statistically significant differences revealed in physical examination. IKDC and Lysholm-Tegner Score as well as KT-2000 testing was used preoperation and postoperation for both group, but there were no significant differences between the two groups except that group B had less time in operation and longer time in postoperative fever comparing with group A. (2-sample t test, P < 0.05). The KT-2000 side to side difference less than 3 mm were 88% and 86% and more than 5 mm were 4% and 7.1% respectively. The infection rates were 0% and 3.5% for the two groups. CONCLUSION: The clinical outcomes of the allografts and autografts in ACL reconstruction is almost the same. Allografts are a reasonably alternative choice for ACL reconstruction in patients over middle ages and for multiple ligament surgery as well as revision procedures.",2004
156,15129412,2004 May,,Arch Phys Med Rehabil,"['Decker MJ', 'Torry MR', 'Noonan TJ', 'Sterett WI', 'Steadman JR']",Steadman JR,Gait retraining after anterior cruciate ligament reconstruction.,85,5,848-56,['English'],2985158R,0003-9993,,"['Clinical Trial', 'Journal Article', 'Randomized Controlled Trial', ""Research Support, Non-U.S. Gov't""]",PubMed - indexed for MEDLINE,ppublish,"['15129412', '10.1016/j.apmr.2003.07.014', 'S0003-9993(03)01014-1']",10.1016/j.apmr.2003.07.014,"['2004/05/07 05:00', '2004/06/24 05:00', '2004/05/07 05:00']",[],1,0,Archives of physical medicine and rehabilitation,,2004 May;85(5):848-56,"OBJECTIVES: To examine the effects of 2 gait retraining protocols on the gait patterns of patients with bone-patellar tendon-bone anterior cruciate ligament (ACL) reconstruction. DESIGN: Randomized control, repeated-measures design. SETTING: Private orthopedic center and research facility. PARTICIPANTS: Sixteen patients with bone-patellar tendon-bone ACL reconstruction, randomly subdivided into 2 groups (group 1, n=8; group 2, n=8), and a healthy control group of 8 subjects. INTERVENTION: The 16 subjects with ACL reconstruction were randomly assigned to 2 different gait retraining protocols over a 6-week training interval: (1). a protocol using a predicted stride frequency calculated from the resonant frequency of a force-driven harmonic oscillator (FDHO) model or (2). a protocol using the preferred stride frequency (PSF). MAIN OUTCOME MEASURES: Gait analyses examining the lower-extremity kinematic, kinetic, and energetic gait patterns of each group. RESULTS: Gait retraining with the FDHO model showed improvements in lower-extremity positions, hip and knee extensor angular impulse, and work parameters. Gait retraining with the PSF demonstrated no statistical improvements. The FDHO training protocol facilitated a greater midstance knee range of motion (ROM) and greater rates of improvement for midstance ROM, hip extensor angular impulse, and concentric hip extensor work. CONCLUSIONS: Gait retraining with the resonant frequency of an FDHO model facilitated a greater recovery of gait function compared with training with the PSF.",2004
157,14551548,2003 Oct,,Arthroscopy,"['Alford JW', 'Fadale PD']",Fadale PD,Evaluation of postoperative bupivacaine infusion for pain management after anterior cruciate ligament reconstruction.,19,8,855-61,['English'],8506498,0749-8063,1526-3231,"['Clinical Trial', 'Comparative Study', 'Journal Article', 'Randomized Controlled Trial']",PubMed - indexed for MEDLINE,ppublish,"['14551548', '10.1016/s0749-8063(03)00734-5', 'S0749806303007345']",10.1016/s0749-8063(03)00734-5,"['2003/10/11 05:00', '2003/12/10 05:00', '2003/10/11 05:00']",[],1,0,Arthroscopy : the journal of arthroscopic & related surgery : official publication of the Arthroscopy Association of North America and the International Arthroscopy Association,,2003 Oct;19(8):855-61,"PURPOSE: Postoperative pain control has received increasing attention by health care providers in the new millennium. In fact, pain was called the ""sixth vital sign"" by the Joint Commission on Accreditation of Healthcare Organizations (JCAHO) in 2001. The continued challenge of effective, safe analgesia in the outpatient setting has promoted the use of various devices designed to deliver local anesthetic directly to the surgical site. We endeavored to evaluate the efficacy of one such device currently in use. TYPE OF STUDY: Prospective, randomized, placebo-controlled, double-blinded study. METHODS: In this study, 49 consecutive patients were prospectively enrolled and randomly assigned to 1 of 3 groups after anterior cruciate ligament (ACL) reconstruction. Patients and investigators were blinded to group assignment. Group 1 (control group) received no catheter. Group 2 (placebo group) received an infusion catheter filled with saline. Group 3 (experimental group) received the same catheter filled with 0.25% bupivacaine solution. All patients received an ipsilateral femoral nerve block with 30 mL 0.25% bupivacaine and 20 mL 0.25% bupivacaine intra-articular injection. Patients recorded narcotic consumption and pain levels on visual analogue scales twice a day for 4 days after surgery. The catheters were removed on day 4 and physical therapy performance was recorded. The patients were then asked to continue to record pain ratings and medication consumption for an additional 4 days after catheter removal. All patients underwent bone-patellar tendon-bone ACL reconstruction by the senior author (P.D.F.). Seven patients were excluded from the study for ineffective femoral nerve block or catheter disconnection or occlusion. Narcotic consumption and the maximum, minimum, and median pain ratings were analyzed by analysis of variance. RESULTS: Median pain ratings show lower pain levels (P <.03) for both catheter groups versus the control group. No significant differences were found between the catheter groups for the median pain ratings, but lower maximum pain ratings were seen in the bupivacaine group compared with both placebo and no-catheter control subjects. Postoperative narcotic consumption was also lower in both catheter groups versus control subjects (P <.03). Physical therapy data revealed no difference in range of motion on postoperative day 4. More patients were able to perform straight leg raises during the first therapy session in both the saline placebo catheter group (70%) and bupivacaine group (72%) compared with the control group (50%). CONCLUSIONS: The data suggest some element of placebo benefit at median pain ratings but a protective effect of the bupivacaine at maximum pain levels.",2003
158,13679741,2003 Sep,,Rev Chir Orthop Reparatrice Appar Mot,"['Acquitter Y', 'Hulet C', 'Locker B', 'Delbarre JC', 'Jambou S', 'Vielpeau C']",Vielpeau C,[Patellar tendon-bone autograft reconstruction of the anterior cruciate ligament for advanced-stage chronic anterior laxity: is an extra-articular plasty necessary? A prospective randomized study of 100 patients with five year follow-up].,89,5,413-22,['French'],1272427,0035-1040,,"['Clinical Trial', 'Journal Article', 'Randomized Controlled Trial']",PubMed - indexed for MEDLINE,ppublish,"['13679741', 'MDOI-RCO-09-2003-89-5-0035-1040-101019-ART6']",,"['2003/09/19 05:00', '2004/09/11 05:00', '2003/09/19 05:00']",[],1,0,Revue de chirurgie orthopedique et reparatrice de l'appareil moteur,,2003 Sep;89(5):413-22,"PURPOSE OF THE STUDY: This prospective randomized study was conducted to analyze the anatomic and functional impact of an extra-articular lateral plasty associated with patellar tendon-bone autograft in anterior cruciate ligament reconstruction. MATERIAL AND METHODS: A consecutive series of 100 patients with grade II (Noyes classification) chronic anterior laxity confirmed on stress x-rays were included in the study. All patients had a positive Trillat-Lachman test, a direct anterior drawer at 90 degrees flexion confirmed on the lateral x-ray, and an instrumental differential laxity greater than 5 mm (manual arthrometry, Medmetric KT1000). Mean patient age was 27 years (range 16-29 years) and time from the accident to ligamentoplasty was 29 months (range 3-156 months). In the operating theater, the patients were assigned at random to two groups. Group 1 (50 patients) underwent arthroscopic free patellar tendon-bone autograft reconstruction of the anterior cruciate ligament. In the second group (50 patients) the same reconstruction was further supported by a lateral extra-articular plasty using the quadriceps tendon. All patients were followed prospectively. At 58 months follow-up (none of the patients were lost to follow-up) residual laxity (Medmetric KT1000) was noted and functional outcome was assessed using the IKDC criteria. The Aglietti method was used to assess the position of the drill holes. RESULTS: The two groups were strictly identical at inclusion. At last follow-up, the statistical analysis did not reveal any significant difference between the groups for subjective outcome, joint motion, instrumental residual laxity, meniscal stock, or radiological changes. The overall IKDC score was A or B in 80% of the patients in group 1 and 88% of the patients in group 2. Delay to resumed sports activities (about 12 months) was also equivalent in the two groups with a trend towards lower intensity and sports producing less stress on the knee. A minimally positive pivot test with no effect on stability was observed in 4 patients in group 1 (intra-articular plasty alone) and in 2 patients in group 2 (intra- and extra-articular plasty). 16% of the insufficient results (IKDC C and D) were related to repeated tears (n=8, 6 patients in group 1 and 2 patients in group 2, p=0.268), and failure (n=8, 4 in each group) due to defective motion and pain. Repeated tears were strongly correlated with incorrect drill hole position in the tibia (p=0.01) or femur (p=0.024). Despite the stabilization, radiological remodeling was observed in 31% of the patients in both groups. DISCUSSION: The results in this consecutive series of patients demonstrated the good results obtained with intra-articular ligamentoplasy using the mid third of the patellar tendon. The rate of repeated tears or minimally positive pivot tests was higher in group 1 with intra-articular plasty alone but did not reach statistical significance and was generally related to a technical error in positioning the autograft, making it difficult to draw any conclusion concerning the anatomic superiority of mixed plasty. CONCLUSION: At the current follow-up of 5 years, this study was unable to demonstrate any advantage of systematic conjunction of an extra-articular lateral support for advanced chronic anterior laxity of the knee treated by a free patellar tendon graft.",2003
159,12975729,2003 Sep,,Sportverletz Sportschaden,"['Tibesku CO', 'Springer J', 'Mastrokalos DS', 'Pässler HH']",Pässler HH,[Internal rotational strength of the thigh after ACL reconstruction. Prospective comparison of harvesting of the semitendinosus and gracilis tendons and the patella tendon].,17,3,137-41,['German'],8904133,0932-0555,,"['Clinical Trial', 'Journal Article', 'Randomized Controlled Trial']",PubMed - indexed for MEDLINE,ppublish,"['12975729', '10.1055/s-2003-42153']",10.1055/s-2003-42153,"['2003/09/17 05:00', '2004/02/06 05:00', '2003/09/17 05:00']",[],1,0,Sportverletzung Sportschaden : Organ der Gesellschaft fur Orthopadisch-Traumatologische Sportmedizin,,2003 Sep;17(3):137-41,"AIM: The aim of the present study was the prospective, randomized evaluation of the internal rotation strength in patients, undergoing ACL reconstruction using either semitendinosus and gracilis tendon autografts (ST/G) or the central third of the patella tendon (BPT). METHOD: 40 patients (20 male, 20 female, average age 32 years [16 - 49]) underwent reconstruction of the ACL. In 20 patients ST/G was used, in 20 matched patients the central third of the patella tendon (BPT) was used. Rehabilitation was identical for both groups. The isometric strength of internal tibial rotation in neutral position was measured preoperatively, 3, 6 and 12 months postoperatively. RESULTS: After 3 months no difference to the preoperative data was found. After six months the internal tibial torque was significantly higher (p < 0.05) than preoperatively. No additional increase was found after 12 months. There was no statistically significant difference between both groups at any time. CONCLUSION: The internal tibial torque, which is predominantly a function of the pes anserinus, recovers shortly after operation and is, due to postoperative rehabilitation, significantly elevated after 6 months. The randomized comparison with the harvesting of the central third of the patellar tendon showed no significant difference.",2003
160,12897981,2003 Sep,2003 Jul 26,Knee Surg Sports Traumatol Arthrosc,"['Mikkelsen C', 'Cerulli G', 'Lorenzini M', 'Bergstrand G', 'Werner S']",Werner S,Can a post-operative brace in slight hyperextension prevent extension deficit after anterior cruciate ligament reconstruction? A prospective randomised study.,11,5,318-21,['English'],9314730,0942-2056,,"['Clinical Trial', 'Journal Article', 'Randomized Controlled Trial']",PubMed - indexed for MEDLINE,ppublish+epublish,"['12897981', '10.1007/s00167-003-0406-3']",10.1007/s00167-003-0406-3,"['2001/09/22 00:00', '2002/11/20 00:00', '2003/08/05 05:00', '2004/03/26 05:00', '2003/08/05 05:00']",[],1,0,"Knee surgery, sports traumatology, arthroscopy : official journal of the ESSKA",,2003 Sep;11(5):318-21,"It has been our observation that post-operative anterior cruciate ligament (ACL) braces together with the post-operative bandages do not always allow the knee to reach full extension. In ten uninjured knees with known hyperextension, the knees were bandaged in the same way as after an ACL-reconstruction. The knees were then studied radiologically in a Hypex brace set at 0 degrees, -5 degrees and -10 degrees of knee extension. Not a single knee was found to be straight in the brace set at 0 degrees. At -5 degrees most of the knees were straight or in slight hyperextension. It took -10 degrees to get all knees straight or in hyperextension. In a prospective randomised study 44 patients who underwent an arthroscopic ACL-reconstruction with a bone patellar tendon bone graft were randomised to use either a brace set at -5 degrees or a straight brace (0 degrees ) for at least the first three postoperative weeks. Before and three months after surgery range of motion was determined, using a goniometer with long arms, and sagittal knee laxity was measured with a KT-2000 arthrometer at manual max. Pre- and post-operative pain was evaluated with the Visual Analogue Scale (VAS). The same examiner (blindfolded to what type of brace was used) performed all the measurements. At three months, two of the 22 patients with the brace set at -5 degrees and twelve of the 22 patients with the straight brace had a loss of full extension of 2 degrees or more ( p<0.001). No significant differences were found between the groups in terms of knee flexion, sagittal knee laxity or post-operative pain. Although extension deficit after ACL-reconstruction can be prevented also in other ways, a Hypex brace set at -5 degrees seems to be an easy way of ensuring full knee extension.",2003
161,12893151,2003 Sep,,Knee,"['Straw R', 'Colclough K', 'Geutjens GG']",Geutjens GG,Arthroscopically assisted ACL reconstruction. Is a drain necessary?,10,3,283-5,['English'],9430798,0968-0160,,"['Clinical Trial', 'Journal Article', 'Randomized Controlled Trial']",PubMed - indexed for MEDLINE,ppublish,"['12893151', '10.1016/s0968-0160(02)00150-3', 'S0968016002001503']",10.1016/s0968-0160(02)00150-3,"['2003/08/02 05:00', '2003/10/04 05:00', '2003/08/02 05:00']",[],1,0,The Knee,,2003 Sep;10(3):283-5,"We report on the results of a prospective randomised controlled trial to evaluate the use of an intra-articular drain following arthroscopically assisted ACL reconstruction using patellar tendon autograft. Forty-nine patients were recruited for the trial and randomised into receiving or not receiving a drain following surgery. An independent observer who was blinded for the use of the drain assessed the knees for swelling, range of movement (ROM) and pain at 2, 4 and 6 weeks postoperatively. Muscle strength was assessed at 12 weeks following surgery using the KIN COM III isometric dynamometer. We found that the knees that were drained following surgery initially had less swelling and a better ROM. However, at 4 weeks this difference had disappeared. At 3 and 6 months, there was no functional difference between the two groups. We recommend that no drain be used following ACL reconstruction as removal of the drain is uncomfortable and carries theoretical and avoidable risks.",2003
162,12860546,2003 Jul-Aug,,Am J Sports Med,"['Feller JA', 'Webster KE']",Webster KE,A randomized comparison of patellar tendon and hamstring tendon anterior cruciate ligament reconstruction.,31,4,564-73,['English'],7609541,0363-5465,,"['Clinical Trial', 'Comparative Study', 'Journal Article', 'Randomized Controlled Trial']",PubMed - indexed for MEDLINE,ppublish,"['12860546', '10.1177/03635465030310041501']",10.1177/03635465030310041501,"['2003/07/16 05:00', '2003/12/03 05:00', '2003/07/16 05:00']",[],1,0,The American journal of sports medicine,,2003 Jul-Aug;31(4):564-73,"BACKGROUND: Patellar and hamstring tendon autografts are the most frequently used graft types for anterior cruciate ligament reconstruction, but few direct comparisons of outcomes have been published. HYPOTHESIS: There is no difference in outcome between the two types of reconstruction. STUDY DESIGN: Prospective randomized clinical trial. METHODS: After isolated anterior cruciate ligament rupture, 65 patients were randomized to receive either a patellar tendon or a four-strand hamstring tendon graft reconstruction, and results were reviewed at 4, 8, 12, 24, and 36 months. RESULTS: Pain on kneeling was more common and extension deficits were greater in the patellar tendon group. There were greater quadriceps peak torque deficits in the patellar tendon group at 4 and 8 months but not thereafter. In the hamstring tendon group, active flexion deficits were greater from 8 to 24 months, and KT-1000 arthrometer side-to-side differences in anterior knee laxity at 134 N were greater. Cincinnati knee scores, International Knee Documentation Committee ratings, and rates of return to preinjury activity levels were not significantly different between the two groups. CONCLUSIONS: Both grafts resulted in satisfactory functional outcomes but with increased morbidity in the patellar tendon group and increased knee laxity and radiographic femoral tunnel widening in the hamstring tendon group.",2003
163,12845425,2004 Mar,2003 Jul 4,Knee Surg Sports Traumatol Arthrosc,"['Kocabey Y', 'Klein S', 'Nyland J', 'Caborn D']",Caborn D,Tibial fixation comparison of semitendinosus-bone composite allografts fixed with bioabsorbable screws and bone-patella tendon-bone grafts fixed with titanium screws.,12,2,88-93,['English'],9314730,0942-2056,,"['Clinical Trial', 'Comparative Study', 'Journal Article', 'Randomized Controlled Trial', ""Research Support, Non-U.S. Gov't""]",PubMed - indexed for MEDLINE,ppublish+epublish,"['12845425', '10.1007/s00167-003-0370-y']",10.1007/s00167-003-0370-y,"['2002/08/24 00:00', '2003/03/06 00:00', '2003/07/08 05:00', '2004/08/06 05:00', '2003/07/08 05:00']",['Knee Surg Sports Traumatol Arthrosc. 2004 Mar;12(2):87. doi: 10.1007/s00167-004-0491-y. PMID: 15024561'],1,0,"Knee surgery, sports traumatology, arthroscopy : official journal of the ESSKA",,2004 Mar;12(2):88-93,"Tibial fixation remains the weak link of ACL reconstruction over the first 8-12 weeks postoperatively. This study compared the biomechanical properties of tibial fixation for a bone-patellar tendon-bone (BPTB) graft and a novel semitendinosus-bone composite (SBC) allograft with mixed cortical-cancellous bone dowels at each end. Seven paired, fresh frozen cadaveric knees (20-45 years) were stripped of all soft tissue attachments and randomly assigned to receive either the BPTB graft or SBC allograft. Grafts were placed into tibial tunnels via a standard protocol and secured with either a 10 mmx28 mm bioabsorbable (SBC) or titanium (BPTB) screw. Grafts were cycled ten times in a servo hydraulic device from 10-50 N prior to pull to failure testing at a rate of 20 mm/min with the force vector aligned with the tibial tunnel (""worst case scenario""). Wilcoxon Signed Rank Tests were used to evaluate biomechanical differences between graft types ( p<0.05). Tibial bone mineral density and interference screw insertion torque were statistically equivalent between graft types. The mode of failure for all constructs was direct screw and graft construct pullout from the tibial tunnel. Significant differences were not observed between graft types for maximum load at failure strength (BPTB=620.8+/-209 N vs. SBC=601.2+/-140 N, p=0.74) or stiffness (BPTB=69.8 N/mm+/-29 N/mm vs SBC=47.1+/-31.6 N/mm, p=0.24). The SBC allograft yielded significantly more displacement prior to failure than the BPTB graft (15.1+/-4.9 mm vs 9.2+/-1.3 mm, p=0.04). Increased construct displacement appeared to be due to fixation failure, with some evidence of graft tissue tearing around the sutures: Bioabsorbable screw (10 x 28 mm) fixation of the SBC allograft produced unacceptable displacement levels during testing. Further study is recommended using a titanium interference screw or a longer bioabsorbable screw for SBC graft fixation under cyclic loading conditions.",2004
164,12750137,2003 May-Jun,,Am J Sports Med,"['Dhawan A', 'Doukas WC', 'Papazis JA', 'Scoville CR']",Scoville CR,Effect of drain use in the early postoperative period after arthroscopically assisted anterior cruciate ligament reconstruction with bone-patellar tendon-bone graft.,31,3,419-24,['English'],7609541,0363-5465,,"['Clinical Trial', 'Comparative Study', 'Journal Article', 'Randomized Controlled Trial']",PubMed - indexed for MEDLINE,ppublish,"['12750137', '10.1177/03635465030310031601']",10.1177/03635465030310031601,"['2003/05/17 05:00', '2003/10/03 05:00', '2003/05/17 05:00']",['Am J Sports Med. 2004 Oct-Nov;32(7):1776; author reply 1776. doi: 10.1177/036354650403200730. PMID: 15517697'],1,0,The American journal of sports medicine,,2003 May-Jun;31(3):419-24,"BACKGROUND: Little data exist on the effect of routine use of postoperative drainage after arthroscopic anterior cruciate ligament reconstruction, although clinical studies of other procedures have not shown benefit to this practice. HYPOTHESIS: Use of a postoperative drain will not result in decreased suprapatellar girth, increased range of motion, and decreased pain compared with nonuse. STUDY DESIGN: Prospective randomized clinical trial. METHODS: Twenty-one patients undergoing arthroscopically assisted bone-patellar tendon-bone anterior cruciate ligament reconstruction were randomly assigned to receive a drain for 24 hours (12 patients) or no drain (9 patients). Data for comparison of groups were collected daily through postoperative day 7. RESULTS: Pain scores on a visual analog scale demonstrated the same improving trend over time for both treatment and control groups; however, the treatment group had significantly higher average pain scores, except on day 7. Differences in suprapatellar girth, flexion, and extension were not found to be statistically significant between groups. CONCLUSION: Use of a drain after arthroscopically assisted anterior cruciate ligament reconstruction provided no benefit in terms of range of motion, effusion, or pain in the early postoperative period.",2003
165,12734710,2003 May,2003 Jan 11,Arch Orthop Trauma Surg,"['Muren O', 'Dahlstedt L', 'Dalén N']",Dalén N,"Reconstruction of acute anterior cruciate ligament injuries: a prospective, randomised study of 40 patients with 7-year follow-up. No advantage of synthetic augmentation compared to a traditional patellar tendon graft.",123,4,144-7,['English'],9011043,0936-8051,,"['Clinical Trial', 'Comparative Study', 'Journal Article', 'Randomized Controlled Trial']",PubMed - indexed for MEDLINE,ppublish+epublish,"['12734710', '10.1007/s00402-002-0457-9']",10.1007/s00402-002-0457-9,"['2001/07/25 00:00', '2003/05/08 05:00', '2003/10/24 05:00', '2003/05/08 05:00']",[],1,0,Archives of orthopaedic and trauma surgery,,2003 May;123(4):144-7,"BACKGROUND: In a prospective, randomised study, we compared the results of anterior cruciate ligament reconstruction using the conventional medial patellar tendon strip procedure with the Kennedy ligament augmentation device (LAD) over-the-top augmentation technique. The aim of the study was to see if the addition of this device, with its specific potential complications (infection, synovitis, mechanical failure) and increased costs, gave better functional stability and less donor site morbidity. METHODS: Forty patients ( n=20+20) with high physical demands, anterior cruciate ligament rupture less than 3 weeks old, and positive Lachman and pivot shift tests were included in the study. They were randomised by instructions in a sealed envelope that was randomly chosen. Postoperatively, they were immobilised in a plaster of Paris cast for 2 weeks. Full weight-bearing was not allowed until 6 weeks after the operation. Strength training on the operated side started when movement was restored to nearly normal, usually after 8-10 weeks. Return to full sport activity was allowed 1 year after the operation. Clinical and arthrometric follow-up was performed yearly using the Lysholm functional score, Tegner activity score, KT-1000 testing, Lachman and pivot shift tests. Follow-up lasted 3-9 years (mean 7 years). RESULTS AND CONCLUSIONS: At last follow-up we found no statistical difference in stability tests, functional or activity scores; both groups showed stable improvement concerning scores and arthrometry compared with the preoperative values. No advantages were associated with the use of the Kennedy LAD, and we do not recommend it or a similar device for uncomplicated cases. New augmentation devices are simply launched onto the market, and we recommend caution and thorough evaluation in prospective, randomised studies before they are adopted into use.",2003
166,12642266,2003 Mar-Apr,,Am J Sports Med,"['Otsuka H', 'Ishibashi Y', 'Tsuda E', 'Sasaki K', 'Toh S']",Toh S,Comparison of three techniques of anterior cruciate ligament reconstruction with bone-patellar tendon-bone graft. Differences in anterior tibial translation and tunnel enlargement with each technique.,31,2,282-8,['English'],7609541,0363-5465,,"['Clinical Trial', 'Comparative Study', 'Journal Article', 'Randomized Controlled Trial']",PubMed - indexed for MEDLINE,ppublish,"['12642266', '10.1177/03635465030310022101']",10.1177/03635465030310022101,"['2003/03/19 04:00', '2003/07/24 05:00', '2003/03/19 04:00']",[],1,0,The American journal of sports medicine,,2003 Mar-Apr;31(2):282-8,"BACKGROUND: Anatomic fixation of the graft in anterior cruciate ligament reconstruction has improved stability of the reconstructed knee joint in experimental studies. HYPOTHESIS: Anatomic fixation of the bone-patellar tendon-bone autograft will reduce tunnel enlargement and improve clinical results. STUDY DESIGN: Prospective cohort study. METHODS: Sixty patients were randomly divided into three groups: a nonanatomic fixation group (traditional single-incision reconstruction), an anatomic fixation group (reconstruction in which a bone plug was grafted into the tibial tunnel), and an anatomic fixation group with all-inside reconstruction. Stability of the knee joint was examined with a KT-1000 arthrometer at 2, 4, 6, 12, and 24 months after surgery. At 12 months, anteroposterior and lateral radiographs were made to assess tunnel enlargement. RESULTS: Although the magnitude of tibial displacement gradually increased after reconstruction in all three groups, the anatomic fixation group had significantly better stability than the groups undergoing nonanatomic fixation or all-inside anatomic fixation at 4 and 6 months after anterior cruciate ligament reconstruction. However, there was no significant difference between the three groups at 24 months. Regarding the tibial tunnel, residual rates and enlargement of tunnels were different between the reconstruction techniques. The nonanatomic reconstruction group had significantly greater tunnel enlargement. CONCLUSION: Anatomic fixation of the graft decreased the tunnel enlargement but had no effect on knee stability at 2-year follow-up.",2003
167,12531752,2003 Jan-Feb,,Am J Sports Med,"['Ejerhed L', 'Kartus J', 'Sernert N', 'Köhler K', 'Karlsson J']",Karlsson J,Patellar tendon or semitendinosus tendon autografts for anterior cruciate ligament reconstruction? A prospective randomized study with a two-year follow-up.,31,1,19-25,['English'],7609541,0363-5465,,"['Clinical Trial', 'Journal Article', 'Randomized Controlled Trial', ""Research Support, Non-U.S. Gov't""]",PubMed - indexed for MEDLINE,ppublish,"['12531752', '10.1177/03635465030310011401']",10.1177/03635465030310011401,"['2003/01/18 04:00', '2003/04/23 05:00', '2003/01/18 04:00']",[],1,0,The American journal of sports medicine,,2003 Jan-Feb;31(1):19-25,"BACKGROUND: There are well-known problems with the use of bone-patellar tendon-bone autografts for anterior cruciate ligament reconstruction, especially in terms of donor site morbidity. Hamstring tendon grafts have been increasingly used as an alternative, but there are very few controlled studies comparing the methods. HYPOTHESIS: Use of semitendinosus tendon grafts will cause less donor site morbidity and result in better knee-walking ability. STUDY DESIGN: Prospective randomized clinical trial. METHODS: Seventy-one patients who had a unilateral anterior cruciate ligament rupture underwent arthroscopic reconstruction with interference screw fixation and use of either bone-patellar tendon-bone or semitendinosus tendon graft. Outcome assessment was performed by physiotherapists not involved in the patients' care. RESULTS: At the 2-year follow-up, no differences were found in terms of the Lysholm score, Tegner activity level, KT-1000 arthrometer side-to-side laxity measurement, single-legged hop test, or International Knee Documentation Committee classification results. The knee-walking test was rated difficult or impossible to perform by 53% of the bone-patellar tendon-bone group and by only 23% of the semitendinosus graft patients, a significant difference. CONCLUSIONS: The semitendinosus tendon graft is at least an equivalent option to the bone-patellar tendon-bone graft for anterior cruciate ligament reconstruction, and we recommend its use.",2003
168,12531751,2003 Jan-Feb,,Am J Sports Med,"['Jansson KA', 'Linko E', 'Sandelin J', 'Harilainen A']",Harilainen A,A prospective randomized study of patellar versus hamstring tendon autografts for anterior cruciate ligament reconstruction.,31,1,12-8,['English'],7609541,0363-5465,,"['Clinical Trial', 'Journal Article', 'Randomized Controlled Trial', ""Research Support, Non-U.S. Gov't""]",PubMed - indexed for MEDLINE,ppublish,"['12531751', '10.1177/03635465030310010501']",10.1177/03635465030310010501,"['2003/01/18 04:00', '2003/04/23 05:00', '2003/01/18 04:00']",[],1,0,The American journal of sports medicine,,2003 Jan-Feb;31(1):12-8,"BACKGROUND: Bone-patellar tendon-bone graft has been the most commonly used graft material in anterior cruciate reconstructions, but there has been increasing use of hamstring tendon grafts. However, no existing clinical studies show adequate support for the choice of one graft over the other. HYPOTHESIS: Hamstring tendons are equally as good as patellar tendon in anterior cruciate ligament reconstructions. STUDY DESIGN: Prospective randomized clinical trial. METHODS: Ninety-nine patients with laxity caused by a torn anterior cruciate ligament underwent arthroscopically assisted reconstruction with graft randomization according to their birth year. Grafts were either bone-patellar tendon-bone with metal interference screw fixation or double-looped hamstring tendons with metal plate fixation. There were no significant differences between the two groups preoperatively or at operation. Standard rehabilitation included immediate postoperative mobilization without a knee brace, protected weightbearing for 2 weeks, and return to full activity at 6 to 12 months. RESULTS: Forty-three patients in the patellar tendon group and 46 patients in the hamstring tendon group were available for clinical evaluation at a minimum of 21 months after surgery. No statistically significant differences were seen with respect to clinical and instrumented laxity testing, International Knee Documentation Committee Score ratings, isokinetic muscle torque measurements, and Kujala patellofemoral, Lysholm, and Tegner scores. CONCLUSION: Equal results were seen for patellar and hamstring tendon autograft anterior cruciate ligament reconstructions at 2 years after surgery. Both techniques seem to improve patients' performance.",2003
169,12435652,2002 Nov-Dec,,Am J Sports Med,"['Drogset JO', 'Grøntvedt T']",Grøntvedt T,Anterior cruciate ligament reconstruction with and without a ligament augmentation device : results at 8-Year follow-up.,30,6,851-6,['English'],7609541,0363-5465,,"['Clinical Trial', 'Journal Article', 'Randomized Controlled Trial']",PubMed - indexed for MEDLINE,ppublish,"['12435652', '10.1177/03635465020300061601']",10.1177/03635465020300061601,"['2002/11/19 04:00', '2003/03/06 04:00', '2002/11/19 04:00']",[],1,0,The American journal of sports medicine,,2002 Nov-Dec;30(6):851-6,"BACKGROUND: Ligament augmentation devices have been used in anterior cruciate ligament reconstruction since the suggestion of Kennedy et al. in 1980 that such devices would allow grafts to heal faster and more safely. HYPOTHESIS: Patients who had augmentation will have better outcomes after 8 years. STUDY DESIGN: Prospective randomized case control study. METHODS: Between 1991 and 1993, 100 patients were randomized to groups undergoing anterior cruciate ligament reconstruction with bone-patellar tendon-bone grafts with (49) or without (51) use of a Kennedy ligament augmentation device. Of these 100 patients, 94 were examined at an average of 8 years after surgery. Fifteen patients were excluded because of rupture in the other knee and 11 because of rerupture in the same knee. RESULTS: Of the remaining 68 patients, the mean Lysholm function score was 84 in the augmentation group and 87 in the control group. There was a statistically significant relationship between preoperatively detected cartilage injury and osteoarthritis. Almost half of the patients had developed osteoarthritis. We observed no significant difference between the two groups concerning rerupture rate, Lysholm or Lachman test scores, or KT-1000 arthrometer measurements. CONCLUSIONS: We found no positive long-term effects supporting the use of augmentation in anterior cruciate ligament reconstruction.",2002
170,12368782,2002 Oct,,Arthroscopy,"['Hoenecke HR Jr', 'Pulido PA', 'Morris BA', 'Fronek J']",Fronek J,The efficacy of continuous bupivacaine infiltration following anterior cruciate ligament reconstruction.,18,8,854-8,['English'],8506498,0749-8063,1526-3231,"['Clinical Trial', 'Journal Article', 'Randomized Controlled Trial', ""Research Support, Non-U.S. Gov't""]",PubMed - indexed for MEDLINE,ppublish,"['12368782', '10.1053/jars.2002.36139', 'S0749806302000506']",10.1053/jars.2002.36139,"['2002/10/09 04:00', '2002/11/26 04:00', '2002/10/09 04:00']",[],1,0,Arthroscopy : the journal of arthroscopic & related surgery : official publication of the Arthroscopy Association of North America and the International Arthroscopy Association,,2002 Oct;18(8):854-8,"PURPOSE: The purpose of this study was to determine whether continuous infiltration of a local anesthetic into the surgical wound for 48 hours will diminish the need for narcotics and improve the postoperative pain experience for patients undergoing anterior cruciate ligament (ACL) reconstruction using a patellar tendon autograft. TYPE OF STUDY: Prospective, randomized, double-blind study with a placebo and an experimental group. METHODS: Twenty-six patients were randomly assigned to receive either normal saline (placebo) or bupivacaine (experimental) for 48 hours. Both groups received a single intra-articular bolus injection of 35 mL of 0.25% bupivacaine and 5 mg. of morphine at the conclusion of surgery. The placebo group received an infusion of 2 mL/h of normal saline and the experimental group received an infusion of 2 mL/h of 0.25% bupivacaine, both for 48 hours. The anesthetic was infused using a disposable elastomeric pump (Baxter Healthcare, Deerfield, IL). Patients were evaluated using a pain and pain relief assessment questionnaire and visual analogue scale (VAS). Narcotic consumption was also documented. The pump was discontinued either by the patient at home or by a physical therapist. RESULTS: There was a statistically significant (P <.05) difference in VAS pain and pain relief scores reported by patients receiving the infusion of 0.25% bupivacaine. Patients in the treatment group also consumed 37% less narcotics than the placebo group. The operating room time, tourniquet time, weight, and age of this population were similar in the 2 groups. There were no complications with the catheter technique. CONCLUSION: This report of a new technique suggests that surgical knee patients receiving local anesthetic infusion postoperatively experience less pain and require less narcotics. The disposable pump allowed administration of the medication on an outpatient basis.",2002
171,12243016,2002 Aug,,Unfallchirurg,"['Gorschewsky O', 'Browa A', 'Vogel U', 'Stauffer E']",Stauffer E,[Clinico-histologic comparison of allogenic and autologous bone-tendon-bone using one-third of the patellar tendon in reconstruction of the anterior cruciate ligament].,105,8,703-14,['German'],8502736,0177-5537,,"['Clinical Trial', 'Comparative Study', 'Evaluation Study', 'Journal Article', 'Randomized Controlled Trial']",PubMed - indexed for MEDLINE,ppublish,"['12243016', '10.1007/s00113-001-0405-0']",10.1007/s00113-001-0405-0,"['2002/09/24 06:00', '2002/12/20 04:00', '2002/09/24 06:00']",[],1,0,Der Unfallchirurg,,2002 Aug;105(8):703-14,"Reconstruction of the ruptured anterior cruciate ligament (ACL) using modern techniques achieves successful long-term results in up to 90% of all cases. Yet the discussion continues as to the suitable implant to replace the ACL in terms of donor morbidity, implant reaction, long-term results, and potenzial risk of carrier concerning the allograft. The clinical and histological results from 2 years experience with the BPTB allograft (Tutoplast) and the BPTB autograft for ACL reconstruction are compared with reference to stability, functionality, rerupture rate, and histological reaction of the remodelling process. A BTB patella tendon allograft was implanted into 132 patients and a BPTB autograft into 136 patients. The patients were randomly allocated to the two groups. The results were recorded by an independent researcher and assessed according to the IKDC and Lysholm score. In the allograft group, a total of 20 patients (2.6%) reruptured within an average period of 11.75 months. In the autograft group, the transplant reruptured in five patients (4.8%) after an average of 17 months. Histological reappraisal indicated delayed incorporation and extended reconstruction in the BPTB allograft. There were clearer and more protracted indications of hypercellularity and hypervascularity, and the collagen matrix had not regularly aligned longitudinally even 1 year later. A detailed analysis of the BPTB allograft group indicated that especially in young and very sporty patients there is increased elongation of the implant and a clearly higher rerupture rate. Hence, according to the data we have collected, it would seem that the use of the BPTB allograft (Tutoplast) is not suitable especially in young patients who frequently practice high-level sports involving high knee stress.",2002
172,12208905,2002 Sep,,J Bone Joint Surg Am,"['Beynnon BD', 'Johnson RJ', 'Fleming BC', 'Kannus P', 'Kaplan M', 'Samani J', 'Renström P']",Renström P,"Anterior cruciate ligament replacement: comparison of bone-patellar tendon-bone grafts with two-strand hamstring grafts. A prospective, randomized study.",84,9,1503-13,['English'],0014030,0021-9355,,"['Clinical Trial', 'Comparative Study', 'Journal Article', 'Randomized Controlled Trial', ""Research Support, Non-U.S. Gov't""]",PubMed - indexed for MEDLINE,ppublish,"['12208905', '10.2106/00004623-200209000-00001']",10.2106/00004623-200209000-00001,"['2002/09/05 10:00', '2002/10/11 04:00', '2002/09/05 10:00']","['J Bone Joint Surg Am. 2003 May;85(5):970-1. doi: 10.2106/00004623-200305000-00044. PMID: 12728057', 'J Bone Joint Surg Am. 2003 Jul;85(7):1397-8; author reply 1398-9. doi: 10.2106/00004623-200307000-00047. PMID: 12851377']",1,0,The Journal of bone and joint surgery. American volume,,2002 Sep;84(9):1503-13,"BACKGROUND: The purpose of this investigation was to evaluate replacement of a torn anterior cruciate ligament with either a bone-patellar tendon-bone autograft or a two-strand semitendinosus-gracilis autograft to compare the results of clinical testing, patient satisfaction, activity level, functional status, and muscle strength. METHODS: Fifty-six patients with a torn anterior cruciate ligament were enrolled in a prospective, randomized, controlled study. Twenty-eight underwent reconstruction with a bone-patellar tendon-bone autograft, and twenty-eight were treated with a two-strand semitendinosus-gracilis autograft. Patients were followed for an average of thirty-nine months (range, thirty-six to fifty-seven months). At the time of final follow-up, twenty-two patients in each group were evaluated in terms of clinical test findings, patient satisfaction, activity level, functional status, and isokinetic muscle strength. RESULTS: The objective outcome of replacement of the torn anterior cruciate ligament with a bone-patellar tendon-bone graft was superior to that obtained with a two-strand semitendinosus-gracilis graft. At the three-year follow-up interval, the patients in whom a hamstring graft had been used had an average of 4.4 mm of increased anterior knee laxity compared with the laxity of the contralateral, normal knee, whereas the patients in whom a bone-patellar tendon-bone graft had been used had an average of 1.1 mm of increased knee laxity. Fourteen percent (three) of the twenty-two patients with a hamstring graft had a mild pivot shift, and 27% (six) had a moderate pivot shift. Only 14% (three) of the twenty-two patients with a bone-patellar tendon-bone graft had a mild pivot shift, and none had a moderate pivot shift. At the same follow-up interval, the patients in whom a hamstring graft had been used had significantly lower peak knee-flexion strength than those who had a bone-patellar tendon-bone graft (p = 0.039). In contrast, the two treatments produced similar outcomes in terms of patient satisfaction, activity level, and knee function (ability to perform a one-legged hop, bear weight, squat, climb stairs, run in place, and duckwalk). CONCLUSIONS: After three years of follow-up, the objective results of anterior cruciate ligament replacement with a bone-patellar tendon-bone autograft were superior to those of replacement with a two-strand semitendinosus-gracilis graft with regard to knee laxity, pivot-shift grade, and strength of the knee flexor muscles. However, the two groups had comparable results in terms of patient satisfaction, activity level, and knee function.",2002
173,12121424,2002 Apr,,Scand J Med Sci Sports,"['Henriksson M', 'Rockborn P', 'Good L']",Good L,Range of motion training in brace vs. plaster immobilization after anterior cruciate ligament reconstruction: a prospective randomized comparison with a 2-year follow-up.,12,2,73-80,['English'],9111504,0905-7188,,"['Clinical Trial', 'Journal Article', 'Randomized Controlled Trial']",PubMed - indexed for MEDLINE,ppublish,"['12121424', '10.1034/j.1600-0838.2002.120203.x', 'sms120203']",10.1034/j.1600-0838.2002.120203.x,"['2002/07/18 10:00', '2002/09/07 10:01', '2002/07/18 10:00']",[],1,0,Scandinavian journal of medicine & science in sports,,2002 Apr;12(2):73-80,"The purpose of this prospective and randomized study was to compare rehabilitation with early range of motion (ROM) training vs immobilization following anterior cruciate ligament (ACL) reconstruction. Fifty patients, undergoing an ACL reconstruction with a bone-patellar tendon-bone graft, were postoperatively allocated randomly to either a plaster cast or a brace for 5 weeks. The brace group had ROM exercises from postoperative day 7. The commencement of ROM exercises was postponed 4 weeks for the plaster group compared to the brace group, but progressed subsequently with equal speed. There was no difference between the groups in the ROM of flexion or extension 20 weeks after the ACL reconstruction and later. Twenty-four months after surgery, the muscle strength deficit in the hamstring muscles (isokinetic measurements; percent difference, injured vs uninjured) was significantly larger in the brace group (mean +/- SD: 5.9 +/- 7.8%, P < 0.01) than in the plaster group (- 0.9 +/- 11.8%, NS) (brace vs plaster group, P < 0.05). Furthermore, there was also a tendency in the brace group to a larger strength deficit in the quadriceps muscle (brace: 11.1 +/- 13.2%, P < 0.001; plaster: 3.8 +/- 12.9%, NS) (brace vs plaster group, P= 0.07). There was no difference between the groups in the total sagittal knee laxity, as measured with an arthrometer, or in the subjective knee function or activity level (Lysholm score together with the Tegner activity level) between the groups. It is concluded that the postoperative treatment with early range of motion training after ACL reconstruction gave as good ROM, knee stability, subjective knee function and activity level as the treatment with immobilization. It is hypothesized that the larger strength deficit observed after rehabilitation with early range of motion training is secondary to the more intensive training and physical therapist involvement that was demanded in order to achieve full ROM following immobilization.",2002
174,12002492,2002 Apr,,J Bone Joint Surg Br,"['Nau T', 'Lavoie P', 'Duval N']",Duval N,A new generation of artificial ligaments in reconstruction of the anterior cruciate ligament. Two-year follow-up of a randomised trial.,84,3,356-60,['English'],0375355,0301-620X,,"['Clinical Trial', 'Comparative Study', 'Journal Article', 'Randomized Controlled Trial']",PubMed - indexed for MEDLINE,ppublish,"['12002492', '10.1302/0301-620x.84b3.12400']",10.1302/0301-620x.84b3.12400,"['2002/05/11 10:00', '2002/05/22 10:01', '2002/05/11 10:00']",[],1,0,The Journal of bone and joint surgery. British volume,,2002 Apr;84(3):356-60,"We have undertaken a randomised clinical trial comparing two methods of reconstruction of the anterior cruciate ligament in patients with chronic instability. We used an ipsilateral bone-patellar-tendon-bone autograft in 27 patients and the Ligament Advancement Reinforcement System (LARS) artificial ligament in 26. Assessment before and at two, six, 12 and 24 months after surgery, included the history, physical examination, a modified International Knee Documentation Committee (IKDC) score, the Tegner score, the Knee Injury and Osteoarthritis Outcome Score (KOOS) and instrumented laxity testing. There were no cases of reactive synovitis or of infection of the knee, and there was no difference regarding the failure rate between the two groups. The IKDC showed no significant differences between the two groups at any stage of the follow-up. The KOOS evaluation showed consistently better results in all subscales for the LARS group during the first year of follow-up. After 24 months these differences were no longer evident. Instrument-tested laxity was greater in the LARS group at all stages of follow-up, but the differences were not significant at 24 months. Our findings suggest that at follow-up at 24 months the LARS ligament seems to be a satisfactory treatment option, especially when an early return to high levels of activity is demanded.",2002
175,11912091,2002 Mar-Apr,,Am J Sports Med,"['Shaieb MD', 'Kan DM', 'Chang SK', 'Marumoto JM', 'Richardson AB']",Richardson AB,A prospective randomized comparison of patellar tendon versus semitendinosus and gracilis tendon autografts for anterior cruciate ligament reconstruction.,30,2,214-20,['English'],7609541,0363-5465,,"['Clinical Trial', 'Comparative Study', 'Journal Article', 'Randomized Controlled Trial']",PubMed - indexed for MEDLINE,ppublish,"['11912091', '10.1177/03635465020300021201']",10.1177/03635465020300021201,"['2002/03/26 10:00', '2002/04/19 10:01', '2002/03/26 10:00']",[],1,0,The American journal of sports medicine,,2002 Mar-Apr;30(2):214-20,"Seventy patients with patellar tendon or hamstring tendon autografts for single-incision anterior cruciate ligament reconstruction were evaluated at least 2 years after surgery. All reconstructions were performed by the same surgeon, and metal interference screws were used for fixation of all grafts. No significant differences were noted between groups for Lysholm score, reduction in activity, KT-1000 arthrometer findings, quadriceps muscle size, return to sports, or ability to jump and do hard cuts and pivots. Significantly more patients in the patellar tendon group had patellofemoral pain at 6 months after surgery than did the hamstring tendon patients (48% versus 20%), and at last follow-up the incidence of patellofemoral pain was 42% and 20%, respectively. Fourteen patients in the patellar tendon group and seven in the hamstring tendon group had loss of motion (approximately 5 degrees ). Four patients (two in each group) had treatment failures and their results were not included in the clinical examination data. At 2 years' follow-up, 97% of patients with patellar tendon grafts and 100% of patients with hamstring tendon grafts rated their results as good or excellent. We found that hamstring tendon grafts performed similarly to patellar tendon grafts, although fewer patients in the hamstring tendon group had patellofemoral pain and loss of motion.",2002
176,11795727,2002 Jan,,Clin Orthop Relat Res,"['Yoshiya S', 'Kurosaka M', 'Ouchi K', 'Kuroda R', 'Mizuno K']",Mizuno K,Graft tension and knee stability after anterior cruciate ligament reconstruction.,,394,154-60,['English'],0075674,0009-921X,,"['Clinical Trial', 'Comparative Study', 'Journal Article', 'Randomized Controlled Trial']",PubMed - indexed for MEDLINE,ppublish,"['11795727', '10.1097/00003086-200201000-00018']",10.1097/00003086-200201000-00018,"['2002/01/25 10:00', '2002/02/07 10:01', '2002/01/25 10:00']",[],1,0,Clinical orthopaedics and related research,,2002 Jan;(394):154-60,"This study examined the effect of the initial graft tension on the clinical outcome of anterior cruciate ligament reconstruction in a prospective randomized design. Fifty patients were enrolled in the study. In the reconstructive procedure, a bone-patellar tendon-bone graft was used. A set force of 25 N (5.6 lb) was applied in 25 patients and 50 N (11.2 lb) tension was maintained during fixation for the remaining 25 patients with the knee in full extension. In the immediate postoperative period, the anterior cruciate ligament reconstructed knee was similarly overconstrained in both groups. At 3 months, laxity of the surgically treated knee in both groups had increased significantly and become close to that of the contralateral knee. Measured laxity value showed a slight increase between 3 and 6 months, and remained similar thereafter. No significant difference in the clinical outcome was observed between the groups throughout the followup.",2002
177,11798992,2002 Jan-Feb,,Am J Sports Med,"['Hess T', 'Duchow J', 'Roland S', 'Kohn D']",Kohn D,Single-versus two-incision technique in anterior cruciate ligament replacement: influence on postoperative muscle function.,30,1,27-31,['English'],7609541,0363-5465,,"['Clinical Trial', 'Comparative Study', 'Evaluation Study', 'Journal Article', 'Randomized Controlled Trial']",PubMed - indexed for MEDLINE,ppublish,"['11798992', '10.1177/03635465020300011801']",10.1177/03635465020300011801,"['2002/01/19 10:00', '2002/03/02 10:01', '2002/01/19 10:00']",[],1,0,The American journal of sports medicine,,2002 Jan-Feb;30(1):27-31,"The purpose of this study was to find out whether the single-incision technique for anterior cruciate ligament repair has advantages over the two-incision technique in terms of muscular function up to 1 year postoperatively. Twenty patients who underwent unilateral anterior cruciate ligament reconstruction with bone-patellar tendon-bone autografts were randomly assigned to one of the two procedures. Both groups (10 patients in each) were followed up at 1 year. Lysholm and International Knee Documentation scores and thigh circumferences were markedly reduced after surgery in both groups but improved up until the last follow-up examination at 12 months postoperatively. Clinical examination, functional scores, stabilometry measurements, and thigh circumferences did not differ between the two groups. Isokinetic evaluation revealed a significant reduction of extensor peak torques in both groups that was most pronounced at 3 months, then improved continuously but was still present 12 months postoperatively. A significant reduction of peak torques, up to 35%, was seen in the flexor muscles of the involved legs compared with the contralateral legs, but this deficit vanished completely after 12 months in both groups. At 3 and 6 months, for the flexor as well as the extensor muscles, the deficits in peak torque on the injured sides were found to have improved faster in the single-incision group. These results indicate improved dynamic muscle function with use of the single-incision technique because the dissection of the vastus lateralis muscle that occurs in the two-incision technique is avoided.",2002
178,11734484,2001 Nov-Dec,,Am J Sports Med,"['Aune AK', 'Holm I', 'Risberg MA', 'Jensen HK', 'Steen H']",Steen H,Four-strand hamstring tendon autograft compared with patellar tendon-bone autograft for anterior cruciate ligament reconstruction. A randomized study with two-year follow-up.,29,6,722-8,['English'],7609541,0363-5465,,"['Clinical Trial', 'Journal Article', 'Randomized Controlled Trial']",PubMed - indexed for MEDLINE,ppublish,"['11734484', '10.1177/03635465010290060901']",10.1177/03635465010290060901,"['2001/12/06 10:00', '2002/04/03 10:01', '2001/12/06 10:00']",[],1,0,The American journal of sports medicine,,2001 Nov-Dec;29(6):722-8,"Seventy-two patients with subacute or chronic rupture of the anterior cruciate ligament were randomly assigned to autograft reconstruction with four-strand gracilis and semitendinosus tendon (N = 37) or with patellar tendon-bone (N = 35) from the ipsilateral side. The groups were similar in terms of age, sex, level of activity, degree of laxity, meniscal lesions found surgically, and rehabilitation program. The follow-up was performed at another hospital by independent observers after 6, 12, and 24 months. Sixty-one patients (32 with hamstring tendon grafts and 29 with patellar tendon grafts) complied with the follow-up routine for the full 24 months. No differences were found between the groups with respect to Cincinnati functional score, KT-1000 arthrometer measurements, or stairs hopple test results. The subjective result and the single-legged hop test result were better for the hamstring tendon group after 6 and 12 months, but no differences were found after 24 months. The hamstring tendon group showed better isokinetic knee extension strength than did the patellar tendon group after 6 months, but not after 12 and 24 months. There was a significant weakness in isokinetic knee flexion strength among the hamstring tendon group. Anterior knee pain was not significantly different between the groups, but kneeling pain was significantly less common in the hamstring tendon group after 24 months.",2001
179,11706694,2001 Dec,,Knee,"['Kotani A', 'Ishii Y']",Ishii Y,Reconstruction of the anterior cruciate ligament using poly-L-lactide interference screws or titanium screws: a comparative study.,8,4,311-5,['English'],9430798,0968-0160,,"['Case Reports', 'Clinical Trial', 'Comparative Study', 'Journal Article', 'Randomized Controlled Trial']",PubMed - indexed for MEDLINE,ppublish,"['11706694', '10.1016/s0968-0160(01)00087-4', 'S0968-0160(01)00087-4']",10.1016/s0968-0160(01)00087-4,"['2001/11/15 10:00', '2002/01/05 10:01', '2001/11/15 10:00']",[],1,0,The Knee,,2001 Dec;8(4):311-5,"In the present clinical trial, interference screws, made of poly-L-lactic acid and applied in 46 knees, were compared to titanium screws employed in 45 knees for reconstructing the anterior cruciate ligament using bone-patellar tendon-bone. An identical surgical technique was applied to both groups; and neither group disclosed apparent side effects such as synovitis caused by hydrolysis of the PLLA or abnormal biochemical findings in the blood. There was no significant difference in the postoperative outcome between the two groups.",2001
180,11685356,2001 Sep,,Knee Surg Sports Traumatol Arthrosc,"['Feller JA', 'Webster KE', 'Gavin B']",Gavin B,Early post-operative morbidity following anterior cruciate ligament reconstruction: patellar tendon versus hamstring graft.,9,5,260-6,['English'],9314730,0942-2056,,"['Clinical Trial', 'Clinical Trial, Phase I', 'Comparative Study', 'Journal Article', 'Randomized Controlled Trial']",PubMed - indexed for MEDLINE,ppublish,"['11685356', '10.1007/s001670100216']",10.1007/s001670100216,"['2000/07/05 00:00', '2001/03/11 00:00', '2001/10/31 10:00', '2002/01/05 10:01', '2001/10/31 10:00']",[],1,0,"Knee surgery, sports traumatology, arthroscopy : official journal of the ESSKA",,2001 Sep;9(5):260-6,"This study documented postoperative morbidity during the first 4 months following anterior cruciate ligament (ACL) reconstruction using either patellar tendon or hamstring tendon autograft. Sixty-five patients undergoing primary arthroscopically assisted single-incision ACL reconstruction were randomized to have a central third bone patellar tendon bone autograft (PT) or a doubled semitendinosus/doubled gracilis autograft (HS). Postoperatively patients undertook a standard 'accelerated' rehabilitation protocol. Patients were reviewed after 2 weeks, 8 weeks, and 4 months. At each review the location and severity of general knee pain and the presence and severity of anterior knee pain (AKP) were recorded as were the presence and size of an effusion as well as the active and passive flexion and passive extension deficits compared to the contralateral limb. Pain on kneeling, KT-1000 measured side to side difference in anterior tibial displacement, isokinetic assessment of quadriceps and hamstring peak torque deficits, IKDC score and Cincinnati sports activity level were also recorded after 4 months. After 2 weeks more patients in the PT group complained of AKP and reported that the pain was more severe. After 8 weeks there was no significant difference between the groups for any variable. After 4 months the severity of general pain experienced and the incidence of pain on kneeling were greater in the PT group. The PT group also demonstrated a significantly greater quadriceps peak torque deficit at 240 degrees /s. IKDC scores were higher in the HS group, but Cincinnati sports activity scores were higher in the PT group. Although we observed a lower morbidity in the HS group, primarily related to pain, the severity of pain in both groups was relatively low and, in light of the higher mean sports activity level observed in the PT group at 4 months the clinical impact of the difference may not be significant.",2001
181,11536090,2001 Sep,,Arthroscopy,"['Mariani PP', 'Camillieri G', 'Margheritini F']",Margheritini F,Transcondylar screw fixation in anterior cruciate ligament reconstruction.,17,7,717-23,['English'],8506498,0749-8063,1526-3231,"['Clinical Trial', 'Journal Article', 'Randomized Controlled Trial']",PubMed - indexed for MEDLINE,ppublish,"['11536090', '10.1053/jars.2001.25277', 'S0749-8063(01)97221-4']",10.1053/jars.2001.25277,"['2001/09/06 10:00', '2002/05/10 10:01', '2001/09/06 10:00']",[],1,0,Arthroscopy : the journal of arthroscopic & related surgery : official publication of the Arthroscopy Association of North America and the International Arthroscopy Association,,2001 Sep;17(7):717-23,"PURPOSE: The purpose of this study was to investigate the outcomes of 2 different methods of femoral fixation for arthroscopically assisted anterior cruciate ligament (ACL) reconstruction. TYPE OF STUDY: Double-blind prospective study. METHODS: Fifty-five patients were prospectively evaluated at 2-year follow-up. In group A, 24 patients underwent arthroscopic ACL reconstruction with bone-patellar tendon-bone and interference screw fixation. In group B, 31 patients underwent arthroscopic ACL reconstruction with bone-patellar tendon-bone and transcondylar screw fixation. Patients were evaluated by using the IKDC form, Lysholm-II form, Tegner scoring system, and KT-2000 arthrometer. RESULTS: In group A, final IKDC clinical evaluation achieved 0% grade A, 62.5% grade B, 25% grade C, and 12.5% grade D. In group B, 29.1% achieved grade A, 54.8% grade B, 12.9% grade C, and 3.2% grade D. The difference was statistically significant (P <.05). The injured versus normal side-to-side KT-2000 difference at maximum manual loading was 3.68 mm (SD, 1.71) in group A and 1.64 (SD, 2.05) in group B (P <.0001). CONCLUSIONS: This prospective study could not provide significant data suggesting that 1 method of fixation is superior to the other. Therefore, we consider both methods comparable in terms of stability and functional outcome at short-term follow-up. Transcondylar fixation offers the following advantages: fixation without intra-articular hardware, greater bone-to-bone fixation, and the possibility of fixation with breakage of the posterior femoral tunnel wall. Moreover, this method may be a useful alternative in revision ACL surgery.",2001
182,11409559,2001 May,,Arch Orthop Trauma Surg,"['Follak N', 'Ganzer D']",Ganzer D,Postoperative analgesic value of the intra-articular instillation of bupivacaine and morphine after arthroscopic knee surgery.,121,5,278-81,['English'],9011043,0936-8051,,"['Clinical Trial', 'Journal Article', 'Randomized Controlled Trial']",PubMed - indexed for MEDLINE,ppublish,"['11409559', '10.1007/s004020000234']",10.1007/s004020000234,"['2001/06/21 10:00', '2001/10/26 10:01', '2001/06/21 10:00']",[],1,0,Archives of orthopaedic and trauma surgery,,2001 May;121(5):278-81,"This prospective, randomized, double-blind study was carried out with 320 patients, subdivided into 4 groups of 80 patients each, who underwent arthroscopic knee surgery during the time period from March 1995 to February 1997. Each of the 4 groups received a different solution: 15 ml of bupivacaine 0.5%, 5 mg of morphine in 15 ml of isotonic saline solution, 15 ml of bupivacaine 0.5% with epinephrine 0.0005%, or 15 ml of isotonic saline solution (control group). Within each study group, the following operations were performed: 15 cruciate ligament plasties with autologous patellar tendon grafts, 30 meniscus resections, 15 notch-plasties as preparation for anterior cruciate ligament surgery, and 20 other types of operation (plica resection, diagnostic biopsy, etc.). Pain intensity was assessed with the visual analogue scale obtained from questioning patients at 2, 4, 8, 12, and 24 h postoperatively. In terms of reducing postoperative pain and decreasing the consumption of analgesics after arthroscopic knee surgery, bupivacaine 0.5% with epinephrine 0.0005% was found to be the most effective.",2001
183,11394604,2001 May-Jun,,Am J Sports Med,"['McCarty EC', 'Spindler KP', 'Tingstad E', 'Shyr Y', 'Higgins M']",Higgins M,Does intraarticular morphine improve pain control with femoral nerve block after anterior cruciate ligament reconstruction?,29,3,327-32,['English'],7609541,0363-5465,,"['Clinical Trial', 'Comparative Study', 'Journal Article', 'Randomized Controlled Trial']",PubMed - indexed for MEDLINE,ppublish,"['11394604', '10.1177/03635465010290031301']",10.1177/03635465010290031301,"['2001/06/08 10:00', '2001/10/26 10:01', '2001/06/08 10:00']",[],1,0,The American journal of sports medicine,,2001 May-Jun;29(3):327-32,"In a prospective, randomized, double-blinded manner, we compared the effects of a preoperative intraarticular injection of morphine (5 mg) or a placebo, combined with a postoperative femoral nerve block, on postoperative pain. Sixty-two patients underwent an arthroscopically assisted anterior cruciate ligament reconstruction using patellar tendon autograft under general anesthesia. No statistical difference between the two groups was evident in terms of age, sex, weight, operative time, volume of bupivacaine received with the femoral nerve block, or tourniquet use or tourniquet time. Comparison of visual analog scale pain scores revealed no statistical difference between the groups at any point after the operation. Both groups had a significant decrease in visual analog scale scores after the femoral nerve block, with the lowest mean values 4 hours after the operation (morphine group, 1.7; placebo group, 1.4), and continuing to be significantly less through 24 hours (morphine, 2.6; placebo, 2.9). No significant difference in postoperative narcotic medication use was evident in the recovery room or at home. A post hoc power analysis revealed that the study power reached 87%, with a significance level of 5%. The postoperative femoral nerve block was effective, and intraarticular morphine provided no additional benefit.",2001
184,11394593,2001 May-Jun,,Am J Sports Med,"['Anderson AF', 'Snyder RB', 'Lipscomb AB Jr']",Lipscomb AB Jr,Anterior cruciate ligament reconstruction. A prospective randomized study of three surgical methods.,29,3,272-9,['English'],7609541,0363-5465,,"['Clinical Trial', 'Comparative Study', 'Journal Article', 'Randomized Controlled Trial', ""Research Support, Non-U.S. Gov't""]",PubMed - indexed for MEDLINE,ppublish,"['11394593', '10.1177/03635465010290030201']",10.1177/03635465010290030201,"['2001/06/08 10:00', '2001/10/26 10:01', '2001/06/08 10:00']",[],1,0,The American journal of sports medicine,,2001 May-Jun;29(3):272-9,"A prospective randomized study was performed to determine the differences in results between three methods of anterior cruciate ligament reconstruction: autogenous bone-patellar tendon-bone graft (group 1), semitendinosus and gracilis tendon graft reconstruction combined with an extraarticular procedure (group 2), and semitendinosus and gracilis tendon graft reconstruction alone (group 3). Preoperatively, there were no significant differences between groups. At a mean of 35.4 +/- 11.6 months postoperatively, 102 patients returned for evaluation. International Knee Documentation Committee knee evaluation revealed no significant differences in symptoms, function, return to pre-injury activity, harvest site abnormalities, or limitation of motion between groups 1 and 3. Patients in group 2 had a higher incidence of patellofemoral crepitation and loss of motion than did patients in group 3. The mean manual maximum KT-1000 arthrometer side-to-side difference was 2.1 +/- 2.0 mm in group 1, which was statistically significantly better than the difference in group 3 (3.1 +/- 2.3 mm). Final knee rating showed that 34 of 35 patients in group 1, 23 of 34 patients in group 2, and 26 of 33 patients in group 3 had a normal or nearly normal overall knee rating. Anterior cruciate ligament reconstruction with a semitendinosus and gracilis or a patellar tendon autograft may yield similar subjective results; however, the patellar tendon autograft may provide better objective stability in the long term. In addition, there appears to be no benefit to combining an intraarticular anterior cruciate ligament reconstruction with an extraarticular procedure.",2001
185,11374431,2001 Jun,,Scand J Med Sci Sports,"['Eriksson K', 'Anderberg P', 'Hamberg P', 'Olerud P', 'Wredmark T']",Wredmark T,There are differences in early morbidity after ACL reconstruction when comparing patellar tendon and semitendinosus tendon graft. A prospective randomized study of 107 patients.,11,3,170-7,['English'],9111504,0905-7188,,"['Clinical Trial', 'Comparative Study', 'Journal Article', 'Randomized Controlled Trial']",PubMed - indexed for MEDLINE,ppublish,['11374431'],,"['2001/05/26 10:00', '2001/09/28 10:01', '2001/05/26 10:00']",[],1,0,Scandinavian journal of medicine & science in sports,,2001 Jun;11(3):170-7,"The main objective of this study was to study solely early postoperative morbidity following anterior cruciate ligament (ACL) reconstruction by comparing the gold standard procedure, the bone-patellar tendon-bone graft (BTB), and one of the most common alternatives, the semitendinosus tendon graft (ST). The prospective study included 107 randomized patients (50 BTB and 57 ST). The follow-up period was set to 20-35 weeks postoperatively (mean 26.8 +/- 3.5 weeks). One patient suffered early graft rupture and 89 (84%) of the remaining 106 patients were able to attend the follow-up within the given time limit. There were no differences in sick leave between the groups. The Lysholm score, Tegner activity level score and Visual Analog Scales (VAS) with the questions ""How does your knee function?"" and ""How does your knee affect your activity level?"" revealed no differences between the groups. Subjective patellofemoral pain, patellofemoral compartment findings and donor site morbidity were more common in the BTB group, P < 0.05. Lachman test grade 1+ was more common in the ST group, P < 0.05, but there was no significant difference in instrumented Lachman side-to-side comparison. The ST group scored better in the one-leg hop test than the BTB group, P < 0.05. No correlations between these clinical and functional findings and subjective knee function scores were found. In conclusion, ACL reconstruction with ST tendon graft presented fewer short-term postoperative problems as compared to reconstruction with BTB.",2001
186,11354858,2001,,Knee Surg Sports Traumatol Arthrosc,"['Webster KE', 'Feller JA', 'Hameister KA']",Hameister KA,Bone tunnel enlargement following anterior cruciate ligament reconstruction: a randomised comparison of hamstring and patellar tendon grafts with 2-year follow-up.,9,2,86-91,['English'],9314730,0942-2056,,"['Clinical Trial', 'Journal Article', 'Randomized Controlled Trial']",PubMed - indexed for MEDLINE,ppublish,"['11354858', '10.1007/s001670100191']",10.1007/s001670100191,"['2001/05/17 10:00', '2001/09/28 10:01', '2001/05/17 10:00']",[],1,0,"Knee surgery, sports traumatology, arthroscopy : official journal of the ESSKA",,2001;9(2):86-91,"Radiographic tibial and femoral bone tunnel enlargement has been demonstrated following anterior cruciate ligament (ACL) reconstruction. This study investigated whether bone tunnel enlargement differs between four-strand hamstring (HS) and patellar tendon (PT) ACL reconstructions over the course of a 2-year follow-up. Patients undergoing primary ACL reconstruction (n = 65) were randomised to receive either a PT or HS autograft. Femoral fixation in both groups was by means of an Endobutton. On the tibial side the PT grafts were fixed using a metallic interference screw, and the HS tendons by sutures tied to a fixation post. The PT grafts were inserted such that the proximal end of the distal bone block was within 10 mm of the tibial articular surface, resulting in a portion of free patellar tendon in the femoral tunnel immediately proximal to the articular surface. Patients were reviewed after 4 months and 1 and 2 years. Tunnel enlargement was determined by measuring the widths of the femoral and tibial tunnels with a digital caliper in both lateral and anteroposterior radiographs. Because of the presence of the interference screw and the proximity of the bone block to the tibial articular surface, the tibial tunnel could not be reliably measured in the PT group. Measurements were corrected for magnification, and changes in tunnel width were recorded relative to the diameters drilled at surgery. Standard clinical measures were also noted. In 32% of patients in the PT group there was femoral tunnel obliteration from 4 months onwards. For the other patients there was a significantly greater increase in femoral tunnel width in the HS group than in the PT group at each follow-up, but no significant change with time. There was also a marked increase in tibial tunnel width in the HS group at 4 months but not thereafter. There was no relationship between tunnel enlargement and clinical measurements. Although tunnel enlargement is more common and greater with HS grafts, it does not appear to affect the clinical outcome in the first 2 postoperative years. Femoral suspensory fixation does not in itself appear to be the principal cause of femoral tunnel enlargement, at least for PT grafts.",2001
187,11341418,2001 Apr,,J Bone Joint Surg Br,"['Eriksson K', 'Anderberg P', 'Hamberg P', 'Löfgren AC', 'Bredenberg M', 'Westman I', 'Wredmark T']",Wredmark T,A comparison of quadruple semitendinosus and patellar tendon grafts in reconstruction of the anterior cruciate ligament.,83,3,348-54,['English'],0375355,0301-620X,,"['Clinical Trial', 'Comparative Study', 'Journal Article', 'Multicenter Study', 'Randomized Controlled Trial']",PubMed - indexed for MEDLINE,ppublish,"['11341418', '10.1302/0301-620x.83b3.11685']",10.1302/0301-620x.83b3.11685,"['2001/05/09 10:00', '2001/06/02 10:01', '2001/05/09 10:00']",[],1,0,The Journal of bone and joint surgery. British volume,,2001 Apr;83(3):348-54,"In a two-centre study, 164 patients with unilateral instability of the anterior cruciate ligament were prospectively randomised to arthroscopic reconstruction with either a patellar tendon graft using interference screw fixation or a quadruple semitendinosus graft using an endobutton fixation technique. The same postoperative rehabilitation protocol was used for all patients and follow-up at a median of 31 months (24 to 59) was carried out by independent observers. Four patients (2%) were lost to follow-up. No significant differences were found between the groups regarding the Stryker laxity test, one-leg hop test, Tegner activity level, Lysholm score, patellofemoral pain score, International Knee Documentation Committee (IKDC) score or visual analogue scale, reflecting patient satisfaction and knee function. Slightly decreased extension, compared with the non-operated side, was found in the patellar tendon group (p < 0.05). Patients with associated meniscal injuries had lower IKDC, visual analogue (p < 0.01) and Lysholm scores (p < 0.05) than those without such injuries. Patients in whom reconstruction had been carried out less than five months after the injury had better final IKDC scores than the more chronic cases (p < 0.05). We conclude that patellar tendon and quadruple semitendinous tendon grafts have similar outcomes in the medium term. Associated meniscal pathology significantly affects the final outcome and early reconstruction seems to be beneficial.",2001
188,11269585,2001,,Knee Surg Sports Traumatol Arthrosc,"['Ejerhed L', 'Kartus J', 'Köhler K', 'Sernert N', 'Brandsson S', 'Karlsson J']",Karlsson J,Preconditioning patellar tendon autografts in arthroscopic anterior cruciate ligament reconstruction: a prospective randomized study.,9,1,6-11,['English'],9314730,0942-2056,,"['Clinical Trial', 'Journal Article', 'Randomized Controlled Trial', ""Research Support, Non-U.S. Gov't""]",PubMed - indexed for MEDLINE,ppublish,"['11269585', '10.1007/s001670000179']",10.1007/s001670000179,"['2001/03/28 10:00', '2001/05/22 10:01', '2001/03/28 10:00']",[],1,0,"Knee surgery, sports traumatology, arthroscopy : official journal of the ESSKA",,2001;9(1):6-11,This prospective randomized evaluated the effect of preconditioning patellar tendon autografts before implantation and fixation during anterior cruciate ligament (ACL) reconstruction. Fifty-three patients with a unilateral ACL rupture were included in the study. One group of patients had their patellar tendon autograft preconditioned by passive stretching at a constant load of 39 N for 10 min immediately prior to implantation (group P). The other group underwent no preconditioning before the implantation of the graft (group NP). The follow-up examination was performed by independent observers after 26 months (23-29) in group P and after 25 months (23-30) in group NP (n.s.). At follow-up the KT-1000 laxity test revealed a total side-to-side difference of 2.5 mm (-1.5 to +8.5) in group P and 3.0 mm (-7 to +6.5) in group NP (n.s.). The Lysholm score was 86 points (47-100) in group P and 94 points (44-100) in group NP (n.s.). The Tegner activity level was 6 (2-9) in group P and 7 (3-9) in group NP (n.s.). There was no significant difference between the study groups regarding IKDC classification. Patients who underwent ACL reconstruction using a preconditioned patellar tendon autograft had no advantages in terms of restoration of laxity or clinical outcome at 2-year follow-up.,2001
189,11252459,2001 Apr,,Scand J Med Sci Sports,"['Brandsson S', 'Faxén E', 'Kartus J', 'Eriksson BI', 'Karlsson J']",Karlsson J,"Is a knee brace advantageous after anterior cruciate ligament surgery? A prospective, randomised study with a two-year follow-up.",11,2,110-4,['English'],9111504,0905-7188,,"['Clinical Trial', 'Journal Article', 'Randomized Controlled Trial']",PubMed - indexed for MEDLINE,ppublish,"['11252459', '10.1034/j.1600-0838.2001.011002110.x']",10.1034/j.1600-0838.2001.011002110.x,"['2001/03/17 10:00', '2001/05/18 10:01', '2001/03/17 10:00']",[],1,0,Scandinavian journal of medicine & science in sports,,2001 Apr;11(2):110-4,"The aim of this study was to evaluate the use of a knee brace after arthroscopic anterior cruciate ligament reconstruction using central third patellar tendon autografts. Fifty patients were randomly allocated to two groups. The patients in Group A wore a brace for three weeks postoperatively, while the patients in Group B were rehabilitated without the use of a brace. Pre-operatively, the groups were comparable in terms of age, sex, activity level, knee laxity and muscle strength. The follow-up examination was performed by one independent observer. All the patients were followed up for a minimum of two years. At the follow-up, there were no significant differences between the study groups in terms of the Tegner activity level, Lysholm score, IKDC evaluation system, one-leg-hop quotient, KT-1000 measurements and isokinetic torque. Using the visual analogue scale, the patients in Group A evaluated their pain during the first two post-operative weeks as 1.0 (0-7), compared with 2.3 (0-9) in Group B (P= 0.04). Furthermore, the patients in Group A had a tendency towards fewer problems with swelling, haemathrosis and wound leakage during the early post-operative period (P=0.08). We conclude that the patients who were rehabilitated with the use of a brace had less pain and a tendency towards fewer complications during the early post-operative period than the patients who were rehabilitated without the use of a brace. However, there were no differences in terms of function or knee laxity at the two-year follow-up.",2001
190,11216725,2001 Winter,,Am J Knee Surg,"['DuMontier TA', 'Metcalf MH', 'Simonian PT', 'Larson RV']",Larson RV,Patella fracture after anterior cruciate ligament reconstruction with the patellar tendon: a comparison between different shaped bone block excisions.,14,1,9-15,['English'],8804841,0899-7403,,"['Clinical Trial', 'Comparative Study', 'Journal Article', 'Randomized Controlled Trial']",PubMed - indexed for MEDLINE,ppublish,['11216725'],,"['2001/02/24 12:00', '2001/04/17 10:01', '2001/02/24 12:00']",[],1,0,The American journal of knee surgery,,2001 Winter;14(1):9-15,"Tensile failure of a patella after anterior cruciate ligament (ACL) reconstruction with autogenous patellar tendon graft is an uncommon but serious complication. One factor that may affect post-harvest patella strength is the shape of the bony defect. The effect of patella defect shape on ultimate tensile strength and mode of failure of the extensor mechanism has not been studied using physiologic moments. Twelve matched pair knee specimens were randomly distributed within three groups comparing rectangular versus triangular, rectangular versus circular, and circular versus triangular shaped patella defects. Specimens were loaded in tension to failure using physiologic moments. Patella fracture occurred in 21 of 24 specimens. Mean ultimate strength for all patellae with a circular defect was 2540 N (+/-651), rectangular defect was 3267 N (+/-920), and triangular defect was 3009 N (+/-1057). There was no significant difference in mean ultimate tensile strength between defect shapes or between matched pairs within the groups. Mode of failure also was similar in all three groups. No defect shape was found to be superior in this investigation comparing ultimate tensile strength or mode of failure between different shaped patella defects.",2001
191,11098747,2000 Oct,,Unfallchirurg,"['Fremerey R', 'Lobenhoffer P', 'Skutek M', 'Zeichen J', 'Gerich T', 'Bosch U']",Bosch U,[Proprioception after reconstruction of the anterior cruciate ligament. Endoscopic vs. 2 tunnel technique].,103,10,864-70,['German'],8502736,0177-5537,,"['Clinical Trial', 'Comparative Study', 'Journal Article', 'Randomized Controlled Trial']",PubMed - indexed for MEDLINE,ppublish,"['11098747', '10.1007/s001130050634']",10.1007/s001130050634,"['2000/12/01 11:00', '2001/03/03 10:01', '2000/12/01 11:00']",[],1,0,Der Unfallchirurg,,2000 Oct;103(10):864-70,"ACL reconstruction with patellar tendon autograft is a standard procedure which can be performed arthroscopically with a femoral half tunnel drilled from the joint or using the two-tunnel technique with medial miniarthrotomy and additional femoral approach. The arthroscopic procedure with single incision was supposed to increase stability and to improve proprioception by earlier rehabilitation. 29 patients with ACL deficiency were included in the study. 15 patients were treated endoscopically, 14 patients by using the two-tunnel technique. Proprioception, Lysholm and Tegner scores as well as stability (KT-1000) were assessed preoperatively, 3 and 6 months postoperatively. A deficit of proprioception was assessed in either group preoperatively, which could be improved after 3 months only in the arthroscopic group. 6 months postoperatively, either group showed a restitution of proprioception near full extension and full flexion of the knee. In the mid range position, the proprioception could not be restored. There were no differences in stability and the Lysholm and Tegner scores between the groups after 6 months postoperatively. The comparison between the patients with acute and chronic instability shows a better proprioception in the acute group in the mid range position 6 months after the reconstruction.",2000
192,11078536,2000 Nov,,Arthroscopy,"['Brand J Jr', 'Hamilton D', 'Selby J', 'Pienkowski D', 'Caborn DN', 'Johnson DL']",Johnson DL,Biomechanical comparison of quadriceps tendon fixation with patellar tendon bone plug interference fixation in cruciate ligament reconstruction.,16,8,805-12,['English'],8506498,0749-8063,1526-3231,"['Clinical Trial', 'Comparative Study', 'Journal Article', 'Randomized Controlled Trial']",PubMed - indexed for MEDLINE,ppublish,"['11078536', '10.1053/jars.2000.18240', 'S0749-8063(00)08912-X']",10.1053/jars.2000.18240,"['2000/11/15 11:00', '2001/06/02 10:01', '2000/11/15 11:00']",[],1,0,Arthroscopy : the journal of arthroscopic & related surgery : official publication of the Arthroscopy Association of North America and the International Arthroscopy Association,,2000 Nov;16(8):805-12,"PURPOSE: The purpose of this study was to use current fixation techniques and compare the stiffness and ultimate tensile failure of the tendinous end of the quadriceps tendon (QT) with the bone plug end of the bone-patellar tendon-bone (BPTB) graft using current techniques of fixation. TYPE OF STUDY: Randomized trial of elderly cadaver knees. MATERIALS AND METHODS: Tibial and femoral biodegradable interference fixation and femoral EndoButton (Smith & Nephew, Acufex, Mansfield, MA) fixation in bone tunnels with the QT and the BPTB graft were compared by using 10 pairs of elderly cadavers and biomechanical testing. Two groups, fixation at time zero (simulating fixation in the operating room) and testing after 1, 000 loading cycles (simulating patient rehabilitation exercises), were used. RESULTS: At time zero fixation, stiffness of the soft tissue QT tibial tunnel interference fixation was 59% less stiff than the stiffness of the interference fixation of a BPTB plug in a femoral tunnel (P =.11). The EndoButton femoral fixation resulted in a decrease in stiffness at time zero compared with femoral tunnel interference fixation of the soft tissue QT (P =.03). All groups improved stiffness with cycling the construct to 1,000 cycles. CONCLUSIONS: Placement of the QT tendinous end of the graft in the femoral bone tunnel when using a interference fixation will approximate the stiffness of a bone plug in the tibial bone tunnel with interference fixation. The EndoButton fixation is not as stiff as either of the femoral interference fixation options. The addition of more than 20 loading cycles could remove laxity from the graft fixation-graft cruciate ligament complex and improve its stiffness.",2000
193,10925649,2000 Jun,,Unfallchirurg,"['Hackl W', 'Fink C', 'Benedetto KP', 'Hoser C']",Hoser C,[Transplant fixation by anterior cruciate ligament reconstruction. Metal vs. bioabsorbable polyglyconate interference screw. A prospective randomized study of 40 patients].,103,6,468-74,['German'],8502736,0177-5537,,"['Clinical Trial', 'Comparative Study', 'English Abstract', 'Journal Article', 'Randomized Controlled Trial']",PubMed - indexed for MEDLINE,ppublish,"['10925649', '10.1007/s001130050567']",10.1007/s001130050567,"['2000/08/05 11:00', '2000/09/09 11:01', '2000/08/05 11:00']",[],1,0,Der Unfallchirurg,,2000 Jun;103(6):468-74,"To overcome some of the potential problems (e.g. hardware removal during revision surgery) of metal interference screws used for patellar tendon anterior cruciate ligament reconstruction, bioabsorbable screws have recently been introduced. Forty patients who underwent endoscopic ACL reconstruction using patella tendon autograft were included in the study, they were randomized intraoperatively to either Group A (femoral bone block fixation: polyglyconate screw; tibial: metal screw) or Group B (both bone blocks fixed with metal interference screws). The patients were evaluated clinically preoperatively as well as 6 weeks, 3 months 12 months and 24 months post op. Lysholm Score at 24 months was 98.1 +/- 2.3 for Group A and 97.7 +/- 3.0 for Group B. Tegner Score was 7.4 +/- 1.1 for Group A and 7.5 +/- 0.8 for Group B. Two years post op overall IKDC-Score for group A was 5.6% normal, 88.8% nearly normal and 5.6% abnormal. The result for group B was 11.1%, 77.8% and 11.1%, respectively. KT-1000 (at 89 N) at two years revealed a side to side difference of 1.5 +/- 0.3 mm (Group A) and 1.6 +/- 0.7 (Group B). The results of the two groups did not show significant differences at any stage of follow up. In our study polyglyconate interference screw fixation for patellar tendon grafts has not found to be associated with increased clinical complications. It provided equivalent fixation and clinical results compared to metal screws.",2000
194,10882444,2000 Jul-Aug,,Arthroscopy,"['Fink C', 'Benedetto KP', 'Hackl W', 'Hoser C', 'Freund MC', 'Rieger M']",Rieger M,Bioabsorbable polyglyconate interference screw fixation in anterior cruciate ligament reconstruction: a prospective computed tomography-controlled study.,16,5,491-8,['English'],8506498,0749-8063,,"['Clinical Trial', 'Comparative Study', 'Journal Article', 'Randomized Controlled Trial']",PubMed - indexed for MEDLINE,ppublish,"['10882444', '10.1053/jars.2000.4633', 'S0749-8063(00)56788-7']",10.1053/jars.2000.4633,"['2000/07/06 11:00', '2000/09/19 11:01', '2000/07/06 11:00']",[],1,0,Arthroscopy : the journal of arthroscopic & related surgery : official publication of the Arthroscopy Association of North America and the International Arthroscopy Association,,2000 Jul-Aug;16(5):491-8,"PURPOSE: It was the purpose of the study to evaluate a new polyglyconate bioabsorbable interference screw for graft fixation in anterior cruciate ligament (ACL) reconstruction. TYPE OF STUDY: Prospective randomized. MATERIALS AND METHODS: Forty patients who underwent endoscopic ACL reconstruction were included in the study and randomized intraoperatively. Group A consisted of 20 patients (6 women, 14 men; mean age, 29.6 years) who had femoral bone block fixation with a bioabsorbable interference screw and tibial fixation with a titanium interference screw. Group B included 20 patients (5 women, 15 men; mean age 29.6 years) who had fixation of both femoral and tibial bone blocks with titanium interference screws. There was no significant difference between the groups with regard to age, gender, height, weight, time from injury to surgery, activity level, and concomitant injuries. RESULTS: Clinical results (using IKDC, Lysholm, Tegner scores) of the 2 groups as well as instrumented laxity measurements (KT-1000) did not show significant (P >.05) differences at any stage of follow-up. No complications with respect to graft fixation could be found. Computed tomography scans, performed within the first postoperative week, at 6 weeks, and at 3, 6, 12, and 24 months postoperatively revealed a uniform picture for all patients within the groups, showing completed screw degradation at 12 months in group A. CONCLUSION: Polyglyconate interference screw fixation for patellar tendon grafts has not been found to be associated with increased clinical complications or significant osteolysis. It provided equivalent fixation and clinical results compared with titanium screws. However, replacement of the screw with bone did not take place for up to 3 years postoperatively.",2000
195,10530838,1999 Sep,,J Bone Joint Surg Br,"['Weale AE', 'Murray DW', 'Newman JH', 'Ackroyd CE']",Ackroyd CE,The length of the patellar tendon after unicompartmental and total knee replacement.,81,5,790-5,['English'],0375355,0301-620X,,"['Clinical Trial', 'Journal Article', 'Randomized Controlled Trial', ""Research Support, Non-U.S. Gov't""]",PubMed - indexed for MEDLINE,ppublish,"['10530838', '10.1302/0301-620x.81b5.9590']",10.1302/0301-620x.81b5.9590,"['1999/10/26 00:00', '1999/10/26 00:01', '1999/10/26 00:00']",[],1,0,The Journal of bone and joint surgery. British volume,,1999 Sep;81(5):790-5,"Patella infera may occur after reconstruction of the anterior cruciate ligament (ACL), high tibial osteotomy and total knee replacement (TKR). Restriction of movement of the knee and pain may result. Our aim was to compare the incidence and to assess the effects of patella infera after TKR and unicompartmental knee replacement (UKR). We reviewed radiographs of the knees of 84 patients who had had either TKR or UKR as part of a randomised, controlled trial The length of the patellar tendon was measured on serial radiographs taken before, at eight months and at five years after operation. There was no significant change in the length of the patellar tendon after UKR, but a significant reduction was observed after TKR. Five years after the operation, the shortening of the tendon had increased to a mean of 3.5 mm. Of the knees with TKR reviewed at five years, 34% developed patella infera, defined as 10% or more of shortening, compared with 5% of those with UKR. Shortening was greatest in those knees which had required a lateral release; in this subgroup the mean shortening was 7.2 mm. Shortening correlated with restriction of movement and pain in the knee. Our study has shown that patella infera develops in most patients after TKR with lateral release, and in approximately 25% of patients after TKR without this additional procedure. Patella infera rarely occurs after UKR. It is associated with restriction of movement and pain in the knee. It may be an effect of the more extensive exposure required to perform TKR and may, in part, explain the better clinical results of UKR.",1999
196,10525698,1999,,Knee Surg Sports Traumatol Arthrosc,"['Jansson KA', 'Harilainen A', 'Sandelin J', 'Karjalainen PT', 'Aronen HJ', 'Tallroth K']",Tallroth K,"Bone tunnel enlargement after anterior cruciate ligament reconstruction with the hamstring autograft and endobutton fixation technique. A clinical, radiographic and magnetic resonance imaging study with 2 years follow-up.",7,5,290-5,['English'],9314730,0942-2056,,"['Clinical Trial', 'Journal Article', 'Randomized Controlled Trial', ""Research Support, Non-U.S. Gov't""]",PubMed - indexed for MEDLINE,ppublish,"['10525698', '10.1007/s001670050166', '90070290.167']",10.1007/s001670050166,"['1999/10/20 00:00', '1999/10/20 00:01', '1999/10/20 00:00']",[],1,0,"Knee surgery, sports traumatology, arthroscopy : official journal of the ESSKA",,1999;7(5):290-5,"The aim of this study was to describe the contrast-enhanced magnetic resonance imaging (MRI) appearance of bone tunnel enlargement detected on radiography after anterior cruciate ligament (ACL) reconstruction with semitendinosus and gracilis tendon endobutton (STG-endobutton) fixation technique. Fourteen patients with a STG-endobutton ACL reconstruction were examined 3 months (n = 1), 1 year (n = 1) and 2 years (n = 12) postoperatively. An age- and sex-matched group with a bone-patellar tendon-bone (BTB) autograft ACL reconstruction with similar follow-up was taken as control. Data on clinical examination, laxity and isokinetic muscle torque measurements, anteroposterior and lateral view radiography were obtained, and knee scores (Lysholm and Tegner) were collected. Contrast-enhanced MRI was performed in the STG-endobutton group with a 1.5-T imager. There were no statistical differences between the groups with respect to clinical findings, stability tests, or knee scores. In the STG-endobutton group the average femoral and tibial bone tunnel diameter detected on anteroposterior view radiography had increased at 2-year follow-up by 33% and 23%, respectively. On MRI the ligamentous graft itself was not enhanced by the contrast medium whereas periligamentous tissue within and around the STG graft bundles showed mild contrast enhancement. In conclusion, the MRI results suggest that enhancing periligamentous tissue accumulated in and around the STG graft associated with the tunnel expansion. In spite of the significant bone tunnel enlargement observed on the follow-up radiography the STG-endobutton knees were stable and the patients satisfied.",1999
197,10495176,1999 Sep,,Arthroscopy,"['Amendola A', 'Faber K', 'Willits K', 'Miniaci A', 'Labib S', 'Fowler P']",Fowler P,Compartment pressure monitoring during anterior cruciate ligament reconstruction.,15,6,607-12,['English'],8506498,0749-8063,,"['Case Reports', 'Clinical Trial', 'Journal Article', 'Randomized Controlled Trial']",PubMed - indexed for MEDLINE,ppublish,"['10495176', '10.1053/ar.1999.v15.015060', 'S0749-8063(99)00125-5']",10.1053/ar.1999.v15.015060,"['1999/09/24 00:00', '1999/09/24 00:01', '1999/09/24 00:00']",[],1,0,Arthroscopy : the journal of arthroscopic & related surgery : official publication of the Arthroscopy Association of North America and the International Arthroscopy Association,,1999 Sep;15(6):607-12,"A prospective double blind randomized study was carried out using 20 healthy males with anterior cruciate ligament (ACL) insufficiency undergoing bone-patellar tendon-bone ACL reconstruction. The subjects were randomized into either water or saline irrigation and then underwent identical reconstructive procedures using an arthroscopic pump. Continuous preoperative, intraoperative, and postoperative pressures were monitored using the slit catheter technique. Blood pressure and compartment pressure measurements were continuously recorded and noted at all stages of the procedure. Mean preoperative anterior and posterior compartment pressures were similar in both groups. No significant differences were noted between the anterior and posterior compartments of each group. No difference between water and saline irrigation was identified throughout the procedure. In both groups, postoperative pressures were slightly lower in the anterior and posterior compartments compared with preoperative pressures, but not significantly.",1999
198,10424549,1999 Jul-Aug,,Arthroscopy,"['McGuire DA', 'Barber FA', 'Elrod BF', 'Paulos LE']",Paulos LE,Bioabsorbable interference screws for graft fixation in anterior cruciate ligament reconstruction.,15,5,463-73,['English'],8506498,0749-8063,,"['Clinical Trial', 'Comparative Study', 'Journal Article', 'Randomized Controlled Trial']",PubMed - indexed for MEDLINE,ppublish,"['10424549', '10.1053/ar.1999.v15.015046001', 'S0749-8063(99)00107-3']",10.1053/ar.1999.v15.015046001,"['1999/07/29 00:00', '1999/07/29 00:01', '1999/07/29 00:00']",[],1,0,Arthroscopy : the journal of arthroscopic & related surgery : official publication of the Arthroscopy Association of North America and the International Arthroscopy Association,,1999 Jul-Aug;15(5):463-73,"The central one third of the patellar tendon autograft is popular because the bone-tendon-bone (BTB) construct provides several graft fixation options, robust graft incorporation, and a mechanically sufficient substitute. Interference screw fixation is one method used to secure the graft. Bioabsorbable interference screws may offer advantages over metal interference screws. Bioabsorbable screws are made from poly L-lactic acid (PLLA) and are absorbed by the body. This prospective, randomized study compared the safety and efficacy of the PLLA screw with that of the metal cannulated interference screw for anterior cruciate ligament reconstruction. There were 204 patients randomly assigned to the Bioscrew (Linvatec, Largo, FL) (n = 103) or the metal interference screw (n = 101) groups at four sites. The mean age was 30 years. There were 66 women and 138 men. Mean follow-up was 30 months for Bioscrews and 28 months for metal screws; the average follow-up interval was 2.4 years. The Lysholm mean scores at 4 years for the 32 patients seen at this interval were 95.0 and 97.2 for the Bioscrew and metal screw group, respectively. Ligament laxity comparisons made with an instrumented arthrometer at manual maximum force resulted in side-to-side mean score differences of B = 1.8mm and M = 1.6mm. The Tegner activity level score means were B = 6.1 and M = 5.8. Other variables examined included pain, thigh size, meniscal tests, Lachman's test, range of motion, anterior drawer, pivot shift, patellofemoral crepitus and tenderness, and joint effusion. None of these variables showed a statistically significant difference between groups. No radiographic evidence of osteolytic change or bone resorption around the Bioscrews was observed. There were no complications related to loss of fixation, toxicity, allergenicity, or other evidence of osteolytic or inflammatory reaction. In every assessment between groups there was no difference found. There were 12 PLLA screws that broke during insertion without any adverse effects. The PLLA headless cannulated interference fit screws produce equal results to similarly designed metal screws.",1999
199,10210074,1999 Mar,,Arthroscopy,"['Carter TR', 'Edinger S']",Edinger S,Isokinetic evaluation of anterior cruciate ligament reconstruction: hamstring versus patellar tendon.,15,2,169-72,['English'],8506498,0749-8063,,"['Clinical Trial', 'Comparative Study', 'Journal Article', 'Randomized Controlled Trial']",PubMed - indexed for MEDLINE,ppublish,"['10210074', '10.1053/ar.1999.v15.0150161', 'S0749-8063(99)00008-0']",10.1053/ar.1999.v15.0150161,"['1999/04/21 00:00', '1999/04/21 00:01', '1999/04/21 00:00']",[],1,0,Arthroscopy : the journal of arthroscopic & related surgery : official publication of the Arthroscopy Association of North America and the International Arthroscopy Association,,1999 Mar;15(2):169-72,"The purpose of the study was to compare the hamstring and quadriceps isokinetic results 6 months postoperatively in patients having patellar tendon or hamstring anterior cruciate ligament (ACL) reconstruction. The study group was comprised of 106 randomly selected patients who had ACL reconstruction with either autogenous patellar tendon (PT), semitendinosus (ST), or semitendinosus and gracilis (ST/G). Hamstring and quadriceps isokinetic strength were assessed at 180 degrees/sec and 300 degrees/sec with the results of the operatively treated leg expressed as a percent compared with the nonoperative leg. The mean results for knee extension at 180 degrees/sec were 68.3%, 74.3%, and 78.1%; and at 300 degrees/sec were 70.7%, 76.7%, and 81.7% for PT, ST, and ST/G, respectively. The mean results for knee flexion at 180 degrees/sec were 86.1%, 80.6%, and 81.7%; and at 300 degrees/sec were 77.6%, 79.1%, and 75.6% for PT, ST, and ST/G, respectively. No statistically significant differences were found in regard to knee extension or flexion strength when evaluating the different tissue sources. The results show that selection of autogenous hamstring or PT used for ACL reconstruction should not be based solely on the assumption of the tissue source altering the recovery of quadriceps and/or hamstring strength. In addition, a majority of the patients had not achieved adequate strength to safely partake in unlimited activities at 6 months postoperatively.",1999
200,9848597,1998 Nov-Dec,,Arthroscopy,"['van Kampen A', 'Wymenga AB', 'van der Heide HJ', 'Bakens HJ']",Bakens HJ,The effect of different graft tensioning in anterior cruciate ligament reconstruction: a prospective randomized study.,14,8,845-50,['English'],8506498,0749-8063,,"['Clinical Trial', 'Journal Article', 'Randomized Controlled Trial']",PubMed - indexed for MEDLINE,ppublish,"['9848597', '10.1016/s0749-8063(98)70022-2', 'S0749806398700222']",10.1016/s0749-8063(98)70022-2,"['1998/12/16 00:00', '1998/12/16 00:01', '1998/12/16 00:00']",[],1,0,Arthroscopy : the journal of arthroscopic & related surgery : official publication of the Arthroscopy Association of North America and the International Arthroscopy Association,,1998 Nov-Dec;14(8):845-50,"A prospective study was performed to establish the influence on stability of tensioning the graft after anterior cruciate ligament reconstruction with a bone-patellar tendon-bone graft. There were 38 consecutive patients randomly divided into two groups; in the first group (19 patients) the graft was tensioned at 20 N, and in the second group the tension was 40 N. Evaluation included Lysholm scores, instrumented Lachman tests, IKDC level, and lateral radiographs to measure the tibia position versus the femur. One year after surgery we did not find any significant difference between the two groups. We conclude that the importance of graft tensioning has yet to be established in the clinical situation. Based on our results, graft tension of 20 N seems to be sufficient, without the risk of overconstraining the knee joint.",1998
201,9848591,1998 Nov-Dec,,Arthroscopy,"['Popp JE', 'Sanko WA', 'Sinha AK', 'Kaeding CC']",Kaeding CC,A comparison of ketorolac tromethamine/oxycodone versus patient-controlled analgesia with morphine in anterior cruciate ligament reconstruction patients.,14,8,816-9,['English'],8506498,0749-8063,,"['Clinical Trial', 'Comparative Study', 'Journal Article', 'Randomized Controlled Trial']",PubMed - indexed for MEDLINE,ppublish,"['9848591', '10.1016/s0749-8063(98)70016-7', 'S0749806398700167']",10.1016/s0749-8063(98)70016-7,"['1998/12/16 00:00', '1998/12/16 00:01', '1998/12/16 00:00']",[],1,0,Arthroscopy : the journal of arthroscopic & related surgery : official publication of the Arthroscopy Association of North America and the International Arthroscopy Association,,1998 Nov-Dec;14(8):816-9,"Effective postoperative analgesia with minimal side effects remains an important goal in enabling increasingly complex surgical procedures to be performed on an outpatient basis. In this study, we examined the efficacy of postoperative analgesia in 90 patients undergoing anterior cruciate ligament reconstruction using a patellar tendon autograft, with a 24-hour hospital stay. Patients were randomized to receive either intramuscular ketorolac supplemented by oral oxycodone, or intravenous morphine via patient-controlled analgesia (PCA) device, for postoperative analgesia. Patients were monitored for 2 hours in the recovery room, then every 4 hours until discharge, for the presence of complications of nausea, vomiting, urinary retention, pruritus, and dizziness. Pain was assessed using a visual analog scale (VAS) on the morning of postoperative day one. All patients were discharged by 24 hours after surgery. Ten (20%) of the patients receiving ketorolac/oxycodone versus 31 (79%) of those receiving PCA morphine experienced postoperative complications (P < .05). Postoperative nausea, vomiting, and urinary retention were each significantly more common in the PCA morphine group (P < .05). The incidence of pruritus and dizziness was low overall. There was no significant difference between groups in the severity of postoperative pain as assessed using a VAS. We conclude that ketorolac/oxycodone may provide comparable analgesia with fewer undesirable side effects than PCA morphine in patients undergoing anterior cruciate ligament reconstruction. Patients receiving ketorolac/oxymorphone may have a better quality recovery and more rapid discharge.",1998
202,9754479,1998 Sep,,Arthroscopy,"['Barber FA', 'Gladu DE']",Gladu DE,Comparison of oral ketorolac and hydrocodone for pain relief after anterior cruciate ligament reconstruction.,14,6,605-12,['English'],8506498,0749-8063,,"['Clinical Trial', 'Comparative Study', 'Journal Article', 'Multicenter Study', 'Randomized Controlled Trial', ""Research Support, Non-U.S. Gov't""]",PubMed - indexed for MEDLINE,ppublish,"['9754479', '10.1016/s0749-8063(98)70057-x', 'S0749-8063(98)70057-X']",10.1016/s0749-8063(98)70057-x,"['1998/10/01 00:00', '1998/10/01 00:01', '1998/10/01 00:00']",[],1,0,Arthroscopy : the journal of arthroscopic & related surgery : official publication of the Arthroscopy Association of North America and the International Arthroscopy Association,,1998 Sep;14(6):605-12,"The analgesic effectiveness of ketorolac tromethamine was compared with hydrocodone and acetaminophen for pain from an arthroscopically assisted patellar-tendon autograft anterior cruciate ligament reconstruction. There were 125 patients evaluated in a double-blind, randomized, multicenter, and multidose study. A loading dose of parental ketorolac tromethamine was administered and subjects were later given two staged doses of the same ""unknown"" drug with pain evaluations conducted after each dose. For group 1, dose 1 consisted of ketorolac tromethamine 20 mg orally and dose 2 was ketorolac tromethamine 10 mg. For group 2, both dose 1 and dose 2 consisted of hydrocodone 10 mg plus acetaminophen 1,000 mg orally. Efficacy was evaluated by standard analgesic measures. Subjects treated as outpatients showed lower categorical pain intensity for ketorolac tromethamine than hydrocodone and acetaminophen at 1 hour (P=.03), 2 hours (P=.006), and 3 hours (P=.02); lower summed intensity differences for ketorolac tromethamine than hydrocodone and acetaminophen at 3 hours (P=.014) and 4 hours (P=.019); and better total pain relief for ketorolac tromethamine than hydrocodone and acetaminophen at 3 hours (P=.014) and 4 hours (P=.013). With an effective loading dose administered before the subsequent oral dosage, there was statistically better pain reduction with ketorolac tromethamine than with hydrocodone and acetaminophen. Moreover, ketorolac tromethamine was no more likely to cause digestive complaints than hydrocodone and acetaminophen. No bleeding problems were observed in either group. In the outpatient setting, ketorolac tromethamine controls postoperative pain better than hydrocodone and acetaminophen in the immediate postsurgery period.",1998
203,9739219,1998 Jul,,Unfallchirurg,"['Gerich TG', 'Lattermann C', 'Bosch U', 'Lobenhoffer HP', 'Tscherne H']",Tscherne H,[Endoscopic versus limited open technique for replacement of the anterior cruciate ligament. 4 years outcome of a prospective study].,101,7,551-6,['German'],8502736,0177-5537,,"['Clinical Trial', 'Comparative Study', 'Journal Article', 'Randomized Controlled Trial']",PubMed - indexed for MEDLINE,ppublish,"['9739219', '10.1007/s001130050308']",10.1007/s001130050308,"['1998/09/18 00:00', '1998/09/18 00:01', '1998/09/18 00:00']",[],1,0,Der Unfallchirurg,,1998 Jul;101(7):551-6,"ACL reconstruction with patellar tendon graft has become a standard procedure. The graft can be inserted either using two tunnels and a lateral femoral incision or with a femoral half tunnel drilled from the joint, thus avoiding the lateral incision. Advantages of the single-incision technique in the early rehabilitation period have been claimed. 40 patients with ACL deficiency were included in a prospective randomized trial comparing single and two-incision technique with a follow-up period of 4 years. Preoperative data did not show any significant difference between the two groups. At follow-up no difference were observed with respect to complications or he progress of rehabilitation. Evaluation after 1 and 4 years according to the IKDC form revealed good to excellent results in 70% of all patients. The Tegner-score increased significantly, however most patients did not regain their former activity level. ACL-reconstruction reduced anterior translation of the knee significantly at 6 months follow-up. However, we observed a slight increase of anterior translation after 1 and 4 years in both groups; stability was comparable in both groups at all time periods. We conclude that an arthroscopic single-incision technique has no advantage compared to a mini-open two-incision technique for ACL reconstruction with patellar tendon graft in terms of subjective or objective parameters.",1998
204,9689372,1998 Jul-Aug,,Am J Sports Med,"['Gatt CJ Jr', 'Parker RD', 'Tetzlaff JE', 'Szabo MZ', 'Dickerson AB']",Dickerson AB,Preemptive analgesia: its role and efficacy in anterior cruciate ligament reconstruction.,26,4,524-9,['English'],7609541,0363-5465,,"['Clinical Trial', 'Comparative Study', 'Journal Article', 'Randomized Controlled Trial']",PubMed - indexed for MEDLINE,ppublish,"['9689372', '10.1177/03635465980260040901']",10.1177/03635465980260040901,"['1998/08/05 02:03', '2001/03/28 10:01', '1998/08/05 02:03']",['Am J Sports Med. 1999 Jul-Aug;27(4):544-5. PMID: 10424229'],1,0,The American journal of sports medicine,,1998 Jul-Aug;26(4):524-9,"As more outpatient orthopaedic surgical procedures are performed, postoperative pain control has gained importance. The benefits of preemptive analgesia, the use of analgesics or anesthetics or both before painful stimuli to prevent or reduce pain, have been widely published in the anesthesia and general surgery literature, but not in orthopaedic literature. We prospectively compared the effects, on postoperative pain and narcotic use, of intraarticular preoperative injections of 1) placebo with epinephrine, 2) bupivacaine with epinephrine, and 3) bupivacaine and morphine with epinephrine. Thirty patients (10 in each group) underwent arthroscopic anterior cruciate ligament reconstruction using patellar tendon autograft under general anesthesia. Pain was assessed with a 10-point visual analog scale pre- and postoperatively, and postoperative narcotic pain medication use was recorded. Postoperative pain was significantly greater in group 1 (placebo) than in the preemptive-treatment groups (groups 2 and 3), and in group 2 than in group 3. The differences became less apparent with time, and after 1 hour, no significant differences in pain scores existed between the groups. However, intravenous narcotic pain medication was administered in the recovery room to patients with pain scores greater than 5, equalizing pain scores. Group 3 used significantly less postoperative narcotic medication than group 1. Preemptive analgesia using intraarticular bupivacaine and morphine with epinephrine resulted in lower pain scores during the 1st hour after an arthroscopic anterior cruciate ligament reconstruction than did preemptive treatment with bupivacaine and epinephrine or placebo and epinephrine.",1998
205,9608461,1998,,Knee Surg Sports Traumatol Arthrosc,"['Tohyama H', 'Yasuda K']",Yasuda K,Significance of graft tension in anterior cruciate ligament reconstruction. Basic background and clinical outcome.,6 Suppl 1,,S30-7,['English'],9314730,0942-2056,,"['Clinical Trial', 'Journal Article', 'Randomized Controlled Trial', ""Research Support, Non-U.S. Gov't""]",PubMed - indexed for MEDLINE,ppublish,"['9608461', '10.1007/s001670050220']",10.1007/s001670050220,"['1998/06/03 00:00', '1998/06/03 00:01', '1998/06/03 00:00']",[],1,0,"Knee surgery, sports traumatology, arthroscopy : official journal of the ESSKA",,1998;6 Suppl 1:S30-7,"The purpose of this paper is to review scientific evidence that graft tension affects remodelling of the autograft in ligament reconstruction. The in situ freezing model of the patellar tendon, an ideal patellar tendon autograft model, demonstrated that subsequent cellular proliferation following fibroblast necrosis reduces the mechanical properties of the autograft. Stress shielding enhances reduction of the strength in the once-frozen patellar tendon. The strength of the patellar tendon also changes depending on the degree of stress shielding. Transmission electron micrographs revealed that the number of small-diameter fibrils decreases in the stress-shielded tendons compared with non-stress-shielded tendons after in situ freezing. Restressing essentially restores the mechanical properties of patellar tendon autografts even if the strength has been much reduced by complete stress shielding. The effects of restressing may depend on the period of stress shielding applied before restressing. Unphysiologically high tension significantly reduces the mechanical properties of the in situ frozen anterior cruciate ligament (ACL). Therefore, not only stress-deprivation but also stress-enhancement significantly affect the mechanical properties of tendon autografts. Results of in vivo and in vitro studies suggest that cyclic tensile loading may inhibit the deterioration in mechanical strength of the transplanted tendon. Clinically, our prospective randomized study demonstrated that a relatively high initial tension reduces the postoperative anterior laxity of the knee joint after ACL reconstruction using the doubled autogenous hamstring tendons connected in series with polyester tapes, when the tension applied is less than 80 N. Our experimental and clinical results indicate that the initial tension is one of the significant factors that affect the results of ACL reconstruction, although the optimal initial tension for the other graft materials still remains unknown.",1998
206,9604191,1998,,Knee Surg Sports Traumatol Arthrosc,"['Brandsson S', 'Faxén E', 'Eriksson BI', 'Kälebo P', 'Swärd L', 'Lundin O', 'Karlsson J']",Karlsson J,Closing patellar tendon defects after anterior cruciate ligament reconstruction: absence of any benefit.,6,2,82-7,['English'],9314730,0942-2056,,"['Clinical Trial', 'Journal Article', 'Randomized Controlled Trial']",PubMed - indexed for MEDLINE,ppublish,"['9604191', '10.1007/s001670050077', '10.1007/s001670050077']",10.1007/s001670050077,"['1998/05/30 00:00', '1998/05/30 00:01', '1998/05/30 00:00']",[],1,0,"Knee surgery, sports traumatology, arthroscopy : official journal of the ESSKA",,1998;6(2):82-7,"The most common graft in anterior cruciate ligament (ACL) surgery involves using the central one-third of the patellar tendon. Knowledge concerning the postoperative disability after harvesting the patellar tendon is, however, limited. The aim of this study was to evaluate the impact patellar tendon suture and bone grafting of the patellar bone defect might have in terms of functional outcome and patellofemoral pain after harvesting the bone-tendon-bone graft, compared with leaving the harvested site non-sutured and non-grafted. Sixty patients, scheduled for arthroscopically assisted ACL reconstruction, were randomly allocated to two groups. In group I, suture of the patellar tendon and bone grafting of the patellar defect were performed. In group II, the tendon gap and the patellar defect were left open. Preoperatively, there was no significant difference between the groups when comparing objective knee stability, as measured with a KT-1000 laxity meter, Lysholm score, Tegner activity level, IKDC score, or patello-femoral pain score. Both groups had a significantly improved Lysholm score at the 2-year follow-up, without any difference between them. Tegner's activity level was significantly lower at follow-up, compared with the pre-injury level in both groups. The patellofemoral pain score improved significantly after the reconstruction, without any difference between the groups. Ultrasonography did not reveal any difference between the groups in terms of healing of the tendon gap. This study revealed no differences in donor site morbidity, functional outcome, patellofemoral pain score or knee joint stability between the two treatment groups. The conclusion is that suture of the patellar tendon and bone grafting of the patellar defect do not improve the functional results or reduce donor site morbidity after arthroscopically assisted ACL.",1998
207,9520889,1998 Feb,,Clin Orthop Relat Res,"['Fischer DA', 'Tewes DP', 'Boyd JL', 'Smith JP', 'Quick DC']",Quick DC,Home based rehabilitation for anterior cruciate ligament reconstruction.,,347,194-9,['English'],0075674,0009-921X,,"['Clinical Trial', 'Journal Article', 'Randomized Controlled Trial']",PubMed - indexed for MEDLINE,ppublish,['9520889'],,"['1998/04/01 00:00', '1998/04/01 00:01', '1998/04/01 00:00']",[],1,0,Clinical orthopaedics and related research,,1998 Feb;(347):194-9,"Fifty-four patients who underwent arthroscopically assisted anterior cruciate ligament reconstruction with bone-patellar tendon-bone autograft or allograft were studied prospectively to compare a postoperative home based rehabilitation program with a clinic based program. Fifty-four patients (mean age, 30 years) were assigned randomly to the home based program (27 patients) or the clinic based program (27 patients). The home based schedule featured six physical therapy visits during a 6-month postoperative study period, whereas the clinic based schedule specified 24 physical therapy visits during those 6 months. All patients entered in the study met strict selection criteria: age older than 15 years, no previous ligament repair or reconstruction, no complicating medical conditions, no collegiate or professional athletes, reconstruction at least 6 weeks after injury, and informed consent. At the 6-month followup, no significant statistical differences were found between the two groups in range of motion, thigh atrophy, anterior drawer compliance, hopping tests, Lysholm scores, or subjective health status scores. Thus, the authors conclude that in a selected group of patients who have undergone anterior cruciate ligament reconstruction, a home based postoperative rehabilitation program is feasible, safe, and effective.",1998
208,9421595,1997 Fall,,Am J Knee Surg,"['Reat JF', 'Lintner DM']",Lintner DM,"One-versus two-incision ACL reconstruction. A prospective, randomized study.",10,4,198-208,['English'],8804841,0899-7403,,"['Clinical Trial', 'Comparative Study', 'Journal Article', 'Randomized Controlled Trial']",PubMed - indexed for MEDLINE,ppublish,['9421595'],,"['1998/01/09 00:00', '1998/01/09 00:01', '1998/01/09 00:00']",['Am J Knee Surg. 1997 Fall;10(4):197. PMID: 9421594'],1,0,The American journal of knee surgery,,1997 Fall;10(4):198-208,This study compares the early functional outcomes of anterior cruciate ligament (ACL) reconstruction using a one-incision endoscopic technique versus a two-incision arthroscopically assisted technique. Thirty patients with chronic ACL-deficient knees were randomly assigned to either group 1 (one-incision technique; 15 patients) or group 2 (two-incision technique; 15 patients). Middle third ipsilateral patellar tendon was used in all reconstructions. All patients followed the same home-based accelerated rehabilitation protocol. The International Knee Documentation Committee scoring system was used to assess pre- and postoperative knee function. The mean length of follow-up was 17 months for group 1 and 15 months for group 2. Three patients were lost to follow-up in group 2. Patients in group 1 achieved a mean one-leg hop value of 89% of the uninjured side while group 2 patients averaged 92%. The mean side-to-side difference in anterior tibial translation was 2 mm in both groups at manual maximum translation. The mean isokinetic quadriceps strength at 300 degrees/second of the operated side 1 year after surgery was 83% of normal for group 1 versus 73% for group 2. Both groups achieved maximum range of motion within 3 months. There was no statistically significant difference between the outcomes of the one- and two-incision techniques for ACL reconstruction. All patients in both groups had improved stability and function of their operative knees compared with their preoperative condition.,1997
209,9127079,1997 Apr,,Arthroscopy,"['Höher J', 'Kersten D', 'Bouillon B', 'Neugebauer E', 'Tiling T']",Tiling T,Local and intra-articular infiltration of bupivacaine before surgery: effect on postoperative pain after anterior cruciate ligament reconstruction.,13,2,210-7,['English'],8506498,0749-8063,,"['Clinical Trial', 'Journal Article', 'Randomized Controlled Trial']",PubMed - indexed for MEDLINE,ppublish,"['9127079', '10.1016/s0749-8063(97)90156-0', 'S0749-8063(97)90156-0']",10.1016/s0749-8063(97)90156-0,"['1997/04/01 00:00', '1997/04/01 00:01', '1997/04/01 00:00']",[],1,0,Arthroscopy : the journal of arthroscopic & related surgery : official publication of the Arthroscopy Association of North America and the International Arthroscopy Association,,1997 Apr;13(2):210-7,"In a double-blind, randomized trial, 40 patients undergoing open anterior cruciate ligament (ACL) reconstruction using a bone-patellar tendon-bone autograft were randomly allocated to two groups: group A (n = 20) received an intra-articular instillation of 20 mL bupivacaine (0.25%) and a local infiltration of 20 mL bupivacaine (0.5%) 15 minutes before surgery. Group B (n = 20) received an injection of saline solution in the same manner. Patient-controlled on-demand analgesia (PCA) with intravenous piritramid was used for postoperative pain control. A significant decrease in pain scores on a visual analog scale (VAS scale, 0 to 10) was found in the bupivacaine group (group A) at bedrest on the day of surgery only (pain score, 5.5 v 7.3 (scale, 0 to 10), P < .05). At all other times, no significant differences were found. The overall supplemental opioid requirements were not different between the study groups (63.9 v 62.6 mg piritramid/72 hours). A long-lasting, clinically relevant, pain-reducing effect with infiltration of bupivacaine before surgery could not be shown with this study.",1997
210,9430569,1997,,Knee Surg Sports Traumatol Arthrosc,"['Gerich TG', 'Lattermann C', 'Fremerey RW', 'Zeichen J', 'Lobenhoffer HP']",Lobenhoffer HP,One- versus two-incision technique for anterior cruciate ligament reconstruction with patellar tendon graft. Results on early rehabilitation and stability.,5,4,213-6,['English'],9314730,0942-2056,,"['Clinical Trial', 'Comparative Study', 'Journal Article', 'Randomized Controlled Trial']",PubMed - indexed for MEDLINE,ppublish,"['9430569', '10.1007/s001670050052']",10.1007/s001670050052,"['1997/01/01 00:00', '1998/01/16 00:01', '1997/01/01 00:00']",[],1,0,"Knee surgery, sports traumatology, arthroscopy : official journal of the ESSKA",,1997;5(4):213-6,"Anterior cruciate ligament (ACL) reconstruction with patellar tendon graft has become a standard procedure. The graft can be inserted either using two tunnels and a lateral femoral incision or with a femoral half-tunnel drilled from the joint, thus avoiding the lateral incision. Advantages have been claimed for the single-incision technique in the early rehabilitation period. Forty patients with ACL deficiency were included in a prospective randomized trial comparing the single- and two-incision technique with a follow-up period of 12 months. Preoperative data did not show any significant difference between the two groups. At early follow-up no differences were observed with respect to complications or the progress of rehabilitation. Evaluation at 12 months postoperatively using the IKDC form revealed good to excellent results in 70% of patients. ACL reconstruction reduced anterior translation of the knee significantly at the 6-month and 12-month follow-up with a slight increase of MMD values at 12 months in both groups. The arthroscopic single-incision technique did not differ from the mini-open technique in terms of postoperative pain medication, incidence of effusion, postoperative range-of-motion or any rehabilitation parameters. Stability was comparable in both groups at all time periods. We conclude that an arthroscopic single-incision technique has no advantage over a mini-open two-incision technique for ACL reconstruction with patellar tendon graft in terms of subjective or objective parameters.",1997
211,9228314,1997,,Knee Surg Sports Traumatol Arthrosc,"['Gerich TG', 'Cassim A', 'Lattermann C', 'Lobenhoffer HP']",Lobenhoffer HP,Pullout strength of tibial graft fixation in anterior cruciate ligament replacement with a patellar tendon graft: interference screw versus staple fixation in human knees.,5,2,84-8,['English'],9314730,0942-2056,,"['Clinical Trial', 'Comparative Study', 'Journal Article', 'Randomized Controlled Trial']",PubMed - indexed for MEDLINE,ppublish,"['9228314', '10.1007/s001670050032', '10.1007/s001670050032']",10.1007/s001670050032,"['1997/01/01 00:00', '1997/01/01 00:01', '1997/01/01 00:00']",[],1,0,"Knee surgery, sports traumatology, arthroscopy : official journal of the ESSKA",,1997;5(2):84-8,"The endoscopic single incision technique for anterior cruciate ligament (ACL) reconstruction with a femoral half-tunnel may lead to a graft/tunnel mismatch and subsequent protrusion of the block from the tibial tunnel. The typical tibial fixation with an interference screw is not possible in these cases. Fixation with staples in a bony groove inferior to the tunnel outlet can be used as an alternative technique. Current literature does not provide biomechanical data of either fixation technique in a human model. This study was performed to evaluate the primary biomechanical parameters of this technique compared with a standard interference screw fixation of the block. Fifty-five fresh-frozen relatively young (mean age 44 years) human cadaver knee joints were used. Grafts were harvested from the patellar tendon midportion with bone blocks of 25 mm length and 9 mm width. A 10-mm tibial tunnel was drilled from the anteromedial cortex to the center of the tibial insertion of the ACL. Three different sizes of interference screws (7 x 30, 9 x 20, 9 x 30 mm) were chosen as a standard control procedure (n = 40). For tibial bone-block fixation the graft was placed through the tunnel, and the screw was then inserted on the cancellous or the cortical surface, respectively. Fifteen knees were treated by staple fixation. A groove was created inferior to the tunnel outlet with a chisel. The bone block was fixed in this groove with two barbed stainless steel staples. Tensile testing in both groups was carried out under an axial load parallel to the tibial tunnel in a Zwick testing machine with a velocity of 1 mm/s. Dislocation of the graft and stiffness were calculated at 175 N load. Maximum load to failure using interference screws varied between 506 and 758 N. Load to failure using staples was 588 N. Dislocation of the graft ranged between 3.8 and 4.7 mm for interference screw fixation and was 4.7 mm for staples. Stiffness calculated at 175 N load was significantly higher in staple fixation. With either fixation technique, the recorded failure loads were sufficient to withstand the graft loads which are to be expected during the rehabilitation period. Staple fixation of the bone block outside of the tunnel resulted in a fixation strength comparable to interference screw fixation.",1997
212,9127846,1997,,Knee Surg Sports Traumatol Arthrosc,"['Feller J', 'Bartlett J', 'Chapman S', 'Delahunt M']",Delahunt M,Use of an extension-assisting brace following anterior cruciate ligament reconstruction.,5,1,6-9,['English'],9314730,0942-2056,,"['Clinical Trial', 'Journal Article', 'Randomized Controlled Trial', ""Research Support, Non-U.S. Gov't""]",PubMed - indexed for MEDLINE,ppublish,"['9127846', '10.1007/s001670050016', '10.1007/s001670050016']",10.1007/s001670050016,"['1997/01/01 00:00', '1997/01/01 00:01', '1997/01/01 00:00']",[],1,0,"Knee surgery, sports traumatology, arthroscopy : official journal of the ESSKA",,1997;5(1):6-9,"Despite changes in rehabilitation protocols, an extension deficit remains an important potential cause of significant morbidity following anterior cruciate ligament (ACL) reconstruction. An extension-assisting brace was designed using a limited motion brace and an elastic strap across a fulcrum on the anterior aspect of the knee joint. The effects of the brace were investigated in 40 patients undergoing primary ACL reconstruction using an autogenous central third patellar tendon graft. The patients were randomized either to use the brace in the first 6 weeks postoperatively or to undertake the same accelerated rehabilitation programme but without any brace, and they were reviewed at 4 months postoperatively. The following data were recorded: passive and active extension and flexion deficits compared with the non-operated limb. KT-1000 assessment of anterior laxity and isometric quadriceps and hamstring strength. There was no difference between the two groups for any of the recorded variables. This was largely attributed to satisfactory tunnel placement and emphasis on the restoration of extension and quadriceps function during the early postoperative rehabilitation.",1997
213,8836079,1996 Sep,,J Bone Joint Surg Br,"['Grøntvedt T', 'Engebretsen L', 'Bredland T']",Bredland T,Arthroscopic reconstruction of the anterior cruciate ligament using bone-patellar tendon-bone grafts with and without augmentation. A prospective randomised study.,78,5,817-22,['English'],0375355,0301-620X,,"['Clinical Trial', 'Journal Article', 'Randomized Controlled Trial']",PubMed - indexed for MEDLINE,ppublish,['8836079'],,"['1996/09/01 00:00', '1996/09/01 00:01', '1996/09/01 00:00']",[],1,0,The Journal of bone and joint surgery. British volume,,1996 Sep;78(5):817-22,"In 100 consecutive patients with chronic deficiency of the anterior cruciate ligament we reconstructed the ligament using a bone-patellar tendon-bone autograft either with or without a Kennedy ligament augmentation device. The patients had an aggressive rehabilitation programme supervised by two physiotherapists. They were followed prospectively for at least two years by one surgeon, and assessed after six months and at one and two years. No significant functional or clinical difference was found between the two groups and the stability of the knees did not deteriorate with time in either group. The addition of a Kennedy ligament augmentation device gave no better results than the bone-patellar tendon-bone technique alone.",1996
214,8896099,1996 Aug,,Scand J Med Sci Sports,"['Thuresson P', 'Sandberg R', 'Johansson O', 'Balkfors B', 'Westlin N']",Westlin N,Anterior cruciate ligament reconstruction with the patellar tendon--augmentation or not? A 2-year follow-up of 82 patients.,6,4,247-54,['English'],9111504,0905-7188,,"['Clinical Trial', 'Comparative Study', 'Journal Article', 'Randomized Controlled Trial', ""Research Support, Non-U.S. Gov't""]",PubMed - indexed for MEDLINE,ppublish,"['8896099', '10.1111/j.1600-0838.1996.tb00099.x']",10.1111/j.1600-0838.1996.tb00099.x,"['1996/08/01 00:00', '1996/08/01 00:01', '1996/08/01 00:00']",[],1,0,Scandinavian journal of medicine & science in sports,,1996 Aug;6(4):247-54,"The aim of this bi-centre study was to assess the possible effects of the addition of the Kennedy ligament augmentation device (LAD) in the reconstruction of the anterior cruciate ligament (ACL). The method of reconstruction used was a modification of the Bruckner and Brostrom procedures, using the medial third of the patellar tendon tunnelled through the proximal tibia into the lateral femoral condyle and fastened with pull-out sutures. Eighty-two patients with chronic ACL insufficiency and severe symptoms of instability in spite of physiotherapy were randomly selected for reconstruction with or without a LAD. The LAD-augmented knees had the synthetic augmentation stitched to and embedded into the autogenous tissue and the composite graft was pulled through a femoral tunnel and stapled proximally. The patients were followed up regularly and the 2-year results are presented here. The outcome in both groups was good. The augmented-knee group had a larger extension deficit 1 month post-operatively compared to the non-augmented knee group but a smaller extension deficit at the 2-year follow-up. There was no difference in the median of the Lysholm knee function score but there were more patients in the non-augmented group with a lower Lysholm knee function score at the 2-year follow-up.",1996
215,8775721,1995 Dec,,Scand J Med Sci Sports,"['Grøntvedt T', 'Engebretsen L']",Engebretsen L,"Comparison between two techniques for surgical repair of the acutely torn anterior cruciate ligament. A prospective, randomized follow-up study of 48 patients.",5,6,358-63,['English'],9111504,0905-7188,,"['Clinical Trial', 'Comparative Study', 'Journal Article', 'Randomized Controlled Trial']",PubMed - indexed for MEDLINE,ppublish,"['8775721', '10.1111/j.1600-0838.1995.tb00059.x']",10.1111/j.1600-0838.1995.tb00059.x,"['1995/12/01 00:00', '1995/12/01 00:01', '1995/12/01 00:00']",[],1,0,Scandinavian journal of medicine & science in sports,,1995 Dec;5(6):358-63,"This prospective, randomized study was designed to evaluate the early outcome of ACL repair with biologic or synthetic augmentation. Forty-eight consecutive patients with an acute proximal rupture of the ACL were included. The repairs in 22 patients were augmented with the Kennedy Ligament Augmentation Device (LAD), while 26 patients received a repair augmented with an autologous bone-patellar tendon-bone graft. All patients followed a standard rehabilitation protocol. Follow-up evaluations at 1 and 2 years postoperatively were based on the Tegner activity level, Lysholm functional score, clinical instability tests and KT-1000 arthrometer measurements. There were no significant differences in activity level or functional score between the LAD and patellar tendon groups at the 2-year follow-up. Ten patients in the LAD group (46%) sustained reruptures of the ACL and LAD at the 2-year follow-up, while two patients in the patellar tendon group had a KT1000 side difference of 4 mm or more. However, none of the patients in the patellar tendon group had a positive pivot shift. During the first postoperative year, 8 patients (31%) in the patellar tendon and 2 in the LAD group (9%) underwent arthroscopic debridement for correction of an extension deficit. These range of motion complications were probably related to the anterior placement of the tibial tunnel and the conservative rehabilitation protocol. Because of the unacceptable high incidence of reruptures in the LAD group, we concluded that the augmentation technique with the LAD is unacceptable.",1995
216,8534294,1995 Oct,,Arthroscopy,"['Barber FA', 'Elrod BF', 'McGuire DA', 'Paulos LE']",Paulos LE,Preliminary results of an absorbable interference screw.,11,5,537-48,['English'],8506498,0749-8063,,"['Clinical Trial', 'Journal Article', 'Multicenter Study', 'Randomized Controlled Trial']",PubMed - indexed for MEDLINE,ppublish,"['8534294', '10.1016/0749-8063(95)90129-9', '0749-8063(95)90129-9']",10.1016/0749-8063(95)90129-9,"['1995/10/01 00:00', '1995/10/01 00:01', '1995/10/01 00:00']",[],1,0,Arthroscopy : the journal of arthroscopic & related surgery : official publication of the Arthroscopy Association of North America and the International Arthroscopy Association,,1995 Oct;11(5):537-48,"A randomized, prospective multicenter comparison was done of a bioabsorbable interference screw (Bioscrew; Linvatec Corp, Largo, FL) made from poly L-lactic acid and a metal interference screw produced by the same company. Assignment was randomized by sealed envelopes. A total of 110 patients underwent arthroscopic patellar tendon autografts. A minimum 12 months follow-up is available on 85 patients (mean 19 months, range 12 to 33) including 42 with Bioscrews and 43 with metal screws. There were 56 male and 29 female patients. The average age was 29 years (16 to 50 years). Tourniquet times and associated surgical findings were similar for the two groups. Postoperative Tegner and Lysholm scores were not statistically different between the two groups. KT tests at 1 year showed an average 20-lb laxity of 1.8 mm for the Bioscrew and 1.2 mm for the metal screw groups. The average 1-year KT maximum manual side-to-side difference was 1.6 mm for Bioscrews and 1.6 mm for metal screws. A pivot shift was absent in 83% of Bioscrews and 90% of metal screws at follow-up. Six of 85 Bioscrews inserted (7%) broke on insertion (all were 7-mm diameter screws at the femoral site). No additional fixation was required in four cases. In two, the broken screw was replaced. No lytic bone changes or tunnel widening were found with any Bioscrew. One metal screw had tibial tunnel widening. No statistical difference was found between the Bioscrew and the metal screw groups. Short-term data support the conclusion that the Bioscrew is a reasonable alternative to metal interference screws.",1995
217,8800852,1995 Sep,,Br J Sports Med,"['Matava MJ', 'Hutton WC']",Hutton WC,A biomechanical comparison between the central one-third patellar tendon and the residual tendon.,29,3,178-84,['English'],0432520,0306-3674,1473-0480,"['Clinical Trial', 'Comparative Study', 'Journal Article', 'Randomized Controlled Trial']",PubMed - indexed for MEDLINE,ppublish,"['8800852', 'PMC1332310', 'pmc-id: PMC1332310;', '10.1136/bjsm.29.3.178']",10.1136/bjsm.29.3.178,"['1995/09/01 00:00', '1995/09/01 00:01', '1995/09/01 00:00', '1995/09/01 00:00']",[],1,22,British journal of sports medicine,,1995 Sep;29(3):178-84,"The purpose of this study was to compare the tensile strength of the central one third patellar tendon--as used for reconstruction of the anterior cruciate ligament--to that of the residual patellar tendon. Ten matched pairs of human cadaveric knees were used for this study, each specimen consisting of an intact patella-patellar tendon-proximal tibial unit. One knee from each pair was randomly selected for removal of both the medial and lateral one third of the patellar tendon, leaving the central one third intact. The contralateral knee of each pair underwent removal of the central one third of the patellar tendon, leaving the residual two thirds intact. Each specimen was then mounted in a materials testing machine and tensile tested to failure at a strain rate of 100%.s-1. The most important result to emerge from these experiments was that there was no significant difference in maximum force to failure for the residual patellar tendon compared to the central one third. Thus any thought that removal of the central one third as a graft still leaves a tendon twice as wide and therefore twice as strong as a graft is dispelled by these experiments.",1995
218,7740939,1995 Apr,,Acta Orthop Scand,"['Muren O', 'Dahlstedt L', 'Dalén N']",Dalén N,Reconstruction of old anterior cruciate ligament injuries. No difference between the Kennedy LAD-method and traditional patellar tendon graft in a prospective randomized study of 40 patients with 4-year follow-up.,66,2,118-22,['English'],0370352,0001-6470,,"['Clinical Trial', 'Comparative Study', 'Journal Article', 'Randomized Controlled Trial']",PubMed - indexed for MEDLINE,ppublish,"['7740939', '10.3109/17453679508995503']",10.3109/17453679508995503,"['1995/04/01 00:00', '1995/04/01 00:01', '1995/04/01 00:00']",[],1,0,Acta orthopaedica Scandinavica,,1995 Apr;66(2):118-22,"In a prospective randomized study we investigated 40 patients with functional instability due to old anterior cruciate ligament tears by using two different techniques for reconstruction of the ligament. 20 patients were randomized to reconstruction with use of a traditional medial bone-patellar tendon graft and 20 patients to a half-thickness patellar tendon graft augmented with the Kennedy Ligament Augmentation Device (LAD). At follow-up after 4 years, both groups were still improved concerning function scores and arthrometry. The use of the Kennedy LAD method, however, gave no more subjective or objective benefits than did the traditional method.",1995
219,7761314,1995 Mar,,Orthopedics,"['Cameron SE', 'Wilson W', 'St Pierre P']",St Pierre P,"A prospective, randomized comparison of open vs arthroscopically assisted ACL reconstruction.",18,3,249-52,['English'],7806107,0147-7447,,"['Clinical Trial', 'Comparative Study', 'Journal Article', 'Randomized Controlled Trial']",PubMed - indexed for MEDLINE,ppublish,"['7761314', '10.3928/0147-7447-19950301-06']",10.3928/0147-7447-19950301-06,"['1995/03/01 00:00', '1995/03/01 00:01', '1995/03/01 00:00']",[],1,0,Orthopedics,,1995 Mar;18(3):249-52,"A prospective, randomized study comparing arthroscopic and open anterior cruciate ligament (ACL) reconstructions was undertaken. Neither the patients nor the physical therapists were made aware of which technique was used. The central one third of the patellar tendon with proximal and distal bone plugs was utilized as the graft material to reconstruct the ACL in all cases. Rehabilitation was identical for each group. The following variables were compared: postoperative pain score, operating time, estimated blood loss (EBL), quantity of analgesics used, complications, range of motion at 1, 3, and 6 months, a 6-month evaluation consisting of Lachman's, anterior drawer, and pivot shift tests, amount of thigh atrophy, and Cybex II tests. Statistical significance was achieved (P < .05) in only three parameters. The 1-month postoperative range of motion, the 6-month postoperative thigh atrophy, and the Cybex II test (knee extension at 60 degrees/sec) were statistically different favoring the arthroscopic method.",1995
220,8821268,1995,,Knee Surg Sports Traumatol Arthrosc,"['Adriani E', 'Mariani PP', 'Maresca G', 'Santori N']",Santori N,Healing of the patellar tendon after harvesting of its mid-third for anterior cruciate ligament reconstruction and evolution of the unclosed donor site defect.,3,3,138-43,['English'],9314730,0942-2056,,"['Clinical Trial', 'Journal Article', 'Randomized Controlled Trial']",PubMed - indexed for MEDLINE,ppublish,"['8821268', '10.1007/BF01565472']",10.1007/BF01565472,"['1995/01/01 00:00', '1995/01/01 00:01', '1995/01/01 00:00']",[],1,0,"Knee surgery, sports traumatology, arthroscopy : official journal of the ESSKA",,1995;3(3):138-43,"The purpose of this study was (a) to evaluate by ultrasonography the healing of the patellar tendon after its mid-third was removed for anterior cruciate ligament (ACL) reconstruction in two randomized groups of patients in whom the tendon donor site was either left open or closed; (b) to compare clinical, radiographic, and isokinetic studies of these two groups to evaluate the incidence of patellofemoral disorders. We performed 61 ACL reconstructions (22 males, 39 females) using the arthroscopically assisted in-out technique. All operations were performed by the same surgeon, and the patients were all subjected to the same postoperative protocol. The tendon defect was left open in 25 subjects (group A) and was closed in 36 subjects (group B). Postoperative patellar tendon behavior was evaluated in these two groups by ultrasonography at 3, 6, 9, and 12 months. The vertical position of the patella was measured in the follow-up lateral view at 45 degrees of flexion and compared to that of the untreated knee. A clinical evaluation was performed throughout the follow-up period, and patellofemoral problems (pain, stiffness, patello-femoral crepitus) were evaluated and recorded using a modified Larsen and Lauridsen rating scale. Isokinetic evaluation was carried out at 6 months, and a quadriceps index of the two groups was recorded. Ultrasonography showed that healing of the patellar tendon initially progressed with a compensatory hypertrophy in width and thickness. The width was greater in group B (P < 0.01). In group A we observed in the cross-sections a characteristic image of two cords separated by a low signal bridge which we defined as a ""binocular pattern."" Areas of high ultrasound signal intensities persisted after 1 year in the open group; such areas were filled with scar tissue. In the closed group the ultrasound tendon signal returned to normal at 1 year. At 6 months the clinical, radiographic and isokinetic findings did not significantly differ between the open and closed groups. We conclude that defect closure after patellar tendon harvesting does not significantly influence the extensor apparatus.",1995
221,7773815,1995,,Knee Surg Sports Traumatol Arthrosc,"['Engström B', 'Sperber A', 'Wredmark T']",Wredmark T,Continuous passive motion in rehabilitation after anterior cruciate ligament reconstruction.,3,1,18-20,['English'],9314730,0942-2056,,"['Clinical Trial', 'Journal Article', 'Randomized Controlled Trial']",PubMed - indexed for MEDLINE,ppublish,"['7773815', '10.1007/BF01553520']",10.1007/BF01553520,"['1995/01/01 00:00', '1995/01/01 00:01', '1995/01/01 00:00']",[],1,0,"Knee surgery, sports traumatology, arthroscopy : official journal of the ESSKA",,1995;3(1):18-20,"In a prospective, randomized study, 34 patients (25 male, 9 female; mean age 27 +/- 8 years) with unilateral anterior cruciate ligament ruptures and arthroscopic reconstruction with patellar tendon grafts were allocated at random to either early active motion only (AM; n = 17) or active motion in combination with continuous passive motion (CPM; n = 17). Range of motion was measured with a goniometer and joint swelling with a tape measure, preoperatively and at 6 weeks postoperatively. Neither associated injuries nor the age of the patients differed in the two groups. There was no difference in the range of motion between the two groups at 6 weeks' follow-up. Joint swelling was more pronounced in the AM group both preoperatively and at 6 weeks' follow-up. In this investigation the range of motion was not improved by CPM. The difference in joint swelling between the two groups may be explained by a persistent preoperative variation in joint effusion due to an imbalanced distribution of acute and chronic cases.",1995
222,7773814,1995,,Knee Surg Sports Traumatol Arthrosc,"['Cerullo G', 'Puddu G', 'Gianní E', 'Damiani A', 'Pigozzi F']",Pigozzi F,Anterior cruciate ligament patellar tendon reconstruction: it is probably better to leave the tendon defect open!,3,1,14-7,['English'],9314730,0942-2056,,"['Clinical Trial', 'Journal Article', 'Randomized Controlled Trial']",PubMed - indexed for MEDLINE,ppublish,"['7773814', '10.1007/BF01553519']",10.1007/BF01553519,"['1995/01/01 00:00', '1995/01/01 00:01', '1995/01/01 00:00']",[],1,0,"Knee surgery, sports traumatology, arthroscopy : official journal of the ESSKA",,1995;3(1):14-7,"The purpose of our prospective study was to establish whether or not in anterior cruciate ligament (ACL) patellar tendon reconstruction the tendon defect has to be closed. In 50 consecutive ACL patellar tendon reconstructions, the tendon defect was randomly closed (group I) or left open (group II). The following data were recorded from all patients on the 4th and 14th days post operation: range of motion (ROM), pain at rest, pain and validity at isometric contraction, ability of bent leg raising (at 4th day) and straight leg raising (at 14th day). All the patients underwent ultrasonographic examination after 3 months and X-ray scanning at 6 months post operation. Forty patients underwent a CT-scan examination at 6 months. Thirty patients underwent isokinetic testing between 10 and 12 months post operation. Evaluating the immediate post operation data, no statistically significant differences emerged between the two groups. Ultrasonography showed in 68% of the knees of group I (defect closed) a thickened patellar tendon (PT), while in 60% of group II it was of normal thickness. No patients of either group developed patella infera by X-ray evaluation 6 months post operation. CT scans at 6 months showed that 100% of the knees of group I had a thickened PT in toto (nearly twice as thick as normal). Scar tissue was present not only in its central third but also in more than half of the cases in the medial and lateral third. In group II 75% of the patients had a normal thickness PT and 25% presented with only a minimal thickening. Scar tissue was distinguished only at its central third.(ABSTRACT TRUNCATED AT 250 WORDS)",1995
223,8165955,1994 Feb,,Aktuelle Traumatol,"['Knaepler H', 'Schenk C']",Schenk C,"[The new ""Marburg rehabilitation concept"". ""On the status of exercise equipment within the scope of rehabilitation of patients after surgery of the anterior cruciate ligament""].",24,1,17-23,['German'],0421405,0044-6173,,"['Clinical Trial', 'Journal Article', 'Randomized Controlled Trial']",PubMed - indexed for MEDLINE,ppublish,['8165955'],,"['1994/02/01 00:00', '1994/02/01 00:01', '1994/02/01 00:00']",[],1,0,Aktuelle Traumatologie,,1994 Feb;24(1):17-23,"The surgical treatment of acute and chronic injuries of the anterior cruciate ligament (ACL) is still incontinous. Different techniques and materials are used to reconstruct and repair this important structure. This causes that the kind of postoperative treatment is even inhomogeneous. Concepts of ""early mobilization"" correspond to the results of basic research on pathobiomechanical effects of joint immobilization. There is a large variety on the information concerning method, success and length of rehabilitation. The final aim of our research was the development of a new rehabilitation strategy for patients in addition to out-patient physiotherapy. The reconstruction and repair of ACL is in our hospital done by an autograft of patellar tendon, ""bone-tendon-bone"", in augmentation with a ""3-mm-Trevira cruciate ligament prosthesis"". In our prospective, controlled and randomized clinical study ""group A"" (n = 20) practiced in addition to their out-patient physiotherapy twice a week under the direction of a medical doctor and the control of a physiotherapist with the equipment of a fitness-center. ""Group B"" (n = 20) passed only the out-patient physiotherapy. Both groups were examined regularly with special regard to the active motion of the knee joint, the power and the circumference of the leg. Also the ""Marschall-Tegner"" and the ""Lysholm-Gilquist-Score"" were determined. In our study we found that the ""New-Marburg-rehabilitation-concept"" is an useful supplement to the out-patient physiotherapy. All examined data showed a clear increase in ""group A"" in comparison to ""group B"".",1994
224,8536044,1994,,Knee Surg Sports Traumatol Arthrosc,"['Kohn D', 'Sander-Beuermann A']",Sander-Beuermann A,Donor-site morbidity after harvest of a bone-tendon-bone patellar tendon autograft.,2,4,219-23,['English'],9314730,0942-2056,,"['Clinical Trial', 'Journal Article', 'Randomized Controlled Trial']",PubMed - indexed for MEDLINE,ppublish,"['8536044', '10.1007/BF01845591']",10.1007/BF01845591,"['1994/01/01 00:00', '1994/01/01 00:01', '1994/01/01 00:00']",[],1,0,"Knee surgery, sports traumatology, arthroscopy : official journal of the ESSKA",,1994;2(4):219-23,"The effects of closure of the peritendineum and bone grafting of the patellar defect after harvest of the bone-tendon-bone patellar tendon autograft was investigated prospectively in two groups of 25 patients. Anterior cruciate ligament (ACL) reconstruction was performed with minimally invasive techniques either arthroscopically or via mini-arthrotomy. Patellar height, size of bony and tendon defects, and overall result were followed up for 2 years postoperatively. The results showed that closure of the peritendineum enhances healing of the patellar tendon defect and restores a normal appearance of the tendon within 2 years. We have stopped bone grafting the patellar defect with cancellous bone because of the risk of formation of painful spurs at the inferior pole of the patella which occurred in 36% of patients.",1994
225,8403647,1993 Oct,,Clin Orthop Relat Res,"['Engström B', 'Wredmark T', 'Westblad P']",Westblad P,Patellar tendon or Leeds-Keio graft in the surgical treatment of anterior cruciate ligament ruptures. Intermediate results.,,295,190-7,['English'],0075674,0009-921X,,"['Clinical Trial', 'Comparative Study', 'Journal Article', 'Randomized Controlled Trial']",PubMed - indexed for MEDLINE,ppublish,['8403647'],,"['1993/10/01 00:00', '1993/10/01 00:01', '1993/10/01 00:00']",[],1,0,Clinical orthopaedics and related research,,1993 Oct;(295):190-7,"In a prospective randomized study, 60 patients with unilateral chronic anterior cruciate ligament (ACL) rupture were allocated to surgical reconstruction using an autogenous patellar tendon graft (PT) or a synthetic Leeds-Keio graft (LK). Fifty-five patients (26 PT, 29 LK), 32 men, 23 women, fulfilled the criteria to be further tested. The mean time from surgery to follow up was 28 months. Laxity was tested by pivot shift and an instrumented anterior laxity test. Subjective knee function was classified using the Lysholm score, Tegner activity score, and IKDC grading. Muscle performance was analyzed in 49 patients (23 PT, 26 LK. There was no difference between the two groups in anthropometry, activity levels (before trauma; present; desired activity), time from trauma to surgery, or time from surgery to follow-up evaluation. Neither the concentric and eccentric knee extensor peak torque ratio nor the knee extensor endurance and the one-leg hop test differed between the two groups. However, both the pivotshift and the anterior laxity were significantly greater for the LK group. On the other hand, significantly more patients in the PT group had an extensor lag. Although the results are only intermediate, the Leeds-Keio ligament does not fulfill the requirements for a satisfactory result in ACL reconstructive surgery with regard to knee-joint stability.",1993
226,8431629,1993 Jan,,Ann Pharmacother,"['Babul N', 'Darke AC', 'Johnson DH', 'Charron-Vincent K']",Charron-Vincent K,Using memory for pain in analgesic research.,27,1,9-12,['English'],9203131,1060-0280,,"['Clinical Trial', 'Comparative Study', 'Journal Article', 'Randomized Controlled Trial']",PubMed - indexed for MEDLINE,ppublish,"['8431629', '10.1177/106002809302700101']",10.1177/106002809302700101,"['1993/01/01 00:00', '1993/01/01 00:01', '1993/01/01 00:00']",[],1,0,The Annals of pharmacotherapy,,1993 Jan;27(1):9-12,"OBJECTIVE: To determine the validity of pain intensity recall at 24 and 48 hours as a substitute for hourly pain assessments in repeated-dose analgesic studies. SETTING: Orthopedic unit of an acute care teaching hospital. PARTICIPANTS: Eighty-four patients undergoing arthroscopic reconstruction of the anterior cruciate ligament, using the patellar tendon, who were participating in a randomized, double-blind, parallel-group analgesic study. INTERVENTIONS: Patients rated their pain intensity every hour (while awake) for 48 hours and their recall of worst, least, and usual pain intensity at 24 and 48 hours using a visual analog scale (VAS). MAIN OUTCOME MEASURES: This study examined the relationship between recall of worst, least, and usual pain intensity at 24 and 48 hours and the experienced maximum, minimum, and mean pain intensity VAS scores obtained from hourly assessments over the 0-24- and 0-48-hour periods, respectively. The significance of differences between recalled and experienced pain intensity variables was assessed. RESULTS: Worst, least, and usual pain recall at 24 and 48 hours were highly correlated with experienced maximum, minimum, and mean pain from hourly reports, respectively, over the 0-24- and 0-48-hour periods (Pearson correlation coefficients, r = 0.80-0.89, p < 0.0001). Among the three pain recall variables, usual pain showed the highest correlation with hourly measurements. There were no significant differences between recalled pain and the corresponding measures of pain from the hourly VAS scores, except in the case of 48-hour recall of worst pain (Student's t-test, p = 0.001). CONCLUSIONS: The close agreement between actual pain experience and recall of pain provides support for the use of pain recall in assessing analgesic efficacy in clinical trials.",1993
227,1558237,1992 Mar-Apr,,Am J Sports Med,"['Rosen MA', 'Jackson DW', 'Atwell EA']",Atwell EA,The efficacy of continuous passive motion in the rehabilitation of anterior cruciate ligament reconstructions.,20,2,122-7,['English'],7609541,0363-5465,,"['Clinical Trial', 'Journal Article', 'Randomized Controlled Trial', ""Research Support, Non-U.S. Gov't""]",PubMed - indexed for MEDLINE,ppublish,"['1558237', '10.1177/036354659202000205']",10.1177/036354659202000205,"['1992/03/01 00:00', '1992/03/01 00:01', '1992/03/01 00:00']",[],1,0,The American journal of sports medicine,,1992 Mar-Apr;20(2):122-7,"Seventy-five patients undergoing arthroscopically-assisted anterior cruciate ligament reconstruction by the same surgeon were divided into three random subgroups. All of the anterior cruciate ligament reconstructions used the middle third of the ipsilateral patellar tendon autograft. Patients undergoing meniscal repair, extraarticular procedures, or repair of other ligaments were excluded. The 75 patients were divided into subgroups to assess the benefits or disadvantages of early active motion (25 patients), continuous passive motion (25 patients), and a combination of both (25 patients) during the first 30 days after surgery. All patients were evaluated at specific intervals for 6 months after surgery. Data recorded included drain output, medication usage, tourniquet time, leg involved, hospital stay length, KT-1000 testing (before surgery in the anesthetized patient, after the procedure was completed, and 2 and 6 months after surgery), and range of motion. Radiographs and the International Knee Evaluation Form were also used to evaluate the results. No statistically significant differences were found between the three groups. Side-to-side anterior-posterior differences, stability, and restoration of full range of motion were similar in each subgroup at each evaluated interval. In this prospective study of motion, started immediately after anterior cruciate ligament reconstruction, passive and active methods were shown to have identical results. A supervised active and passive motion program during the 1st month had the same results as either one used individually.",1992
228,2009118,1991,,Arthroscopy,"['Richmond JC', 'Gladstone J', 'MacGillivray J']",MacGillivray J,Continuous passive motion after arthroscopically assisted anterior cruciate ligament reconstruction: comparison of short- versus long-term use.,7,1,39-44,['English'],8506498,0749-8063,,"['Clinical Trial', 'Comparative Study', 'Journal Article', 'Randomized Controlled Trial', ""Research Support, Non-U.S. Gov't""]",PubMed - indexed for MEDLINE,ppublish,"['2009118', '10.1016/0749-8063(91)90076-a', '0749-8063(91)90076-A']",10.1016/0749-8063(91)90076-a,"['1991/01/01 00:00', '1991/01/01 00:01', '1991/01/01 00:00']",['Arthroscopy 1991;7(2):256'],1,0,Arthroscopy : the journal of arthroscopic & related surgery : official publication of the Arthroscopy Association of North America and the International Arthroscopy Association,,1991;7(1):39-44,"The use of continuous passive motion (CPM) following anterior cruciate ligament (ACL) reconstruction has become common. The duration of use of CPM for maximal therapeutic benefit is not known. This study compared 4-day CPM use with 14-day CPM use following arthroscopic ACL reconstruction using a bone-patellar tendon-bone autograft prospectively in 20 patients. The patients were randomly allocated to the CPM 4-day group [6 h daily CPM for 4 days in hospital followed by intermittent passive motion (IPM) at home] or to the CPM 14-day group (6 h daily CPM for 14 days). The objective parameters measured were girth measurements at four lower limb locations for joint swelling and muscle atrophy; range of motion of the knee, measured goniometrically; and KT-1000 arthrometry measurements for joint laxity. The measurements were made prior to surgery, and on days 2, 7, 14, and 42, postoperatively. There were no statistically significant differences (p greater than 0.05) at 42 days postoperatively between groups in all parameters measured with the exception of KT-1000 laxity at 42 days.",1991
229,2285086,1990 Nov-Dec,,Am J Sports Med,"['Engebretsen L', 'Benum P', 'Fasting O', 'Mølster A', 'Strand T']",Strand T,"A prospective, randomized study of three surgical techniques for treatment of acute ruptures of the anterior cruciate ligament.",18,6,585-90,['English'],7609541,0363-5465,,"['Clinical Trial', 'Comparative Study', 'Journal Article', 'Randomized Controlled Trial']",PubMed - indexed for MEDLINE,ppublish,"['2285086', '10.1177/036354659001800605']",10.1177/036354659001800605,"['1990/11/01 00:00', '1990/11/01 00:01', '1990/11/01 00:00']",[],1,0,The American journal of sports medicine,,1990 Nov-Dec;18(6):585-90,"Treatment of ACL tears is controversial. Recent reports on nonoperative treatment have shown poor results. Results after primary repair have deteriorated with time, leading to augmentation procedures that seem to have improved the results. However, there have been few prospective, randomized studies in this field. Our goal was to compare primary repair with a bone-patellar tendon-bone augmentation method and with a new method using the Kennedy Ligament Augmentation Device. One hundred fifty patients aged 16 to 50, all of whom had acute ACL tears, were randomized with the closed envelope method to one of three groups treated with open surgical methods. Fifty patients were treated with primary repair, 50 patients with patellar tendon augmentation, and 50 patients were augmented with the Kennedy Ligament Augmentation Device. All patients were operated on within 10 days of injury. The rehabilitation protocol was identical, consisting of a long leg cast for 2 weeks, followed by a brace with no weight-bearing and limited motion for 6 weeks. The patients were followed prospectively by one surgeon (LE) using the Lysholm functional score, Tegner activity level score, clinical evaluation and KT-1000 arthrometer at 6 months, 1, and 2 years. Three patients were lost to followup. There was no age or activity level difference between the groups. Sport activities led to 85% of the injuries, with skiing, soccer, and European handball representing 80% of injuries. All three groups reduced their activity level the 1st year. The repair group remained at the same level after 2 years.(ABSTRACT TRUNCATED AT 250 WORDS)",1990
230,2323135,1990 May,,Clin Orthop Relat Res,['Kohn D'],Kohn D,"Arthroscopic evaluation of anterior cruciate ligament reconstruction using a free patellar tendon autograft. A prospective, randomized study.",,254,220-4,['English'],0075674,0009-921X,,"['Clinical Trial', 'Journal Article', 'Randomized Controlled Trial']",PubMed - indexed for MEDLINE,ppublish,['2323135'],,"['1990/05/01 00:00', '1990/05/01 00:01', '1990/05/01 00:00']",[],1,0,Clinical orthopaedics and related research,,1990 May;(254):220-4,"In a prospective study, follow-up arthroscopy was performed (with the informed consent of the patient) after anterior cruciate ligament reconstruction using a free patellar tendon autograft. Nineteen of 21 consecutive patients agreed to arthroscopy. Time between operation and arthroscopy ranged from six to 25 months (average, 15 months) and was distributed at random among the patients. In evaluating knee stability and functional performance, the arthroscopic findings were disappointing. The Lysholm score improved from 68 +/- 8 points preoperatively to 84 +/- 8 points postoperatively. KT-1000 measurement on the day before follow-up arthroscopy showed only a slightly increased anterior laxity of 6.2 mm compared to 4.7 mm on the uninjured side. When the arthroscopic results were graded from 0 (ruptured) to 3 (excellent), four patients had a Grade 3 result, ten patients had a Grade 2 (moderate) result, and five patients had a Grade 1 (poor) result. No graft was ruptured. These findings indicate that, in the majority of patients, reconstruction of the anterior cruciate ligament using a free patellar tendon autograft will not result in an arthroscopically normal substitute for the anterior cruciate ligament.",1990
231,3491982,1986 Nov,,Orthopedics,"['Arvidsson I', 'Arvidsson H', 'Eriksson E', 'Jansson E']",Jansson E,Prevention of quadriceps wasting after immobilization: an evaluation of the effect of electrical stimulation.,9,11,1519-28,['English'],7806107,0147-7447,,"['Clinical Trial', 'Journal Article', 'Randomized Controlled Trial']",PubMed - indexed for MEDLINE,ppublish,"['3491982', '10.3928/0147-7447-19861101-08']",10.3928/0147-7447-19861101-08,"['1986/11/01 00:00', '1986/11/01 00:01', '1986/11/01 00:00']",[],1,0,Orthopedics,,1986 Nov;9(11):1519-28,"Eighteen male and 20 female patients who underwent reconstruction of their anterior cruciate ligament (ACL) with a flap from the patellar tendon were randomly assigned into either closed cast, isometric muscle training and electric stimulation (ES group), or closed cast and isometric training alone (control group). The degree of quadriceps wasting was determined from computerized tomographic scans (CT) before and 6 weeks after surgery. Electrical stimulation was given with a battery operated stimulator that produced a rectangular asymmetric balanced biphasic pulse shape. The pulse rate was 40 Hz and the pulse width 300 microseconds. Patients received 30 min of stimulation three times daily during 5.5 weeks. Female control patients showed a larger decrease in quadriceps area on CT than male control patients (P less than .001). No significant difference was found between male electrically stimulated patients and control patients. In female patients, there was on the contrary, a highly significant difference in favor of electrical stimulation (P less than .001) When the different parts of the quadriceps were studied, a significantly lower degree of atrophy of the vastus medialis was found after electrical stimulation. Vastus lateralis did not show any difference. Measurements of CT attenuation, pre- and post-operatively, showed a decrease in attenuation of 17% for the vastus medialis and lateralis of the operated leg after immobilization, indicating an increase in fat content. In the rectus femoris, however, there was an increase in attenuation of 14.6%. Percutaneous muscle biopsies from the vastus lateralis obtained before, one week after, and 6 weeks after surgery revealed that the cross-sectional area of the individual muscle fibers decreased less in the electrically stimulated than in controls, but the difference was not significant. There were no differences between the two groups in the activity of an oxidative enzyme, citrate synthase, or a glycolytic enzyme, phosphofructokinase (PFK). We conclude that females reacted more favorably than males to electrical stimulation of quadriceps during an immobilization period after knee surgery.",1986
