,pmid,PubDate,EPubDate,Source,AuthorList,LastAuthor,Title,Volume,Issue,Pages,LangList,NlmUniqueID,ISSN,ESSN,PubTypeList,RecordStatus,PubStatus,ArticleIds,DOI,History,References,HasAbstract,PmcRefCount,FullJournalName,ELocationID,SO,abstract,year
0,41974310,2026 Apr 11,2026 Apr 11,J ISAKOS,"[""D'Ambrosi R"", 'Ackermann J', 'Deichsel A', 'Eckl L', 'Eggeling L', 'Kittl C', 'Laky B', 'Mathis D', 'Merkely GB', 'Muench LN', 'Muenchgesang M', 'Schmidt AF', 'Schuettler KF', 'Wafaisade A', 'Guenther D', 'Research Committe of Society for Arthroscopy and Joint-Surgery (AGA)']",Guenther D,Graft Choice Does Not Influence Outcomes After Anterior Cruciate Ligament Reconstruction in Patients Aged 50 Years and Older: A Systematic Review and Meta-analysis.,,,101111,['English'],101680867,2059-7754,2059-7762,"['Journal Article', 'Review']",PubMed - as supplied by publisher,aheadofprint,"['41974310', '10.1016/j.jisako.2026.101111', 'S2059-7754(26)00047-7']",10.1016/j.jisako.2026.101111,"['2026/03/08 00:00', '2026/03/31 00:00', '2026/04/02 00:00', '2026/04/14 00:32', '2026/04/14 00:32', '2026/04/13 19:37']",[],1,0,Journal of ISAKOS : joint disorders & orthopaedic sports medicine,doi: 10.1016/j.jisako.2026.101111,2026 Apr 11;:101111,"AIM: Anterior cruciate ligament reconstruction (ACLR) in patients over 50 years has traditionally been considered controversial due to concerns about graft failure, limited healing potential, and risk of degenerative progression. However, with increasing life expectancy and higher physical activity in older adults, the demand for ACLR in this population has grown, and the role of graft selection remains unclear. The aim of this study was to evaluate the influence of graft choice on clinical outcomes, graft survival, and re-rupture rates after ACLR in patients aged 50 years and older. It was hypothesized that (1) ACLR in this population would result in low re-rupture rates and satisfactory functional outcomes, and (2) no significant differences would be observed among different graft types. EVIDENCE REVIEW: A systematic literature search of PubMed, Embase, and the Cochrane Library was performed from database inception to July 20, 2025, according to the Preferred Reporting Items for Systematic Reviews and Meta-Analyses (PRISMA) guidelines. Eligible studies included skeletally mature patients >/=50 years undergoing primary ACLR with different grafts (hamstring tendon [HT], bone-patellar tendon-bone [BPTB], quadriceps tendon [QT], allograft, or synthetic). Outcomes of interest included graft re-rupture, Lysholm score, and International Knee Documentation Committee (IKDC) subjective score. Random-effects meta-analyses were conducted to pool results, and subgroup analyses were performed by graft type. FINDINGS: Twenty-one studies including a total of 1,093 patients were analyzed. The overall weighted mean age at surgery was 55.88 years (95% Confidence Interval [CI], 54.6-57.2). The majority of patients underwent HT reconstruction (n=744 - 68.1%), followed by QT (n=142 - 12.9%), BPTB (n=81 - 7.4%), allograft (n=110 - 10.1%), and synthetic grafts (LARS; n=16 - 1.5%). The overall re-rupture rate was 0.3% (95% CI, 0.0-1.4), with no statistically significant differences among graft types (p > 0.05), ranging from 0.0% for BPTB/QT to 1.8% for allograft/ligament augmentation and reconstruction system (LARS). The pooled mean Lysholm score was 91.2 (95% CI, 89.5-92.9), and the pooled mean IKDC score was 81.4 (95% CI, 77.9-84.9), showing no statistically significant graft-related differences. Odds ratio analysis confirmed no increased risk of re-rupture across graft types. CONCLUSIONS: ACL reconstruction in patients aged 50 years and older is associated with excellent functional outcomes and very low re-rupture rates. No statistically significant differences were observed among graft types. These findings should be interpreted with caution due to limited data for some graft categories and heterogeneity of the available evidence. Graft selection should be individualized based on patient characteristics and surgeon expertise rather than chronological age. STUDY REGISTRATION: PROSPERO Registry (CRD420251118537) STUDY DESIGN: Systematic review and meta-analysis; Level of evidence, III.",2026
1,41970205,2026 Apr,2026 Apr 8,Orthop J Sports Med,"['Hunter CDR', 'McNamara N', 'Rosenthal RM', 'Johnson BT', 'Featherall J', 'Greis P', 'Maak TG', 'Aoki SK', 'Ernat JJ']",Ernat JJ,"Evaluating Thigh Muscle Volume and Compensatory Muscle Changes in Bone-Patellar Tendon-Bone, Hamstring Autograft, and Allograft Anterior Cruciate Ligament Reconstructions: A Minimum 5-Year Follow-up.",14,4,23259671261432585,['English'],101620522,2325-9671,2325-9671,['Journal Article'],PubMed,,"['41970205', 'PMC13065282', 'pmc-id: PMC13065282;', '10.1177/23259671261432585', '10.1177_23259671261432585']",10.1177/23259671261432585,"['2026/02/02 00:00', '2026/02/08 00:00', '2026/04/13 18:18', '2026/04/13 18:17', '2026/04/13 06:32', '2026/04/08 00:00']",[],1,28,Orthopaedic journal of sports medicine,doi: 10.1177/23259671261432585,2026 Apr;14(4):23259671261432585,"BACKGROUND: Graft selection in anterior cruciate ligament reconstruction (ACLR) may lead to long-term, graft-specific muscle adaptations, yet their effect on functional outcomes remains poorly understood. Magnetic resonance imaging (MRI)-based 3D modeling enables precise quantification of muscle volume changes, offering insight into the relationship between postoperative muscle preservation and patient-reported outcomes. PURPOSE: To radiologically evaluate thigh muscle volume changes and patient-reported outcomes at minimum 5-year follow-up among patients after primary anterior cruciate ligament reconstruction (ACLR) using allograft, bone-patellar tendon-bone autograft (BPTB), or hamstring autograft (gracilis and semitendinosus; HS) with MRI-based 3D modeling. STUDY DESIGN: Cohort study; Level of evidence, 3. METHODS: Patients aged 18 to 45 years (mean +/- SD age, 26.9 +/- 7.2 years) with a body mass index (BMI) <30 who underwent primary ACLR with either allograft, BPTB, or HS with minimum 5-year follow-up were identified via retrospective chart review. Exclusion criteria were any history of a knee flexor or extensor injury/surgery, revision ACLR procedures, any concomitant surgical procedures other than chondral debridement and/or meniscectomy/repair, or any subsequent lower extremity surgery since the index ACLR. Bilateral thigh 3.0-T MRI scans were obtained, and images were rendered using 3D modeling software. Volume measurements were performed for (1) the individual muscles, (2) each compartment, and (3) the entire thigh. Specific individual muscles analyzed included the quadriceps (rectus femoris, vastus lateralis, vastus medialis, vastus intermedius) and sartorius in the anterior compartment; the hamstrings (biceps femoris long and short heads, semitendinosus, semimembranosus) in the posterior compartment; and the gracilis and combined adductor muscle group in the medial compartment. Individual muscle volumes were calculated for each thigh and then normalized as a percentage of the total volume of their respective muscle compartments. These compartment-relative percentages in the operative thigh were subsequently compared with the corresponding percentages in the contralateral, nonoperative thigh. Multivariable linear regression linked ratios of injured to contralateral muscle preservation (total and compartmental) to International Knee Documentation Committee (IKDC) scores, adjusting for age, sex, BMI, and graft type. Paired Student t tests and chi-square tests were used for statistical analysis. RESULTS: A total of 30 patients were included: 10 allograft, 10 BPTB, and 10 HS. The cohort consisted of 18 male patients (60%) and 12 female patients (40%), with a higher proportion of male patients in the BPTB group (9/10 male). Allograft patients (mean age, 34.6 years; range, 31-40 years) were significantly older at surgery than BPTB (mean age, 23.4 years; range, 17-33 years) and HS cohorts (mean age, 22.7 years; range, 16-28 years) (P < .001). The mean time interval from surgery to follow-up MRI was 6.7 +/- 1.2 years. No significant differences in total thigh or individual muscle volumes were found between operative and nonoperative limbs with allograft. BPTB demonstrated a significant reduction in mean muscle volume percentage of the vastus intermedius in the operative thigh compared with the nonoperative thigh (13.98% vs 16.48%; P < .001). With HS, significant reductions were observed in mean muscle volume percentages of the gracilis (15.61% vs 27.35%; P < .001) and semitendinosus (7.49% vs 17.49%; P = .001) muscles in the operative thigh. Conversely, the semimembranosus exhibited a significant increase in mean muscle volume percentage in the operative thigh relative to the nonoperative thigh (42.50% vs 36.57%; P = .006). Across graft types, greater preservation of operative-limb muscle volume predicted better function: Total-thigh preservation correlated with higher IKDC scores (B = 61.8; P = .043), and anterior-compartment preservation showed the strongest association (B = 110.3; P = .004; model R (2) = 0.48). No covariate (age, sex, BMI, graft type) independently influenced IKDC score. CONCLUSION: Five years after ACLR, thigh muscle adaptation depended on graft choice and carried meaningful functional consequences. Hamstring autografts were associated with lasting atrophy of the semitendinosus and gracilis with compensatory hypertrophy of the semimembranosus, whereas BPTB autografts were associated with selective loss of the vastus intermedius and no compensatory enlargement in the remaining quadriceps. Across all patients, larger differences in muscle volume between limbs, especially in the anterior compartment, were linked to lower IKDC scores.",2026
2,41946489,2026 Apr 7,2026 Apr 7,Arthroscopy,"['Davey MS', 'Hurley ET', 'Doyle TR', 'Dickens JF']",Dickens JF,"Anterior Cruciate Ligament Reconstruction With Hamstring Tendon Versus Quadriceps Tendon Autograft Results in No Significant Differences in Patient-Reported Outcome Measures, Re-Rupture Rates, and Clinical Stability: A Meta-analysis of Level I Randomized Control Trials.",,,,['English'],8506498,0749-8063,1526-3231,"['Journal Article', 'Review']",PubMed - as supplied by publisher,aheadofprint,"['41946489', '10.1002/arj.70086']",10.1002/arj.70086,"['2025/04/26 00:00', '2025/08/27 00:00', '2026/04/08 00:30', '2026/04/08 00:30', '2026/04/07 20:03']",[],1,0,Arthroscopy : the journal of arthroscopic & related surgery : official publication of the Arthroscopy Association of North America and the International Arthroscopy Association,doi: 10.1002/arj.70086,2026 Apr 7;,"PURPOSE: To perform a systematic review and meta-analysis of Level I randomized controlled trials (RCTs) examining the clinical outcomes of patients who underwent anterior cruciate ligament reconstruction (ACLR), with hamstring tendon (HT) versus quadriceps tendon (QT) autografts. METHODS: A literature search was performed according to the Preferred Reporting Items for Systematic Reviews and Meta-Analyses guidelines. Only RCTs of Level I evidence comparing clinical outcomes of ACLR with HT versus QT autografts were included. Descriptive statistics were performed with risk ratios utilized for dichotomous variables and the mean difference (MD) for continuous variables. Statistical significance was set at P-value < .05. RESULTS: There were 6 RCTs including 374 patients (60% males) with a mean age of 26.7 +/- 3.8 years who underwent ACLR with HT (n = 186) or QT (n = 188) autografts. Meta-analysis found there were no significant differences between those who underwent ACLR with either HT or QT autografts with respect to positive pivot-shift testing (risk ratio; 0.42, P = .42) and re-rupture rates (risk ratio; 1.03, P = .96). Similarly, there was no significant difference between the groups for all patient-reported outcome measures, namely International Knee Documentation Committee scores (MD; 0.00, P = .98) and Lysholm scores (MD; -0.21, P = .47) (MD; -0.18, P = .65). However, one study found a significant difference between the HT and QT groups with respect to donor site morbidity scores). CONCLUSIONS: Current Level I evidence suggests that there is no significant difference between ACLR with HT or QT autografts in re-rupture rates, clinical evaluation of laxity, or patient-reported outcomes measures in the short-term postoperatively. Although few RCTs reported specifically in relation to donor site morbidity, current literature suggests that QT autograft may potentially result in significantly lower occurrence of donor site morbidity scoring. LEVEL OF EVIDENCE: Level I, meta-analysis of Level I studies.",2026
3,41879151,2026 Feb,2026 Mar 25,Arthroscopy,"['Hopper HM', 'Harris M', 'Wyatt P', 'Cyrus J', 'Smith M', ""O'Neill CN"", 'Edge C', 'Goodloe JB', 'Vap AR', 'Amendola A']",Amendola A,"Quadriceps Tendon Autograft Produces Favorable Return to Sport, Strength, Range of Motion, Retear Rate, and Midterm Outcomes After Anterior Cruciate Ligament Reconstruction: A Systematic Review.",42,2,539-558,['English'],8506498,0749-8063,1526-3231,"['Journal Article', 'Systematic Review', 'Review']",PubMed - indexed for MEDLINE,ppublish+epublish,"['41879151', '10.1002/arj.70092']",10.1002/arj.70092,"['2025/02/02 00:00', '2025/09/21 00:00', '2026/04/13 12:37', '2026/03/25 12:48', '2026/03/25 07:43']",[],1,0,Arthroscopy : the journal of arthroscopic & related surgery : official publication of the Arthroscopy Association of North America and the International Arthroscopy Association,doi: 10.1002/arj.70092,2026 Feb;42(2):539-558,"PURPOSE: To determine the outcomes of anterior cruciate ligament reconstruction (ACLR) with quadriceps tendon (QT) graft with a minimum of 5-year follow-up. METHODS: A systematic review was performed in adherence to Preferred Reporting Items for Systematic Reviews and Meta-Analyses guidelines. Cochrane, Embase, and Medline databases were searched for studies published through May 2025. Inclusion criteria were studies that included ACLR with QT autograft with a minimum of 5-year follow-up. Studies investigating anterior cruciate ligament repairs and studies that did not separate analyses by graft type were excluded. Non-English studies, systematic reviews, technical notes, letters to the editor, and surgical technique papers were also excluded. Risk of bias was assessed using Joanna Briggs Institute's Methodological Quality Assessment Tool. Outcomes of interest included strength, range of motion (ROM), hop tests, joint laxity, patient-reported outcomes, return to sport, and complications. RESULTS: Eight heterogeneous studies including 662 ACLRs utilizing QT graft with follow-ups ranging from 5 to 23 years were included in this review. Favorable outcomes reported in these studies included strength, ROM, hopping, joint laxity, patient-reported outcomes, return to sport, and complications. The complication rates ranged from 0% to 24% for graft failure, 3% to 35.3% for ipsilateral reoperations for reasons other than graft failure, 5.4% to 23.5% for contralateral ACLR, 0% to 11.5% for patients with donor graft site pain, 0% to 5% for anterior knee pain, and 0% to 1.5% for infection. CONCLUSIONS: Overall, this systematic review has shown that the QT graft produces good midterm outcomes and is a viable graft choice for patient strength, joint laxity, return to sport, ROM, and patient-reported outcomes. This study found higher rates of graft failure and ROM deficits but lower rates of anterior knee pain compared with studies examining outcomes of ACLR with QT graft with a minimum 2-year follow-up supporting the need for longer outcome studies to further define the longevity of the QT graft. LEVEL OF EVIDENCE: Level IV, systematic review of Level II to IV studies.",2026
4,41836005,2026 Mar,2026 Mar 11,Orthop J Sports Med,"['Therien AD', 'Kouo T', 'Prado I', 'Luo EJ', 'Williams C', 'Reed J', 'Ebangwese S', 'Zirbes C', 'Wu KA', 'Bulleit C', 'Hendren S', 'Lau BC']",Lau BC,No Postoperative Difference Between Bone-Block Versus All-Soft Tissue Quadriceps Tendon Autografts for Anterior Cruciate Ligament Reconstruction: A Systematic Review and Meta-analysis.,14,3,23259671261418051,['English'],101620522,2325-9671,2325-9671,"['Journal Article', 'Review']",PubMed,,"['41836005', 'PMC12979880', 'pmc-id: PMC12979880;', '10.1177/23259671261418051', '10.1177_23259671261418051']",10.1177/23259671261418051,"['2025/12/23 00:00', '2025/12/30 00:00', '2026/03/16 21:59', '2026/03/16 21:58', '2026/03/16 06:02', '2026/03/11 00:00']",[],1,58,Orthopaedic journal of sports medicine,doi: 10.1177/23259671261418051,2026 Mar;14(3):23259671261418051,"BACKGROUND: Quadriceps tendon autografts are increasingly used for anterior cruciate ligament reconstruction (ACLR), harvested either with a patellar bone block (quadriceps tendon bone block [QTBB]) or as an all-soft tissue graft (quadriceps tendon soft tissue [QTST]). However, comparative data on outcomes remain limited and heterogeneous. HYPOTHESIS: It was hypothesized that there would be no significant differences in patient-reported outcomes, objective stability, return to sports, or complication rates between QTBB and QTST grafts used for primary ACLR. STUDY DESIGN: Systematic review and meta-analysis; Level of evidence, 4. METHODS: A systematic review of 4 databases (PubMed, Embase, Scopus, and SportDISCUS) was conducted through November 2024. Studies reporting outcomes after primary ACLR using QTBB or QTST autografts were included (Levels 1-4 evidence). Random-effects meta-analyses pooled outcomes for each graft; meta-regression compared grafts while adjusting for follow-up duration and publication year. Risk of bias was assessed using Risk Of Bias In Non-randomized Studies of Interventions (ROBINS-I), and certainty of evidence was evaluated using the Grading of Recommendations Assessment, Development and Evaluation (GRADE) framework. RESULTS: A total of 44 studies (n = 2083; QTBB = 1104; QTST = 979) met the inclusion criteria with a mean follow-up of 29 months. International Knee Documentation Committee scores averaged 79.7 (95% CI, 74.8-84.6) for QTBB and 85.4 (95% CI, 80.9-89.8) for QTST autografts (beta = 5.2; P = .11). There were no significant between-group differences in Lysholm, Tegner, or Knee injury and Osteoarthritis Outcome Score subscale scores. Instrumented laxity (KT-1000/2000) was higher for QTBB (1.75 mm [1.30-2.21]) versus QTST grafts (0.50 mm [0.35-0.65]) (beta = -1.25 mm; P = 0.087), although this difference was not statistically significant and QTST results were driven by a single high-volume cohort. No significant differences were found in Lachman, pivot-shift, or anterior drawer grades. Return to sports (RTS) rates were 82% for QTBB and 81% for QTST grafts (P = .82). Graft failure (both 6%), anterior knee pain (8% vs 7%), and infection (~1%) rates were comparable (all P > .70). Heterogeneity was high for patient-reported outcome measures (I(2) >75%) but low for complications. Most studies had a moderate risk of bias, and the certainty of evidence was graded as very low across outcomes due to inconsistency, imprecision, and the observational nature of included studies. CONCLUSION: This systematic review and meta-analysis found no clinically meaningful differences in short-term patient-reported outcomes, graft integrity, RTS rates, or complications between QTBB and QTST grafts in primary ACLR.",2026
5,41818333,2026 Mar 12,2026 Mar 12,J Bone Joint Surg Am,"['Vosoughi F', 'Younesian S', 'Mousavi SM', 'Shaker F', 'Menbari Oskouie I']",Menbari Oskouie I,Comparison of Autograft Types in Anterior Cruciate Ligament Reconstruction: A Systematic Review and Bayesian Network Meta-Analysis of Randomized Clinical Trials.,,,,['English'],0014030,0021-9355,1535-1386,['Journal Article'],PubMed - as supplied by publisher,aheadofprint,"['41818333', '10.2106/JBJS.25.01315', '00004623-990000000-01739']",10.2106/JBJS.25.01315,"['2026/03/12 18:53', '2026/03/12 18:53', '2026/03/12 14:04']",[],1,0,The Journal of bone and joint surgery. American volume,doi: 10.2106/JBJS.25.01315,2026 Mar 12;,"BACKGROUND: The literature regarding optimal autograft choice for anterior cruciate ligament (ACL) reconstruction (ACLR) remains inconclusive. This network meta-analysis (NMA) compares common autografts for primary ACLR. METHODS: PubMed, Scopus, Web of Science, and Embase were searched up to May 3, 2025, for randomized clinical trials (RCTs) on primary ACLR in adults that compared >/=2 of the following tendon autografts: 4-strand semitendinosus (4SST), 4-strand semitendinosus-gracilis (4SSTG), its 5-strand variant (5SSTG), bone-patellar tendon-bone (BPTB), quadriceps tendon with bone (QTB), and free quadriceps tendon (FQT). Outcomes analyzed in the NMA were the International Knee Documentation Committee (IKDC) subjective score, Lysholm score, Tegner Activity Scale, anteroposterior (instrumented) and rotational (pivot-shift) stability, and rerupture or revision ACLR rate. Autografts were ranked using surface under the cumulative ranking (SUCRA) values. RESULTS: A total of 44 RCTs with 3,491 patients were included in the NMA. With respect to the IKDC, QTB was statistically superior to BPTB (mean difference = 3.46, 95% credible interval [CrI]: 0.29 to 6.77), although the difference was likely not clinically meaningful. QTB ranked highest for the IKDC (SUCRA = 90.1%) and Tegner (SUCRA = 85.3%), while BPTB ranked lowest for the IKDC and Lysholm. With respect to knee laxity, QTB ranked second in anteroposterior and first in rotational stability, and it carried a significantly lower risk of a 2+ or higher pivot-shift than 4SST (risk ratio = 0.26, 95% CrI: 0.07 to 0.85). QTB was associated with a decreased risk of rerupture/revision compared with other autografts (SUCRA = 83.3%). CONCLUSIONS: Based on the autograft rankings, QTB was found to lead to improved functional, activity-related, and stability outcomes overall, while also reducing the risk of graft failure. LEVEL OF EVIDENCE: Therapeutic Level I. See Instructions for Authors for a complete description of levels of evidence.",2026
6,41811648,2026 Mar 11,2026 Mar 11,Sports Med,"['Tortoli E', 'Gerini A', 'Pellicciari L', 'Gokeler A']",Gokeler A,Redefining the Paradigm: Advancing Evidence-Based Return-to-Sport Criteria Following Isolated Posterior Cruciate Ligament Reconstruction: A Scoping Review.,,,,['English'],8412297,0112-1642,1179-2035,"['Journal Article', 'Review']",PubMed - as supplied by publisher,aheadofprint,"['41811648', '10.1007/s40279-026-02409-4', '10.1007/s40279-026-02409-4']",10.1007/s40279-026-02409-4,"['2026/02/07 00:00', '2026/03/11 19:00', '2026/03/11 19:00', '2026/03/11 12:24']",[],1,0,"Sports medicine (Auckland, N.Z.)",doi: 10.1007/s40279-026-02409-4,2026 Mar 11;,"INTRODUCTION: Acute posterior cruciate ligament (PCL) injuries occur during high-impact sports including American Football, soccer, and skiing. While many of these injuries can be managed nonsurgically, surgery is necessary in some cases, particularly in cases of instability. Clear and standardized return-to-sport (RTS) criteria during rehabilitation following PCL reconstruction (PCL-R) are lacking. OBJECTIVES: This scoping review aims to identify and analyze existing RTS guidelines for PCL-R and propose improvements on the basis of frameworks from anterior cruciate ligament reconstruction, laying the groundwork for future research. METHODS: Following the PRISMA-ScR guidelines, studies were included if they evaluated RTS criteria after isolated PCL-R in adult athletes. The search strategy involved a three-step approach, including initially limited searches, keyword identification, and a final comprehensive search of five electronic databases (MEDLINE, Embase, CINAHL, SCOPUS, and PEDro). The inclusion criteria encompassed studies involving athletes aged > 18 with isolated PCL-R. Exclusion criteria were studies involving multi-ligament injuries, revision surgeries, or nonEnglish publications. RESULTS: A total of 13 studies met the inclusion criteria, reporting diverse RTS criteria. RTS timelines were mentioned in four studies (31%), generally ranging from less than 6 up to 12 months. Clinical criteria, including range of motion (ROM) and pain, were reported in eight studies (63%). Full knee extension and near-complete flexion recovery were generally required before RTS, although specific flexion thresholds were not consistently defined. In addition, the absence of pain or the presence of only minimal pain was commonly expected before clearance. Strength assessments were included in five studies (38%), and were frequently assessed via isokinetic testing, with only one study adopting a limb symmetry index (LSI) >/= 90% as a clearance criterion. Performance criteria, such as hop tests, were used in four studies (31%), often employing a LSI threshold of over 90%. Patient-reported outcome measures (PROMs) were assessed in 11 studies (85%). Scores such as the IKDC and Lysholm demonstrated significant postsurgical improvements, often exceeding 90 and 85, respectively, at the time of RTS. CONCLUSIONS: This review highlights the absence of standardized RTS criteria following PCL-R. Clinicians should consider integrating objective criteria when assessing RTS, including full ROM recovery, minimal or no pain, quadriceps and hamstring strength symmetry of >/= 90% LSI, performance-based tests such as hop tests (commonly using an LSI > 90%), and PROMs (e.g., IKDC > 90, Lysholm > 85).",2026
7,41774566,2026 Mar 3,2026 Mar 3,Knee Surg Sports Traumatol Arthrosc,"['Jaafreh Alhabashneh AKA', 'Prizov AP', 'Lutsenko AM', 'Lazishvili GD', 'Karpenko AV', 'Lazko FL', 'Airapetov GA', 'Zagorodnii NV']",Zagorodnii NV,"Comparative outcomes of full-, partial- and superficial quadriceps tendon grafts in anterior cruciate ligament reconstruction: A PRISMA systematic review.",,,,['English'],9314730,0942-2056,1433-7347,"['Journal Article', 'Review']",PubMed - as supplied by publisher,aheadofprint,"['41774566', '10.1002/ksa.70371']",10.1002/ksa.70371,"['2026/02/08 00:00', '2025/09/25 00:00', '2026/02/13 00:00', '2026/03/03 19:03', '2026/03/03 19:03', '2026/03/03 13:02']",[],1,0,"Knee surgery, sports traumatology, arthroscopy : official journal of the ESSKA",doi: 10.1002/ksa.70371,2026 Mar 3;,"PURPOSE: Quadriceps tendon (QT) autografts are favoured in anterior cruciate ligament (ACL) reconstruction for their biomechanical properties, yet outcomes among variants-full-thickness (F-QT), partial-thickness (P-QT) and isolated rectus femoris (RF) grafts-remain unclear. The primary aim was to compare failure rates and knee stability among all-soft tissue QT graft variants. METHODS: Following PRISMA 2020 guidelines, four databases were searched from inception through June 2025. Included studies (published 2019-2025) reported outcomes for F-QT, P-QT, or RF grafts. After screening 2214 records, 13 studies (n = 427 patients) with a mean follow-up of 24-48 months (level of evidence I-IV) were included. Risk of bias was assessed via the National Heart, Lung and Blood Institute (NHLBI) tools. RESULTS: F-QT grafts (n = 342) showed low failure (0%-5.1%), excellent stability (KT-1000: 0.6-1.3 mm; 90.7%-100% negative Lachman) and improved patient-reported outcome measures (DeltaIKDC: +39.4; DeltaLysholm: +33.6) but had significant quadriceps deficits ( downward arrow26%-31% isokinetic performance). Complications included haematoma (12%) and arthrofibrosis (6%-12.5%). P-QT grafts (n = 57) had minimal strength deficits and a 2.3% failure rate. RF grafts (n = 28) showed a 7.1% failure rate. No infections or fractures were reported. CONCLUSION: F-QT autografts provide reliable stability. Evidence suggests P-QT grafts may better preserve quadriceps strength, while RF grafts appear to carry a higher failure risk. Long-term evidence remains limited, necessitating further high-quality comparative studies. LEVEL OF EVIDENCE: Level IV, systematic review of Level I-IV studies.",2026
8,41733058,2026 Feb 24,2026 Feb 24,Knee Surg Sports Traumatol Arthrosc,"['Zhao B', 'Zhao W', 'Chen L', 'Wang B', 'Zhang L', 'Cheng A', 'Kang S']",Kang S,"Comparative effectiveness of neuromuscular, virtual reality, proprioceptive, blood flow restriction and conventional training after ACL reconstruction: A network meta-analysis of randomized controlled trials.",,,,['English'],9314730,0942-2056,1433-7347,['Journal Article'],PubMed - as supplied by publisher,aheadofprint,"['41733058', '10.1002/ksa.70345']",10.1002/ksa.70345,"['2026/01/12 00:00', '2025/08/01 00:00', '2026/01/21 00:00', '2026/02/24 18:46', '2026/02/24 18:46', '2026/02/24 06:32']",[],1,0,"Knee surgery, sports traumatology, arthroscopy : official journal of the ESSKA",doi: 10.1002/ksa.70345,2026 Feb 24;,"PURPOSE: Quadriceps atrophy and post-operative pain are common following anterior cruciate ligament reconstruction (ACLR) and can hinder functional recovery. This study aimed to systematically compare the effectiveness of neuromuscular training (NMT), virtual reality training (VRT), proprioceptive training (PT), blood flow restriction training (BFRT) and conventional rehabilitation training (CRT) in individuals undergoing rehabilitation after ACLR. METHODS: A systematic review and network meta-analysis (NMA) were conducted in accordance with PRISMA-NMA guidelines. Six databases (PubMed, EMBASE, Cochrane Library, Web of Science, CNKI and Wanfang) were searched for randomized controlled trials (RCTs) published up to 1 May 2025. Risk of bias was assessed using the Cochrane RoB 2.0 tool. A frequentist NMA was performed in Stata 17.0MP to estimate standardized mean differences (SMDs) and 95% confidence intervals (CIs). Interventions were ranked using surface under the cumulative ranking curve (SUCRA) values. The certainty of evidence was appraised using the CINeMA framework. RESULTS: Twenty-two RCTs involving 972 participants (mean age 23-39 years) were included. Compared with CRT, VRT showed favourable outcomes in visual analogue scale for pain (SMD = -0.72, 95% CI = [-1.22 to -0.22], SUCRA = 86.5%), functional hop tests (SMD = 1.26, 95% CI = [0.46-2.05], SUCRA = 97.5%) and isokinetic muscle strength (60 degrees /s) (SMD = 2.24, 95% CI = [1.28-3.20], SUCRA = 99.6%). BFRT also outperformed CRT in several outcomes, including the International Knee Documentation Committee Subjective Knee Evaluation Form (SMD = 1.37, 95% CI = [0.77-1.96], SUCRA = 81.8%), Lysholm Score (SMD = 1.07, 95% CI = [0.16-1.97], SUCRA = 74.7%) and knee range of motion (SMD = 1.42, 95% CI = [0.80-2.04], SUCRA = 99.1%), with relatively high SUCRA values. Compared with CRT, NMT demonstrated modest improvements in the Functional Hop Tests (SMD = 0.29) and the Lysholm Score (SMD = 1.00). Certainty of evidence ranged from moderate to low, primarily due to imprecision and risk of bias. CONCLUSIONS: VRT and BFRT may offer benefits across several domains of post-operative rehabilitation following ACLR, with NMT also showing potential. However, given the limitations in evidence certainty, further high-quality RCTs are warranted to confirm these findings and inform clinical practice. LEVEL OF EVIDENCE: Level I.",2026
9,41733021,2026 Feb 24,2026 Feb 24,Am J Sports Med,"['Petit CB', 'Hussain ZB', 'Read PJ', 'McPherson AL', 'Pradip K', 'Petushek EJ', 'White MS', 'Xerogeanes JW', 'Lamplot JD', 'Myer GD', 'Montalvo AM']",Montalvo AM,"Graft Failure Rates in Bone-Patellar Tendon-Bone, Hamstring, and Quadriceps Tendon Autografts in Patients Younger Than 25 Years: A Meta-analysis.",,,3635465261415842,['English'],7609541,0363-5465,1552-3365,['Journal Article'],PubMed - as supplied by publisher,aheadofprint,"['41733021', '10.1177/03635465261415842']",10.1177/03635465261415842,"['2026/02/24 18:46', '2026/02/24 18:46', '2026/02/24 06:23']",[],1,0,The American journal of sports medicine,doi: 10.1177/03635465261415842,2026 Feb 24;:3635465261415842,"BACKGROUND: Anterior cruciate ligament reconstruction (ACLR) is being increasingly performed in part because of higher injury rates among young athletes (</=25 years). High allograft failure rates support the use of autograft for ACLR in young patients. However, data examining the failure rates of the different autografts used in this population are lacking. PURPOSE: The purpose of this study was to compare graft failure rates among bone-patellar tendon-bone (BPTB), hamstring tendon (HT), and quadriceps tendon (QT) autografts in patients </=25 years old. The secondary aim was to stratify graft failure by potential modifiers, including sex, mean follow-up, time to graft rupture, and concomitant meniscal surgery. STUDY DESIGN: Systematic review and meta-analysis; Level of evidence, 4. METHODS: Studies were included that reported anterior cruciate ligament graft (BPTB, HT, QT) reinjury rates in patients </=25 years old with a minimum 24 months of follow-up. Studies were excluded if they examined revision ACLR, allograft ACLR, allograft augmentation ACLR, or concomitant lateral extra-articular tenodesis or if they failed to report reinjury rates by graft type and young age (</=25 years). RESULTS: This review included 46 studies comprising 10,624 patients (HT: n = 6090, 47.0% female, 54.5-month mean follow-up; BPTB: n = 3990, 63.0% female, 63.6-month mean follow-up; QT: n = 544, 40.3% female, 41.6-month mean follow-up). HT exhibited the highest failure rate at 11.1% (95% CI, 8.8%-13.9%). Failure rates for BPTB and QT were 5.1% (95% CI, 3.5%-7.2%) and 2.5% (95% CI, 0.5%-11.2%), respectively. HT had a significantly higher failure rate than BPTB (Q = 13.1; P < .001). There were no significant differences in failure rates between HT and QT (Q = 3.7; P = .06) or between BPTB and QT (Q = 0.8; P = .4). Males and females had a similar risk of graft failure regardless of graft type. CONCLUSION: The results of this meta-analysis suggest that HT grafts are not the optimal choice for young patients undergoing ACLR. Instead, these patients should consider BPTB to reduce the risk of graft failure. Further research including randomized controlled trials with larger sample sizes are required to determine how QT grafts compare with BPTB grafts in this population.",2026
10,41669221,2026 Feb,2025 Nov 11,Indian J Orthop,"['Kumar R', 'Singh A', 'Singh V']",Singh V,Evidence-Based Interventions and Functional Outcomes for Return to Sport After ACL Reconstruction: A Systematic Review and Meta-analysis.,60,2,272-299,['English'],0137736,0019-5413,1998-3727,"['Journal Article', 'Review']",PubMed,,"['41669221', 'PMC12883598', 'pmc-id: PMC12883598;embargo-date: 2026/11/11;', '10.1007/s43465-025-01615-y', '1615']",10.1007/s43465-025-01615-y,"['2025/07/19 00:00', '2025/11/04 00:00', '2026/11/11 00:00', '2026/02/11 06:32', '2026/02/11 06:31', '2026/02/11 04:39']",[],1,121,Indian journal of orthopaedics,doi: 10.1007/s43465-025-01615-y,2026 Feb;60(2):272-299,"BACKGROUND: Rehabilitation is pivotal in supporting return-to-sport (RTS) outcomes following anterior cruciate ligament reconstruction (ACLR); however, inconsistencies in intervention protocols, assessment metrics, and psychological support challenge clinical decision-making. OBJECTIVE: This systematic review and meta-analysis evaluated the clinical effectiveness of multidisciplinary rehabilitation strategies-including strength training, neuromuscular re-education, psychological readiness, blood flow restriction (BFR) therapy, and wearable sensor technologies-on functional recovery and RTS outcomes post-ACLR. METHODS: Based on bibliometric trends showing substantial growth in ACLR research, a comprehensive literature search of Scopus, PubMed, Web of Science, and IEEE Xplore databases from 2018 to 2024 was conducted. A total of 73 studies were included. Pooled standardized mean differences (SMDs) were computed using random-effects meta-analyses. Methodological quality and evidence strength were assessed via AMSTAR-2 and GRADE tools. RESULTS: Strength and neuromuscular training significantly enhanced quadriceps recovery and limb symmetry (SMD = 0.64; p < 0.01), while BFR therapy showed large effects on hypertrophy and early function (SMD = 1.28; p < 0.0001). Psychological readiness (e.g., ACL-RSI, IKDC) strongly predicted RTS (SMD = 0.82; p < 0.0001). Wearable sensors and machine learning models improved gait tracking and RTS prediction (SMD = 0.46; p < 0.0001), though protocol variability persisted. CONCLUSION: Multimodal rehabilitation integrating physical, psychological, and technological domains optimizes RTS outcomes post-ACLR. Standardizing intervention criteria and validating sensor-based and AI-supported tools are essential next steps for evidence-based clinical translation.PROSPERO Registration: CRD42024561002.",2026
11,41583804,2025 Oct,2025 Jul 30,Arthrosc Sports Med Rehabil,"['Woodhams W', 'Ford D', 'Hutson J', 'Reisner J', 'Hamilton K', 'Menge T']",Menge T,Patients Who Underwent Anterior Cruciate Ligament Reconstruction With an All Soft-Tissue Quadriceps Tendon Graft Had a Greater Return-to-Play Rate Than Patients Who Received a Quadriceps Tendon Bone Graft.,7,5,101223,['English'],101765256,,2666-061X,"['Journal Article', 'Review']",PubMed,,"['41583804', 'PMC12827214', 'pmc-id: PMC12827214;', '10.1016/j.asmr.2025.101223', 'S2666-061X(25)00149-X']",10.1016/j.asmr.2025.101223,"['2024/11/13 00:00', '2025/07/12 00:00', '2026/01/26 13:03', '2026/01/26 13:02', '2026/01/26 06:50', '2025/07/30 00:00']",[],1,51,"Arthroscopy, sports medicine, and rehabilitation",doi: 10.1016/j.asmr.2025.101223,2025 Oct;7(5):101223,"PURPOSE: To compare the outcomes after anterior cruciate ligament reconstruction (ACLR) with either a quadriceps tendon bone (QTB) graft or an all soft-tissue quadriceps tendon (ASTQT) graft and to compare QTB versus ASTQT graft options, including return to play, patient-reported outcome scores, and complication rates. METHODS: A systematic review was conducted by searching PubMed, Embase, SCOPUS, and Cochrane databases for studies published between 2003 and 2023, focusing on outcomes of quadriceps tendon autograft in ACLR. RESULTS: In total, 37 studies with a total of 39 cohorts (n = 2,647) met inclusion criteria. The studies included 22 cohorts (n = 1,825 patients) for QTB and 17 cohorts (n = 822 patients) for ASTQT. Patients who underwent ACLR with ASTQT graft had a greater rate of return to play compared with those with a QTB (84% to 90% vs 45%-85%). Between ASTQT and QTB graft constructs, International Knee Documentation Committee scores (77.4 to 94.8 vs 71.2 to 92), Lysholm scores (85-95.5 vs 86-96.1), Knee injury and Osteoarthritis Outcome Score-Pain (88.9-89.7 vs 90-90.7), return-to-play times (269.2-319.4 days vs 337.6 days), and revision rates (2.3%-12.8% vs 0%-2.9%) were similar. CONCLUSIONS: Our analysis shows a greater return-to-play rate in patients who underwent ACLR with an ASTQT compared with QTB graft. No differences were found in patient-reported outcome scores or revision rates. LEVEL OF EVIDENCE: Level IV, systematic review of Level I-IV studies.",2025
12,41521740,2026 Mar,2026 Jan 12,Am J Sports Med,"['Sharma A', 'Tahir M', 'Aweid O', 'Boutefnouchet T', 'Sweed T', 'Meena A', 'de Sa DL', 'Frank RM', ""D'Alessandro P"", 'Malik SS']",Malik SS,Anterior Cruciate Ligament Reconstruction With a Quadriceps Tendon Autograft in Female Patients Shows Equivalent Graft Failure But Lower Activity Scores and Slower Quadriceps Strength Recovery Compared With Male Patients: A Systematic Review and Meta-analysis.,54,3,712-723,['English'],7609541,0363-5465,1552-3365,"['Journal Article', 'Systematic Review', 'Meta-Analysis']",PubMed - indexed for MEDLINE,ppublish+epublish,"['41521740', '10.1177/03635465251376649']",10.1177/03635465251376649,"['2026/03/07 16:13', '2026/01/12 06:29', '2026/01/12 03:03']",[],1,0,The American journal of sports medicine,doi: 10.1177/03635465251376649,2026 Mar;54(3):712-723,"BACKGROUND: The use of a quadriceps tendon (QT) autograft has gained popularity in recent years, and it has been called the ""graft of the future."" However, there is limited evidence of its sex-specific outcomes in female patients. PURPOSE: To assess the outcomes of anterior cruciate ligament reconstruction (ACLR) with a QT autograft specifically in female patients and to elucidate any differences in sex-specific outcomes compared with male patients. STUDY DESIGN: Systematic review; Level of evidence, 2. METHODS: This systematic review was conducted in accordance with PRISMA guidelines using 4 online databases for a review of the literature. Studies using a QT autograft for ACLR but not reporting female-specific outcomes were excluded. Outcomes assessed included patient-reported outcomes, objective functional outcomes, and complications. A meta-analysis was performed in which data allowed for a comparison of outcomes with male patients. RESULTS: There were 9 studies included in this review, with a total of 714 female knees (mean age, 23.0 years) that underwent ACLR with a QT autograft. No difference was observed in the pooled graft failure rate between male and female patients at >/=24 months (8.8% vs 7.4%, respectively; P = .50). Female patients had lower Tegner scores at 24 months (P = .0007) and a lower quadriceps strength limb symmetry index at 6 months (P < .0001). No significant difference was seen in the side-to-side difference in instrumented laxity measurements at 6 months (P = .44) or in Lysholm scores at 24 months (P = .52). The mean extension loss in female patients was 0.07 degrees  (range, -0.22 degrees  to 0.58 degrees ) at 24 months. The return-to-sport rate in female patients ranged from 71.4% to 82.7%. CONCLUSION: Evidence from currently available literature suggests that there is no difference in graft failure rates between the sexes after ACLR with a QT autograft. Additionally, female patients have lower activity scores and slower quadriceps recovery compared with male patients.",2026
13,41416241,2025 Oct,2025 Dec 17,J Exp Orthop,"['Bafrouei MJ', 'Khorramroo F', 'Minoonejad H', 'Mousavi SH']",Mousavi SH,Strengthening exercises improve knee muscle strength and performance but not pain in ACL-reconstructed individuals: A systematic review and meta-analysis of randomised controlled trials.,12,4,e70576,['English'],101653750,2197-1153,2197-1153,"['Journal Article', 'Review']",PubMed,,"['41416241', 'PMC12709656', 'pmc-id: PMC12709656;', '10.1002/jeo2.70576', 'JEO270576']",10.1002/jeo2.70576,"['2025/09/25 00:00', '2025/10/30 00:00', '2025/11/03 00:00', '2025/12/19 13:12', '2025/12/19 13:11', '2025/12/19 05:00', '2025/12/17 00:00']",[],1,57,Journal of experimental orthopaedics,doi: 10.1002/jeo2.70576,2025 Oct;12(4):e70576,"PURPOSE: Deficits in quadriceps and hamstring strength, functional performance and pain are common after anterior cruciate ligament reconstruction (ACLR). The role of strengthening exercises (SE) in addressing these outcomes remains uncertain. This systematic review and meta-analysis aimed to evaluate the effects of SE on quadriceps and hamstring strength, functional performance and pain in individuals after primary ACLR. METHODS: Four databases (PubMed, Web of Science, Scopus and Embase) were searched from inception to July 2025. Eligibility criteria included randomised controlled trials (RCTs) on adults with ACLR evaluating SE versus conventional rehabilitation. Data extraction followed PRISMA 2020 guidelines. The risk of bias was assessed using the Cochrane PEDro scale. Random-effects models were used to calculate standardised mean differences (SMD) with 95% confidence intervals (CI). Heterogeneity was assessed with I(2), and subgroup/sensitivity analyses and publication bias were performed. RESULTS: Nineteen RCTs (n = 818) were included. SE significantly improved quadriceps strength (SMD: 0.76; 95% CI: 0.46 to 1.05; p < 0.01; I(2) = 0%, p = 0.48) and hamstring strength (SMD: 0.70; 95% CI: 0.41 to 1.0; p < 0.01; I(2) = 0%, p = 0.43). Functional performance (single-leg hop test, Lysholm score, ADL questionnaire, ROM extension) also improved with SE. However, knee pain outcomes showed no significant changes (SMD: -0.32; 95% CI: -0.98 to 0.34; p = 0.34; I(2) = 86%, p < 0.01). CONCLUSIONS: SE significantly enhances knee strength and functional performance in individuals with ACLR, although their effects on pain remain unclear. Clinically, incorporating SE into rehabilitation protocols is recommended to improve recovery outcomes, accelerate return to sport (RTS) and enhance readiness. Further studies are warranted to clarify their impact on pain management. LEVEL OF EVIDENCE: Level I.",2025
14,41235442,2026 Feb,2025 Nov 14,Knee Surg Sports Traumatol Arthrosc,"['Hasan M', 'Berkovich Y', 'Khatib M', 'Yonai Y', 'Ben Zvi L', 'Alhija AA', 'Shpigelman A', 'Ginesin E']",Ginesin E,Graft selection in ACL reconstruction: Clinical and functional outcomes based on level I-II evidence.,34,2,543-552,['English'],9314730,0942-2056,1433-7347,"['Journal Article', 'Systematic Review']",PubMed - indexed for MEDLINE,ppublish+epublish,"['41235442', '10.1002/ksa.70167']",10.1002/ksa.70167,"['2025/10/09 00:00', '2025/07/25 00:00', '2025/10/12 00:00', '2026/01/28 19:20', '2025/11/14 06:28', '2025/11/14 05:13']",[],1,0,"Knee surgery, sports traumatology, arthroscopy : official journal of the ESSKA",doi: 10.1002/ksa.70167,2026 Feb;34(2):543-552,"PURPOSE: This systematic review aimed to evaluate the clinical and functional outcomes of anterior cruciate ligament reconstruction (ACLR) using various graft types, based exclusively on studies with Level I-II evidence published in Q1-Q2 journals. The goal was to synthesise high-confidence data that can guide graft selection in orthopedic practice. METHODS: A comprehensive literature search of PubMed and Embase was conducted in accordance with PRISMA guidelines. Inclusion criteria were: (1) Level I-II study design, (2) publication in Q1-Q2 journals, (3) comparison of graft types (e.g., BPTB, HT, QT and allografts), and (4) reporting of outcomes including graft failure (GF), return to sport (RTS), anterior knee laxity, and patient-reported outcome measures (PROMs). Eighteen studies met all inclusion criteria. RESULTS: BPTB autografts demonstrated the lowest failure rates (2%-6%) and highest RTS (~81%) but were associated with higher anterior knee pain. Hamstring autografts showed higher failure rates (11%-17%) and lower RTS (~52%) but favourable PROMs. QT autografts had low failure rates (2%-3%), good stability, and reduced donor-site morbidity, with RTS ~ 64% based on limited data. Allograft results were variable: BPTB allografts demonstrated good function in selected populations, while hamstring and tibialis posterior allografts showed higher failure rates (6.2%-13.8%), particularly in younger patients. CONCLUSIONS: BPTB and QT autografts appear to offer the best combination of Failure rate and functional outcomes for high-demand patients. Hamstring autografts remain a practical option but may be less suitable for younger athletes. Allografts-particularly tibialis posterior-should be used cautiously due to elevated failure risk. LEVEL OF EVIDENCE: N/A.",2026
15,41221329,2025,2025 Oct 24,Ann Jt,"['Hauer TM', 'Herman ZJ', 'Cunningham M', 'Fisch A', 'Hughes JD']",Hughes JD,Considerations in revision of anterior cruciate ligament reconstruction in the high-level athlete.,10,,39,['English'],101711195,,2415-6809,"['Journal Article', 'Review']",PubMed,,"['41221329', 'PMC12598426', 'pmc-id: PMC12598426;', '10.21037/aoj-25-25', 'aoj-10-39']",10.21037/aoj-25-25,"['2025/04/22 00:00', '2025/08/15 00:00', '2025/11/12 06:32', '2025/11/12 06:31', '2025/11/12 04:34', '2025/10/24 00:00']",[],1,72,Annals of joint,doi: 10.21037/aoj-25-25,2025;10:39,"Anterior cruciate ligament (ACL) graft failure following ACL reconstruction (ACLR) remains a persistent challenge, especially in the high-level athlete. This review aims to provide a comprehensive overview of the key considerations in revision ACLR, with a particular focus on the high-level athlete. ACL graft failure is multifactorial in origin, with the most common technical error being femoral tunnel malposition. Preoperative evaluation should include a thorough history, physical examination, and advanced imaging such as magnetic resonance imaging and three-dimensional (3D) computed tomography (CT) to assess tunnel position, osteolysis, and associated intra-articular pathology. Concomitant injuries, including meniscal tears and collateral ligament insufficiencies, must be identified and appropriately addressed during revision surgery. Surgical planning must consider prior ACL graft choice, ACL tunnel position, and the potential need for a staged procedure. ACL graft selection should be individualized, though autografts, particularly bone-patellar tendon-bone (BPTB) and quadriceps tendon (QT), are preferred over hamstring tendon (HT) or allograft due to superior outcomes. The decision to perform a single-stage versus two-stage revision is influenced by tunnel placement and tunnel lysis, with a CT scan aiding in preoperative planning. Adjunctive procedures such as a lateral extra-articular tenodesis (LET) or anterolateral ligament (ALL) reconstruction may be considered when certain high-risk characteristics are present, such as young age, knee hyperextension >5 degrees, high-grade pivot shift, multiple revisions, and increased posterior tibial slope (PTS) not meeting criteria for slope-correcting osteotomy. Additionally, slope-reducing or coronal alignment-correcting osteotomies may be necessary in select cases to optimize knee biomechanics and prevent further failure, but literature regarding return to high-level sport following these procedures is limited. Return to sport (RTS) following revision ACLR should be approached as a continuum, incorporating strength, neuromuscular control, and psychological readiness, with emphasis on individualized, criteria-based protocols. Delaying RTS to at least 9 months postoperatively has been associated with reduced ACL graft failure risk. Overall, revision ACLR in the high-level athlete is a complex and nuanced procedure that requires a meticulous, multifactorial approach. By tailoring surgical strategies and postoperative rehabilitation, surgeons can optimize outcomes and facilitate a safe return to competitive sport.",2025
16,41202928,2026 Feb,2025 Nov 5,J ISAKOS,"['Nabulyato WM', 'Gompels B', ""O'Neill A"", 'McMeniman T', 'Myers PT']",Myers PT,The classic from Shelbourne and Nitz (1990) on accelerated rehabilitation after anterior cruciate ligament reconstruction.,16,,101032,['English'],101680867,2059-7754,2059-7762,"['Journal Article', 'Review']",PubMed - indexed for MEDLINE,ppublish+epublish,"['41202928', '10.1016/j.jisako.2025.101032', 'S2059-7754(25)00650-9']",10.1016/j.jisako.2025.101032,"['2025/07/15 00:00', '2025/10/25 00:00', '2025/10/30 00:00', '2026/02/13 01:26', '2025/11/08 00:28', '2025/11/07 19:13']",[],1,0,Journal of ISAKOS : joint disorders & orthopaedic sports medicine,doi: 10.1016/j.jisako.2025.101032,2026 Feb;16:101032,"This review provides a contemporary analysis of the seminal study ""Accelerated Rehabilitation After Anterior Cruciate Ligament Reconstruction"" by Shelbourne and Nitz (1990), initially published in the American Journal of Sports Medicine. This retrospective, single-surgeon cohort study compared two postoperative anterior cruciate ligament reconstruction (ACLR) patient groups, both treated using a modified Jones technique. Group I followed a traditional rehabilitation protocol involving immobilization and phased progression, while Group II underwent an accelerated rehabilitation program with early knee motion, weight-bearing, and functional recovery. The study demonstrated superior outcomes in the accelerated group, including significantly faster knee extension recovery, quicker return of quadriceps strength by 10 weeks, greater KT-1000 stability measurements, lower complication and reoperation rates, and improved patient compliance and satisfaction. These findings led to a paradigm shift in ACL rehabilitation, challenging the necessity of prolonged immobilization and conservative progression. The study's impact continues to influence modern individualized rehabilitation protocols to optimize patient outcomes.",2026
17,40995415,2025 Sep,2025 Sep 22,Orthop J Sports Med,"['Tartibi S', 'Knapik DM', 'Pierson SR', 'Bozorgmehr CK', 'Touhey DC', 'Matava MJ', 'Smith MV', 'Brophy RH']",Brophy RH,Global Variations in Surgical Techniques for Primary Anterior Cruciate Ligament Reconstruction at Minimum 2-Year Follow-up: A Systematic Review of Randomized Clinical Trials.,13,9,23259671251376574,['English'],101620522,2325-9671,2325-9671,['Journal Article'],PubMed,,"['40995415', 'PMC12454979', 'pmc-id: PMC12454979;', '10.1177/23259671251376574', '10.1177_23259671251376574']",10.1177/23259671251376574,"['2025/05/15 00:00', '2025/07/01 00:00', '2025/09/25 06:29', '2025/09/25 06:28', '2025/09/25 05:11', '2025/09/22 00:00']",[],1,205,Orthopaedic journal of sports medicine,doi: 10.1177/23259671251376574,2025 Sep;13(9):23259671251376574,"BACKGROUND: Regional differences in primary anterior cruciate ligament (ACL) reconstruction (ACLR) remain largely unknown. PURPOSE: To systematically review the literature examining Level 1 and Level 2 studies to identify global differences in surgical techniques associated with primary ACLR. STUDY DESIGN: Scoping review; Level of evidence, 1. METHODS: A literature search was conducted following the 2020 PRISMA (Preferred Reporting Items for Systematic Reviews and Meta-Analyses) guidelines using keywords and Boolean phrases in Embase, Cochrane, and PubMed on October 25, 2024. A total of 741 articles were identified. The inclusion criteria were as follows: Level 1 and Level 2 human studies reporting on primary ACLR, with a minimum 2-year follow-up. Studies were categorized into 3 regions (Europe, Asia, and North America), and patient characteristics, surgical details, and graft failure/revision rates were compared between regions using parametric/nonparametric tests. RESULTS: In the 141 studies (n = 11,048 patients) identified, the mean patient age of 28.9 years (range, 13-79 years) and the follow-up of 53.8 months (range, 24-252 months) did not differ by region. Hamstring tendon (HT) autograft use was associated with Asian studies, while bone-patellar tendon-bone (BPTB) and quadriceps tendon (QT) autograft use were associated with European and North American studies. Suspensory fixation was the most common femoral fixation method (n/N = 4605/10,403 patients; 44%), associated with use in Asian studies and with HT autografts, whereas bioabsorbable screws were the most common overall method of tibial fixation (n/N = 4470/10,235 patients; 44%). Graft failure (n/N = 399/8314; 4.8%) was reported less often in Asian than in North American studies. Revision surgery (n/N = 222/6065; 3.7%) was reported less often in Asian than European and North American studies. CONCLUSION: Our study demonstrated that European and North American studies were associated with BPTB and QT autografts, whereas studies from Asia were associated with HT autografts. Femoral suspensory fixation and tibial bioabsorbable screw were most commonly reported. Graft failure and revision rates were broadly similar between regions. These findings suggest potential cultural and training differences worldwide to improve patient treatment outcomes.",2025
18,40980218,2025 Aug,2025 May 22,Arthrosc Sports Med Rehabil,"['Tamburini L', 'Weaver AP', 'Pacicca D', 'Anuar A', 'Pace JL', 'Stevens CS', 'Brown M', 'Crepeau A']",Crepeau A,No Differences in Graft Failure After Anterior Cruciate Ligament Reconstruction With Suture Tape Augmentation in Adolescents.,7,4,101163,['English'],101765256,,2666-061X,['Journal Article'],PubMed,,"['40980218', 'PMC12447145', 'pmc-id: PMC12447145;', '10.1016/j.asmr.2025.101163', 'S2666-061X(25)00089-6']",10.1016/j.asmr.2025.101163,"['2024/12/11 00:00', '2025/05/06 00:00', '2025/09/22 12:47', '2025/09/22 12:46', '2025/09/22 08:21', '2025/05/22 00:00']",[],1,38,"Arthroscopy, sports medicine, and rehabilitation",doi: 10.1016/j.asmr.2025.101163,2025 Aug;7(4):101163,"PURPOSE: To compare outcomes of anterior cruciate ligament reconstruction (ACLR) with and without suture tape augmentation (STA) in adolescent patients. METHODS: Retrospective review of patients between 12 and 18 years of age who had ACLR with quadriceps tendon autograft between 2017 and 2022 with a minimum 2-year follow-up. Charts were reviewed for demographics and surgical data. Two groups were created: ACLR with STA (+STA) and ACLR without STA (-STA). Comparisons between continuous variables were performed using Student t tests or Mann-Whitney U tests. Comparisons between categorical variables were performed using chi(2) or Fisher exact test. RESULTS: In total, 110 patients were included in analysis. There was no significant difference in demographics between groups. There was a significant difference between the percentage of extra-articular procedures with 4% in the -STA group and 29% in the +STA group (P < .001). No difference was seen in femoral tunnel size (P = .27), tibial tunnel size (P = .20), or concomitant meniscal repair or resection (P = .88) between groups. There was no significant difference in the number of anterior cruciate ligament graft failures (P = .61) or time to failure between groups (P = .62). There were 9 failures (13.2%) in the -STA group and 7 failures (16.6%) in the +STA group, with a median of time to failure of 698 days and 355 days in the -STA and +STA group, respectively. Of the patients, 19.1% in the -STA group and 31.0% in the +STA group underwent lysis of adhesions (P = .16). CONCLUSIONS: In our study population of adolescents undergoing primary, unilateral ACLR with quadriceps tendon autograft, we found no difference in the number of graft failures or time to failure based on the use of suture tape augmentation. Additionally, we found no difference in arthrofibrosis rates between groups. LEVEL OF EVIDENCE: Level III, retrospective cohort study.",2025
19,40977596,2025 Sep 22,2025 Sep 22,Knee Surg Sports Traumatol Arthrosc,"['Hamrin Senorski R', 'Högberg J', 'Teow K', 'Nordenholm A', 'Kaarre J', 'Snaebjörnsson T', 'Musahl V', 'Samuelsson K', 'Hamrin Senorski E']",Hamrin Senorski E,"Smaller hamstrings autograft size after primary ACL reconstruction is associated with higher odds for graft failure: A meta-analysis on autografts sizes covering 46,268 patients.",,,,['English'],9314730,0942-2056,1433-7347,"['Journal Article', 'Review']",PubMed - as supplied by publisher,aheadofprint,"['40977596', '10.1002/ksa.70069']",10.1002/ksa.70069,"['2025/08/13 00:00', '2025/06/11 00:00', '2025/08/14 00:00', '2025/09/22 12:45', '2025/09/22 12:45', '2025/09/22 06:54']",[],1,0,"Knee surgery, sports traumatology, arthroscopy : official journal of the ESSKA",doi: 10.1002/ksa.70069,2025 Sep 22;,"PURPOSE: To investigate the association between autograft size and graft failure for hamstrings tendon (HT), patellar tendon (PT) and quadriceps tendon (QT) autografts. METHODS: Medline, PubMed, Cochrane Library, Embase, Amed and Web of Science were searched at four separate time points, with the most recent search in February 2025. Eligible studies included patients with primary anterior cruciate ligament reconstruction (ACLR) with (graft failures) or without (survivals) graft failure who had specified autograft size for primary ACLR. Graft failure was defined as a re-rupture of the reconstructed ACL and/or positive pivot shift. Standardised mean differences were calculated for continuous variables, and odds ratios expressed with 95% confidence interval for dichotomous variables of autograft size for survivals versus graft failures. Risk of bias was assessed with RoBANS 2/RoB2 and certainty of evidence with GRADE. RESULTS: In total, 46,268 patients, of which 43,660 HT autograft, 2410 PT autograft and 198 QT autograft were covered in 35 studies. An HT autograft size of < 7 mm had 81% greater odds for a graft failure compared to >/= 7 mm (p = 0.01), <8 mm HT autograft size had 46% greater odds for a graft failure compared to >/= 8 mm (p < 0.0001), <9 mm HT autograft size had 34% greater odds for a graft failure compared to >/= 9 mm (p = 0.001). No significant odds for a graft failure were observed for patients with >/= 10 mm HT autograft size compared to < 10 mm, or for patients with PT autograft. Only two of the included studies provided data on the QT autograft where none presented standard deviation, thus these studies could not be pooled and were presented qualitatively. CONCLUSION: Patients treated with a smaller HT autograft size have greater odds for a graft failure compared to patients with a greater autograft size. There was no association between autograft size for patients treated with PT autograft and graft failure. Surgeons should consider autograft size when performing ACLR as the size of HT autografts influences the risk of a graft failure. LEVEL OF EVIDENCE: Level IV.",2025
20,40975595,2025 Sep,,Arthroscopy,"['Saithna A', 'Geeslin AG', 'Sonnery-Cottet B']",Sonnery-Cottet B,Lateral Extra-articular Procedures With Anterior Cruciate Ligament Reconstruction: International Consensus.,41,9,3300-3302,['English'],8506498,0749-8063,1526-3231,"['Journal Article', 'Consensus Statement']",PubMed - indexed for MEDLINE,ppublish,"['40975595', '10.1016/j.arthro.2025.06.011', 'S0749-8063(25)00434-7']",10.1016/j.arthro.2025.06.011,"['2025/06/13 00:00', '2025/06/13 00:00', '2025/09/21 00:31', '2025/09/21 00:30', '2025/09/20 20:57']",[],1,0,Arthroscopy : the journal of arthroscopic & related surgery : official publication of the Arthroscopy Association of North America and the International Arthroscopy Association,doi: 10.1016/j.arthro.2025.06.011,2025 Sep;41(9):3300-3302,"The risk of anterior cruciate ligament (ACL) graft failure is increased in select patient populations. Lateral extra-articular procedures including anterolateral ligament reconstruction and lateral extra-articular tenodesis seek to reduce ACL graft failure rates and more reliably restore normal knee kinematics. An international consensus meeting was convened in 2024, and through a modified Delphi consensus process, 53 international experts debated 20 surgical indications. A lateral extra-articular procedure was ""strongly recommended"" in patients undergoing ACL reconstruction with a hamstring autograft in young/active patients, patients with grade III pivot-shift findings, patients with knee hyperextension, and skeletally immature patients; it was ""recommended"" for revision ACL reconstruction and chronic ACL deficiency; and it ""should be considered"" in young/active patients receiving patellar or quadriceps tendon autografts, athletes returning to pivoting sports, patients with grade 3 Lachman findings, patients with a posterior tibial slope greater than 12 degrees , and patients with a history of a contralateral ACL injury.",2025
21,40905919,2025 Sep 4,2025 Sep 4,EFORT Open Rev,"['Khubzan WD', 'Alhomayani KM']",Alhomayani KM,Comparison between home-based and supervised rehabilitation protocols after anterior cruciate ligament reconstruction: a systematic review and meta-analysis.,10,9,695-708,['English'],101695674,2058-5241,2058-5241,['Journal Article'],PubMed,epublish,"['40905919', 'PMC12412367', 'pmc-id: PMC12412367;', '10.1530/EOR-2024-0216']",10.1530/EOR-2024-0216,"['2025/09/04 12:38', '2025/09/04 12:37', '2025/09/04 10:33', '2025/09/04 00:00']",[],1,44,EFORT open reviews,doi: 10.1530/EOR-2024-0216,2025 Sep 4;10(9):695-708,"PURPOSE: This systematic review and meta-analysis assesses the comparative effectiveness of home-based and supervised rehabilitation protocols following anterior cruciate ligament reconstruction, with a focus on functional recovery and muscle strength. METHODS: Registered in PROSPERO (CRD42024585478) and following PRISMA guidelines, we searched Web of Science, PubMed, Ovid MEDLINE, and Cochrane. For the quality assessment, the Cochrane Collaboration risk of bias (RoB) tool was used. Review Manager v5.4 was used for the analysis. RESULTS: Twelve studies were included qualitatively, and seven quantitatively. Outcomes included subjective knee scores (Lysholm, Tegner, IKDC) and quadriceps/hamstring strength measures. Our findings indicated a 19% improvement in subjective knee scores for home-based protocols in some studies. However, for hamstring strength measures, the supervised protocol was superior (SMD = -0.48, P = 0.02). CONCLUSION: Overall, home-based rehabilitation outcomes were comparable to supervised programs in functional recovery. However, supervised approaches slightly enhanced muscle strength. Supervised rehabilitation is recommended to optimize strength, especially for athletes, though further research is needed to assess its impact on return to sport.",2025
22,40679231,2025 Jul 18,2025 Jul 18,Knee Surg Sports Traumatol Arthrosc,"['White T', 'Castro M', 'Antonio L', 'Hing W', 'Tudor F', 'Sattler L']",Sattler L,"Quadriceps, hamstring and patella tendon autografts for primary anterior cruciate ligament reconstruction demonstrate similar clinical outcomes, including graft failure, joint laxity and complications: A systematic review with meta-analysis of randomised controlled trials.",,,,['English'],9314730,0942-2056,1433-7347,"['Journal Article', 'Review']",PubMed - as supplied by publisher,aheadofprint,"['40679231', '10.1002/ksa.12755']",10.1002/ksa.12755,"['2025/05/20 00:00', '2025/02/19 00:00', '2025/05/22 00:00', '2025/07/18 12:30', '2025/07/18 12:30', '2025/07/18 08:42']",[],1,0,"Knee surgery, sports traumatology, arthroscopy : official journal of the ESSKA",doi: 10.1002/ksa.12755,2025 Jul 18;,"PURPOSE: Graft failure following anterior cruciate ligament reconstruction (ACLR) remains a significant challenge, driving discussion for optimal graft choice. Traditionally, hamstring tendon (HT) and bone-patella tendon-bone (BPTB) autografts have been favoured for ACLR. Recently, quadriceps tendon (QT) usage has increased. This systematic review with meta-analysis aims to investigate the available evidence for QT compared to HT and BPTB autografts in terms of graft failure, clinical outcomes, functional outcomes and patient-reported outcome measures (PROMs). METHODS: Five databases (PubMed, Cochrane, Embase, SPORTDiscus and CINAHL) were searched to identify randomised controlled trials comparing QT versus HT or BPTB autografts. Outcomes included graft failure, donor site morbidity, complications, reoperations, clinical measures, functional outcomes, and PROMs. Risk of bias was assessed using the Cochrane risk-of-bias tool (RoB2). Meta-analysis using a random effects model was conducted to determine the pooled risk ratio (RR) or mean difference (MD) with 95% confidence intervals (CIs), and certainty of evidence was evaluated via the GRADE approach. RESULTS: Twelve RCTs consisting of 636 patients were included. Meta-analysis revealed no differences in graft failure rates (RR = 1.00; 95% CI = 0.97-1.04; p = 0.83; I(2) = 0%; high certainty). QT autografts demonstrated lower donor site morbidity when compared to HT and BPTB autografts (RR = 1.45; 95% CI = 1.24-1.70; p < 0.001; I(2) = 0%; high certainty). No differences were observed in joint laxity or PROM scores at 12 and 24 months, except for Knee injury and Osteoarthritis Outcome Score favouring HT and BPTB at 12 months (RR = 2.49; 95% CI = -4.69 to -0.28; p = 0.03; I(2) = 0%; very low certainty). CONCLUSION: QT autografts have similar outcomes for graft failure, laxity and PROMs compared to HT and BPTB; however, QT autografts may have lower donor site morbidity. While each graft type is associated with specific complications and post-operative strength deficits, all three remain viable options for ACLR. LEVEL OF EVIDENCE: Level I, systematic review of Level I randomised controlled studies.",2025
23,40297073,2025 Apr,2024 Dec 11,Arthrosc Sports Med Rehabil,"['Hewitt C', 'Kostyun R', 'Fulkerson JP', 'Shuman ME', 'Rios CG']",Rios CG,"Most Patients Report Acceptable Knee Function, Satisfaction, and Clinical Outcomes at a Minimum Ten Years After Quadriceps Free Tendon Anterior Cruciate Ligament Reconstruction.",7,2,101062,['English'],101765256,,2666-061X,['Journal Article'],PubMed,,"['40297073', 'PMC12034069', 'pmc-id: PMC12034069;', '10.1016/j.asmr.2024.101062', 'S2666-061X(24)00205-0']",10.1016/j.asmr.2024.101062,"['2024/08/29 00:00', '2024/11/25 00:00', '2025/04/29 06:26', '2025/04/29 06:25', '2025/04/29 04:56', '2024/12/11 00:00']",[],1,46,"Arthroscopy, sports medicine, and rehabilitation",doi: 10.1016/j.asmr.2024.101062,2025 Apr;7(2):101062,"PURPOSE: To describe the long-term outcomes of anterior cruciate ligament reconstruction (ACLR) with quadriceps-free tendon autograft (QFT) in terms of subjective function, clinical outcomes, and knee satisfaction. METHODS: A retrospective chart review design with prospective descriptive survey was used to determine clinical and subjective outcomes for patients treated with a QFT-ACLR from 2000 to 2013. Patients with multiligament reconstructions were excluded. The primary outcomes were clinical outcomes (reinjury of indexed knee, ACL injury to contralateral knee after indexed surgery), subjective function (International Knee Documentation Committee subjective score, Lysholm score), knee satisfaction (single assessment numeric evaluation), and global health and wellbeing (Patient-Reported Outcomes Measurement Information System Global-10). RESULTS: In total, 34 patients were contacted (average: 18.2 years, range: 10-23 years) after surgery (response rate, 17.3%). The mean age at time of surgery was 32.3 +/- 11.1 years, and 50.4 +/- 11.6 years at follow-up. For clinical outcomes, 23.5% of patients reported a reinjury of their QFT reconstructed ACL. Contralateral ACL injuries were reported in 17.6% of patients. No differences in subjective function and knee satisfaction were identified between patients with and without concomitant procedure at the time of surgery. Nearly two-thirds of patients reported strong mental health and physical function on the PROMIS Global Health. CONCLUSIONS: This study presents a minimum of 10-year follow-up on QFT-ACLR, revealing 74% of patients reporting no reinjury, 67% of patients reporting acceptable-exceptional subjective knee function, and 74% indicating better physical and mental health compared to the general population. No differences were observed in knee function or satisfaction scores among patients who underwent a concomitant cartilage procedure at the time of QFT-ALCR with patients without these concomitant injuries. LEVEL OF EVIDENCE: Level IV, therapeutic case-series.",2025
24,40265044,2025 Apr,2025 Apr 22,J Exp Orthop,"['Elias J', 'Kaplan M', 'Shah K', 'Bickford M', 'McNamara C', 'Ford E', 'McMillan S']",McMillan S,4-Strand hamstring versus single-bundle quadriceps tendon grafts in anterior cruciate ligament reconstruction at 2 years: A systematic review and meta-analysis of randomised controlled trials.,12,2,e70244,['English'],101653750,2197-1153,2197-1153,"['Journal Article', 'Review']",PubMed,,"['40265044', 'PMC12012644', 'pmc-id: PMC12012644;', '10.1002/jeo2.70244', 'JEO270244']",10.1002/jeo2.70244,"['2025/01/05 00:00', '2025/03/15 00:00', '2025/03/20 00:00', '2025/04/23 11:19', '2025/04/23 11:18', '2025/04/23 04:22', '2025/04/22 00:00']",[],1,29,Journal of experimental orthopaedics,doi: 10.1002/jeo2.70244,2025 Apr;12(2):e70244,"PURPOSE: To compare the 2-year postoperative outcomes of hamstring tendon (HT) grafts to quadriceps tendon (QT) grafts in anterior cruciate ligament (ACL) reconstruction. We hypothesised no significant differences between the two methods. METHODS: A systematic review and meta-analysis were conducted following the 2020 PRISMA guidelines. Five online databases (Cochrane, Embase, PubMed, Scopus and Web of Science) were screened for prospective randomised controlled trials (RCT). IKDC, Lysholm, Tegner, side-to-side KT-1000 scores and ages were collected. Statistical analysis was conducted with SPSS v29. Between the two groups, a test of between-subgroup homogeneity p-value < 0.05 was used to assess statistical significance, while a Delta Cohen's d >/= 0.8 was used to assess clinical significance. RESULTS: Five RCTs were included in the final analysis. The HT group included 87 patients, and the QT group included 93 patients. The mean ages for the HT and QT groups were 28.3 +/- 6.6 and 26.5 +/- 8.4 years, respectively. HTs yielded clinically higher IKDC scores (Delta Cohen's d = 2.27, p = 0.24), clinically lower side-to-side KT-1000 differences (Delta Cohen's d = 1.65, p = 0.08), and clinically and statistically higher Lysholm scores (Delta Cohen's d = 2.93, p = 0.00). However, QT yielded higher Tegner scores (Delta Cohen's d = 1.68, p = 0.00), whereas HT led to a moderate clinical reduction (Cohen's d = -0.55, p = 0.06, 95% CI [-1.11 to 0.02]). CONCLUSIONS: Compared with the use of the QT graft, the HT graft for ACL reconstruction may result in greater knee function and stability, while QT ACL reconstruction may be associated with increased levels of postsurgical activity in terms of return to sports and work. Future long-term RCTs are needed to confirm our findings. LEVEL OF EVIDENCE: Level I.",2025
25,40180134,2025 Oct,2025 Apr 1,Arthroscopy,"['Parmar R', 'Tummala SV', 'Brinkman JC', 'Economopoulos KJ']",Economopoulos KJ,Lateral Extra-Articular Tenodesis With Iliotibial Band in Anterior Cruciate Ligament Autograft Reconstruction for Female Soccer Athletes With Generalized Ligamentous Laxity Yields Graft Failure and Return-to-Sport Rates Comparable With Athletes Without Generalized Laxity.,41,10,4136-4144,['English'],8506498,0749-8063,1526-3231,['Journal Article'],PubMed - indexed for MEDLINE,ppublish+epublish,"['40180134', '10.1016/j.arthro.2025.03.045', 'S0749-8063(25)00241-5']",10.1016/j.arthro.2025.03.045,"['2024/12/19 00:00', '2025/03/05 00:00', '2025/03/16 00:00', '2025/10/25 00:30', '2025/04/04 00:25', '2025/04/03 19:31']",[],1,0,Arthroscopy : the journal of arthroscopic & related surgery : official publication of the Arthroscopy Association of North America and the International Arthroscopy Association,doi: 10.1016/j.arthro.2025.03.045,2025 Oct;41(10):4136-4144,"PURPOSE: To evaluate the effectiveness of adding lateral extra-articular tenodesis (LET) to primary anterior cruciate ligament reconstruction (ACLR) in competitive female soccer athletes with greater preoperative generalized ligamentous laxity. METHODS: A retrospective review of female high school and collegiate soccer players who underwent primary ACLR from 2013 to 2021, with a minimum of 2 years of follow-up, was conducted. Participants were divided into 2 groups: those who received ACLR alone and those who received ACLR with LET. Generalized ligamentous laxity was defined as a Beighton score >/=4 and was not considered an indication for LET. Anterior cruciate ligament (ACL) autografts included the quadriceps, bone-patellar tendon-bone, and hamstrings in both groups. Patient demographics and physical examination findings, including pivot shift results, were collected. Positive pivot-shift refers to a grade >/=2. Patient outcomes included graft failure (defined as ACL retear), International Knee Documentation Committee score, Lysholm score, return to sport, and complications. Independent t tests, chi(2) tests, and Mann-Whitney U tests were conducted to compare outcomes between the 2 groups. Minimally clinical important difference was calculated from preoperative to final follow-up. RESULTS: A total of 133 female soccer players who underwent ACLR met inclusion criteria, including 43 patients that received an ACLR + LET and 90 patients who underwent isolated ACLR. Average follow-up was 39.0 and 36.1 months in the LET group and the control group, respectively. Patients who underwent LET had a greater generalized ligamentous laxity rate (48.8% vs 18.9%; P < .001) and greater median Beighton score (3.0 vs 1.0; P < .001) than those without LET. There was a similar rate of graft failure in patients who underwent LET compared with the control group (4.7% vs 3.0%; P = .658). On the basis of minimally clinical important difference thresholds, there were no clinically relevant differences in International Knee Documentation Committee or Lysholm scores noted between the 2 groups. Return-to-sport rates also were comparable between the LET and control cohorts (90.7% vs 85.6%; P = .807). CONCLUSIONS: The addition of LET during ACLR in female soccer players with preoperative generalized ligamentous laxity yields graft retear and return-to-sport rates comparable with those of athletes without ligamentous laxity. LEVEL OF EVIDENCE: Level III, retrospective comparative study.",2025
26,40147599,2025 Oct,2025 Mar 25,Arthroscopy,"['Emmert AS', 'Hale I', 'Lake LP', 'McMillan P', 'Johnson BM', 'Kurkowski SC', 'Kuechly HA', 'Grawe BM']",Grawe BM,"Varying Definitions of Return to Sport, Study Quality, and Outcome Measurements Limit Comparison of Primary Anterior Cruciate Ligament Reconstruction With Quadriceps Tendon Autografts to Hamstring and Bone-Patellar Tendon-Bone Autografts: A Systematic Review.",41,10,4335-4345,['English'],8506498,0749-8063,1526-3231,"['Journal Article', 'Systematic Review', 'Comparative Study']",PubMed - indexed for MEDLINE,ppublish+epublish,"['40147599', '10.1016/j.arthro.2025.03.036', 'S0749-8063(25)00232-4']",10.1016/j.arthro.2025.03.036,"['2024/10/31 00:00', '2025/03/03 00:00', '2025/03/16 00:00', '2025/10/25 00:30', '2025/03/28 00:24', '2025/03/27 20:32']",[],1,0,Arthroscopy : the journal of arthroscopic & related surgery : official publication of the Arthroscopy Association of North America and the International Arthroscopy Association,doi: 10.1016/j.arthro.2025.03.036,2025 Oct;41(10):4335-4345,"PURPOSE: To systematically review the existing literature on return-to-sport (RTS) outcomes for quadricep tendon (QT) autografts compared to hamstring tendon (HT) and/or bone-patellar tendon-bone (BPTB) autografts for primary anterior cruciate ligament reconstruction (ACLR). METHODS: PubMed/Medline, Scopus, Embase, and Cochrane Library databases were queried for studies comparing RTS data for ACLR with QT autografts versus HT and/or BPTB autografts in accordance with Preferred Reporting Items for Systematic Reviews and Meta-Analyses guidelines. Inclusion criteria were randomized and nonrandomized prospective or retrospective studies evaluating primary ACLR containing RTS data for QT autograft and at least 1 other graft type. Exclusion criteria included patients <18 years of age, patients undergoing revision ACLR, cadaveric/animal studies, and studies lacking graft outcome data. Included studies were analyzed for methodologic data, RTS data, quality, and risk of bias. RESULTS: Ten articles (2 randomized controlled trials, 3 prospective studies, and 5 retrospective studies) comprising 1,006 reconstructions with a level of evidence of II to III and average follow-up of 8 to 120 months were included. Nonrandomized studies most frequently possessed a Methodological Index for Non-Randomized Studies quality rating of ""moderate,"" while half of the randomized studies had a Risk of Bias 2.0 rating of ""some concern of bias."" Four subjective definitions of RTS were identified: (1) return to preinjury activity level based on the Tegner activity scale, (2) return to play, (3) return to level I/II (cutting) sports, and (4) return to preinjury sports. RTS and mean time to RTS rates ranged from 16% to 100% and 8.4 to 11.1 months for QT autografts, 32% to 100% and 8.8 months for HT autografts, and 64% to 85% and 8.1 months for BPTB autografts. CONCLUSIONS: Primary ACLR with QT autografts shows similar overall RTS rates and mean time to RTS as HT and BPTB autografts. However, insufficient quality and quantity of studies investigating RTS outcomes for QT autografts underscore the unreliability of the current literature and need for high-quality, prospective studies. LEVEL OF EVIDENCE: Level III, systematic review of Level II and III studies.",2025
27,40075371,2025 Mar 13,2025 Mar 13,J Orthop Surg Res,"['Li X', 'Xiao F', 'Ren H', 'Peng Y', 'Feng F', 'Dong Q']",Dong Q,The effects of blood flow restriction training on early muscle strength and mid-term knee function following anterior cruciate ligament reconstruction: a systematic review and meta-analysis.,20,1,273,['English'],101265112,,1749-799X,"['Journal Article', 'Systematic Review', 'Meta-Analysis']",PubMed - indexed for MEDLINE,epublish,"['40075371', 'PMC11905650', 'pmc-id: PMC11905650;', '10.1186/s13018-025-05673-8', '10.1186/s13018-025-05673-8']",10.1186/s13018-025-05673-8,"['2025/01/21 00:00', '2025/03/03 00:00', '2025/03/13 06:28', '2025/03/13 06:27', '2025/03/13 00:47', '2025/03/13 00:00']",[],1,49,Journal of orthopaedic surgery and research,doi: 10.1186/s13018-025-05673-8,2025 Mar 13;20(1):273,"OBJECTIVE: Early restoration of muscle strength and knee joint function after anterior cruciate ligament reconstruction (ACLR) is a critical goal in the rehabilitation process. Blood flow restriction training (BFRT), a low-load training method, has gained attention in musculoskeletal rehabilitation in recent years, but its specific effects in ACLR rehabilitation remain unclear. METHODS: Relevant literature up to December 20, 2024, was searched in the PubMed, Embase, Cochrane, and Web of Science databases, and study selection was performed according to PRISMA guidelines. Randomized controlled trials (RCTs) and quasi-RCTs comparing the effects of BFRT and traditional training in ACLR rehabilitation were included. Data on early muscle strength (ACSA and MVIC) and mid-term knee function (IKDC scores and isometric strength of knee extensors) were extracted. The quality of the studies was assessed using the Cochrane risk of bias tool, and statistical analyses were conducted using fixed-effect or random-effect models. RESULTS: A total of 11 studies involving 276 patients were included, with 139 in the BFRT group and 137 in the control group. Meta-analysis showed no significant improvements in quadriceps ACSA (SMD = 0.82, 95% CI: -0.17 to 1.81, p = 0.10) or MVIC (SMD = 0.47, 95% CI: -0.16 to 1.10, p = 0.15) during the early postoperative period (</= 3 weeks). At mid-term follow-up (8-14 weeks), BFRT significantly improved IKDC scores (SMD = 3.70, 95% CI: 0.20 to 7.21, p = 0.04). No significant differences were observed between the groups in the improvement of isometric strength of knee extensors (SMD = 0.50, 95% CI: -0.62 to 1.63, p = 0.38). CONCLUSIONS: BFRT demonstrated limited effectiveness in early muscle strength recovery during ACLR rehabilitation but may have a positive impact on mid-term knee function, particularly in improving IKDC scores. However, due to heterogeneity and potential bias in the included studies, future research should incorporate more high-quality, multicenter RCTs to further validate the mid- to long-term value of BFRT in postoperative rehabilitation.",2025
28,40051093,2025 Jul 1,2025 Mar 7,J Pediatr Orthop,"['Zakharia A', 'Al Katanani F', 'Hatem A', 'Dhillon S', 'Vivekanantha P', 'Cohen D', 'de Sa D']",de Sa D,All-Epiphyseal Versus Micheli-Kocher Anterior Cruciate Ligament Reconstruction in Skeletally Immature Patients: A Systematic Review.,45,6,316-326,['English'],8109053,0271-6798,1539-2570,"['Journal Article', 'Systematic Review', 'Comparative Study']",PubMed - indexed for MEDLINE,ppublish+epublish,"['40051093', '10.1097/BPO.0000000000002953', '01241398-990000000-00785']",10.1097/BPO.0000000000002953,"['2025/06/06 12:33', '2025/03/07 06:21', '2025/03/07 00:52']",[],1,0,Journal of pediatric orthopedics,doi: 10.1097/BPO.0000000000002953,2025 Jul 1;45(6):316-326,"BACKGROUND: Early physeal-sparing anterior cruciate ligament reconstruction (ACLR) is considered the optimal treatment method in the skeletally immature population to preserve the integrity of the knee joint while reducing the risk of growth disturbances and angular deformities. Contemporary treatment algorithms recommend the use of all-epiphyseal (AE) or Micheli-Kocher (MK) ACLR techniques in patients with considerable growth remaining. Nevertheless, no research exists comparing the 2 techniques. Therefore, the purpose of this review is to comprehensively compare postoperative outcomes and complication profiles following AE and MK ACLR in skeletally immature patients. METHODS: A systematic search of Embase, Medline, and PubMed was conducted from inception to April 30, 2024. All studies reporting outcomes and/or complications following AE or MK ACLR were included. Screening and data abstraction were designed in accordance with PRISMA and R-AMSTAR guidelines. RESULTS: Twenty-nine studies with 1177 patients were included. AE ACLR and MK ACLR yielded similar results for rates of return to preinjury level of activity (91.8% and 93.4%, respectively), negative pivot-shift (93.9% and 95.2%, respectively) and Lachman test grades (93.9% and 90.8%, respectively), IKDC subjective scores (94.0 and 93.6, respectively), ROM flexion (144.1 degrees and 136.3 degrees, respectively) and hyperextension (2.5 degrees and 3.1 degrees, respectively). AE ACLR yielded a greater risk of growth disturbances, angular deformities, and graft failures (1.5%, 1.3%, and 10.6%, respectively) but a lower risk of contralateral ACL tears (4.2%) relative to MK ACLR (0.0%, 0.0%, 6.6%, and 6.6%, respectively). CONCLUSIONS: Both AE and MK ACLR yield promising rates of RTS, substantially limit anteroposterior laxity, surpass IKDC thresholds for substantial clinical benefit, and regain fully functional ROM to comparable levels, though they yield marginally different complication profiles. However, the majority of the included studies were moderate-quality or low-quality evidence with high statistical heterogeneity. Therefore, no statistical conclusions regarding the differences in complication profiles can be drawn. Future randomized controlled trials or large prospective cohort studies should compare the efficacy and complication profile of QT autograft AE ACLR relative to MK ACLR.",2025
29,39848302,2025 Aug,2025 Jan 22,Arthroscopy,"['Brinkman JC', 'McQuivey KS', 'Braithwaite C', 'Paul BR', 'Verhey JT', 'Haglin JM', 'Hoffer AJ', 'Economopoulos SC', 'Economopoulos KJ']",Economopoulos KJ,Anterior Cruciate Ligament Reconstruction Using Hamstring Autograft Plus Lateral Extra-articular Tenodesis and All-Soft Tissue Quadriceps Alone Have Lower Retear Rate and Pivot-Shift Grade but Similar Outcome to Hamstring Autograft Alone in High-Risk Patients.,41,8,2988-2995,['English'],8506498,0749-8063,1526-3231,"['Journal Article', 'Comparative Study']",PubMed - indexed for MEDLINE,ppublish+epublish,"['39848302', '10.1016/j.arthro.2025.01.011', 'S0749-8063(25)00015-5']",10.1016/j.arthro.2025.01.011,"['2024/07/21 00:00', '2024/12/30 00:00', '2025/01/06 00:00', '2025/08/03 03:46', '2025/01/24 00:26', '2025/01/23 19:13']",[],1,0,Arthroscopy : the journal of arthroscopic & related surgery : official publication of the Arthroscopy Association of North America and the International Arthroscopy Association,doi: 10.1016/j.arthro.2025.01.011,2025 Aug;41(8):2988-2995,"PURPOSE: To compare the surgical outcomes of anterior cruciate ligament (ACL) reconstruction using hamstring autograft (HA) plus lateral extra-articular tenodesis (LET), isolated all-soft tissue quadriceps autograft (QA), and isolated HA. METHODS: A retrospective review was performed comparing high-risk patients undergoing ACL reconstruction with isolated HA, isolated QA, or HA + LET from August 2013 to January 2023. High-risk patients, as determined by high-grade pivot shift or generalized ligament laxity, with at least a 2-year follow-up, were included. Lysholm and International Knee Documentation Committee scores were compared at 3, 6, 12, and 24 months postoperatively. Retear rate, postoperative pivot-shift grade, return to sport, and complications were recorded. RESULTS: In total, 159 patients (56 HA, 47 HA + LET, and 56 QA) were included. At 6 months postoperatively, the HA International Knee Documentation Committee score was significantly lower than that of the HA + LET and QA groups (P < .0001). Similarly, the Lysholm score was significantly lower in the HA cohort at 6 months, 1 year, and 2 years postoperatively (P < .0001-.02). There was no difference in the rate of achieving the minimally important clinical difference between the cohorts for either of these outcome scores. The retear rate was significantly higher in the HA group (17.9%) compared to the HA + LET (4.3%) and QA (1.8%) cohorts (P = .01). The rate of postoperative pivot shift of grade 2 or more was also higher in the isolated HA group (P = .04). CONCLUSIONS: The use of an all-soft tissue QA or HA + LET for ACL reconstruction resulted in a lower retear rate and postoperative pivot-shift grade compared to an isolated HA graft in high-risk patients at 2 years postoperatively. There was no difference in the rate of achieving the minimal clinically important difference between the cohorts. The QA and HA + LET reconstruction options may improve stability and decrease the failure rate compared with HA reconstruction alone. LEVEL OF EVIDENCE: Level III, retrospective cohort study.",2025
30,39836368,2025 Jul,2025 Jan 21,Am J Sports Med,"['Connors JP', 'Cusano A', 'Saleet J', 'Hao KA', 'Efremov K', 'Parisien RL', 'Seil R', 'Li X']",Li X,Return to Sport and Graft Failure Rates After Primary Anterior Cruciate Ligament Reconstruction With a Bone-Patellar Tendon-Bone Versus Hamstring Tendon Autograft: A Systematic Review and Meta-analysis.,53,8,1996-2006,['English'],7609541,0363-5465,1552-3365,"['Journal Article', 'Systematic Review', 'Meta-Analysis', 'Comparative Study']",PubMed - indexed for MEDLINE,ppublish+epublish,"['39836368', '10.1177/03635465241295713']",10.1177/03635465241295713,"['2025/07/01 09:30', '2025/01/21 12:26', '2025/01/21 11:22']",[],1,0,The American journal of sports medicine,doi: 10.1177/03635465241295713,2025 Jul;53(8):1996-2006,"BACKGROUND: Anterior cruciate ligament (ACL) tears are frequent injuries in athletes that often require surgical reconstruction so that patients may return to their previous levels of performance. While existing data on patient-reported outcomes are similar between bone-patellar tendon-bone (BTB) and hamstring tendon (HT) autografts, the literature regarding return to sport (RTS), return to previous levels of sport activity, and graft failure rate remains limited. PURPOSE: To compare rates of RTS, return to previous activity levels, and graft retears among athletes undergoing primary ACL reconstruction using a BTB versus HT autograft. STUDY DESIGN: Systematic review and meta-analysis; Level of evidence, 4. METHODS: The MEDLINE, Embase, and Cochrane Library databases were queried, and studies reporting on RTS after primary ACL reconstruction using a BTB or HT autograft were included. Exclusion criteria included revision reconstruction, ACL repair, quadriceps tendon autografts, allografts, graft augmentation, or double-bundle autografts. Rates of RTS, return to previous levels of activity, and retears were extracted and analyzed across included studies. RESULTS: A total of 33 articles met inclusion criteria, with a patient cohort of 4810 athletes. The overall RTS rate for all athletes was 80.4% (95% CI, 75.3%-84.6%) at a mean follow-up of 35.7 months, with 54.6% (95% CI, 48.5%-60.6%) returning to preinjury levels of activity. No significant difference was found between BTB and HT autografts with respect to rates of RTS, return to preinjury activity levels, or reruptures. The overall RTS rate in patients after primary ACL reconstruction with a BTB autograft was 83.3% (95% CI, 77.0%-88.2%), with 56.1% (95% CI, 49.3%-62.7%) returning to preinjury levels of activity. Conversely, the overall RTS rate in patients after primary ACL reconstruction with an HT autograft was 77.9% (95% CI, 70.3%-84.0%), with 53.5% (95% CI, 42.8%-63.9%) returning to preinjury levels of activity. The overall graft rerupture rate for the entire patient cohort was 3.6% (95% CI, 2.5%-5.1%), for patients with BTB grafts was 3.2% (95% CI, 1.9%-5.3%), and for patients with HT grafts was 4.4% (95% CI, 2.8%-6.8%). CONCLUSION: Primary ACL reconstruction using BTB autografts demonstrated similar rates of RTS, return to previous activity levels, and reruptures compared with reconstruction using HT autografts.",2025
31,39768969,2024 Dec 20,2024 Dec 20,Medicina (Kaunas),"['Ostojic M', 'Indelli PF', 'Lovrekovic B', 'Volcarenghi J', 'Juric D', 'Hakam HT', 'Salzmann M', 'Ramadanov N', 'Królikowska A', 'Becker R', 'Prill R']",Prill R,Graft Selection in Anterior Cruciate Ligament Reconstruction: A Comprehensive Review of Current Trends.,60,12,,['English'],9425208,1010-660X,1648-9144,"['Journal Article', 'Review']",PubMed - indexed for MEDLINE,epublish,"['39768969', 'PMC11678177', 'pmc-id: PMC11678177;', '10.3390/medicina60122090', 'medicina60122090']",10.3390/medicina60122090,"['2024/11/08 00:00', '2024/12/06 00:00', '2024/12/18 00:00', '2025/01/08 12:25', '2025/01/08 06:21', '2025/01/08 01:21', '2024/12/20 00:00']",[],1,119,"Medicina (Kaunas, Lithuania)",doi: 10.3390/medicina60122090,2024 Dec 20;60(12),"Anterior cruciate ligament (ACL) injuries are common in sports and often require surgical intervention, e.g., ACL reconstruction (ACLR), aimed at restoring knee stability and enabling a return to pre-injury activity levels. The choice of graft is crucial, impacting biomechanical properties, clinical outcomes, and complication rates, and is especially important in revision surgeries after graft failure. Over the past 30 years, trends in graft selection have evolved towards more individualized approaches, considering factors such as patient activity level, prior injuries, and tissue availability. In Europe, autografts like hamstring tendon (HT), bone-patellar tendon-bone (BTB), and quadriceps tendon (QT) are preferred, with the increasing use of QT grafts. This review synthesizes the current literature on graft selection and its influence on ACLR outcomes.",2024
32,39694948,2024 Dec 18,2024 Dec 18,J Orthop Traumatol,"['Zhang XF', 'Liu P', 'Huang JW', 'He YH']",He YH,Efficacy and safety of quadriceps tendon autograft versus bone-patellar tendon-bone and hamstring tendon autografts for anterior cruciate ligament reconstruction: a systematic review and meta-analysis.,25,1,65,['English'],101090931,1590-9921,1590-9999,"['Journal Article', 'Meta-Analysis', 'Systematic Review']",PubMed - indexed for MEDLINE,epublish,"['39694948', 'PMC11656020', 'pmc-id: PMC11656020;', '10.1186/s10195-024-00801-2', '10.1186/s10195-024-00801-2']",10.1186/s10195-024-00801-2,"['2023/12/28 00:00', '2024/11/01 00:00', '2024/12/19 00:21', '2024/12/19 00:20', '2024/12/18 23:14', '2024/12/18 00:00']",[],1,64,Journal of orthopaedics and traumatology : official journal of the Italian Society of Orthopaedics and Traumatology,doi: 10.1186/s10195-024-00801-2,2024 Dec 18;25(1):65,"BACKGROUND: Quadriceps tendon (QT), bone-patellar tendon-bone (BPTB), and hamstring tendon (HT) autografts are widely used for anterior cruciate ligament reconstruction (ACLR), but the optimal autograft choice remains controversial. This study assessed the treatment effects of QT versus BPTB and HT autografts for ACLR. METHODS: The PubMed, Embase, and Cochrane Library databases were systematically searched for eligible studies published from inception until July 2022. Effect estimates were presented as odds ratios (OR) and weighted mean differences (WMD) with 95% confidence intervals (CI) for categorical and continuous variables, respectively. All pooled analyses were performed using a random-effects model. RESULTS: Twenty-one studies (3 randomized controlled trials [RCTs], 3 prospective studies, and 15 retrospective studies) involving 2964 patients with ACLR were selected for meta-analysis. Compared with the HT autograft, the QT autograft was associated with a reduced risk of graft failure (OR: 0.46; 95% CI: 0.23-0.93; P = 0.031). Compared with the BPTB autograft, the QT autograft was associated with a reduced risk of donor site pain (OR: 0.16; 95% CI: 0.10-0.24; P < 0.001). Moreover, the QT autograft was associated with a lower side-to-side difference than that observed with the HT autograft (WMD: - 0.74; 95% CI: - 1.47 to - 0.01; P = 0.048). Finally, compared with the BPTB autograft, the QT autograft was associated with a reduced risk of moderate-to-severe kneecap symptoms during sports and work activities (OR: 0.14; 95% CI: 0.05-0.37; P < 0.001). CONCLUSIONS: The findings of this study suggest that the QT autograft can be defined as a safe and effective alternative choice for ACLR, but its superiority is yet to be proven by RCTs and prospective studies. Level of evidence Level III.",2024
33,39678440,2024 Dec,2024 Dec 13,Orthop J Sports Med,"['Lin Q', 'Zhang Y', 'Qin J', 'Wu F']",Wu F,Effects of Low-Load Blood Flow Restriction Training on Muscle Volume After Anterior Cruciate Ligament Reconstruction: A Systematic Review and Meta-analysis.,12,12,23259671241301731,['English'],101620522,2325-9671,2325-9671,"['Journal Article', 'Review']",PubMed,,"['39678440', 'PMC11645764', 'pmc-id: PMC11645764;', '10.1177/23259671241301731', '10.1177_23259671241301731']",10.1177/23259671241301731,"['2024/05/22 00:00', '2024/06/05 00:00', '2024/12/16 17:26', '2024/12/16 17:25', '2024/12/16 07:06', '2024/12/13 00:00']",[],1,43,Orthopaedic journal of sports medicine,doi: 10.1177/23259671241301731,2024 Dec;12(12):23259671241301731,"BACKGROUND: After anterior cruciate ligament (ACL) reconstruction (ACLR), the function and strength of the quadriceps muscle are essential for a successful recovery. Low-load blood flow restriction training (LL-BFRT) is believed to reduce muscle atrophy and restore muscle function. PURPOSE: To systematically analyze the evidence on the effectiveness of LL-BFRT in early rehabilitation after ACLR. STUDY DESIGN: Systematic review; Level of evidence, 1. METHODS: A systematic review and meta-analysis were conducted consistent with the PRISMA (Preferred Reporting Items for Systematic Reviews and Meta-Analyses) guidelines. Comprehensive literature searches were performed in several electronic databases-including Cochrane Library (trials), PubMed, Embase, Web of Science, China National Knowledge Infrastructure, WanFang, China Science and Technology Journal Database, and Sinomed-from inception to October 1, 2023. Included were randomized controlled trials in Chinese and English comparing LL-BFRT within 6 weeks after ACLR with conventional rehabilitation training. Bias risk was assessed using the Cochrane Risk-of-Bias 2 tool. The outcomes measured were quadriceps muscle size, knee joint functional scores, balance function, and complications. The effects of LL-BFRT versus conventional rehabilitation were analyzed using standardized mean differences (SMDs) or weighted mean differences (WMDs). RESULTS: A total of 362 studies were initially identified, and 8 were included for analysis. LL-BFRT was significantly more effective in improving quadriceps muscle volume (SMD, 0.37 [95% CI, 0.08 to 0.66]; P = .01) and Lysholm scores (SMD, 0.74 [95% CI, 0.43 to 1.05]; P < .0001) compared with conventional rehabilitation training. However, no significant improvements were observed in the 3 directions of the Y-balance test: anterior (WMD, 0.55 [95% CI, -6.37 to 7.46]; P = .88), posteromedial (WMD, -2.24 [95% CI, -8.76 to 4.29]; P = .50), and posterolateral (WMD, 0.02 [95% CI, -13 to 13.03]; P = 1.0). No complications were reported in any of the included studies. CONCLUSION: The results of this meta-analysis suggested that LL-BFRT within 6 weeks after ACLR has a more pronounced effect on increasing quadriceps muscle volume and improving Lysholm scores compared with conventional rehabilitation training, with no apparent complications.",2024
34,39565551,2025 Jan,2024 Nov 20,Curr Rev Musculoskelet Med,"['Kodama E', 'Tartibi S', 'Brophy RH', 'Smith MV', 'Matava MJ', 'Knapik DM']",Knapik DM,Return to Sport Following Anterior Cruciate Ligament Reconstruction: A Scoping Review of Criteria Determining Return to Sport Readiness.,18,1,1-5,['English'],101317803,1935-973X,1935-9748,"['Journal Article', 'Scoping Review']",PubMed,ppublish+epublish,"['39565551', 'PMC11732813', 'pmc-id: PMC11732813;', '10.1007/s12178-024-09934-7', '10.1007/s12178-024-09934-7']",10.1007/s12178-024-09934-7,"['2024/11/06 00:00', '2024/11/20 12:26', '2024/11/20 12:25', '2024/11/20 11:21', '2024/11/20 00:00']",[],1,31,Current reviews in musculoskeletal medicine,doi: 10.1007/s12178-024-09934-7,2025 Jan;18(1):1-5,"PURPOSE OF REVIEW: Provide a concise review of currently utilized functional metrics and patient reported outcomes measures (PROMs) determining appropriate return to sport following anterior cruciate ligament reconstruction (ACLR). RECENT FINDINGS: When determining return to sport following ACLR, a limb symmetry index (LSI) >/= 90% when compared to the contralateral extremity is the most commonly reported functional metric. LSI is most commonly assessed using isokinetic quadriceps strength, followed by single-leg vertical hop and cross-over hop test. A minimum ACL-Return to Sport Index (ACL-RSI) score of 68.2 was reported, as well as a mean International Knee Documentation Committee (IKDC) score of 88.3%. A minimum Knee Injury and Osteoarthritis Outcome Score-Quality of Life (KOOS-QoL) of 62.5% was reported in a single investigation. There remains limited data on reported metrics guiding return to sport following ACLR. Evaluation of LSI when compared to the contralateral extremity is the most commonly reported functional measure, with ACL-RSI, IKDC and KOOS-QoL also being reported. Further investigations examining return to sport rate and the incidence of recurrent injury, factoring in differences in sex, competition level, and the presence or absence of concomitant meniscal injuries, based on functional metrics and PROMs is warranted to better understand which outcome measures are predictive of successful return to sport following ACLR.",2025
35,39474850,2025 Aug,2024 Oct 30,Knee Surg Sports Traumatol Arthrosc,"['Zhou L', 'Rothrauff B', 'Chen L', 'Jin S', 'He S', 'He J']",He J,Comparison of blood flow restriction training rehabilitation and general rehabilitation exercise after anterior cruciate ligament reconstruction: A meta-analysis of randomized controlled trials.,33,8,2713-2728,['English'],9314730,0942-2056,1433-7347,"['Journal Article', 'Meta-Analysis', 'Comparative Study']",PubMed - indexed for MEDLINE,ppublish+epublish,"['39474850', '10.1002/ksa.12527']",10.1002/ksa.12527,"['2024/10/11 00:00', '2024/09/08 00:00', '2024/10/19 00:00', '2025/07/30 18:28', '2024/10/30 16:18', '2024/10/30 06:23']",[],1,0,"Knee surgery, sports traumatology, arthroscopy : official journal of the ESSKA",doi: 10.1002/ksa.12527,2025 Aug;33(8):2713-2728,"PURPOSE: Blood flow restriction training (BFRT) has been found to reduce quadriceps atrophy and weakness after anterior cruciate ligament (ACL) surgery. However, the clinical benefit of BFRT as compared to general rehabilitation exercise (GRE) alone remains uncertain. This study aimed to compare the effects of BFRT and GRE on ACL reconstruction rehabilitation through a meta-analysis of randomized controlled trials. METHODS: PubMed, Web of Science, EMBASE, Elsevier and Biosis were searched for randomized controlled trials comparing BFRT and GRE following ACL reconstruction. Primary outcomes included muscle strength (extensor and flexor muscle general strength), Lysholm score, the International Knee Documentation Committee (IKDC) score, extensor muscle torque (peak torque and average torque) and muscle cross-sectional area (CSA). The secondary outcomes included a range of motion (ROM), pain, Y-balance and the Patient-Reported Outcomes Measurement Information System (PROMIS). RESULTS: Thirteen randomized controlled trials involving 376 participants were included. The change in muscle strength (Mean difference, MD: 12.96, 95% confidence interval, [95% CI]: 7.02-18.91, heterogeneity, I(2) = 39%), Lysholm score (MD: 9.41, 95% CI: 8.93-9.88, I(2) = 40%) and IKDC score (MD: 9.88, 95% CI: 0.57-19.19, I(2) = 87%) of the BFRT group were superior to that of the GRE group at the time of last follow-up. However, no significant difference was found between the BFRT and the GRE groups regarding the change in muscle CSA, ROM, extensor muscle torque, pain score, Y-balance and PROMIS. CONCLUSION: BFRT seems to perform better than GRE in terms of functional improvement and muscle strength following ACL reconstruction, but there seems to be no significant difference between them in terms of joint mobility, pain relief, stability improvement and patient's perception of their disease and treatment. LEVEL OF EVIDENCE: Level II.",2025
36,39043018,2024 Aug,2024 Jul 22,Knee,"['Raj S', 'Ridha A', 'Searle HKC', 'Khatri C', 'Ahmed I', 'Metcalfe A', 'Smith N']",Smith N,Quadriceps tendon versus hamstring tendon graft for primary anterior cruciate ligament reconstruction: A systematic review and meta-analysis of randomised trials.,49,,226-240,['English'],9430798,0968-0160,1873-5800,"['Journal Article', 'Systematic Review', 'Meta-Analysis']",PubMed - indexed for MEDLINE,ppublish+epublish,"['39043018', '10.1016/j.knee.2024.07.002', 'S0968-0160(24)00100-5']",10.1016/j.knee.2024.07.002,"['2024/03/06 00:00', '2024/05/13 00:00', '2024/07/02 00:00', '2024/08/23 00:43', '2024/07/24 00:42', '2024/07/23 18:03']",[],1,0,The Knee,doi: 10.1016/j.knee.2024.07.002,2024 Aug;49:226-240,"BACKGROUND: Anterior cruciate ligament reconstruction (ACLR) is most commonly performed with hamstring tendon (HT) or bone-patellar tendon-bone (BTB) autografts, although the quadriceps tendon (QT) autograft has recently increased in popularity. This systematic review and meta-analysis review compares QT and HT autografts for primary ACLR with a sole focus on randomised controlled trials (RCTs). METHODS: A prospective protocol was registered on PROSPERO (CRD42023427339). The search included MEDLINE, Embase and Web of Science until February 2024. Only comparative RCTs were included. The primary outcome was the International Knee Documentation Committee (IKDC) Subjective Knee Evaluation Form score. Secondary outcomes included: other validated patient-reported outcome measures (PROMs), objective strength scores, complications, and return to sport and work. RESULTS: From 2,609 articles identified, seven were included (n = 474 patients). This meta-analysis did not identify a significant difference in post-operative IKDC scores (5 articles; p = 0.73), Lysholm scores (3 studies; p = 0.80) or Tegner activity scales (2 studies; p = 0.98). There were no differences in graft failure rates (4 studies; p = 0.92) or in overall adverse events (4 studies; p = 0.83) at 24 months post-ACLR as per meta-analysis. Donor site morbidity scores were significantly lower in the QT group (MD -4.67, 95% CI -9.29 to -0.05; 2 studies, 211 patients; p = 0.05, I(2) = 34%). CONCLUSION: There were no differences between QT and HT in PROMs, graft failure rates or overall complications based on low- to moderate-quality evidence. There may possibly be lower donor site morbidity with the QT autograft, however, the evidence is not sufficient to draw definitive conclusions.",2024
37,39019692,2025 Apr,2024 Jul 17,Orthop Traumatol Surg Res,"['Khalefa MA', 'Aujla RS', 'Aslam N', 'Boutefnouchet T', ""D'Alessandro P"", 'MacDonald PB', 'Malik SS']",Malik SS,No increased complication rate with the use of soft tissue quadriceps tendon autograft for primary ACL reconstruction - a systematic review.,111,2,103926,['English'],101494830,,1877-0568,"['Journal Article', 'Systematic Review']",PubMed - indexed for MEDLINE,ppublish+epublish,"['39019692', '10.1016/j.otsr.2024.103926', 'S1877-0568(24)00173-7']",10.1016/j.otsr.2024.103926,"['2023/08/06 00:00', '2024/05/07 00:00', '2024/07/03 00:00', '2025/03/30 23:02', '2024/07/18 00:42', '2024/07/17 21:58']",[],1,0,"Orthopaedics & traumatology, surgery & research : OTSR",doi: 10.1016/j.otsr.2024.103926,2025 Apr;111(2):103926,"BACKGROUND: The autograft of choice for anterior cruciate ligament reconstruction (ACLR) remains debateable. Recently there has been increased popularity of soft tissue quadriceps tendon (s-QT) autograft due to less donor site morbidity, reduced anterior knee pain and comparable re-operation and complication rates. The aim of this review was to analyse functional outcomes of primary ACLR using s-QT in adult population without the bone plug and to report its complication profile against other autografts. PATIENT AND METHODS: This systematic review was performed in accordance with PRISMA guidelines and a review of literature was conducted on four online databases (Medline, EMBASE, Cochrane and Google Scholar). Clinical studies reporting on patients undergoing primary ACLR with s-QT autograft or in comparison to BPTB or HS autografts with a minimum of 6 months follow-up were included. The studies were inclusive of only all soft tissue QT autograft regardless of the implants or fixation method used. Critical appraisal of studies was conducted using the Methodological Index for Non-Randomized Studies (MINORS) tool. RESULTS: Fourteen studies were eligible. There were three randomised control studies (RCT) and 11 non-randomised comparative studies with 1543 patients who underwent ACLR. 682 underwent s-QT, 498 had hamstring tendon (HT) and 174 had bone-patellar tendon-bone (BPTB). 60% (n = 930) were males and mean follow up was 23.6 months (6-65). Eight studies reported post-operative patient reported outcome measures (PROMs). The mean International Knee Documentation Committee (IKDC) score was 91.5 +/- 15.1 whereas mean Lysholm score was 90 +/- 3.9. Five studies reported on laxity with mean anterior tibial translation (ATT) of 1.28 +/- 1.09 mm. Overall complication rate of s-QT ACLR was 6% with 3% graft failure, 0.52% arthrofibrosis, 0.2% infection, 0.75% revision ACLR. There was no significant difference in functional outcome scores, knee stability and range of motion (ROM) between s-QT, HT and BPTB. CONCLUSION: s-QT for ACLR has a comparable functional outcome, laxity, failure and with overall graft failure rate of 3%. LEVEL OF EVIDENCE: III; Systematic review and meta-analysis.",2025
38,39015051,2025 Feb,2024 Jul 17,Knee Surg Sports Traumatol Arthrosc,"['Vivekanantha P', 'Kahlon H', 'Hassan Z', 'Slawaska-Eng D', 'Abdel-Khalik H', 'Johnson J', 'de Sa D']",de Sa D,Hamstring autografts demonstrate either similar or inferior outcomes to quadriceps or bone-patellar tendon-bone autografts in revision anterior cruciate ligament reconstruction: A systematic review of comparative studies.,33,2,413-427,['English'],9314730,0942-2056,1433-7347,"['Journal Article', 'Systematic Review']",PubMed - indexed for MEDLINE,ppublish+epublish,"['39015051', '10.1002/ksa.12366']",10.1002/ksa.12366,"['2024/06/26 00:00', '2023/09/19 00:00', '2024/07/04 00:00', '2025/02/04 17:06', '2024/07/17 06:43', '2024/07/17 03:53']",[],1,0,"Knee surgery, sports traumatology, arthroscopy : official journal of the ESSKA",doi: 10.1002/ksa.12366,2025 Feb;33(2):413-427,"PURPOSE: To evaluate the clinical outcomes in patients undergoing revision anterior cruciate ligament reconstruction (r-ACLR) using hamstring tendon (HT) autografts with those using either quadriceps tendon (QT) or bone-patellar tendon-bone (BPTB) autografts or allografts. METHODS: Three databases were searched on 8 August 2023. The authors adhered to the Preferred Reporting Items for Systematic Reviews and Meta-Analyses (PRISMA) and Revised Assessment of Multiple Systematic Reviews (R-AMSTAR) guidelines and the Cochrane Handbook for Systematic Reviews of Interventions. Data on demographics, surgical details, patient-reported outcome measures (PROMs), rates of instability, failure and return to sport (RTS) were extracted. RESULTS: Eleven studies comprising 859 patients were included in this review. Five studies compared HT and QT autografts. One study each reported greater IKDC scores (p = 0.04) and Tegner scores (p = 0.04) in the QT group, while one study each reported higher anterior translation (p = 0.04), rates of positive pivot shift (p = 0.03) and rates of failure (p = 0.03) in the HT group. Six studies compared HT and BPTB autografts with one study each reporting greater Lysholm scores (p = 0.02) and less side-to-side anterior laxity (p < 0.01) in the BPTB group. Two studies compared HT autografts with allografts with only one study reporting a faster time to RTS in the HT group than the allograft group (p < 0.001). All other comparisons were not significant. CONCLUSIONS: HT autografts result in either similar or inferior outcomes in r-ACLR when compared to QT or BPTB autograft options. Allografts resulted in similar outcomes to HT autografts apart from greater time to RTS for r-ACLR. LEVEL OF EVIDENCE: Level III.",2025
39,38922782,2025 Jan,2024 Jun 23,Knee Surg Sports Traumatol Arthrosc,"['Lutz C', 'Casin C', 'Pioger C', 'Jacquot X', 'Jaeger JH', 'Van Hille W']",Van Hille W,Combined ACLR and lateral extra-articular tenodesis with a continuous iliotibial band autograft is a viable option in a population of athletes who participate in pivoting sports.,33,1,96-106,['English'],9314730,0942-2056,1433-7347,"['Journal Article', 'Multicenter Study']",PubMed - indexed for MEDLINE,ppublish+epublish,"['38922782', '10.1002/ksa.12324']",10.1002/ksa.12324,"['2024/05/31 00:00', '2023/11/14 00:00', '2024/06/06 00:00', '2025/01/09 18:21', '2024/06/26 18:42', '2024/06/26 12:10']",[],1,0,"Knee surgery, sports traumatology, arthroscopy : official journal of the ESSKA",doi: 10.1002/ksa.12324,2025 Jan;33(1):96-106,"PURPOSE: The aim of this study was to evaluate the clinical results, return to sport and complications after anterior cruciate ligament reconstruction (ACLR) associated with lateral extra-articular tenodesis using continuous plasty with an iliotibial band. METHODS: This was a prospective multicentre study involving 186 patients who had surgery for anterior cruciate ligament (ACL) rupture. Patients with multiligament ruptures and revision surgery were excluded from the study. All patients included were involved in pivoting sports and wished to resume their activity after surgery. Patients were assessed at a minimum 2-year follow-up using functional and psychological questionnaires (subjective International Knee Documentation Committee [IKDC], Tegner, Lysholm and ACL-RSI scores), ligament assessment including instrumented laxity measurement (Rolimeter), Lachman test and pivot shift and isokinetic testing. Return to sport was assessed using a questionnaire, and complications and repeat surgeries were recorded. RESULTS: At a mean follow-up of 43.1 months, the subjective IKDC, Lysholm, ACL-RSI and objective IKDC scores were significantly improved (59.8 vs. 94.5 p < 0.0001, 75 vs. 99 p < 0.0001, 60 vs. 93 p < 0.0001, IKDC A 0% vs. 72%, B 12% vs. 27%, C 60% vs. 1% D 28% vs. 0% p < 0.0001). The Tegner activity level was 9 (3-10) before the accident and 9 (3-10) at the last review. Seventy-six percent of the patients had returned to sports at the same level. The differential laxity was 6.6 mm (+/-1.7) preoperatively and 1.1 mm (+/-1.4) postoperatively. Additionally, 97% were equal in pivot shift at the last follow-up. At the 6-month isokinetic assessment, the muscle strength recovery for the quadriceps and hamstring was over 85% compared with the healthy side for 79% and 70% of the patients, respectively. Ten patients had graft rupture (5.6%). Four (2.4%) patients had a contralateral ACL rupture, and seven (4%) underwent a reoperation with meniscectomy. CONCLUSION: Anterior ligament reconstruction with lateral extra-articular tenodesis using a continuous strip of iliotibial band enables 76% of patients in a population with a high demand for sports to resume their activities at the same level. The clinical results and complication rates, particularly reruptures (5.6%), were similar to those of other techniques involving lateral extra-articular tenodesis. LEVEL OF EVIDENCE: Level II.",2025
40,38421970,2024,2024 Feb 29,PLoS One,"['Chen P', 'Wang L', 'Zhou W', 'Wang L']",Wang L,Efficacy on knee function of Kinesio taping among individuals with anterior cruciate ligament reconstruction: A systematic review.,19,2,e0299008,['English'],101285081,,1932-6203,"['Systematic Review', 'Journal Article']",PubMed - indexed for MEDLINE,,"['38421970', 'PMC10903864', 'pmc-id: PMC10903864;', '10.1371/journal.pone.0299008', 'PONE-D-23-39434']",10.1371/journal.pone.0299008,"['2023/11/26 00:00', '2024/02/04 00:00', '2024/03/04 06:44', '2024/02/29 18:42', '2024/02/29 13:33', '2024/02/29 00:00']",[],1,43,PloS one,doi: 10.1371/journal.pone.0299008,2024;19(2):e0299008,"OBJECTIVE: This study aims to evaluate systematically the efficacy of Kinesio taping (KT) on the knee function of individuals who undergo anterior cruciate ligament reconstruction (ACLR). METHODS: This study was registered in PROSPERO (registration number CRD42023399885) on February 26, 2023. Randomized controlled trials (RCTs) about the effects on the knee function of KT among individuals after ACLR were electronically searched from PubMed, Web of Science, Embase, The Cochrane Library, and EBSCO from inception to July 02, 2023. The outcome measures included six continuous variables: quadriceps strength, hamstring strength, knee swelling, knee flexion angle, Lysholm knee function score, and Visual Analog Scale (VAS) pain scores. The Cochrane Risk Bias Assessment Tool was used to evaluate the quality of the included literature. RESULTS: Seven RCTs including 278 patients who underwent ACLR were included in the systematic review. One of three (33%) studies found a remarkable increase in quadricep strength associated with the use of KT compared with the control group. Two of two (100%) studies found substantial increases in hamstring strength associated with KT. Two of four (50%) studies reported KT reduced knee swelling. Two of five (40%) studies reported considerable improvements in knee flexion angle in the groups that used KT. All three (100%) studies found KT did not improve Lysholm knee function scores. Three of four (75%) studies noted a significant reduction in VAS pain scores associated with KT. CONCLUSION: KT may help improve hamstring strength and reduce knee swelling and pain in patients after ACLR. Further studies are needed to determine the effects of KT on quadricep strength and knee flexion angle.",2024
41,38331366,2024 Oct,2024 Feb 7,Arthroscopy,"['Vivacqua TA', 'Winkler PW', 'Lucidi GA', 'Firth AD', 'Musahl V', 'Getgood A']",Getgood A,Lateral Extra-articular Tenodesis Does Not Decrease Graft Failure in Revision Anterior Cruciate Ligament Reconstruction When Combined With Quadriceps or Patellar Tendon Grafts.,40,10,2601-2609,['English'],8506498,0749-8063,1526-3231,['Journal Article'],PubMed - indexed for MEDLINE,ppublish+epublish,"['38331366', '10.1016/j.arthro.2024.01.034', 'S0749-8063(24)00090-2']",10.1016/j.arthro.2024.01.034,"['2023/06/09 00:00', '2024/01/21 00:00', '2024/01/25 00:00', '2024/10/27 17:12', '2024/02/09 00:42', '2024/02/08 19:20']",[],1,0,Arthroscopy : the journal of arthroscopic & related surgery : official publication of the Arthroscopy Association of North America and the International Arthroscopy Association,doi: 10.1016/j.arthro.2024.01.034,2024 Oct;40(10):2601-2609,"PURPOSE: To compare return-to-sport (RTS) rates, graft failure rates, and clinical outcomes in patients who underwent revision anterior cruciate ligament reconstruction (R-ACLR) with additional lateral extra-articular tenodesis (LET) versus isolated R-ACLR. METHODS: A retrospective review of the medical records of patients who underwent R-ACLR with or without a modified Lemaire LET procedure was performed. Seventy-four patients with at least 2 years of follow-up who had high-grade positive pivot-shift test findings were included. Concomitant procedures such as meniscectomy and meniscal repair were collected, along with any complications and/or graft failure. The Knee Injury and Osteoarthritis Outcome Score (KOOS) and the International Knee Documentation Committee Subjective Knee Form score were collected. The ability to RTS was defined as fully, partially, or not returned. RESULTS: Of the patients, 39 underwent isolated R-ACLR (mean age +/- standard deviation, 29.2 +/- 12.2 years) whereas 35 underwent an additional LET procedure (mean age, 24.6 +/- 7.4 years). The mean length of follow-up in the R-ACLR group was 56.6 +/- 26.5 months compared with 44.3 +/- 17.6 months in the R-ACLR-LET group (P = .02) (range, 24-120 months). Patient-reported outcome measures were higher in the R-ACLR-LET group, with the KOOS Activities of Daily Living (93.5 +/- 2.0 vs 97.2 +/- 1.6, P = .03) and KOOS Sport (63.0 +/- 3.6 vs 74.3 +/- 3.8, P = .05) subdomain scores reaching the level of statistical significance. No differences were found in the other KOOS subdomain scores or the International Knee Documentation Committee scores. Failure rates were not significantly different between the groups (12.8% for R-ACLR vs 11.4% for R-ACLR-LET, P = .99). There were 13 patients (72.2%) in the R-ACLR group and 14 patients (60.8%) in the R-ACLR-LET group who did not RTS. CONCLUSIONS: R-ACLR with additional LET showed similar failure and RTS rates to isolated R-ACLR after failed ACLR. The R-ACLR-LET group showed better functional results with significantly higher KOOS subdomain scores for activities of daily living, as well as sports and recreation. However, this study was unable to recommend the modified Lemaire LET procedure to be routinely used in R-ACLR patients. LEVEL OF EVIDENCE: Level III, retrospective comparative therapeutic trial.",2024
42,38299217,2024 May,2024 Feb 1,Am J Sports Med,"['Lorange JP', 'Senécal L', 'Moisan P', 'Nault ML']",Nault ML,Return to Sport After Pediatric Anterior Cruciate Ligament Reconstruction: A Systematic Review of the Criteria.,52,6,1641-1651,['English'],7609541,0363-5465,1552-3365,"['Journal Article', 'Systematic Review']",PubMed - indexed for MEDLINE,ppublish+epublish,"['38299217', '10.1177/03635465231187039']",10.1177/03635465231187039,"['2024/05/01 06:56', '2024/02/01 06:43', '2024/02/01 04:30']",[],1,0,The American journal of sports medicine,doi: 10.1177/03635465231187039,2024 May;52(6):1641-1651,"BACKGROUND: Postoperative rehabilitation is an important component of recovery after anterior cruciate ligament (ACL) reconstruction (ACLR), facilitating successful return to sport (RTS) by reducing risk factors for repeat injury. PURPOSE: This systematic review aimed to determine the best protocol for RTS after ACLR in children. STUDY DESIGN: Systematic review; Level of evidence, 4. METHODS: PubMed, Embase, PEDro, SPORTDiscus, and Web of Science databases were searched from October 3, 2014, to November 3, 2022. The inclusion criteria were the pediatric population (<18 years old) after ACLR with clear RTS criteria and/or mean/median time to RTS. Multiligament knee injuries were excluded from this study. The methodologic quality of the included articles was assessed using the methodological index for non-randomized studies (MINORS). The highest possible score was 24 points for comparative studies (ie, a study comparing 2 protocols or more). Noncomparative studies or studies with a single protocol could score a maximum of 16 points as assessed by the MINORS score. RESULTS: The search yielded 1816 titles, and 24 were retained based on the inclusion and exclusion criteria. Every study was published between 2015 and 2022. Among the 24 studies included, 13 were retrospective and 11 were prospective. The mean MINORS score for the noncomparative studies was 13 of 16 (n = 23) and 23 of 24 for the comparative study (n = 1). The studies were categorized into unspecified clearance (n = 10), milestone based (n = 13), and combined time and milestone (n = 1). A total of 1978 patients (57% female) were included in the review. The mean age at ACLR was 14.7 years. The most common endpoint used was graft rupture (0% to 35%). In the unspecified group, the quickest RTS was 5.8 months and the longest was 9.6 months. Statistically significant risk factors for ACL reinjury included younger age and earlier RTS. The latter was a significant contributor to graft failure for combined time-based and milestone-based RTS. In the milestone-based group, the most common criteria were >/=90% limb symmetry measured using hamstring strength, quadriceps strength, and/or hop tests. The mean RTS time was 6.8 to 13.5 months. CONCLUSION: RTS should be delayed, when possible, especially in the younger population. A combination of quantitative tests and qualitative tests is also recommended. However, optimal RTS criteria have yet to be determined. Future prospective studies should focus on comparing the different times and milestones currently available.",2024
43,38284303,2024 Mar,2024 Jan 29,Am J Sports Med,"['Ebert JR', 'Calvert ND', 'Radic R']",Radic R,A Prospective Randomized Controlled Trial Investigating Quadriceps Versus Hamstring Tendon Autograft in Anterior Cruciate Ligament Reconstruction.,52,3,660-669,['English'],7609541,0363-5465,1552-3365,"['Randomized Controlled Trial', 'Journal Article']",PubMed - indexed for MEDLINE,ppublish+epublish,"['38284303', 'PMC10905979', 'pmc-id: PMC10905979;', '10.1177/03635465231222279']",10.1177/03635465231222279,"['2024/03/04 06:44', '2024/01/29 06:43', '2024/01/29 05:31', '2024/03/01 00:00']",[],1,59,The American journal of sports medicine,doi: 10.1177/03635465231222279,2024 Mar;52(3):660-669,"BACKGROUND: Numerous graft options are available when undertaking anterior cruciate ligament (ACL) reconstruction (ACLR), although a lack of high-quality evidence exists comparing quadriceps (QT) and hamstring (HT) autografts. PURPOSE: To investigate patient outcomes in patients undergoing HT versus QT ACLR. STUDY DESIGN: Randomized controlled trial; Level of evidence, 1. METHODS: After recruitment and randomization, 112 patients (HT = 55; QT = 57) underwent ACLR. Patients were assessed pre- and postoperatively (6 weeks and 3, 6, 12, and 24 months), with a range of patient-reported outcome measures (PROMs), graft laxity (KT-1000 arthrometer; primary outcome variable), active knee flexion and extension range of motion (ROM), peak isokinetic knee extensor and flexor strength, and a 6-hop performance battery. Limb symmetry indices (LSIs) were calculated for strength and hop measures. Secondary procedures, ACL retears, and contralateral ACL tears were reported. RESULTS: All PROMs and knee ROM measures significantly improved (P < .0001), and no other group differences (P > .05) were observed-apart from the Anterior Cruciate Ligament Return to Sport after Injury (ACL-RSI) score, which was significantly better in the HT group at 3 (P = .008), 6 (P = .010), and 12 (P = .014) months. No significant changes were observed in side-to-side laxity from 6 to 24 months (P = .105), and no group differences were observed (P = .487) at 6 (HT mean, 1.2; QT mean, 1.3), 12 (HT mean, 1.1; QT mean, 1.3), and 24 (HT mean, 1.1; QT mean, 1.2) months. While the HT group demonstrated significantly greater (P < .05) quadriceps strength LSIs at 6 and 12 months, the QT group showed significantly greater (P < .05) hamstring strength LSIs at 6, 12, and 24 months. The HT group showed significantly greater (P < .05) LSIs for the single horizontal (6 months), lateral (6 and 12 months), and medial (6 months) hop tests for distance. Up until 24 months, 1 patient (QT at 22 months) had a retear, with 2 contralateral ACL tears (QT at 19 months; HT at 23 months). Secondary procedures included 5 in the HT group (manipulation under anesthesia, notch debridement, meniscal repair, and knee arthroscopy for scar tissue) and 6 in the QT group (notch debridement, meniscal repair, knee arthroscopy for scar tissue, tibial tubercle transfer, and osteochondral autologous transplantation). CONCLUSION: Apart from the ACL-RSI, the 2 autograft groups compared well for PROMs, knee ROM, and laxity. However, greater hamstring strength LSIs were observed for the QT cohort, with greater quadriceps strength (and hop test) LSIs in the HT cohort. The longer-term review will continue to evaluate return to sports and later-stage reinjury between the 2 graft constructs. REGISTRATION: ACTRN12618001520224p (Australian New Zealand Clinical Trials Registry).",2024
44,38244487,2024 Jun,2023 Dec 21,Physiotherapy,"['Ananías J', 'Vidal C', 'Ortiz-Muñoz L', 'Irarrázaval S', 'Besa P']",Besa P,Use of electromyographic biofeedback in rehabilitation following anterior cruciate ligament reconstruction: a systematic review and meta-analysis.,123,,19-29,['English'],0401223,0031-9406,1873-1465,"['Journal Article', 'Systematic Review', 'Meta-Analysis']",PubMed - indexed for MEDLINE,ppublish+epublish,"['38244487', '10.1016/j.physio.2023.12.005', 'S0031-9406(23)00086-X']",10.1016/j.physio.2023.12.005,"['2022/07/01 00:00', '2023/10/30 00:00', '2023/12/14 00:00', '2024/04/25 00:54', '2024/01/21 00:42', '2024/01/20 18:14']",[],1,0,Physiotherapy,doi: 10.1016/j.physio.2023.12.005,2024 Jun;123:19-29,"BACKGROUND: Rehabilitation following anterior cruciate ligament (ACL) reconstruction surgery is essential to regain functionality and return to previous activity level. Electromyographic biofeedback may be an effective intervention for rehabilitation of patients following ACL surgery. OBJECTIVE: To synthesize the available evidence on the effect of electromyographic biofeedback in the treatment of quadriceps strength following ACL surgery. DESIGN: Systematic review with meta-analysis. DATA SOURCES: PubMed, EMBASE, CENTRAL and Epistemonikos were searched. ELIGIBILITY CRITERIA: Randomized clinical trials with patients undergoing ACL reconstruction surgery comparing biofeedback with a standard rehabilitation control group. DATA EXTRACTION AND DATA SYNTHESIS: Two authors selected articles and performed data extraction. The analysed outcomes were strength, function, pain, knee extension and balance. The risk of bias of individual studies was assessed using the Cochrane Risk of Bias Tool. Results were combined through random-effects meta-analysis, reporting mean differences. RESULTS: Eight articles were included in the qualitative analysis, and four articles were included in the quantitative analysis. The interventions lasted between 4 and 12 weeks. Three studies evaluated the effect of biofeedback on quadriceps strength; of these, two studies showed a significant difference in favour of the biofeedback group. In addition, biofeedback was found to improve knee extension [standardized mean difference - 1.3, 95% confidence interval (CI) - 1.74 to -0.86] and balance (one study). There was no significant difference in Lysholm score (mean difference -6.21, 95% CI -17.51 to 5.08; I(2) =59%) or pain between the biofeedback group and the control group. CONCLUSION: Electromyographic biofeedback in knee rehabilitation could be useful following ACL reconstruction surgery. KEY MESSAGES: SYSTEMATIC REVIEW REGISTRATION NUMBER: PROSPERO (CRD42020193768).",2024
45,38223427,2024 Mar,2023 Dec 22,J Orthop,"['Rangasamy K', 'Baburaj V', 'Gopinathan NR', 'Dhillon MS', 'Parikh SN']",Parikh SN,Quadriceps tendon autograft is promising with lower graft rupture rates and better functional Lysholm scores than hamstring tendon autograft in pediatric ACL reconstruction. A systematic review and meta-analysis.,49,,156-166,['English'],101233220,0972-978X,0972-978X,"['Journal Article', 'Review']",PubMed,,"['38223427', 'PMC10787221', 'pmc-id: PMC10787221;', '10.1016/j.jor.2023.12.014', 'S0972-978X(23)00366-5']",10.1016/j.jor.2023.12.014,"['2023/12/14 00:00', '2023/12/17 00:00', '2024/01/15 06:43', '2024/01/15 06:42', '2024/01/15 04:47', '2025/03/01 00:00']",[],1,49,Journal of orthopaedics,doi: 10.1016/j.jor.2023.12.014,2024 Mar;49:156-166,"PURPOSE: Graft rupture is the most prevalent complication following pediatric anterior cruciate ligament reconstruction (ACLR). The hamstring tendon (HT) autograft is frequently employed, while the quadriceps tendon (QT) autograft has garnered increased attention recently. This study aims to perform a systematic review to assess the complication rates and functional outcomes associated with these two widely used autografts in skeletally immature patients - comparing HT versus QT autografts. RESEARCH QUESTION: Is QT autograft better than HT autograft for ACLR in skeletally immature cohorts? METHODOLOGY: Three electronic databases (PubMed/Medline, Scopus, and Ovid) were comprehensively searched to identify pertinent articles reporting the outcomes of HT and QT autografts in pediatric ACLR with a minimum 2-year follow-up. Data on the outcome parameters, such as graft rupture rates, contralateral ACL injury rates, functional outcomes, and growth disturbances rates, were extracted. Meta-analysis was performed using OpenMeta Analyst software. RESULTS: Twelve studies were included for meta-analysis (pooled analysis) with 659 patients (QT: 205; HT: 454). The analysis showed that QT autografts had a significantly lesser graft rupture rate than HT autografts (3.5 % [95 % CI 0.2, 6.8] and 12.4 % [95 % CI 6.1, 18.7] respectively, p < 0.001). The graft rupture rates between QT with bone and without bone block showed no statistically significant difference (4.6 % [95 % CI 0.8, 1.0] and 3.5 % [95 % CI 2.0, 8.9] respectively, p = 0.181). The overall contralateral ACL injury rate was 10.2 %, and the subgroup analysis revealed no statistically significant difference between the QT and HT groups (p = 0.7). Regarding functional outcome scores at the final follow-up, the mean Lysholm score demonstrated a significant increase in the QT group compared to the HT group (p < 0.001). There were no significant differences between the two groups concerning growth disturbances at the final follow-up. Return to sports (RTS) varied between 6 and 13.5 months after surgery. CONCLUSION: QT autografts demonstrate encouraging outcomes, showcasing lower graft rupture rates, better functional outcomes, and comparable contralateral ACL injury rates and growth disturbances relative to the commonly used HT autograft in skeletally immature patients undergoing ACLR.",2024
46,37864773,2023 Dec,2023 Oct 21,Knee Surg Sports Traumatol Arthrosc,"['Vivekanantha P', 'Nedaie S', 'Hassan Z', 'Abdel Khalik H', 'Carsen S', 'Nagai K', 'Hoshino Y', 'de Sa D']",de Sa D,Contralateral hamstring autografts do not provide benefit compared to ipsilateral hamstring autografts in primary or revision anterior cruciate ligament reconstruction: a systematic review.,31,12,5641-5651,['English'],9314730,0942-2056,1433-7347,"['Systematic Review', 'Journal Article']",PubMed - indexed for MEDLINE,ppublish+epublish,"['37864773', '10.1007/s00167-023-07597-4', '10.1007/s00167-023-07597-4']",10.1007/s00167-023-07597-4,"['2023/07/31 00:00', '2023/09/18 00:00', '2023/12/17 09:44', '2023/10/21 19:43', '2023/10/21 11:16']",[],1,0,"Knee surgery, sports traumatology, arthroscopy : official journal of the ESSKA",doi: 10.1007/s00167-023-07597-4,2023 Dec;31(12):5641-5651,"PURPOSE: To evaluate the clinical outcomes of primary or revision ACL reconstruction (ACLR) after contralateral hamstring autografts versus ipsilateral hamstring autograft harvest. METHODS: Three databases (MEDLINE, PubMed and EMBASE) were searched from inception to April 27th, 2023 for studies investigating contralateral hamstring autografts in primary or revision ACLR. The authors adhered to the PRISMA and R-AMSTAR guidelines as well as the Cochrane Handbook for Systematic Reviews of Interventions. Data on demographics, strength measures, patient-reported outcome measures (PROMs), and rates of positive Lachman test, positive pivot-shift test and graft rupture were extracted. PROMs included Lysholm, International Knee Documentation Committee (IKDC) and Tegner scores. RESULTS: Nine studies comprising 371 patients were included in this review. In primary ACLR, there were no significant differences between contralateral and ipsilateral groups in isokinetic hamstring torque in the non-ACLR limb or isokinetic quadriceps torque in both limbs when tested at 60, 90, 120 or 180 degrees/second. Isokinetic hamstring torque in the non-ACLR limb was significantly weaker in the contralateral group at six months for primary ACLR; however, these deficits did not persist. There were no significant differences in postoperative median Tegner scores and Lysholm scores between contralateral and ipsilateral groups in primary ACLR. There were no significant differences in postoperative median Tegner, mean Lysholm and IKDC scores between groups in revision ACLR. There were no significant differences in positive Lachman, positive pivot-shift and rupture rates in primary ACLR between groups. Rates of positive Lachman and pivot-shift were slightly higher in the contralateral than ipsilateral group for revision ACLR. CONCLUSION: Contralateral hamstring autografts results in comparable muscle strength to ipsilateral hamstring autografts, with the exception of weaker hamstring strengths in the early postoperative period. Patient-reported outcome measures were similar between the two groups across both primary and revision ACLR, with rates of instability and failure being similar between groups for primary ACLR. Contralateral hamstring grafts do not provide additional benefit when compared to ipsilateral options for either primary or revision ACLR, and should be used only in select circumstances including insufficient ipsilateral hamstring grafts or situations where quadriceps or patella autografts are not optimal. LEVEL OF EVIDENCE: Level IV.",2023
47,37804345,2023 Dec,2023 Oct 7,Knee Surg Sports Traumatol Arthrosc,"['Ashy C', 'Bailey E', 'Hutchinson J', 'Brennan E', 'Bailey R', 'Michael Pullen W', 'Xerogeanes JW', 'Slone HS']",Slone HS,Quadriceps tendon autograft has similar clinical outcomes when compared to hamstring tendon and bone-patellar tendon-bone autografts for revision ACL reconstruction: a systematic review and meta-analysis.,31,12,5463-5476,['English'],9314730,0942-2056,1433-7347,"['Meta-Analysis', 'Systematic Review', 'Journal Article']",PubMed - indexed for MEDLINE,ppublish+epublish,"['37804345', '10.1007/s00167-023-07592-9', '10.1007/s00167-023-07592-9']",10.1007/s00167-023-07592-9,"['2023/04/23 00:00', '2023/09/11 00:00', '2023/12/17 09:44', '2023/10/07 16:42', '2023/10/07 11:05']",[],1,0,"Knee surgery, sports traumatology, arthroscopy : official journal of the ESSKA",doi: 10.1007/s00167-023-07592-9,2023 Dec;31(12):5463-5476,"PURPOSE: Research regarding revision anterior cruciate ligament reconstruction (RACLR) with quadriceps tendon (QT) autografts is lacking. The purpose of this study was to perform a systematic review and meta-analysis of RACLR with QT and compare its patient outcomes to RACLR with hamstring tendon (HT) and bone-patellar tendon-bone (BTB) autografts. METHODS: Adhering to PRISMA guidelines, a search for studies using QT in RACLR was performed within PubMed, Scopus, and CINAHL from database date of inception through December 26, 2022. Primary outcomes sought included: failure rate, Lysholm scores, International Knee Documentation Committee (IKDC) scores, IKDC grades, arthrometric knee side-to-side differences (STSD), pivot shift grade, donor site morbidity, return to sport, visual analog scale (VAS) pain scores. RESULTS: Nine studies were included consisting of 606 RACLR: 349 QT, 169 HT, and 88 BTB. Overall failure rates were 7.6% QT, 13.3% HT, and 8.7% BTB. Mean weighted Lysholm scores were 85.8 +/- 3.8 QT, 82.5 +/- 3.8 HT and 86.6 +/- 4.5 BTB. IKDC average scores were 82.3 +/- 1.6 QT, 80.1 +/- 1.7 HT, and 81.7 +/- 5.5BTB. Combined rates of IKDC A/B grades were 88.4% and 80.0% for QT and HT, respectively. VAS average scores were 0.9 +/- 1.1 QT, 1.4 +/- 0.2 HT, and 0.7 +/- 0.8 for BTB. Side-to-side difference was reported for QT and HT with average values of 1.7 +/- 0.6 mm and 2.1 +/- 0.5 mm, respectively. Grade 0 or 1 pivot shifts were reported in 96.2% of QT patients and 91.3% of HT. Donor site morbidity, only reported for QT and HT, was 14.6 +/- 9.7% and 23.6 +/- 14.1%, respectively. QT resulted in a mean Tegner score of 5.9 +/- 1.5 versus HT 5.7 +/- 1.5. Rate of return to pivoting sports was 38.0% QT, 48.6% HT, and 76.9% BTB. Across all outcomes, there was no significant difference when comparing QT to HT, QT to BTB, and QT compared to HT and BTB combined. CONCLUSIONS: RACLR with QT yields satisfactory patient reported outcomes, satisfactory improvement in knee laxity, expected return to sport rates, and has an overall 7.6% failure rate. Outcomes are comparative to those of HT and BTB making it an acceptable graft choice for RACLR. Surgeons should consider using QT autograft for RACLR, especially when other autografts are unavailable. LEVEL OF EVIDENCE: IV.",2023
48,37568165,2023 Aug 11,2023 Aug 11,J Orthop Surg Res,"['Fan D', 'Ma J', 'Zhang L']",Zhang L,Contralateral grafts have comparable efficacy to ipsilateral grafts in anterior cruciate ligament reconstructions: a systematic review.,18,1,596,['English'],101265112,,1749-799X,"['Systematic Review', 'Journal Article']",PubMed - indexed for MEDLINE,epublish,"['37568165', 'PMC10422826', 'pmc-id: PMC10422826;', '10.1186/s13018-023-04082-z', '10.1186/s13018-023-04082-z']",10.1186/s13018-023-04082-z,"['2023/06/29 00:00', '2023/08/06 00:00', '2023/08/16 06:43', '2023/08/12 10:42', '2023/08/11 23:36', '2023/08/11 00:00']",[],1,42,Journal of orthopaedic surgery and research,doi: 10.1186/s13018-023-04082-z,2023 Aug 11;18(1):596,"PURPOSE: To perform a systematic review of the clinical outcomes of anterior cruciate ligament reconstruction using either contralateral or ipsilateral tendon autografts. METHODS: A systematic review of literature published from inception to December 9, 2022, in multiple databases (PubMed, Embase, Scopus, and the Cochrane Library) was conducted in accordance with the 2020 PRISMA (Preferred Reporting Items for Systematic Reviews) guidelines. Two reviewers independently screened the literature, extracted the data, performed the risk of bias assessment and assessed the study quality. At least one of the following outcomes was evaluated for each study: muscle strength (isometric strength of the quadriceps or hamstring muscles, isokinetic peak flexion torque of the hamstring, or isokinetic peak extension torque of the hamstring), knee laxity examination, Lysholm score, pivot shift, International Knee Documentation Committee (IKDC) score, Knee Injury and Osteoarthritis Outcome Score (KOOS), Lachman test result, return to sports time, or incidence of complications. A random effects model was used for all analyses. RESULTS: Four hundred scientific manuscripts were recovered in the initial search. After screening, 12 studies (2 randomized controlled trials, 9 cohort studies, and 1 case- control study) met the search criteria for the qualitative analysis. Among them, 9 cohort studies were used for the quantitative analysis. The results showed few statistically significant differences in terms of muscle strength (contralateral group versus ipsilateral group or donor site group versus ipsilateral group or donor site group versus nonoperative group), Lysholm score, and return to sports time. A comparison showed no significant differences in knee laxity, IKDC score, Tegner activity score, Lachman test score, or incidence of complication, or contralateral rupture. CONCLUSIONS: In anterior cruciate ligament reconstruction, the contralateral autologous tendon has a similar effect as the ipsilateral autologous tendon.",2023
49,37537529,2023 Aug 3,2023 Aug 3,BMC Musculoskelet Disord,"['Verhagen S', 'Dietvorst M', 'Delvaux E', 'van der Steen MC', 'Janssen R']",Janssen R,"Clinical outcomes of different autografts used for all-epiphyseal, partial epiphyseal or transphyseal anterior cruciate ligament reconstruction in skeletally immature patients - a systematic review.",24,1,630,['English'],100968565,,1471-2474,"['Systematic Review', 'Journal Article']",PubMed - indexed for MEDLINE,epublish,"['37537529', 'PMC10401849', 'pmc-id: PMC10401849;', '10.1186/s12891-023-06749-4', '10.1186/s12891-023-06749-4']",10.1186/s12891-023-06749-4,"['2023/01/31 00:00', '2023/07/24 00:00', '2023/08/07 06:42', '2023/08/04 01:08', '2023/08/03 23:34', '2023/08/03 00:00']",[],1,70,BMC musculoskeletal disorders,doi: 10.1186/s12891-023-06749-4,2023 Aug 3;24(1):630,"BACKGROUND: Different types of grafts can be used for anterior cruciate ligament reconstruction (ACLR). There is little published data regarding skeletally immature patients. The purpose of this systematic review was to assess the clinical outcomes and complications for different autograft types used in all-epiphyseal, transphyseal and partial epiphyseal/hybrid ACLR in skeletally immature children and adolescents. METHODS: PubMed, Embase and Cochrane databases were systematically searched for literature regarding ACLR using hamstrings, quadriceps or bone-patellar-tendon-bone (BPTB) autografts in skeletally immature patients. Studies were included if they examined at least one of the following outcomes: graft failure, return to sport(s), growth disturbance, arthrofibrosis or patient reported outcomes and had a minimum follow-up of 1 year. Case reports, conference abstracts and studies examining allografts and extra-articular or over-the-top ACL reconstruction techniques were excluded. Graft failure rates were pooled for each graft type using the quality effects model of MetaXL. A qualitative synthesis of secondary outcomes was performed. RESULTS: The database search identified 242 studies. In total 31 studies were included in this review, comprising of 1358 patients. Most patients (81%) were treated using hamstring autograft. The most common used surgical technique was transphyseal. The weighted, pooled failure rate for each graft type was 12% for hamstring tendon autografts, 8% for quadriceps tendon autografts and 6% for BPTB autografts. Confidence intervals were overlapping. The variability in time to graft failure was high. The qualitative analysis of the secondary outcomes showed similar results with good clinical outcomes and low complication rates across all graft types. CONCLUSIONS: Based on this review it is not possible to determine a superior graft type for ACLR in skeletally immature. Of the included studies, the most common graft type used was the hamstring tendon. Overall, graft failure rates are low, and most studies show good clinical outcomes with high return to sports rates.",2023
50,37296390,2023 Jun 9,2023 Jun 9,BMC Musculoskelet Disord,"['Carter HM', 'Lewis GN', 'Smith BE']",Smith BE,Preoperative predictors for return to physical activity following anterior cruciate ligament reconstruction (ACLR): a systematic review.,24,1,471,['English'],100968565,,1471-2474,"['Systematic Review', 'Journal Article']",PubMed - indexed for MEDLINE,epublish,"['37296390', 'PMC10250179', 'pmc-id: PMC10250179;', '10.1186/s12891-023-06489-5', '10.1186/s12891-023-06489-5']",10.1186/s12891-023-06489-5,"['2022/09/29 00:00', '2023/05/04 00:00', '2023/06/12 06:43', '2023/06/10 15:13', '2023/06/09 23:33', '2023/06/09 00:00']",[],1,59,BMC musculoskeletal disorders,doi: 10.1186/s12891-023-06489-5,2023 Jun 9;24(1):471,"BACKGROUND: Rates of return to physical activity after anterior cruciate ligament reconstruction surgery are sub-optimal. Optimising presurgical treatment may improve return rates. The purpose of this systematic review was to identify modifiable preoperative predictors for return to physical activity after anterior cruciate ligament reconstruction. METHODS: Seven electronic databases (CINAHL, MEDLINE and SPORTDiscus via EBSCOhost, AMED, PsycINFO and EMBASE via OVID and Web of Science) were searched from inception to 31 March 2023. The population of focus was adults aged 18-65 who had undergone primary anterior cruciate ligament reconstruction. Studies needed to identify at least one potential modifiable preoperative predictor variable and the relationship between the predictor(s) and return to physical activity. All time-points of assessment and study designs were included. Data extraction was completed by one reviewer and verified by a second reviewer. Two reviewers completed the risk of bias assessment using the Quality in Prognostic Studies tool and Grading of Recommendations Assessment, Development and Evaluation system. RESULTS: The search identified 2281 studies, eight met the inclusion criteria. Five studies scored 'high', and three studies scored 'moderate' risk-of-bias. All preoperative predictors were of very low-quality evidence. Five different outcome measures were used to assess return to physical activity including Tegner, Marx, Physical Activity Scale, return to play at the elite level and return to preinjury level (undefined). This was measured between 1- and 10-years post-surgery. Nine preoperative physical, six psychosocial and five demographic/clinical factors were assessed and four were found to be predictive. These included quadriceps strength, psychological profile, patient estimated ability to return and graft type (patella tendon, BPTB). CONCLUSION: Very-low level evidence suggests that increasing quadriceps strength, managing patient expectations of their treatment outcomes, improving motivation to resume preinjury activity levels and considering the use of a BPTB graft will support return to physical activity after ACLR. TRIAL REGISTRATION: This study was prospectively registered in PROSPERO: CRD 42020222567.",2023
51,36960920,2024 Feb,2023 Mar 24,Am J Sports Med,"['Shultz CL', 'Poehlein E', 'Morriss NJ', 'Green CL', 'Hu J', 'Lander S', 'Amoo-Achampong K', 'Lau BC']",Lau BC,"Nonoperative Management, Repair, or Reconstruction of the Medial Collateral Ligament in Combined Anterior Cruciate and Medial Collateral Ligament Injuries-Which Is Best? A Systematic Review and Meta-analysis.",52,2,522-534,['English'],7609541,0363-5465,1552-3365,"['Meta-Analysis', 'Systematic Review', 'Journal Article']",PubMed - indexed for MEDLINE,ppublish+epublish,"['36960920', '10.1177/03635465231153157']",10.1177/03635465231153157,"['2024/02/05 06:43', '2023/03/25 06:00', '2023/03/24 07:42']",[],1,0,The American journal of sports medicine,doi: 10.1177/03635465231153157,2024 Feb;52(2):522-534,"BACKGROUND: Combined injury of the anterior cruciate ligament (ACL) and the medial collateral ligament (MCL) is a common injury pattern and accounts for 20% of all ligamentous knee injuries. Despite advancements in surgical technique, there is no up-to-date consensus regarding the superiority of nonoperative versus operative management in higher-grade MCL tears of combined ACL-MCL injuries. PURPOSE: To interpret recent literature on treatment options and to provide an updated evidence-based approach for management of combined ACL-MCL knee injuries. STUDY DESIGN: Systematic review and meta-analysis; Level of evidence, 4. METHODS: We performed a systematic review on outcomes following treatment of concomitant ACL and MCL injuries. A computerized search was conducted in PubMed, Embase.com, and Scopus.com. Authors independently assessed eligible studies and screened titles and abstracts. Articles reporting on patients with concomitant ACL and MCL injuries with or without concomitant procedures were included. Data regarding study design, sample size, patient age and sex, length of follow-up, timing of surgery, indications, surgical methods, concomitant procedures, outcomes, and complications were recorded. Patient-reported outcomes (PROs) and functional outcomes, including Knee injury and Osteoarthritis Outcome Score, International Knee Documentation Committee scores, Lysholm and Tegner scores, and range of motion, were estimated via meta-analysis and compared statistically by surgical approach. RESULTS: In total, 18 studies were included in the systematic review with level 1 to level 4 evidence, with a total of 1,534 cases, were included in the systematic review. Of these, 16 studies with sufficient statistical reporting including 997 cases with sufficient follow-up were included in meta-analysis. Three different approaches to combined ACL-MCL injuries were identified: ACL reconstruction with (1) nonoperative MCL, (2) MCL repair, and (3) MCL reconstruction. There was no statistical difference between nonoperative versus surgically managed MCL injuries for PROs, range of motion at final follow up, or quadriceps strength. CONCLUSION: Reconstruction of combined injury in a delayed fashion facilitates return of range of motion and may allow time for low-grade MCL tears to heal. If residual valgus or anteromedial rotatory laxity remains after a period of rehabilitation, then concomitant surgical management of ACL and MCL injuries is warranted. Avulsion MCL injuries and Stener-type lesions may benefit from early repair techniques.",2024
52,36715226,2023 Nov-Dec,2023 Jan 30,Sports Health,"['Pauw AHJ', 'Buck TMF', 'Gokeler A', 'Tak IJR']",Tak IJR,Reconsideration of Return-to-Sport Decision-Making After Pediatric ACL Injury: A Scoping Review.,15,6,898-907,['English'],101518422,1941-7381,1941-0921,"['Journal Article', 'Scoping Review']",PubMed - indexed for MEDLINE,ppublish+epublish,"['36715226', 'PMC10606966', 'pmc-id: PMC10606966;', '10.1177/19417381221146538']",10.1177/19417381221146538,"['2023/01/31 06:01', '2023/01/31 06:00', '2023/01/30 06:53', '2024/01/30 00:00']",[],1,104,Sports health,doi: 10.1177/19417381221146538,2023 Nov-Dec;15(6):898-907,"CONTEXT: Up to 90% of pediatric athletes return to sport (RTS) after anterior cruciate ligament reconstruction (ACL-R); however, <50% RTS at the same level and second ACL injury rates are up to 32%. OBJECTIVES: (1) Determine which physical and patient-reported outcome measures guide clinical decision-making on RTS in pediatric athletes after ACL-R and (2) present a framework with insights from cognitive and neurophysiological domains to enhance rehabilitation outcomes. DATA SOURCES: PubMed, CINAHL, Embrase, and Cochrane library databases and gray literature. STUDY SELECTION: Data on pediatric (<18 years) ACL-R patients, RTS, tests, and decision-making were reported in 1214 studies. Two authors independently reviewed titles and abstract, excluding 962 studies. Gray literature and cross-reference checking resulted in 7 extra studies for full-text screening of 259 studies. Final data extraction was from 63 eligible studies. STUDY DESIGN: Scoping review. LEVEL OF EVIDENCE: Level 4. DATA EXTRACTION: Details on study population, aims, methodology, intervention, outcome measures, and important results were collected in a data chart. RESULTS: Studies included 4456 patients (mean age, 14 years). Quadriceps and hamstring strength (n = 25), knee ligament arthrometer (n = 24), and hop tests (n = 22) were the most-reported physical outcome measures guiding RTS in <30% of studies with cutoff scores of limb symmetry index (LSI) >/=85% or arthrometer difference <3 mm. There were 19 different patient-reported outcome measures, most often reporting the International Knee Documentation Committee (IKDC) (n = 24), Lysholm (n = 23), and Tegner (n = 15) scales. Only for the IKDC was a cutoff value of 85% reported. CONCLUSION: RTS clearance in pediatric ACL-R patients is not based on clear criteria. If RTS tests were performed, outcomes did not influence time of RTS. Postoperative LSI thresholds likely overestimate knee function since biomechanics are impaired despite achieving RTS criteria. RTS should be considered a continuum, and biomechanical parameters and contextual rehab should be pursued with attention to the individual, task, and environment. There is a need for psychological monitoring of the ACL-R pediatric population.",2023
53,36646171,2023 Jun,2023 Jan 14,J ISAKOS,"['Marx RG', 'Hsu J', 'Fink C', 'Eriksson K', 'Vincent A', 'van der Merwe WM']",van der Merwe WM,Graft choices for paediatric anterior cruciate ligament reconstruction: State of the art.,8,3,145-152,['English'],101680867,2059-7754,2059-7762,"['Journal Article', 'Review']",PubMed - indexed for MEDLINE,ppublish+epublish,"['36646171', '10.1016/j.jisako.2023.01.001', 'S2059-7754(23)00001-9']",10.1016/j.jisako.2023.01.001,"['2022/09/22 00:00', '2022/11/15 00:00', '2023/01/03 00:00', '2023/06/12 06:42', '2023/01/17 06:00', '2023/01/16 19:23']",[],1,0,Journal of ISAKOS : joint disorders & orthopaedic sports medicine,doi: 10.1016/j.jisako.2023.01.001,2023 Jun;8(3):145-152,"The paediatric population is at particularly high risk for anterior cruciate ligament (ACL) injuries due to high rates of sports participation. Other risk factors for ACL injuries in children include but are not limited to being female, generalised ligamentous laxity, a high body mass index (BMI), and poor neuromuscular control. ACL reconstruction (ACLR) is commonly done to treat ACL injuries and allow for return to sports and daily activities. ACL repair is another option with ongoing techniques being developed. The high rates of graft failure in children reported in recent publications on ACL repair are very concerning. Special consideration must be taken in ACLR in the skeletally immature patient due to the risk of growth-related complications, such as limb deformity or growth arrest, that can arise from drilling across or disrupting the physis. Graft choices for paediatric ACLR include iliotibial band (ITB) over the top and over the front, hamstring autograft, bone patellar tendon bone (BTB) autograft, quadriceps tendon autograft, and allograft. Factors for each graft choice to consider include graft size, graft failure rates, donor site morbidity, requirement for bony tunnels, the post-op rehabilitation process, and return to sport outcomes. Each graft has its benefits and disadvantages for the individual patient, depending on age, skeletal maturity, and goals for recovery. Lateral extra-articular tenodesis (LET) is another option to consider with paediatric ACLR because LET has been shown to decrease the re-rupture rate in adult ACLR. After surgery, patient follow-up until at least the growth plates are closed is important. This article aims to provide an overview and comparison of the various graft types to aid in the graft choice decision making process for paediatric ACLR.",2023
54,36561474,2022,2022 Dec 16,Acta Ortop Bras,"['Andrez TN', 'Chagas JBM', ""D'Oliveira LB""]",D'Oliveira LB,GRAFTS FOR ANTERIOR CRUCIATE LIGAMENT RECONSTRUCTION: SYSTEMATIC REVIEW AND META-ANALYSIS.,30,6,e256048,['English'],9804509,1413-7852,1809-4406,"['Journal Article', 'Review']",PubMed,,"['36561474', 'PMC9757723', 'pmc-id: PMC9757723;', '10.1590/1413-785220223006e256048']",10.1590/1413-785220223006e256048,"['2021/09/04 00:00', '2021/11/01 00:00', '2022/12/23 02:27', '2022/12/24 06:00', '2022/12/24 06:01', '2022/12/16 00:00']",[],1,29,Acta ortopedica brasileira,doi: 10.1590/1413-785220223006e256048,2022;30(6):e256048,"OBJECTIVE: This study proposes to systematically review the literature and compare data on (1) function, (2) pain, (3) return to sport, and (4) complications after anterior cruciate ligament (ACL) reconstruction with quadriceps tendon autograft (QT) and hamstring tendon autograft (HT). METHODS: In June 2021, a systematic review of the EMBASE, MEDLINE/PubMed, Cochrane Central Register of Controlled Trials, and LILACS databases was performed, based on PRISMA guidelines. The search strategy included the keywords: ""Previous Cruciate Ligament Reconstruction,"" ""ACL reconstruction,"" ""quadriceps tendon autograft,"" ""quadriceps graft,"" ""Hamstring-Tendon Autografts."" Meta-analyses were performed using Review Manager software (RevMan Web). RESULTS: There were no significant differences between the two groups regarding function according to Lysholm score (MD 3.01; CI-0.30, 6.33, p = 0.08), the presence of pain (RR 0.89; CI-0.57, 1.39, p = 0.60), and re-rupture (RR 0.60; IC-0.19, 1.88, p = 0.38). CONCLUSION: QT and HT autografts show comparatively good results in ACL reconstruction without significant differences regarding function, pain, and rupture after surgical intervention. Level of Evidence II, Systematic Review of Level II Studies.",2022
55,36434264,2023 Jul,2022 Nov 25,Knee Surg Sports Traumatol Arthrosc,"['Setliff JC', 'Gibbs CM', 'Musahl V', 'Lesniak BP', 'Hughes JD', 'Rabuck SJ']",Rabuck SJ,Harvesting a second graft from the extensor mechanism for revision ACL reconstruction does not delay return of quadriceps function.,31,7,2828-2835,['English'],9314730,0942-2056,1433-7347,['Journal Article'],PubMed - indexed for MEDLINE,ppublish+epublish,"['36434264', '10.1007/s00167-022-07242-6', '10.1007/s00167-022-07242-6']",10.1007/s00167-022-07242-6,"['2022/09/29 00:00', '2022/11/15 00:00', '2023/06/19 13:08', '2022/11/27 06:00', '2022/11/26 11:31']",[],1,0,"Knee surgery, sports traumatology, arthroscopy : official journal of the ESSKA",doi: 10.1007/s00167-022-07242-6,2023 Jul;31(7):2828-2835,"PURPOSE: The purpose of this study was to evaluate whether harvesting a second graft from the ipsilateral extensor mechanism adversely affects clinical outcomes in revision anterior cruciate ligament (ACL) reconstruction. METHODS: A retrospective review of 34 patients undergoing revision anterior cruciate ligament (ACL) reconstruction with either quadriceps tendon (QT) autograft or bone-tendon-bone (BTB) autograft was conducted. Patients with two grafts (BTB+QT) from the extensor mechanism were matched based on age, laterality, and sex to patients who had primary reconstruction with hamstring (HS) autograft followed by revision with either BTB or QT autograft (HS+QT/BTB). Return of quadriceps function was assessed with time to return to jogging in a standardized rehab protocol or time to regain 80% quadriceps strength. Secondary outcomes included International Knee Documentation Committee (IKDC) and Marx scores at 12-month follow-up and return to sport. RESULTS: There were no significant differences in return to jogging or 80% quadriceps strength (HS 149.5 +/- 38.2 days, BTB+QT 131.7 +/- 40.1 days, n.s.), number able to return to sport (HS 62%, BTB+QT 93%, n.s.), months to return to sport (HS 10.6 +/- 1.4, BTB+QT 10.5 +/- 2.3, n.s.), return to pre-injury level of competition (HS 62%, BTB+QT 73%, n.s.), or IKDC (HS 77.2 +/- 16.4, BTB+QT 74.8 +/- 23.9, n.s.) and Marx scores (HS 9.2 +/- 5.3, BTB+QT 8.0 +/- 3.7, n.s.) at one-year follow-up. CONCLUSION: The main finding of the present study was that outcomes for patients who underwent revision ACL reconstruction with a second extensor mechanism autograft were comparable to those seen for patients who underwent revision ACL reconstruction with extensor mechanism autograft after primary ACL reconstruction with hamstring autograft. By better understanding the consequences of harvesting a second graft from the extensor mechanism, surgeons can better decide what graft to use in revision ACL reconstruction. LEVEL OF EVIDENCE: Level III.",2023
56,36343766,2023 Apr,2022 Nov 5,Arthroscopy,"['Brinkman JC', 'Tummala SV', 'Hassebrock JD', 'McQuivey KS', 'Makovicka JL', 'Economopoulos KJ']",Economopoulos KJ,Mid-Term Outcomes of the All-Soft Quadriceps Tendon Autograft Are Noninferior to Hamstring Autograft in Primary Anterior Cruciate Ligament Reconstruction: Comparison With Minimum 5-Year Follow-Up.,39,4,1008-1013,['English'],8506498,0749-8063,1526-3231,['Journal Article'],PubMed - indexed for MEDLINE,ppublish+epublish,"['36343766', '10.1016/j.arthro.2022.10.035', 'S0749-8063(22)00693-4']",10.1016/j.arthro.2022.10.035,"['2022/03/27 00:00', '2022/10/10 00:00', '2022/10/20 00:00', '2022/11/08 06:00', '2023/03/08 06:00', '2022/11/07 19:25']",[],1,0,Arthroscopy : the journal of arthroscopic & related surgery : official publication of the Arthroscopy Association of North America and the International Arthroscopy Association,doi: 10.1016/j.arthro.2022.10.035,2023 Apr;39(4):1008-1013,"PURPOSE: To compare the 5-year clinical and functional outcomes of the soft-tissue quadriceps tendon (QT) with those of the hamstring tendon (HT) autograft. METHODS: A retrospective review of patients undergoing anterior cruciate ligament reconstruction using either soft-tissue QT or double-tendon HT autograft with at least 5 years of follow-up was conducted. Surgical technique included anteromedial portal creation for the femoral tunnel and transtibial technique for the tibia. Graft fixation was achieved with interference composite screws for the QT and combination of interference composite screw and suture button for the HT cohort. The 2 groups were compared for differences in outcomes, including International Knee Documentation Committee (IKDC) score, Lysholm score, return to sport, and complications. RESULTS: A total of 37 patients with QT autograft and 46 HT autografts were included in the study, with a mean follow up of 69.9 months and 70.9 months, respectively. The QT group demonstrated a larger graft size on average (9.64 mm vs 7.90 mm, P < .001). The IKDC and Lysholm scores were similar between the 2 groups at 2-years' postoperatively. At 5 years' postoperatively, the QT group demonstrated significantly greater IKDC (P = .018) and Lysholm (P = .007) scores. The cohorts demonstrated similar rates of achieving minimal clinically important difference thresholds at both 2 and 5 years' postoperatively. The 2 groups also demonstrated comparable rates of return to sport, time to return, and postoperative complications. CONCLUSIONS: Although the QT autograft demonstrated increased patient-reported outcome scores when compared with the HT at 5 years' postoperatively, there was no clinically significant difference between the cohorts at 2 or 5 years' postoperatively. The QT autograft is an effective alternative to HT autograft with noninferior results to the HT autograft at mid-term follow-up. LEVEL OF EVIDENCE: III, retrospective comparison study.",2023
57,36255474,2023 Feb,2022 Oct 18,Knee Surg Sports Traumatol Arthrosc,"['Singh H', 'Glassman I', 'Sheean A', 'Hoshino Y', 'Nagai K', 'de Sa D']",de Sa D,Less than 1% risk of donor-site quadriceps tendon rupture post-ACL reconstruction with quadriceps tendon autograft: a systematic review.,31,2,572-585,['English'],9314730,0942-2056,1433-7347,"['Systematic Review', 'Journal Article']",PubMed - indexed for MEDLINE,ppublish+epublish,"['36255474', '10.1007/s00167-022-07175-0', '10.1007/s00167-022-07175-0']",10.1007/s00167-022-07175-0,"['2022/06/21 00:00', '2022/09/15 00:00', '2022/10/19 06:00', '2023/02/08 06:00', '2022/10/18 11:14']",['Knee Surg Sports Traumatol Arthrosc. 2023 May;31(5):2048-2050. doi: 10.1007/s00167-022-07217-7. PMID: 36449048'],1,0,"Knee surgery, sports traumatology, arthroscopy : official journal of the ESSKA",doi: 10.1007/s00167-022-07175-0,2023 Feb;31(2):572-585,"PURPOSE: The purpose of this study is to develop a comprehensive complications profile for quadriceps tendon-autograft anterior cruciate ligament reconstruction (QT ACL-R). METHODS: A traditional and grey literature search was conducted in accordance with PRISMA and R-AMSTAR guidelines. PubMed, EMBASE, MEDLINE, CINAHL, Cochrane, Web of Science, and many grey literature sources were searched from inception to May 29, 2022. All studies were searched and screened in duplicate with included studies being of all levels of evidence, reporting complications, and with patients of all ages undergoing primary ACL reconstruction with quadriceps tendon autograft in the last 15 years. Studies were excluded if they had cadaveric or animal subjects or were reviews. Risk of bias assessment was conducted using MINORS criteria for non-randomised studies and Cochrane's RoB 2.0 for randomised studies. Data were summarised with weighted event rates generated under a random-effects model. RESULTS: A total of 55 studies (5315 reconstructions) were included: 32 used quadriceps tendon with bone block (B-QT), 19 used all-soft tissue quadriceps tendon (S-QT), and four did not report the QT graft subtype used. Included patients had an age range of 6.2-58 years and an average reported follow-up time of 28.1 months (range, 6-90 months) for non-randomised studies and 34.3 months (range, 0.233-120 months) for randomised studies. Pooled incidence rates for clinically relevant major complications included contralateral ACL injury at 6.0%, postoperative meniscal issues at 5.4%, cyclops lesions at 4.8%, graft failure at 4.1%, patellar fracture at 2.2%, hardware removal at 1.7%, infection at 1.5%, and donor-site quadriceps tendon rupture at 0.7%. Pooled incidence rates for clinically relevant minor complications included anterior knee pain at 9.7%, kneeling pain at 9.5%, sensation deficits at 4.4%, loss of extension at 4.2%, donor-site tendinopathy at 3.9%, cosmetic issues at 1.8%, and hematoma at 1.5%. CONCLUSIONS: QT ACL-R resembles other graft types in its rates and types of postoperative complications. In this exploratory systematic review, no complications of QT ACL-R were found to be disproportionately represented in the literature. This graft type should remain an option with comparable complication rates to other graft choices. LEVEL OF EVIDENCE: Level IV. REGISTRATION: This study was preregistered under PROSPERO with preregistration code CRD42022302078.",2023
58,36096362,2022 Dec,2022 Sep 9,J ISAKOS,"['Clinger B', 'Xerogeanes J', 'Feller J', 'Fink C', 'Runer A', 'Richter D', 'Wascher D']",Wascher D,Quadriceps tendon autograft for anterior cruciate ligament reconstruction: state of the art.,7,6,162-172,['English'],101680867,2059-7754,2059-7762,"['Journal Article', 'Review']",PubMed - indexed for MEDLINE,ppublish+epublish,"['36096362', '10.1016/j.jisako.2022.08.010', 'S2059-7754(22)00085-2']",10.1016/j.jisako.2022.08.010,"['2022/05/08 00:00', '2022/07/29 00:00', '2022/08/24 00:00', '2022/09/13 06:00', '2022/12/24 06:00', '2022/09/12 19:26']",[],1,0,Journal of ISAKOS : joint disorders & orthopaedic sports medicine,doi: 10.1016/j.jisako.2022.08.010,2022 Dec;7(6):162-172,"The ideal graft for anterior cruciate ligament reconstruction (ACLR) continues to be debated. Although first described in 1984, use of the quadriceps tendon (QT) autograft has only recently gained popularity. The biomechanical properties of the QT autograft are favourable compared to bone-patellar tendon-bone (BPTB) and doubled hamstring (HS) grafts with a higher load to failure and a modulus of elasticity that more closely approximates the native anterior cruciate ligament (ACL). The QT graft can be harvested with or without a bone plug, as either a full thickness or a partial thickness graft, and even through minimally invasive techniques. The surgeon must be aware of potential harvest risks including patellar fracture or a graft that is of insufficient length. Numerous short-term studies have shown comparable results when compared to BPTB or hamstring HS autografts with similar graft failure rates, patient-reported outcomes. A major advantage of QT ACLR is reduced donor site morbidity compared to BPTB. However, some persistent quadriceps weakness after QT ACLR has also been reported. The current literature shows that use of the QT autograft for ACLR provides equivalent clinical results compared to other autografts with less donor site morbidity. However, future studies with longer follow-up and higher level of evidence are needed to identify specific populations where the QT may have additional advantage.",2022
59,35693856,2022,2022 Jun 1,Int J Sports Phys Ther,"['Weaver A', 'Ness B', 'Roman D', 'Giampetruzzi N', 'Cleland J']",Cleland J,Short-Term Clinical Outcomes After Anterior Cruciate Ligament Reconstruction In Adolescents During The COVID-19 Pandemic.,17,4,585-592,['English'],101553140,2159-2896,2159-2896,['Journal Article'],PubMed,,"['35693856', 'PMC9159720', 'pmc-id: PMC9159720;', '35668', '10.26603/001c.35668']",10.26603/001c.35668,"['2021/11/16 00:00', '2022/03/24 00:00', '2022/06/13 03:21', '2022/06/14 06:00', '2022/06/14 06:01', '2022/06/01 00:00']",[],1,42,International journal of sports physical therapy,,2022;17(4):585-592,"BACKGROUND/PURPOSE: The COVID-19 pandemic has impacted adolescents across multiple areas of health. While many factors influence outcomes following anterior cruciate ligament reconstruction (ACLR), the impact of the COVID-19 pandemic on early patient outcomes after ACLR is currently unknown in an adolescent population. The purpose of this study was to determine if short-term clinical outcomes were different in adolescents after ACLR for those who underwent surgery pre-COVID versus during the COVID-19 pandemic timeframe. DESIGN: Retrospective cohort. METHODS: A retrospective review of records occurred for patients who underwent ACLR with a quadriceps tendon autograft. Two separate review timeframes were defined according to date of surgery (control: September 2017 - October 2019; COVID: March 2020 - May 2021). Patients were classified into pre-COVID (control) and COVID groups by surgical date and were then age- and sex-matched. Three-month postoperative outcomes were included for analysis, including normalized isometric quadriceps and hamstring peak torque, Anterior Cruciate Ligament - Return to Sport after Injury (ACL-RSI), and the Pedi International Knee Documentation Committee Form (Pedi-IKDC) scores. RESULTS: Sixty patients met the inclusion criteria (34 females, 56.7%). Follow-up testing occurred at 3.2 months (98.13 +/- 14.91 days) postoperative. A significant difference was found between groups for normalized quadriceps peak torque on the uninvolved limb, with the control group (2.03 +/- 0.47 Nm/kg) demonstrating decreased peak torque compared to the COVID group (2.49 +/- 0.61 Nm/kg) (p =0.002, effect size (d) = 0.84). For the involved limb, no difference in normalized quadriceps peak torque was observed between the control group (1.25 +/- 0.33 Nm/kg) and those who underwent surgery during the COVID-19 pandemic (1.49 +/- 0.70 Nm/kg) (p = 0.09). No differences were identified between groups for any of the other strength outcomes (p = 0.31 - 0.87). Similarly, no differences in patient reported outcomes were found for Pedi-IKDC or ACL-RSI between groups (p = 0.12 - 0.43). CONCLUSION: At roughly three months after ACLR, normalized quadriceps peak torque on the uninvolved limb was reduced by 18.5% for adolescents who underwent surgery pre-COVID versus during the COVID-19 pandemic timeframe. No group differences were observed for other isometric strength outcomes, Pedi-IKDC, or ACL-RSI scores.",2022
60,35543668,2022 Apr,2021 Nov 17,J ISAKOS,"['Hurley ET', 'Mojica ES', 'Kanakamedala AC', 'Meislin RJ', 'Strauss EJ', 'Campbell KA', 'Alaia MJ']",Alaia MJ,Quadriceps tendon has a lower re-rupture rate than hamstring tendon autograft for anterior cruciate ligament reconstruction - A meta-analysis.,7,2,87-93,['English'],101680867,2059-7754,2059-7762,"['Journal Article', 'Meta-Analysis', 'Systematic Review']",PubMed - indexed for MEDLINE,ppublish+epublish,"['35543668', '10.1016/j.jisako.2021.10.001', 'S2059-7754(21)00300-X']",10.1016/j.jisako.2021.10.001,"['2022/05/11 10:23', '2022/05/12 06:00', '2022/05/18 06:00']",[],1,0,Journal of ISAKOS : joint disorders & orthopaedic sports medicine,doi: 10.1016/j.jisako.2021.10.001,2022 Apr;7(2):87-93,"IMPORTANCE: There have been several recent systematic reviews of quadriceps tendon autografts (QT), which have not shown any significant difference in outcomes between QT and hamstring tendon autograft (HS) for ACL reconstruction (ACLR). However, several recent comparative studies have been published comparing QT to HS for ACLR. AIM: The purpose of this study is to perform a systematic review and meta-analysis of the studies comparing QT to HS for ACLR. EVIDENCE REVIEW: Two independent reviewers performed the literature search based on the PRISMA guidelines, with a senior author arbitrating discrepancies. Cohort studies comparing QT with HS were included. FINDINGS: There were 15 studies comparing 611 patients with QT to 543 patients with HS, with a mean of 27.4 months follow-up. QT resulted in a significantly lower rate of graft re-rupture (2.5% vs 8.7%, p = 0.01), and donor site morbidity (17.6% vs 26.2%, p = 0.02). There was a significant difference in favour of QT for the positive pivot shift test (Grade I/II: 15.8% vs 23.0%, p = 0.02), but not in the rate of the positive Lachman test (Grade I/II: 18.3% vs 26.7%, p = 0.16). Additionally, there was no difference in the side to side difference in knee stability (1.8 mm vs 2.0 mm, p = 0.48). Functionally, both grafts had similar functional outcomes in terms of the IKDC score (88.0 vs 87.9, p = 0.69), and Lysholm score (89.3 vs 87.6, p = 0.15). CONCLUSIONS AND RELEVANCE: Our study showed that QT has a lower re-rupture rate than HS in ACLR, with lower donor site morbidity. QT appeared to be slightly better for residual pivot shift, but there was no difference in patient-reported outcomes. LEVEL OF EVIDENCE: III.",2022
61,35445330,2022 Nov,2022 Apr 20,Knee Surg Sports Traumatol Arthrosc,"['Zakharia A', 'Lameire DL', 'Abdel Khalik H', 'Kay J', 'Uddandam A', 'Nagai K', 'Hoshino Y', 'de Sa D']",de Sa D,Quadriceps tendon autograft for pediatric anterior cruciate ligament reconstruction results in promising postoperative function and rates of return to sports: A systematic review.,30,11,3659-3672,['English'],9314730,0942-2056,1433-7347,"['Journal Article', 'Systematic Review']",PubMed - indexed for MEDLINE,ppublish+epublish,"['35445330', '10.1007/s00167-022-06930-7', '10.1007/s00167-022-06930-7']",10.1007/s00167-022-06930-7,"['2021/11/18 00:00', '2022/03/03 00:00', '2022/04/22 06:00', '2022/10/19 06:00', '2022/04/21 05:47']",[],1,0,"Knee surgery, sports traumatology, arthroscopy : official journal of the ESSKA",doi: 10.1007/s00167-022-06930-7,2022 Nov;30(11):3659-3672,"PURPOSE: To assess the performance of the quadriceps tendon (QT) autograft in pediatric anterior cruciate ligament reconstruction (ACLR). METHODS: A systematic search of MEDLINE, PubMed, and EMBASE was conducted on March 1, 2021. Studies of all levels of evidence reporting outcomes and/or complications after QT autograft ACLR in pediatric patients (</= 18 years old) were eligible for inclusion. Study demographics, patient demographics, reported outcomes, and complications were abstracted. Screening and data abstraction were designed in accordance with PRISMA and R-AMSTAR guidelines. Descriptive statistics were presented when applicable, with data for heterogeneous outcomes presented in narrative summary fashion. RESULTS: A total of 14 studies examining 596 patients (46.3% female), mean age 15.4 years, were included in this systematic review. Mean postoperative Lysholm scores ranged from 94.0 to 99.5. Mean postoperative IKDC subjective scores ranged from 75.9 to 94.0. Limb symmetry index ranged from 96.8 +/- 10.4 to 100.4 +/- 7.6% across multiple hop tests. Return to sports (RTS) rates ranged from 88.9 to 91.7%. Eleven studies reported postoperative complications, whereby 16 patients (4.8%) experienced contralateral complications and injuries. Forty-six patients (9.4%) experienced ipsilateral complications, including ten graft failures (2.5%) and two growth disturbances (0.6%). CONCLUSIONS: QT autograft ACLR in the pediatric population retains the potential of regaining a preinjury level of knee stability, and yields promising postoperative function and rates of RTS, yielding comparable outcomes relative to HT autograft and the reference-standard BPTB ACLR that have previously been described in the literature. Moreover, use of the QT autograft is associated with low rates of postoperative complications, including graft failure and growth disturbances in this active and high-risk patient population in observational studies to date. Therefore, clinical equipoise exists to further appraise the influence of QT autograft on postoperative outcomes compared to aforementioned autograft options in a randomized control trial fashion. LEVEL OF EVIDENCE: IV.",2022
62,35428007,2022 May,2022 Apr 1,Clin Biomech (Bristol),"['Malige A', 'Baghdadi S', 'Hast MW', 'Schmidt EC', 'Shea KG', 'Ganley TJ']",Ganley TJ,Biomechanical properties of common graft choices for anterior cruciate ligament reconstruction: A systematic review.,95,,105636,['English'],8611877,0268-0033,1879-1271,"['Journal Article', 'Systematic Review']",PubMed - indexed for MEDLINE,ppublish+epublish,"['35428007', '10.1016/j.clinbiomech.2022.105636', 'S0268-0033(22)00066-3']",10.1016/j.clinbiomech.2022.105636,"['2021/10/02 00:00', '2022/03/21 00:00', '2022/03/25 00:00', '2022/04/16 06:00', '2022/05/27 06:00', '2022/04/15 20:17']",[],1,0,"Clinical biomechanics (Bristol, Avon)",doi: 10.1016/j.clinbiomech.2022.105636,2022 May;95:105636,"BACKGROUND: This systematic review explores the differences in the intrinsic biomechanical properties of different graft sources used in anterior cruciate ligament (ACL) reconstruction as tested in a laboratory setting. METHODS: Following Preferred Reporting Items for Systematic Reviews and Meta-Analyses (PRISMA) guidelines, two authors conducted a systematic review exploring the biomechanical properties of ACL graft sources (querying PubMed, Cochrane, and Embase databases). Using the keywords ""anterior cruciate ligament graft,"" ""biomechanics,"" and ""biomechanical testing,"" relevant articles of any level of evidence were identified as eligible and included if they reported on the biomechanical properties of skeletally immature or mature ACL grafts solely and if the grafts were studied in vitro, in isolation, and under similar testing conditions. Studies were excluded if performed on both skeletally immature and mature or non-human grafts, or if the grafts were tested after fixation in a cadaveric knee. For each graft, failure load, stiffness, Young's modulus, maximum stress, and maximum strain were recorded. FINDINGS: Twenty-six articles were included. Most studies reported equal or increased biomechanical failure load and stiffness of their tested bone-patellar tendon-bone, hamstring, quadriceps, peroneus longus, tibialis anterior and posterior, Achilles, tensor fascia lata, and iliotibial band grafts compared to the native ACL. All recorded biomechanical properties had similar values between graft types. INTERPRETATION: Most grafts used for ACL reconstruction are biomechanically superior to the native ACL. Utilizing a proper graft, combined with a standard surgical technique and a rigorous rehabilitation before and after surgery, will improve outcomes of ACL reconstruction.",2022
63,35411690,2022 May,2022 May 10,PM R,"['Rivera-Brown AM', 'Frontera WR', 'Fontánez R', 'Micheo WF']",Micheo WF,Evidence for isokinetic and functional testing in return to sport decisions following ACL surgery.,14,5,678-690,['English'],101491319,1934-1482,1934-1563,"['Journal Article', 'Review']",PubMed - indexed for MEDLINE,ppublish+epublish,"['35411690', '10.1002/pmrj.12815']",10.1002/pmrj.12815,"['2022/03/24 00:00', '2021/10/21 00:00', '2022/03/30 00:00', '2022/04/13 06:00', '2022/05/31 06:00', '2022/04/12 05:34']",[],1,0,"PM & R : the journal of injury, function, and rehabilitation",doi: 10.1002/pmrj.12815,2022 May;14(5):678-690,"The rupture and reconstruction of the anterior cruciate ligament (ACL) of the knee are associated with an increased risk of functional instability, a reduction in sports performance, and a higher risk of future additional injuries. Competitive athletes who participate in sports that require pivoting, cutting, and jumping are at particularly high risk for ACL rupture. The return to sport progression continuum after surgery includes sports-specific rehabilitation, evaluation of strength and function, gradual participation in exercise training with progressively challenging activities in the field of play, participation in sports at a lower level, and finally a return to preinjury-level sports competition. This narrative review evaluates the evidence that supports the use of quadriceps and hamstrings isokinetic strength testing and sports-specific functional skills assessments to evaluate progress with rehabilitation after ACL surgery. Strength evaluations, hop tests, agility tests, and the limb symmetry index are described, as well as the associations of quadriceps and hamstrings muscle strength and functional test results with successful return to sports and the risk of ACL graft rupture and contralateral knee injuries. Suggestions for future research directions are presented including the importance of presurgery testing, standardization of test batteries, and comparison of test results with normative data.",2022
64,35037693,2022 Feb 14,2022 Feb 14,J Rehabil Med,"['Fan Z', 'Yan J', 'Zhou Z', 'Gao Y', 'Tang J', 'Li Y', 'Zhang Z', 'Yang M', 'Lv J']",Lv J,Delayed versus Accelerated Weight-bearing Rehabilitation Protocol Following Anterior Cruciate Ligament Reconstruction: A Systematic Review and Meta-analysis.,54,,jrm00260,['English'],101088169,1650-1977,1651-2081,"['Journal Article', 'Meta-Analysis', 'Systematic Review']",PubMed - indexed for MEDLINE,epublish,"['35037693', 'PMC8892302', 'pmc-id: PMC8892302;', '10.2340/jrm.v53.1438']",10.2340/jrm.v53.1438,"['2022/01/18 06:00', '2022/02/17 06:00', '2022/01/17 09:38', '2022/02/14 00:00']",[],1,40,Journal of rehabilitation medicine,doi: 10.2340/jrm.v53.1438,2022 Feb 14;54:jrm00260,"OBJECTIVE: To compare accelerated and delayed weight-bearing rehabilitation of anterior cruciate ligament reconstruction regarding clinical outcome measures of knee function (International Knee Documentation Committee Subjective Knee Form (IKDC), Lysholm Knee Scoring Scale, Tegner Activity Scale, and Knee Injury and Osteoarthritis Outcome Score (KOOS)), knee laxity, range of movement, quadriceps, and bone tunnel enlargement. DESIGN: Systematic review and meta-analysis. METHODS: Systematic searches of Embase, MEDLINE, CINAHL, and the Cochrane Library databases, from inception to February 2021, for studies comparing delayed or accelerated weight-bearing rehabilitation protocol after anterior cruciate ligament reconstruction in adult patients. RESULTS: Nine studies met the eligibility criteria. A meta-analysis revealed a higher risk of knee laxity in the accelerated weight-bearing group. Accelerated weight-bearing may be related to higher IKDC scores, while there was no statistical difference for Lysholm, Tegner, and KOOS scores at a follow-up within 2 years. Four of 5 studies reported no statistical difference for quadriceps strength and range of movement scores, while 2 studies reported bone tunnel enlargement in the accelerated weight-bearing group. CONCLUSION: This systematic review confirmed that accelerated weight-bearing caused more serious knee laxity and bone tunnel widening than delayed weight-bearing after anterior cruciate ligament reconstruction. We therefore recommend that clinicians should select postoperative rehabilitation programmes with caution.",2022
65,34951064,2022 Mar,2022 Jan 6,J Orthop Res,"['Boden BP', 'Sheehan FT']",Sheehan FT,Mechanism of non-contact ACL injury: OREF Clinical Research Award 2021.,40,3,531-540,['English'],8404726,0736-0266,1554-527X,"['Journal Article', 'Research Support, N.I.H., Intramural', 'Review']",PubMed - indexed for MEDLINE,ppublish+epublish,"['34951064', 'NIHMS1767294', 'PMC8858885', 'pmc-id: PMC8858885;manuscript-id: NIHMS1767294;', '10.1002/jor.25257']",10.1002/jor.25257,"['2021/12/19 00:00', '2021/04/18 00:00', '2021/12/20 00:00', '2021/12/25 06:00', '2022/04/19 06:00', '2021/12/24 06:05', '2023/03/01 00:00']",[],1,54,Journal of orthopaedic research : official publication of the Orthopaedic Research Society,doi: 10.1002/jor.25257,2022 Mar;40(3):531-540,"Anterior cruciate ligament (ACL) ruptures significantly impact athletes in terms of return to play and loss of long-term quality of life. Before the onset of this study, understanding the mechanism of ACL injury was limited. Thus, the primary focus of this manuscript is to describe our multi-faceted approach to uncovering the mechanism of noncontact ACL injury (NC-ACLI) with the goal of developing preventive strategies. The initial qualitative analysis of ACL injury events revealed most (70%) injuries involve minimal to no contact and occurr during landing or deceleration maneuvers in team sports with a minor perturbation before the injury that may disrupt the neuromuscular system leading to poor body dynamics. A series of quantitative videotape studies demonstrated differences in leg and trunk positions at the time of NC-ACLI in comparison to control subjects. Analysis of the faulty dynamics provoking NC-ACLI, especially the flat-footed landing component, supports the theory that an axial compressive force is the critical factor responsible for NC-ACLI. Our magnetic resonance imaging study demonstrated the NC-ACLI position was associated with a higher tibial slope, and joint contact occurring on the flat, anterior portion of the lateral femoral condyle versus the round, posterior aspect. Both anatomic conditions favor sliding (pivot shift) over rolling in the presence of an axial compressive force. Subsequent cadaveric studies supported axial compressive forces as the primary component of NC-ACLI. Both a strong eccentric quadriceps contraction and knee abduction moments may increase the compressive force at the joint thereby lowering the axial threshold to injury. This manuscript summarizes the NC-ACLI mechanism portion of the 2021 OREF Clinical Research Award.",2022
66,34942315,2022 Jun,2021 Dec 21,Arthroscopy,"['Zhang K', 'Beshay T', 'Murphy B', 'Sheean A', 'de Sa D']",de Sa D,Quadriceps Tendon Anterior Cruciate Ligament Reconstruction: A Systematic Review of Postoperative Rehabilitation and Complication Profiles.,38,6,2062-2072.e1,['English'],8506498,0749-8063,1526-3231,"['Journal Article', 'Systematic Review']",PubMed - indexed for MEDLINE,ppublish+epublish,"['34942315', '10.1016/j.arthro.2021.12.020', 'S0749-8063(21)01111-7']",10.1016/j.arthro.2021.12.020,"['2021/09/12 00:00', '2021/12/09 00:00', '2021/12/12 00:00', '2021/12/24 06:00', '2022/06/09 06:00', '2021/12/23 20:14']",[],1,0,Arthroscopy : the journal of arthroscopic & related surgery : official publication of the Arthroscopy Association of North America and the International Arthroscopy Association,doi: 10.1016/j.arthro.2021.12.020,2022 Jun;38(6):2062-2072.e1,"PURPOSE: The purposes of this study are to explore current elements for postoperative rehabilitation protocol after quadriceps tendon-anterior cruciate ligament reconstruction (QT-ACLR), outline general timelines for progression of those elements, and explore their associated complication rates and profiles. METHODS: In accordance with PRISMA guidelines, 5 online databases (EMBASE, MEDLINE, CINAHL, Cochrane, and PubMed) were searched and screened in duplicate using predetermined criteria for studies on the aforementioned patient population. Descriptive statistics are presented. RESULTS: A total of 56 studies were included, with 31 studies using quadriceps tendon with bone block (B-QT) and 26 studies using all-soft tissue quadriceps tendon (S-QT). The majority of studies permitted full weightbearing and range of motion (ROM) within the first 12 postoperative weeks, and motion-controlled braces within 6 weeks. Isometric exercises were initiated within 1 week after surgery, closed-chain exercises within 12 weeks, and open-chain and sports-specific exercises within 36 weeks. Complication profiles were similar between graft types and included graft failure (1.2%-1.6%), cyclops syndrome (0.4%-0.7%), and persistent stiffness (0.9%). CONCLUSIONS: Current postoperative rehabilitation strategies in ACLR with QT offer a complication profile comparable to those reported with other graft types. Based on the included rehabilitation regimen, these protocols should focus on early ROM, specifically on achieving full extension, alongside isometric quadriceps strengthening. Progression to closed- and open-chain exercises should follow in a progressive manner, similar to existing protocols in ACLR. Adjuncts such as motion-controlled bracing and continuous passive motion machines may be used if graft protection is prioritized. This review highlights the need for comparison of defined protocols against one another in the setting of QT-ACLR. LEVEL OF EVIDENCE: IV, systematic review of Level I-IV studies.",2022
67,34617125,2022 May,2021 Oct 7,Knee Surg Sports Traumatol Arthrosc,"['Cristiani R', 'Forssblad M', 'Edman G', 'Eriksson K', 'Stålman A']",Stålman A,"Age, time from injury to surgery and hop performance after primary ACLR affect the risk of contralateral ACLR.",30,5,1828-1835,['English'],9314730,0942-2056,1433-7347,"['Journal Article', 'Review']",PubMed - indexed for MEDLINE,ppublish+epublish,"['34617125', 'PMC9033698', 'pmc-id: PMC9033698;', '10.1007/s00167-021-06759-6', '10.1007/s00167-021-06759-6']",10.1007/s00167-021-06759-6,"['2021/08/02 00:00', '2021/09/27 00:00', '2021/10/08 06:00', '2022/04/27 06:00', '2021/10/07 07:05', '2021/10/07 00:00']",[],1,39,"Knee surgery, sports traumatology, arthroscopy : official journal of the ESSKA",doi: 10.1007/s00167-021-06759-6,2022 May;30(5):1828-1835,"PURPOSE: To evaluate factors affecting the risk of contralateral anterior cruciate ligament reconstruction (ACLR) within 5 years of primary ACLR. METHODS: Primary ACLRs performed at Capio Artro Clinic, Stockholm, Sweden, during the period 2005-2014, were reviewed. The outcome of the study was the occurrence of contralateral ACLR within 5 years of primary ACLR. Univariable and multivariable logistic regression analyses were employed to identify preoperative [age, gender, body mass index (BMI), time from injury to surgery, pre-injury Tegner activity level], intraoperative [graft type, medial meniscus (MM) and lateral meniscus (LM) resection or repair, cartilage injury] and postoperative [limb symmetry index (LSI) for quadriceps and hamstring strength and single-leg-hop test performance at 6 months] risk factors for contralateral ACLR. RESULTS: A total of 5393 patients who underwent primary ACLR were included. The incidence of contralateral ACLR within 5 years was 4.7%. Univariable analysis revealed that age >/= 25 years, BMI >/= 25 kg/m(2), time from injury to surgery >/= 12 months and the presence of a cartilage injury reduced the odds, whereas female gender, pre-injury Tegner activity level >/= 6, quadriceps and hamstring strength and a single-leg-hop test LSI of >/= 90% increased the odds of contralateral ACLR. Multivariable analysis showed that the risk of contralateral ACLR was significantly affected only from age >/= 25 years (OR 0.40; 95% CI 0.28-0.58; P < 0.001), time from injury to surgery >/= 12 months (OR 0.48; 95% CI 0.30-0.75; P = 0.001) and a single-leg-hop test LSI of >/= 90% (OR 1.56; 95% CI 1.04-2.34; P = 0.03). CONCLUSION: Older age (>/= 25 years) and delayed primary ACLR (>/= 12 months) reduced the odds, whereas a symmetrical (LSI >/= 90%) 6-month single-leg-hop test increased the odds of contralateral ACLR within 5 years of primary ACLR. Knowledge of the factors affecting the risk of contralateral ACLR is important when it comes to the appropriate counselling for primary ACLR. Patients should be advised regarding factors affecting the risk of contralateral ACLR. LEVEL OF EVIDENCE: Level III.",2022
68,34536121,2022 Nov,2021 Sep 18,Arch Orthop Trauma Surg,"['Haybäck G', 'Raas C', 'Rosenberger R']",Rosenberger R,Failure rates of common grafts used in ACL reconstructions: a systematic review of studies published in the last decade.,142,11,3293-3299,['English'],9011043,0936-8051,1434-3916,"['Journal Article', 'Systematic Review']",PubMed - indexed for MEDLINE,ppublish+epublish,"['34536121', 'PMC9522752', 'pmc-id: PMC9522752;', '10.1007/s00402-021-04147-w', '10.1007/s00402-021-04147-w']",10.1007/s00402-021-04147-w,"['2020/12/09 00:00', '2021/08/23 00:00', '2021/09/19 06:00', '2022/10/04 06:00', '2021/09/18 12:07', '2021/09/18 00:00']",[],1,26,Archives of orthopaedic and trauma surgery,doi: 10.1007/s00402-021-04147-w,2022 Nov;142(11):3293-3299,"INTRODUCTION: In this review paper, graft failure rates of different graft types (hamstring tendon autografts, bone-patellar tendon-bone autografts, quadriceps tendon autografts and diverse allografts) that are used for surgical reconstruction of the anterior cruciate ligament are compared and statistically analysed. METHODS: Literature search was conducted in PubMed according to Preferred Reporting Items for Systematic Reviews and Meta-Analysis (PRISMA) criteria. A total of 194 studies, which reported graft failure rates of at least one of the anterior cruciate ligament reconstruction methods mentioned above, were included in this systematic review. To be able to compare studies with different follow-up periods, a yearly graft failure rate for each reconstruction group was calculated and then investigated for significant differences by using the Kruskal-Wallis test. RESULTS: Overall, a total of 152,548 patients treated with an anterior cruciate ligament reconstruction were included in the calculations. Comparison of graft types showed that hamstring tendon autografts had a yearly graft failure rate of 1.70%, whereas the bone-patellar tendon-bone autograft group had 1.16%, the quadriceps tendon autograft group 0.72%, and the allografts 1.76%. CONCLUSION: The findings of this meta-data study indicate that reconstructing the anterior cruciate ligament using quadriceps tendon autografts, hamstring tendon autografts, patellar tendon autografts or allografts does not show significant differences in terms of graft failure rates.",2022
69,34494906,2022 Oct,2021 Sep 8,Am J Sports Med,"['Dai W', 'Leng X', 'Wang J', 'Cheng J', 'Hu X', 'Ao Y']",Ao Y,Quadriceps Tendon Autograft Versus Bone-Patellar Tendon-Bone and Hamstring Tendon Autografts for Anterior Cruciate Ligament Reconstruction: A Systematic Review and Meta-analysis.,50,12,3425-3439,['English'],7609541,0363-5465,1552-3365,"['Journal Article', 'Meta-Analysis', 'Systematic Review']",PubMed - indexed for MEDLINE,ppublish+epublish,"['34494906', '10.1177/03635465211030259']",10.1177/03635465211030259,"['2021/09/09 06:00', '2022/10/04 06:00', '2021/09/08 12:15']",[],1,0,The American journal of sports medicine,doi: 10.1177/03635465211030259,2022 Oct;50(12):3425-3439,"BACKGROUND: The best type of autograft for anterior cruciate ligament (ACL) reconstruction remains debatable. HYPOTHESIS: Compared with bone-patellar tendon-bone (BPTB) and hamstring tendon (HT) autografts, the quadriceps tendon (QT) autograft has comparable graft survival as well as clinical function and pain outcomes. STUDY DESIGN: Meta-analysis; Level of evidence, 4. METHODS: A systematic literature search was conducted in PubMed, Embase, Scopus, and the Cochrane Library to July 2020. Randomized controlled trials (RCTs) and observational studies reporting comparisons of QT versus BPTB or HT autografts for ACL reconstruction were included. All analyses were stratified according to study design: RCTs or observational studies. RESULTS: A total of 24 studies were included: 7 RCTs and 17 observational studies. The 7 RCTs included 388 patients, and the 17 observational studies included 19,196 patients. No significant differences in graft failure (P = .36), the International Knee Documentation Committee (IKDC) subjective score (P = .39), or the side-to-side difference in stability (P = .60) were noted between QT and BPTB autografts. However, a significant reduction in donor site morbidity was noted in the QT group compared with the BPTB group (risk ratio [RR], 0.17 [95% CI, 0.09-0.33]; P < .001). No significant differences in graft failure (P = .57), the IKDC subjective score (P = .25), or the side-to-side stability difference (P = .98) were noted between QT and HT autografts. However, the QT autograft was associated with a significantly lower rate of donor site morbidity than the HT autograft (RR, 0.60 [95% CI, 0.39-0.93]; P = .02). A similar graft failure rate between the QT and control groups was observed after both early and late full weightbearing, after early and late full range of motion, and after using the QT autograft with a bone plug and all soft tissue QT grafts. However, a significantly lower rate of donor site morbidity was observed in the QT group compared with the control group after both early and late full weightbearing, after early and late full range of motion, and after using the QT autograft with a bone plug and all soft tissue QT grafts. No difference in effect estimates was seen between RCTs and observational studies. CONCLUSION: The QT autograft had comparable graft survival, functional outcomes, and stability outcomes compared with BPTB and HT autografts. However, donor site morbidity was significantly lower with the QT autograft than with BPTB and HT autografts.",2022
70,34470509,2022 Dec,2021 Sep 2,Am J Sports Med,"['Tan TK', 'Subramaniam AG', 'Ebert JR', 'Radic R']",Radic R,Quadriceps Tendon Versus Hamstring Tendon Autografts for Anterior Cruciate Ligament Reconstruction: A Systematic Review and Meta-analysis.,50,14,3974-3986,['English'],7609541,0363-5465,1552-3365,"['Meta-Analysis', 'Systematic Review', 'Journal Article']",PubMed - indexed for MEDLINE,ppublish+epublish,"['34470509', '10.1177/03635465211033995']",10.1177/03635465211033995,"['2021/09/03 06:00', '2022/12/15 06:00', '2021/09/02 05:36']",[],1,0,The American journal of sports medicine,doi: 10.1177/03635465211033995,2022 Dec;50(14):3974-3986,"BACKGROUND: Autograft choice in anterior cruciate ligament reconstruction (ACLR) remains controversial, with increasing interest in the usage of quadriceps tendon (QT) autograft versus traditional hamstring tendon (HT) use. The current study undertakes an in-depth review and comparison of the clinical and functional outcomes of QT and HT autografts in ACLR. HYPOTHESIS: The QT autograft is equivalent to the HT autograft and there will be little or no significant difference in the outcomes between these 2 autografts. STUDY DESIGN: Systematic review and meta-analysis; Level of evidence, 4. METHODS: The PUBMED, EMBASE, MEDLINE, and CENTRAL databases were systematically searched from their inception until November 2020. All observational studies comparing ACLR QT and HT autografts were assessed for their methodological quality. Patient outcomes were compared according to patient-reported outcome measures (International Knee Documentation Committee [IKDC], Cincinnati, Lysholm, Tegner, and visual analog scale [VAS] measures), knee extensor and flexor torque limb symmetry indices (LSIs), hamstring to quadriceps (H/Q) ratios, functional hop capacity, knee laxity, ipsilateral graft failure, and contralateral injury. RESULTS: A total of 20 observational studies comprising 28,621 patients (QT = 2550; HT = 26,071) were included in the quantitative meta-analysis. In comparison with patients who received an HT autograft, those who received a QT autograft had similar postoperative Lysholm (mean difference [MD], 0.67; P = .630), IKDC (MD, 0.48; P = .480), VAS pain (MD, 0.04; P = .710), and Cincinnati (MD, -0.85; P = .660) scores; LSI for knee flexor strength (MD, 6.06; P = .120); H/Q ratio (MD, 3.22; P = .160); hop test LSI (MD, -1.62; P = .230); pivot-shift test grade 0 (odds ratio [OR], 0.80; P = .180); Lachman test grade 0 (OR, 2.38; P = .320), side-to-side laxity (MD, 0.09; P = .650); incidence of graft failure (OR, 1.07; P = .830) or contralateral knee injury (OR, 1.22; P = .610); and Tegner scores (MD, 0.11; P = .060). HT autografts were associated with a higher (better) side-to-side LSI for knee extensor strength (MD, -6.31; P = .0002). CONCLUSION: In this meta-analysis, the use of the QT autograft was equivalent to the HT autograft in ACLR, with comparable graft failure and clinical and functional outcomes observed. However, HT autografts were associated with better LSI knee extensor strength.",2022
71,40308287,2021 Sep-Oct,2021 Sep 1,Video J Sports Med,"['Geers K', 'Ormseth B', 'Garrone A', 'Siston R', 'Duerr RA']",Duerr RA,Anterior Closing Wedge Proximal Tibial Osteotomy and Revision Anterior Cruciate Ligament Reconstruction With Quadriceps Tendon Autograft.,1,5,26350254211022758,['English'],9918367588406676,,2635-0254,['Journal Article'],PubMed,,"['40308287', 'PMC11887902', 'pmc-id: PMC11887902;', '10.1177/26350254211022758', '10.1177_26350254211022758']",10.1177/26350254211022758,"['2021/04/07 00:00', '2021/05/06 00:00', '2021/09/01 00:01', '2021/09/01 00:00', '2025/05/01 05:14', '2021/09/01 00:00']",[],1,10,Video journal of sports medicine,doi: 10.1177/26350254211022758,2021 Sep-Oct;1(5):26350254211022758,"BACKGROUND: Anterior cruciate ligament (ACL) ruptures are among the most common injuries in young athletes and active adults. Reconstruction of the ACL most often leads to good functional outcomes and return to full activities. However, a number of patients experience ACL graft failures requiring revision surgery. The reasons for ACL graft failure are often multifactorial, though recent attention has been given to elevated posterior tibial slope (PTS) as a risk factor for recurrent ACL injuries. INDICATIONS: In patients with 2 or more ACL reconstruction failures with a PTS >/=12 degrees, anterior closing wedge proximal tibia osteotomy (ACWPTO) may be indicated to reduce the risk of recurrent ACL graft failure and allow return to full activities. TECHNIQUE DESCRIPTION: This surgical technique video demonstrates the ACWPTO using a case example in a young athlete. Preoperative templating on lateral radiograph is used to determine the amount of correction for the closing wedge. The osteotomy is completed using K-wires and a free hand biplanar cutting technique with the tibial tubercle left in place. This is performed with a concomitant revision ACL reconstruction using quadriceps tendon autograft. RESULTS: There are 2 small cases series published with good clinical outcomes and return to sport activities. No ACL graft failures were reported in either study with short-term follow-up. DISCUSSION: In this surgical technique video, we review the literature indicating elevated PTS as a risk factor in ACL injuries and recurrent ACL graft failures. We highlight important technique pearls and pitfalls to avoid complications during the surgical demonstration. Finally, we review postoperative rehabilitation guidelines and clinical outcomes within the existing literature. In patients with recurrent ACL graft failures, ACWPTO provides a safe and reliable technique to correct an elevated PTS and return patients back to full activities with reduced risk of ACL graft re-tear.",2021
72,34102074,2021 Jul,2021 Jun 8,Am J Sports Med,"['Schmücker M', 'Haraszuk J', 'Hölmich P', 'Barfod KW']",Barfod KW,"Graft Failure, Revision ACLR, and Reoperation Rates After ACLR With Quadriceps Tendon Versus Hamstring Tendon Autografts: A Registry Study With Review of 475 Patients.",49,8,2136-2143,['English'],7609541,0363-5465,1552-3365,['Journal Article'],PubMed - indexed for MEDLINE,ppublish+epublish,"['34102074', '10.1177/03635465211015172']",10.1177/03635465211015172,"['2021/06/09 06:00', '2021/08/10 06:00', '2021/06/08 20:14']",[],1,0,The American journal of sports medicine,doi: 10.1177/03635465211015172,2021 Jul;49(8):2136-2143,"BACKGROUND: It has been indicated that anterior cruciate ligament reconstruction (ACLR) with a quadriceps tendon (QT) graft has a higher risk of revision compared with ACLR performed with a hamstring tendon (HT) graft. PURPOSE/HYPOTHESIS: To investigate whether ACLR with QT graft had a higher risk of graft failure, revision ACLR, or reoperation compared with HT graft in a high-volume center. We hypothesized that there would be no between-group differences. STUDY DESIGN: Cohort study; Level of evidence, 3. METHODS: This was a registry study with review of medical records. Our study cohort consisted of patients who underwent primary ACLR with either QT or HT graft performed at Copenhagen University Hospital Hvidovre between January 2015 and December 2018. The cohort was identified from the Danish Knee Ligament Reconstruction Registry and linked to the Danish National Patient Registry to identify all hospital contacts after ACLR. The outcome variables were graft failure (rerupture or >3-mm side-to-side difference in anteroposterior [AP] laxity), revision ACLR, reoperation due to cyclops lesion, reoperation due to meniscal injury, and reoperation due to any reason. AP laxity and pivot shift were assessed at 1 year. Kaplan-Meier estimates were used to evaluate the rates of events at 2 years, and comparison was performed with Cox regression analysis. RESULTS: A total of 475 patients (252 HT, 223 QT) were included. The rate of graft failure at 2 years was 9.4% for the QT group and 11.1% for the HT group (P = .46). For the QT and HT groups, respectively, the rate of revision ACLR was 2.3% and 1.6% (P = .60), the rate of reoperation due to cyclops lesion was 5.0% and 2.4% (P = .13), and the rate of reoperation due to meniscal injury was 4.3% and 7.1% (P = .16). The rate of reoperation due to any reason was 20.5% and 23.6% (P = .37). At 1-year follow-up, AP laxity was 1.4 mm for QT and 1.5 mm for HT (P = .51), and the proportion of patients with a positive pivot shift was 29-30% for both groups. CONCLUSION: QT and HT grafts yielded similar rates of graft failure, revision ACLR, and reoperation at 2 years of follow-up after ACLR. Graft failure was found in 9% to 11% of patients. Patients with QT ACLR showed a non-statistically significant trend of higher risk for reoperation due to cyclops lesion, and those with HT showed a non-statistically significant trend of higher risk for reoperation due to meniscal injury.",2021
73,33135006,2020 Oct,2020 Sep 25,Arthrosc Sports Med Rehabil,"['Mo Z', 'Li D', 'Yang B', 'Tang S']",Tang S,Comparative Efficacy of Graft Options in Anterior Cruciate Ligament Reconstruction: A Systematic Review and Network Meta-Analysis.,2,5,e645-e654,['English'],101765256,,2666-061X,"['Journal Article', 'Review']",PubMed,,"['33135006', 'PMC7588648', 'pmc-id: PMC7588648;', '10.1016/j.asmr.2020.05.007', 'S2666-061X(20)30049-3']",10.1016/j.asmr.2020.05.007,"['2019/08/23 00:00', '2020/05/13 00:00', '2020/11/02 06:23', '2020/11/03 06:00', '2020/11/03 06:01', '2020/09/25 00:00']",[],1,77,"Arthroscopy, sports medicine, and rehabilitation",doi: 10.1016/j.asmr.2020.05.007,2020 Oct;2(5):e645-e654,"PURPOSE: To evaluate the effectiveness of various graft options for anterior cruciate ligament reconstruction using network meta-analysis. METHODS: A medical literature search was conducted of PubMed, the Cochrane Library, Embase, SCOPUS, and Web of Science from their inception through March 1, 2019. The outcomes, including International Knee Documentation Committee (IKDC) form, Lachman test, Lysholm score, Pivot shift test, and Tegner score, were evaluated among graft options. Data extraction was carried out according to inclusion and exclusion criteria, and a network meta-analysis was performed using STATA 14.0. RESULTS: A total of 45 trials with 3992 patients were included. The forest plots revealed no significant differences in IKDC, Lysholm, or Tegner score among the grafts. In Lachman score, a significant difference was found in the comparisons of hamstring tendon allograft (HT-AL) versus patellar tendon autograft (PT-AU) and HT-AL versus hamstring tendon autograft (HT-AU). In pivot shift test, PT-AU was superior to all the other grafts, and quadriceps tendon autograft (QT-AU) was superior to HT-AL and artificial ligament (Art-L) in the number of cases with negative results. According to surface under the cumulative ranking area (SUCRA), PT-AU had the highest probability to be the best intervention in Lachman test and Tegner score; tibialis anterior tendon allograft (TA-AL) in IKDC and Lysholm score; and QT-AU in pivot shift test. Based on the cluster analysis of SUCRA, PT-AU was considered the most appropriate intervention by IKDC and Lachman test. CONCLUSION: This study suggests that PT-AU may be the most appropriate graft for ACL reconstruction according to IKDC and Lachman test results. LEVEL OF EVIDENCE: Level I, network meta-analysis of randomized controlled trials.",2020
74,33098947,2021 Mar,2020 Oct 21,Arthroscopy,"['Crum RJ', 'Kay J', 'Lesniak BP', 'Getgood A', 'Musahl V', 'de Sa D']",de Sa D,Bone Versus All Soft Tissue Quadriceps Tendon Autografts for Anterior Cruciate Ligament Reconstruction: A Systematic Review.,37,3,1040-1052,['English'],8506498,0749-8063,1526-3231,"['Comparative Study', 'Journal Article', 'Research Support, N.I.H., Extramural', 'Systematic Review']",PubMed - indexed for MEDLINE,ppublish+epublish,"['33098947', 'NIHMS1706504', 'PMC9004211', 'pmc-id: PMC9004211;manuscript-id: NIHMS1706504;', '10.1016/j.arthro.2020.10.018', 'S0749-8063(20)30848-3']",10.1016/j.arthro.2020.10.018,"['2019/11/29 00:00', '2020/10/03 00:00', '2020/10/11 00:00', '2020/10/26 06:00', '2021/06/16 06:00', '2020/10/25 00:01', '2022/04/12 00:00']",['Arthroscopy. 2021 Mar;37(3):1053-1054. doi: 10.1016/j.arthro.2020.11.026. PMID: 33673959'],1,69,Arthroscopy : the journal of arthroscopic & related surgery : official publication of the Arthroscopy Association of North America and the International Arthroscopy Association,doi: 10.1016/j.arthro.2020.10.018,2021 Mar;37(3):1040-1052,"PURPOSE: To examine existing literature on objective and patient-reported outcomes and complications after anterior cruciate ligament reconstruction (ACLR) with bone-quadriceps-tendon (B-QT) or soft tissue-quadriceps tendon (S-QT) to further clarify the role of graft type in primary ACLR. METHODS: In accordance with PRISMA guidelines, PubMed, Embase, and Medline were searched in October 2019 for English-language, human studies of all evidence levels on patients undergoing primary ACLR with B-QT or S-QT autograft. RESULTS: 24 of 1,381 studies satisfied criteria, with 20 using B-QT (1,534 patients, mean age 29.6 years [range 14 to 59], mean follow-up 41.2 months [range 12 to 120]) and 5 using S-QT (181 patients, mean age 32.4 years [range 15 to 58), mean follow-up 25.5 months [range 12 to 46]). International Knee Documentation Committee (IKDC) scores were 67.3 to 89.5 with B-QT and 80.4 to 81.6 with S-QT. Lysholm scores were 85.7 to 97.4 with B-QT and 81.6 to 89.2 with S-QT. More B-QT patients demonstrated rotatory laxity on pivot shift compared with S-QT (0% to 39% versus 0%, respectively). The most common complication was graft rupture, and no differences were observed between graft choices (B-QT 0% to 9% versus S-QT 0% to 3.8%). CONCLUSIONS: The main findings from this review report that more B-QT patients demonstrated postoperative rotatory instability than S-QT patients, and that there are no differences in graft rupture between the 2 graft choices. Although statistical conclusions may not be drawn because of heterogeneity in reporting, it appears that the B-QT group featured much wider major and minor complication profiles. LEVEL OF EVIDENCE: IV, systematic review of level I-IV studies.",2021
75,32984919,2021 Sep,2020 Sep 27,Knee Surg Sports Traumatol Arthrosc,"['He J', 'Tang Q', 'Ernst S', 'Linde MA', 'Smolinski P', 'Wu S', 'Fu F']",Fu F,Peroneus longus tendon autograft has functional outcomes comparable to hamstring tendon autograft for anterior cruciate ligament reconstruction: a systematic review and meta-analysis.,29,9,2869-2879,['English'],9314730,0942-2056,1433-7347,"['Journal Article', 'Meta-Analysis', 'Systematic Review']",PubMed - indexed for MEDLINE,ppublish+epublish,"['32984919', '10.1007/s00167-020-06279-9', '10.1007/s00167-020-06279-9']",10.1007/s00167-020-06279-9,"['2020/07/20 00:00', '2020/09/10 00:00', '2020/09/29 06:00', '2021/08/27 06:00', '2020/09/28 05:48']",[],1,0,"Knee surgery, sports traumatology, arthroscopy : official journal of the ESSKA",doi: 10.1007/s00167-020-06279-9,2021 Sep;29(9):2869-2879,"PURPOSE: This review aimed to assess whether peroneus longus tendon (PLT) autograft would have comparable functional outcomes and graft survival rates when compared to hamstring tendon (HT) autograft for anterior cruciate ligament (ACL) reconstruction. METHODS: PubMed, Web of Science, Cochrane Library, Ovid (MEDICINE), and EMBASE databases were queried for original articles from clinical studies including the keywords: ACL reconstruction and PLT autograft. Studies comparing PLT autograft versus HT autograft were included in this analysis and the following data were extracted from studies meeting the inclusion criteria: graft diameter, functional outcomes (Tegner activity scale, Lysholm score, and International Knee Documentation Committee (IKDC) subjective score), knee laxity (Lachman test), and complications (donor site pain or paresthesia, graft failure). Besides, the American Orthopaedic Foot and Ankle Society (AOFAS) scale and the Foot and Ankle Disability Index (FADI) pre-operation and at last follow-up were also compared among patients using PLT autograft. Meta-analysis was applied using Review Manager 5.3 and p < 0.05 was considered statistically significant. RESULTS: Twenty-three studies including 925 patients with ACL reconstruction met inclusion criteria. Of these, 5 studies included a direct comparison of PLT autograft (164 patients) versus HT autograft (174 patients). No significant difference was observed between PLT and HT autografts for Tegner activity scale, Lachman test, donor site pain, or graft failure. However, PLT groups demonstrated better Lysholm score (mean difference between PLT and HT groups, 1.55; 95% CI 0.20-2.89; p = 0.02) and IKDC subjective score (mean difference between PLT and HT groups, 3.24; 95% CI 0.29-6.19; p = 0.03). No difference of FADI was found (n.s.) but AOFAS was slightly decreased at last post-operative follow-up for patients with PLT autograft compared with pre-operative scores (mean difference of 0.31, 95% CI 0.07-0.54, p = 0.01). CONCLUSION: PLT autograft demonstrated comparable functional outcomes and graft survival rates compared with HT autograft for ACL reconstruction. However, a slight decrease in AOFAS score should be considered during surgical planning. Hence, the PLT is a suitable autograft harvested outside the knee for ACL reconstruction to avoid the complication of quadriceps-hamstring imbalance which can occur when harvesting autografts from the knee. LEVEL OF EVIDENCE: Level II.",2021
76,32700496,2020 Jul 25,,Zhongguo Gu Shang,"['Li F', 'Gu XD', 'Wei XC']",Wei XC,[Outcomes of quadriceps tendon autograft versus bone-patellar tendon-bone autograft for anterior cruciate ligament reconstruction:a Meta-analysis].,33,7,677-83,['Chinese'],9815790,1003-0034,,"['Journal Article', 'Meta-Analysis']",PubMed - indexed for MEDLINE,ppublish,"['32700496', '10.12200/j.issn.1003-0034.2020.07.018']",10.12200/j.issn.1003-0034.2020.07.018,"['2020/07/24 06:00', '2020/07/24 06:00', '2020/08/28 06:00']",[],1,0,Zhongguo gu shang = China journal of orthopaedics and traumatology,doi: 10.12200/j.issn.1003-0034.2020.07.018,2020 Jul 25;33(7):677-83,"OBJECTIVE: To evaluate clinical effect of quadriceps tendon autograft and bone-patellar tendon-bone autograft on anterior cruciate ligament reconstruction by Meta-analysis. METHODS: From the time of building databases to May 2019, literatures on case control study on quadriceps tendon and bone-patellar tendon-bone autograft on anterior cruciate ligament reconstruction were searched form PubMed, EMbase, the Cochrane library, Wanfang and CNKI database. Literature screening, quality evaluation and data extraction were carried out according to include and exclude standard. Difference of forward displacement between the affected and health knee, Lachman test, axial shift test, Lysholm score, international knee documentation committee (IKDC) objective grade, anterior knee joint pain and transplant failure rate were analyzed by Meta analysis. RESULTS: Totally 6 literatures were included, including 915 patients with anterior cruciate ligament reconstruction, 495 patients with quadriceps tendon autograft and 420 patients with bone patellar tendon bone autograft. There were no statistical differences in anterior displacement of tibia was less than 3 mm[OR=1.53, 95%CI(0.68, 3.44), P=0.31], 3 to 5 mm [OR=0.64, 95%CI(0.31, 1.35), P=0.24], greater than 5 mm[OR=1.18, 95%CI(0.33, 4.22), P=0.80], negative rate of Lachman test[OR=0.88, 95%CI(0.38, 2.02), P=0.76], negative rate of axial shift test[OR=0.63, 95%CI(0.24, 1.68), P=0.36] between two groups. There were no differences in Lyshlom score[MD=-0.56, 95%CI(-2.00, 0.89), P=0.45], IKDC objective grade A and B[OR=0.87, 95%CI (0.47, 1.60), P=0.66], and transplant failure rate [OR=0.76, 95%CI (0.28, 2.02), P= 0.58]. In reducing anterior knee pain, quadriceps tendon autograft was better than that of bone patellar tendon bone autograft [OR=0.16, 95%CI (0.09, 0.29), P<0.000 01]. CONCLUSION: Quadriceps tendon autograft and bone patellar tendon bone autograft on anterior cruciate ligament reconstruction has equal clinical and functional outcomes, transplant failure rate, quadriceps tendon autograft could reduce anterior knee pain. For patients with anterior cruciate ligament reconstruction, quadriceps tendon autograft could be seen as suitable alternative bone graft substitutes for anterior cruciate ligament reconstruction.",2020
77,32504159,2020 Aug,2020 Jun 5,Knee Surg Sports Traumatol Arthrosc,"['Gupta A', 'Tejpal T', 'Shanmugaraj A', 'Horner NS', 'Gohal C', 'Khan M']",Khan M,All-epiphyseal anterior cruciate ligament reconstruction produces good functional outcomes and low complication rates in pediatric patients: a systematic review.,28,8,2444-2452,['English'],9314730,0942-2056,1433-7347,"['Journal Article', 'Systematic Review']",PubMed - indexed for MEDLINE,ppublish+epublish,"['32504159', '10.1007/s00167-020-06085-3', '10.1007/s00167-020-06085-3']",10.1007/s00167-020-06085-3,"['2020/04/17 00:00', '2020/05/28 00:00', '2020/06/07 06:00', '2020/12/15 06:00', '2020/06/07 06:00']",[],1,0,"Knee surgery, sports traumatology, arthroscopy : official journal of the ESSKA",doi: 10.1007/s00167-020-06085-3,2020 Aug;28(8):2444-2452,"PURPOSE: To assess the literature on indications, outcomes, and complications in pediatric patients undergoing all-epiphyseal (AE) anterior cruciate ligament reconstruction (ACLR). METHODS: PubMed, Medline, and Embase were searched for literature evaluating AE ACLR in pediatric patients. All included studies were assessed for quality using the Methodological Index for Non-Randomized Studies (MINORS). Descriptive statistics are presented where applicable. RESULTS: Overall, 17 studies comprising 545 patients, with a mean age of 12.0 +/- 1.2 (range 8-19) met the inclusion criteria. The graft choices in this systematic review included hamstring tendon autografts (75.4%, n = 403), quadriceps tendon autograft (6.2%, n = 33), Achilles tendon allograft (3.6%, n = 19) and posterior tibialis tendon allograft in one patient (0.2%, n = 1). Time of return-to-sport ranged from 8 to 22 months. Postoperative subjective IKDC scores were above 90 points. The rate of return-to-sport after AE ACLR was 93.2% (n = 219/235) and 77.9% (n = 142/183) of patients returned to sport at pre-injury level. The overall complication rate was 9.8% (n = 53/545) with the most common complication being ACL re-rupture (5.0%; n = 27/545). Only 1.5% (n = 8/545) of patients demonstrated growth disturbances. CONCLUSION: Overall, the AE ACLR technique can achieve good postoperative functional outcomes while notably minimizing the incidence of primary issue of physeal disruption and potential associated leg-length discrepancies. AE ACLR should be considered in pediatric patients with at least 2 years of skeletal growth remaining based on radiographic bone age to minimize the impact of growth-related complications. LEVEL OF EVIDENCE: IV (Systematic Review of Level III and IV evidence).",2020
78,32343596,2020 Jun,2020 Apr 28,Am J Sports Med,"['Kew ME', 'Bodkin SG', 'Diduch DR', 'Smith MK', 'Wiggins A', 'Brockmeier SF', 'Werner BC', 'Gwathmey FW', 'Miller MD', 'Hart JM']",Hart JM,The Influence of Perioperative Nerve Block on Strength and Functional Return to Sports After Anterior Cruciate Ligament Reconstruction.,48,7,1689-1695,['English'],7609541,0363-5465,1552-3365,"['Journal Article', ""Research Support, Non-U.S. Gov't""]",PubMed - indexed for MEDLINE,ppublish+epublish,"['32343596', '10.1177/0363546520914615']",10.1177/0363546520914615,"['2020/04/29 06:00', '2020/09/10 06:00', '2020/04/29 06:00']",[],1,0,The American journal of sports medicine,doi: 10.1177/0363546520914615,2020 Jun;48(7):1689-1695,"BACKGROUND: Patients often have quadriceps or hamstring weakness after anterior cruciate ligament reconstruction (ACLR), despite postoperative physical therapy regimens; however, little evidence exists connecting nerve blocks and ACLR outcomes. PURPOSE: To compare muscle strength at return to play in patients who received a nerve block with ACLR and determine whether a specific block type affected subjective knee function. STUDY DESIGN: Cohort study; Level of evidence, 3. METHODS: Patients were recruited 5 to 7 months after primary, isolated ACLR and completed bilateral isokinetic strength tests of the knee extensor/flexor groups as a single-session return-to-sport test. Subjective outcomes were assessed with the International Knee Documentation Committee (IKDC) score. Strength was expressed as torque normalized to mass (N.m/kg) and limb symmetry index as involved/uninvolved torque. Chart review was used to determine the type of nerve block and graft used. Nerve block types were classified as knee extensor motor (femoral nerve), knee flexor motor (sciatic nerve), or isolated sensory (adductor canal block/saphenous nerve). A 1-way analysis of covariance controlling for graft type was used. RESULTS: A total of 169 patients were included. Graft type distribution consisted of 102 (60.4%) ipsilateral bone-patellar tendon-bone (BTB) and 67 (39.6%) ipsilateral hamstring tendon. Nerve block type distribution consisted of 38 (22.5%) femoral, 25 (14.8%) saphenous, 45 (26.6%) femoral and sciatic, and 61 (36.1%) saphenous and sciatic. No significant difference was found in knee extensor strength (P = .113) or symmetry (P = .860) between patients with knee extensor motor blocks (1.57 +/- 0.45 N.m/kg; 70.1% +/- 15.3%) and those without (1.47 +/- 0.47 N.m/kg; 69.6% +/- 18.8%). A significant difference was found between patients with knee flexor motor blocks (0.83 +/- 0.26 N.m/kg) and those without (0.92 +/- 0.27 N.m/kg) for normalized knee flexor strength (P = .21) but not knee flexor symmetry (P = .592). Controlling for graft type, there were no differences in subjective knee function (IKDC score) between all nerve block groups (P = .57). CONCLUSION: Our data showed that use of a sciatic nerve block with ACLR in patients with hamstring and BTB grafts influences persistent knee flexor strength deficits at time of return to sports. Although the cause of postoperative muscular weakness is multifactorial, this study adds to the growing body of evidence suggesting that perioperative nerve blocks affect muscle strength and functional rehabilitation after ACLR.",2020
79,31858199,2020 Feb,2019 Dec 19,Int Orthop,"['Yang XG', 'Wang F', 'He X', 'Feng JT', 'Hu YC', 'Zhang H', 'Yang L', 'Hua K']",Hua K,Network meta-analysis of knee outcomes following anterior cruciate ligament reconstruction with various types of tendon grafts.,44,2,365-380,['English'],7705431,0341-2695,1432-5195,"['Journal Article', 'Review', 'Network Meta-Analysis']",PubMed - indexed for MEDLINE,ppublish+epublish,"['31858199', '10.1007/s00264-019-04417-8', '10.1007/s00264-019-04417-8']",10.1007/s00264-019-04417-8,"['2019/06/20 00:00', '2019/09/13 00:00', '2019/12/21 06:00', '2020/09/26 06:00', '2019/12/21 06:00']",[],1,0,International orthopaedics,doi: 10.1007/s00264-019-04417-8,2020 Feb;44(2):365-380,"PURPOSE: Various grafts were selected for restoring knee stability and regaining pre-injury activity levels after anterior cruciate ligament (ACL) rupture. This review aimed to compare the short-term knee outcomes of different tendon grafts for primary ACL reconstruction (ACLR). METHODS: Databases of PubMed, Embase, and CENTRAL were retrieved for identifying the published RCT comparing the short-term (</= 2 years) knee outcomes of different tendon grafts for ACLR. The main outcomes include the International Knee Documentation Committee (IKDC) subjective and objective scores, side-to-side difference on knee laxity, Lachman test, pivot-shift test, Lysholm score, Tegner score, all recorded complications and graft re-ruptures. RESULTS: A total of 32 trials involving 2962 patients and 17 grafts were included. Superior IKDC subjective score was found for quadriceps tendon autograft (QTB) when compared with autografts including bone-patellar tendon-bone (BPTB), four-strand hamstring tendon (4S-HT), and double-bundle HT. The 4S-HT autograft was associated with poorer anteroposterior and rotational knee stability than the BPTB autograft. Artificial ligament also was found to provide lower knee stability compared with the autografts including the BPTB, patellar tendon, 4S-HT, 4S-HT with preserved tibial insertion, 6S-HT, and four-strand semitendinosus tendon. Additionally, the BPTB allograft showed a statistically higher knee laxity than 6S-HT allograft, while no difference was found between the genuine autografts and non-irradiated allografts. CONCLUSIONS: QTB was recommended to be used even over the BPTB and 4S-HT autografts. BPTB autograft was more effective on restoring the knee stability than 4S-HT autograft. Non-irradiated allografts could be safely used as alternatives to autografts. However, artificial ligaments were not recommended for primary ACLR for significantly increased risk of knee laxity.",2020
80,31743038,2020 Jan,2019 Nov 19,Am J Sports Med,"['Gagliardi AG', 'Carry PM', 'Parikh HB', 'Albright JC']",Albright JC,Outcomes of Quadriceps Tendon With Patellar Bone Block Anterior Cruciate Ligament Reconstruction in Adolescent Patients With a Minimum 2-Year Follow-up.,48,1,93-98,['English'],7609541,0363-5465,1552-3365,['Journal Article'],PubMed - indexed for MEDLINE,ppublish+epublish,"['31743038', '10.1177/0363546519885371']",10.1177/0363546519885371,"['2019/11/20 06:00', '2020/09/09 06:00', '2019/11/20 06:00']",[],1,0,The American journal of sports medicine,doi: 10.1177/0363546519885371,2020 Jan;48(1):93-98,"BACKGROUND: The incidence of anterior cruciate ligament (ACL) injury in the adolescent population is increasing. The quadriceps tendon-patellar bone autograft (QPA) has been established as a reliable graft choice for ACL reconstruction in the adult population. PURPOSE: To investigate graft failure, ability to return to sport, patient-reported functional outcomes, joint laxity, and subsequent injury among adolescent patients >2 years after primary ACL reconstruction with the QPA. STUDY DESIGN: Case series; Level of evidence, 4. METHODS: Consecutive patients who underwent QPA ACL reconstruction performed by a single surgeon were identified from an existing database. Information available in the database included demographics, concomitant/subsequent injuries, surgical procedures, graft failure, return to sport, and Lachman examination collected by medical record review. Pediatric International Knee Documentation Committee (Pedi-IKDC) and Lysholm scores were collected by telephone or during a clinic visit >2 years postoperatively. RESULTS: The final cohort included 81 of 104 consecutive adolescent patients aged 10 to 18 years (mean +/- SD, 15.9 +/- 1.7 years at the time of surgery) for whom follow-up information was collected at >2 years after surgery. The cumulative incidence of graft failure within the 36-month follow-up period was 1.2% (95% CI, 0.1%-11.4%). The rate of ipsilateral non-ACL injuries was similar (1.2%; 95% CI, 0.2%-7.6%). Contralateral ACL and non-ACL injuries requiring surgical intervention were documented in 9.8% (95% CI, 4.9%-19.5%). The median Pedi-IKDC score was 94 (interquartile range, 89-98). The median Lysholm score was 99.5 (interquartile range, 89.0-100.0). At 36 months after surgery, 87.9% (95% CI, 81.4%-94.9%) of individuals had returned to play. CONCLUSION: The quadriceps tendon-patellar autograft is a novel graft that demonstrates excellent stability and favorable patient-reported outcomes. Based on these results, the QPA is a reliable choice for primary ACL reconstruction in adolescent patients.",2020
81,31327950,2019 Jul,2018 Sep 24,HSS J,"['Gupta A', 'Tejpal T', 'Shanmugaraj A', 'Horner NS', 'Simunovic N', 'Duong A', 'Ayeni OR']",Ayeni OR,"Surgical Techniques, Outcomes, Indications, and Complications of Simultaneous High Tibial Osteotomy and Anterior Cruciate Ligament Revision Surgery: A Systematic Review.",15,2,176-184,['English'],101273938,1556-3316,1556-3324,"['Journal Article', 'Review']",PubMed,ppublish+epublish,"['31327950', 'PMC6609638', 'pmc-id: PMC6609638;', '10.1007/s11420-018-9630-8', '9630']",10.1007/s11420-018-9630-8,"['2018/04/13 00:00', '2018/07/13 00:00', '2019/07/23 06:00', '2019/07/23 06:00', '2019/07/23 06:01', '2018/09/24 00:00']",[],1,31,HSS journal : the musculoskeletal journal of Hospital for Special Surgery,doi: 10.1007/s11420-018-9630-8,2019 Jul;15(2):176-184,"BACKGROUND: The incidence of primary anterior cruciate ligament reconstruction (ACLR) failure ranges from 10 to 20% in the USA. Many patient and surgical factors may lead to re-rupture after ACLR. Some authors have suggested that not correcting excessive posterior tibial slope may be a significant contributing factor to ACLR failure. PURPOSES: We sought to systematically review the literature on outcomes, indications, and complications in patients undergoing simultaneous high tibial osteotomy (HTO) and ACLR revision. METHODS: PubMed, Medline, and Embase were searched in February 2018 for articles addressing simultaneous HTO and ACLR revision in skeletally mature patients. Major orthopedic conferences were screened in duplicate to find gray literature. All studies were assessed using the Methodological Index for Non-Randomized Studies. Descriptive statistics are presented where applicable. RESULTS: Seven studies satisfied inclusion. Seventy-seven patients underwent combined HTO and ACLR revision. The main indications were a posterior slope of more than 12 degrees  or severe varus malalignment. Graft types included hamstring tendon autograft (58.4%; n = 45) and quadriceps tendon graft (16.9%; n = 13). Mean delay between primary and revision surgery was 9 years. Rehabilitation protocol dictated return to running at 4 months and return to sport at 4 to 9 months. Visual analog scale pain scores reduced on average by 30 points. Subjective International Knee Documentation Committee, Tegner-Lysholm, and Tegner activity scores also improved. Fifty-eight percent (35/60) of patients showed osteoarthritis signs post-operatively. One patient (1.3%) received an arthroscopic arthrolysis of adhesions for stiffness. There were no reported incidences of graft re-rupture. CONCLUSION: This systematic review found that the use of HTO for ACLR revision produces good post-operative functional outcomes, low complication rates, and no reported re-ruptures. The main indications for combined HTO with ACLR revision was a posterior slope of more than 12 degrees  or severe varus malalignment. Future studies with large sample sizes and long-term follow-up are required to corroborate these results.",2019
82,31305357,2020 Jan 15,,J Am Acad Orthop Surg,"['Mehran N', 'Damodar D', 'Shu Yang J']",Shu Yang J,Quadriceps Tendon Autograft in Anterior Cruciate Ligament Reconstruction.,28,2,45-52,['English'],9417468,1067-151X,1940-5480,"['Journal Article', 'Review']",PubMed - indexed for MEDLINE,ppublish,"['31305357', '10.5435/JAAOS-D-19-00032', '00124635-202001150-00001']",10.5435/JAAOS-D-19-00032,"['2019/07/16 06:00', '2020/06/02 06:00', '2019/07/16 06:00']",[],1,0,The Journal of the American Academy of Orthopaedic Surgeons,doi: 10.5435/JAAOS-D-19-00032,2020 Jan 15;28(2):45-52,"Quadriceps tendon (QT) autograft in anterior cruciate ligament reconstruction has received increased attention, as more studies compare clinical outcomes between QT, bone-patellar tendon-bone (BPTB), and hamstring tendon (HT) autografts. Biomechanically, QT has similar properties to BPTB and to HT. QT has shown equivalent stability, patient-reported outcome measures, strength and graft failure rates, and decreased donor site morbidity compared with BPTB and HT. All three autografts have excellent clinical outcomes. Ultimately, anterior cruciate ligament graft selection should be a discussion between a physician and their patient while considering a patient's age, activity level, and occupation.",2020
83,31233432,2021 Jul 1,,Clin J Sport Med,"['Ajrawat P', 'Dwyer T', 'Whelan D', 'Theodoropoulos J', 'Murnaghan L', 'Bhargava M', 'Ogilvie-Harris D', 'Chahal J']",Chahal J,A Comparison of Quadriceps Tendon Autograft With Bone-Patellar Tendon-Bone Autograft and Hamstring Tendon Autograft for Primary Anterior Cruciate Ligament Reconstruction: A Systematic Review and Quantitative Synthesis.,31,4,392-399,['English'],9103300,1050-642X,1536-3724,"['Comparative Study', 'Journal Article', 'Systematic Review']",PubMed - indexed for MEDLINE,ppublish,"['31233432', '10.1097/JSM.0000000000000765', '00042752-202107000-00008']",10.1097/JSM.0000000000000765,"['2018/07/19 00:00', '2018/12/21 00:00', '2019/06/25 06:00', '2021/10/21 06:00', '2019/06/25 06:00']",[],1,0,Clinical journal of sport medicine : official journal of the Canadian Academy of Sport Medicine,doi: 10.1097/JSM.0000000000000765,2021 Jul 1;31(4):392-399,"OBJECTIVE: There is growing enthusiasm for the increased use of quadriceps tendon (QT) autograft for primary anterior cruciate ligament reconstruction (ACLR). The purpose of this analysis was to synthesize and quantitatively assess the available evidence comparing QT autograft with hamstring tendon (HT) and bone-patellar tendon-bone (BPTB) autografts, regarding functional outcomes, knee stability, anterior knee pain, and revision rates. DATA SOURCES: A search in MEDLINE, EMBASE, PubMed, and the Cochrane Central Register of Controlled Trials for eligible studies up to May 2018 was conducted. Two reviewers selected studies based on inclusion criteria and assessed methodological quality. Outcomes analyzed were anterior knee pain, graft failure rates, knee stability, functional outcomes, and adverse events. Pooled analyses were performed for continuous and dichotomous variables where appropriate. MAIN RESULTS: Ten studies (1 randomized trial and 9 nonrandomized cohorts) met our inclusion criteria, which included 1398 patients. The analysis showed no statistical difference in anterior knee pain when comparing QT and HT autografts, but a significant difference between QT and BPTB autografts [odds ratio, 0.15 (95% confidence interval, 0.08-0.27); P < 0.001]. There were no differences between all 3 autografts in revision rates, knee stability, and patient-reported functional outcomes. CONCLUSIONS: Quadriceps tendon autograft is a suitable graft alternative for primary ACLR, as it achieves good clinical outcomes with a low incidence of anterior knee pain. Given the limited quality of the included studies, there is a need for a well-designed multicenter randomized control trial comparing QT autograft with other primary ACL autografts to confirm our findings. LEVEL OF EVIDENCE: Level IV systematic review.",2021
84,30959537,2020 Jul,2019 Apr 8,J Knee Surg,"['Crum RJ', 'de Sa D', 'Kanakamedala AC', 'Obioha OA', 'Lesniak BP', 'Musahl V']",Musahl V,Aperture and Suspensory Fixation Equally Efficacious for Quadriceps Tendon Graft Fixation in Primary ACL Reconstruction: A Systematic Review.,33,7,704-721,['English'],101137599,1538-8506,1938-2480,"['Journal Article', 'Systematic Review']",PubMed - indexed for MEDLINE,ppublish+epublish,"['30959537', 'NIHMS1059052', 'PMC7683008', 'pmc-id: PMC7683008;manuscript-id: NIHMS1059052;', '10.1055/s-0039-1685160']",10.1055/s-0039-1685160,"['2019/04/09 06:00', '2020/12/17 06:00', '2019/04/09 06:00', '2020/11/23 00:00']",[],1,82,The journal of knee surgery,doi: 10.1055/s-0039-1685160,2020 Jul;33(7):704-721,"This review is aimed to compare suspensory and aperture quadriceps tendon autograft femoral and tibial fixations in primary anterior cruciate ligament reconstruction (ACL-R), and the clinical outcomes and complication profiles of each fixation method. Greater understanding of the optimal graft fixation technique for quadriceps tendon (QT) autografts may assist surgeons in improving outcomes after ACL-R. PubMed, Embase, and Medline were searched from database inception to September 2017, and again to July 2018, and identified 3,670 articles, 21 studies of which satisfied inclusion/exclusion criteria. Across included studies, 1,155 QT ACL-R patients (mean age, 28.7 years [range, 15-59 years], with mean postoperative follow-up of 36.1 months [range, 3.4-120 months]), were analyzed. Suspensory fixation on both sides demonstrated a higher percentage of patients (81.7%) achieving the highest rating of ""A or B"" on the International Knee Documentation Committee (IKDC) knee ligament examination form compared with aperture fixation on both sides (67.7%). Moreover, suspensory fixation had a lower side-to-side difference in anterior laxity (1.6 mm) when compared with aperture fixation (2.3 mm). Among studies which reported graft failure, all of which employed aperture fixation, the rate was 3.2%. Across available data, primary ACL-R using QT grafts appears to have successful short-term outcomes with a short-term graft failure rate of 3% independent of fixation method. While there is limited data regarding the comparison of aperture and suspensory soft-tissue quadriceps tendon (SQT) fixation in ACL-R, the findings of this systematic review suggest that suspensory fixation and aperture fixation in both the femoral and tibial tunnels are equally efficacious based on clinical outcome data on IKDC grade and measured laxity. This is a level IV, systematic review study.",2020
85,30790526,2019 Dec,2019 Feb 21,Am J Sports Med,"['Mouarbes D', 'Menetrey J', 'Marot V', 'Courtot L', 'Berard E', 'Cavaignac E']",Cavaignac E,Anterior Cruciate Ligament Reconstruction: A Systematic Review and Meta-analysis of Outcomes for Quadriceps Tendon Autograft Versus Bone-Patellar Tendon-Bone and Hamstring-Tendon Autografts.,47,14,3531-3540,['English'],7609541,0363-5465,1552-3365,"['Journal Article', 'Meta-Analysis', 'Systematic Review']",PubMed - indexed for MEDLINE,ppublish+epublish,"['30790526', '10.1177/0363546518825340']",10.1177/0363546518825340,"['2019/02/23 06:00', '2020/06/25 06:00', '2019/02/22 06:00']",[],1,0,The American journal of sports medicine,doi: 10.1177/0363546518825340,2019 Dec;47(14):3531-3540,"BACKGROUND: Comprehensive studies evaluating quadriceps tendon (QT) autograft for anterior cruciate ligament (ACL) reconstruction are lacking. The optimal choice of graft between bone-patellar tendon-bone (BPTB), hamstring tendon (HT), and QT is still debatable. HYPOTHESIS: The current literature supports the use of QT as a strong autograft with good outcomes when used in ACL reconstruction. STUDY DESIGN: Meta-analysis; Level of evidence, 2. METHODS: A systematic search of the literature was performed in PubMed, MEDLINE, Cochrane, and Ovid databases to identify published articles on clinical studies relevant to ACL reconstruction with QT autograft and studies comparing QT autograft versus BPTB and HT autografts. The results of the eligible studies were analyzed in terms of instrumented laxity measurements, Lachman test, pivot-shift test, Lysholm score, objective and subjective International Knee Documentation committee (IKDC) scores, donor-site pain, and graft failure. RESULTS: Twenty-seven clinical studies including 2856 patients with ACL reconstruction met the inclusion criteria. Comparison of 581 QT versus 514 BPTB autografts showed no significant differences in terms of instrumented mean side-to-side difference (P = .45), Lachman test (P = .76), pivot-shift test grade 0 (P = .23), pivot-shift test grade 0 or 1 (P = .85), mean Lysholm score (P = .1), mean subjective IKDC score (P = .36), or graft failure (P = .50). However, outcomes in favor of QT were found in terms of less donor-site pain (risk ratio for QT vs BPTB groups, 0.25; 95% CI, 0.18-0.36; P < .00001). Comparison of 181 QT versus 176 HT autografts showed no significant differences in terms of instrumented mean side-to-side difference (P = .75), Lachman test (P = .41), pivot-shift test grade 0 (P = .53), Lysholm score less than 84 (P = .53), mean subjective IKDC score (P = .13), donor-site pain (P = .40), or graft failure (P = .46). However, outcomes in favor of QT were found in terms of mean Lysholm score (mean difference between QT and HT groups, 3.81; 95% CI, 0.45-7.17; P = .03). CONCLUSION: QT autograft had comparable clinical and functional outcomes and graft survival rate compared with BPTB and HT autografts. However, QT autograft showed significantly less harvest site pain compared with BPTB autograft and better functional outcome scores compared with HT autograft.",2019
86,30314478,2018 Oct 12,2018 Oct 12,BMC Musculoskelet Disord,"['Barié A', 'Köpf M', 'Jaber A', 'Moradi B', 'Schmitt H', 'Huber J', 'Streich NA']",Streich NA,Long-term follow-up after anterior cruciate ligament reconstruction using a press-fit quadriceps tendon-patellar bone autograft.,19,1,368,['English'],100968565,,1471-2474,['Journal Article'],PubMed - indexed for MEDLINE,epublish,"['30314478', 'PMC6186094', 'pmc-id: PMC6186094;', '10.1186/s12891-018-2271-8', '10.1186/s12891-018-2271-8']",10.1186/s12891-018-2271-8,"['2018/08/05 00:00', '2018/09/20 00:00', '2018/10/14 06:00', '2018/10/14 06:00', '2019/01/29 06:00', '2018/10/12 00:00']",[],1,41,BMC musculoskeletal disorders,doi: 10.1186/s12891-018-2271-8,2018 Oct 12;19(1):368,"BACKGROUND: The use of a quadriceps tendon-patellar bone (QTPB) autograft provides an alternative procedure in primary reconstruction of the anterior cruciate ligament (ACL). Using the press-fit technique for femoral fixation and knotting over a bone bridge as well as additional spongiosa filling for tibial fixation can completely eliminate the need for fixation implants. The objective of this study was to evaluate the long-term clinical, functional and radiological results of this operating method. METHODS: Sixty-nine patients (27 female-42 male) were included in this study. Fifty-seven patients (83%) received a comprehensive follow-up review after an average period of 7.5 years (range: 7-8.7). All other patients were surveyed by telephone. Six patients (9%) suffered a re-rupture of the ACL graft caused by a new related trauma and were therefore excluded from the statistical analysis. RESULTS: Of all patients, 98% were satisfied with the operation. Normal or almost normal results were recorded in the subjective IKDC scores form by 88% of the patients. The Lysholm score demonstrated very good and good results in 83% of the patients. Only 1 patient reported minor complaints in the donor area. Seven (12%) patients developed Cyclops syndrome with limited knee extension. This complication was treated arthroscopically within the first year postoperatively. Their results on follow-up were not worse than the results of the patients without Cyclops syndrome. Regarding the 57 patients who received a comprehensive evaluation, the stability test with the KT-1000 Arthrometer yielded a difference of less than 3 mm in the contralateral comparison for 89% of the operated knees. The pivot-shift test was normal in 79% and almost normal in 21%. In the Single-leg Triple Hop Test, patients achieved an average of 98% of the hopping distance attained with the contralateral leg. The radiological examination revealed a slight deterioration in the Kellgren-Lawrence Score in 2 patients. CONCLUSION: The ACL reconstruction using the QTPB autograft performed with the press-fit technique leads to good results in comparison with published results of established procedures for primary ACL surgery using other autografts. Further investigations should involve comparative studies with the objective of providing evidence-based, individually adapted therapy for ACL rupture.",2018
87,30212919,2019 Aug,2018 Sep 13,J Knee Surg,"['Tan SHS', 'Lau BPH', 'Krishna L']",Krishna L,Outcomes of Anterior Cruciate Ligament Reconstruction in Females Using Patellar-Tendon-Bone versus Hamstring Autografts: A Systematic Review and Meta-Analysis.,32,8,770-787,['English'],101137599,1538-8506,1938-2480,"['Comparative Study', 'Journal Article', 'Meta-Analysis', 'Systematic Review']",PubMed - indexed for MEDLINE,ppublish+epublish,"['30212919', '10.1055/s-0038-1669916']",10.1055/s-0038-1669916,"['2018/09/14 06:00', '2019/12/04 06:00', '2018/09/14 06:00']",[],1,0,The journal of knee surgery,doi: 10.1055/s-0038-1669916,2019 Aug;32(8):770-787,"The current review aims to compare the outcomes of anterior cruciate ligament (ACL) reconstruction in the female population after patellar-tendon-bone and hamstring grafts. The review was conducted using the Preferred Reporting Items for Systematic Reviews and Meta-Analyses guidelines. All original randomized controlled trials and prospective cohort studies that compared clinical outcomes after female ACL reconstruction using hamstring versus patellar-tendon-bone grafts were included. All clinical outcomes reported by three or more studies were included. Fifteen publications, with 948 female patients, were included. Most outcomes were reported to have no significant graft differences by all studies that reported the outcome. These included all the outcomes for objective knee scores (International Knee Documentation Committee [IKDC] objective knee score), neuromuscular testing (quadriceps strength, hamstring strength, and single hop test), graft rupture or failure, and subjective knee scores (Lysholm score and IKDC subjective knee score). The pivot shift test, flexion deficit, and presence of crepitus were also reported to have no significant graft differences by all studies. Some studies reported a significant difference in anteroposterior laxity (Lachman's test and instrumented laxity), range of motion deficits (extension deficit), and sports and activity level (Tegner score). However, these statistically significant differences were noted to be clinically insignificant due to the normal population variation or standard error of measurement of these tools of evaluation. Patients reconstructed with patellar-tendon-bone grafts have a higher risk of kneeling pain. There was no significant difference in the incidence of crepitus. Most of the outcomes following female ACL reconstructions showed no clinically and statistically significant difference when either patellar-tendon-bone or hamstring autograft was used. These included outcomes for anteroposterior laxity, objective knee scores, neuromuscular testing, graft rupture or failure, subjective knee scores, sports and activity level, and crepitus. This a level II study.",2019
88,30206911,2019 Aug,2018 Sep 11,J Knee Surg,"['Chin BZ', 'Wee IJY', 'Syn NL', 'Krishna L']",Krishna L,Arthroscopic Anterior Cruciate Ligament Reconstruction: A Meta-Analysis Comparing Semitendinosus Alone and Semitendinosus with Gracilis Tendon Autografts.,32,8,796-803,['English'],101137599,1538-8506,1938-2480,"['Comparative Study', 'Journal Article', 'Meta-Analysis']",PubMed - indexed for MEDLINE,ppublish+epublish,"['30206911', '10.1055/s-0038-1669950']",10.1055/s-0038-1669950,"['2018/09/13 06:00', '2019/12/04 06:00', '2018/09/13 06:00']",[],1,0,The journal of knee surgery,doi: 10.1055/s-0038-1669950,2019 Aug;32(8):796-803,"The objective of this study was to provide a comprehensive systematic review and meta-analysis to compare patient-reported outcomes and functional knee parameters of anterior cruciate ligament (ACL) reconstruction surgery with semitendinosus (ST) and ST-gracilis (G) grafts. This study was conducted according to Preferred Reporting Items for Systematic Reviews and Meta-Analyses (PRISMA) and Meta-Analysis of Observational Studies in Epidemiology (MOOSE) guidelines. All studies in PubMed and Embase that reported functional knee parameters and patient-reported outcomes after ACL reconstruction with ST and ST-G grafts independently were included in the review. Selected end points for random effects, pairwise meta-analysis included side-to-side deficit (%) in isokinetic peak torque, peak torque ratio (%), side-to-side difference (mm) in anterior laxity, and patient-reported outcome scores at minimum 2-year follow-up. A total of 15 primary references comprising 1,109 participants were identified. The ST group had decreased side-to-side deficit in isokinetic peak torque when compared with the ST-G group for flexion at 60 degrees/s (p = 0.02) and 180 degrees/s (p = 0.01) at 2-year follow-up. There were no significant differences in side-to-side difference in anterior laxity (p = 0.81), hamstring/quadriceps peak torque ratios at 60 degrees/s (p = 0.83) and 180 degrees/s (p = 0.36), and patient-reported outcomes in the International Knee Documentation Committee score (p = 0.06) and Lysholm score (p = 0.67). The addition of the gracilis tendon to the hamstring autograft in ACL reconstruction results in increased side-to-side deficits in isokinetic peak flexion torque. However, patient-reported outcome scores and knee laxity measurements are comparable with those of ST grafts.",2019
89,29974173,2019 Jan,2018 Jul 4,Knee Surg Sports Traumatol Arthrosc,"['Kanakamedala AC', 'de Sa D', 'Obioha OA', 'Arakgi ME', 'Schmidt PB', 'Lesniak BP', 'Musahl V']",Musahl V,No difference between full thickness and partial thickness quadriceps tendon autografts in anterior cruciate ligament reconstruction: a systematic review.,27,1,105-116,['English'],9314730,0942-2056,1433-7347,"['Journal Article', 'Systematic Review']",PubMed - indexed for MEDLINE,ppublish+epublish,"['29974173', '10.1007/s00167-018-5042-z', '10.1007/s00167-018-5042-z']",10.1007/s00167-018-5042-z,"['2018/04/02 00:00', '2018/06/26 00:00', '2018/07/06 06:00', '2019/04/23 06:00', '2018/07/06 06:00']",[],1,0,"Knee surgery, sports traumatology, arthroscopy : official journal of the ESSKA",doi: 10.1007/s00167-018-5042-z,2019 Jan;27(1):105-116,"PURPOSE: The purpose of this review was to compare outcomes and complication profiles of anterior cruciate ligament reconstruction (ACL-R) between full thickness (FT-Q) and partial thickness (PT-Q) quadriceps tendon (QT) autografts. METHODS: As per PRISMA guidelines, PubMed, EMBASE, and MEDLINE were searched in September 2017 for English language, human studies of all levels of evidence on patients undergoing primary ACL-R with FT-Q or PT-Q. This search was repeated in March 2018 to capture additional articles. Data regarding postoperative outcomes and complications were abstracted. Due to heterogeneous reporting, data were not combined in meta-analysis and were summarized descriptively. RESULTS: Upon screening 3670 titles, 18 studies satisfied inclusion/exclusion criteria. The second search identified an additional two studies for a total of 20 studies (50% case-control, 50% case series). These studies examined 1212 patients (1219 knees) of mean age 29.8 years (range 15-59) followed a mean of 42.2 months (range 12-120). FT-Q and PT-Q autografts were used in eight studies (50.5% of knees), and thirteen studies (49.5% of knees), respectively. Only one study directly compared FT-Q to PT-Q. Instrumented laxity was less than 3 mm in 74.8 and 72.4% of the FT-Q and PT-Q groups, respectively. Postoperative IKDC Subjective Knee Form scores were similar between the FT-Q (82.5) and PT-Q (82.1) groups. Postoperative quadriceps strength, measured as a percentage of the contralateral side, were similar in the FT-Q (89.5%) and PT-Q (85.1%) groups. Graft failure rates for the FT-Q and PT-Q groups were 3.7 and 3.0%, respectively. CONCLUSION: Across the 20 studies included in this review, there appeared to be no difference in outcomes or complications between either FT-Q or PT-Q in primary ACL-R. Moreover, primary ACL-R using QT autografts appears to have successful outcomes with a low rate of graft failure, irrespective of tendon thickness. While further comparative studies are needed to better delineate the optimal thickness of quadriceps tendon for primary ACL-R, these data suggest that, in primary ACL-R, either FT-Q or PT-Q is efficacious and, in the clinical setting, surgeons may be justified in using either graft thickness. LEVEL OF EVIDENCE: IV, Systematic Review of Level III and IV studies.",2019
90,29775379,2018 May,2018 May 18,J Athl Train,"['Werner JL', 'Burland JP', 'Mattacola CG', 'Toonstra J', 'English RA', 'Howard JS']",Howard JS,"Decision to Return to Sport Participation After Anterior Cruciate Ligament Reconstruction, Part II: Self-Reported and Functional Performance Outcomes.",53,5,464-474,['English'],9301647,1062-6050,1938-162X,['Journal Article'],PubMed - indexed for MEDLINE,ppublish+epublish,"['29775379', 'PMC6107774', 'pmc-id: PMC6107774;', '10.4085/1062-6050-328-16', 'attr-53-05-13']",10.4085/1062-6050-328-16,"['2018/05/19 06:00', '2018/10/20 06:00', '2018/05/19 06:00', '2019/05/01 00:00']",[],1,68,Journal of athletic training,doi: 10.4085/1062-6050-328-16,2018 May;53(5):464-474,"CONTEXT:   Anterior cruciate ligament (ACL) reconstruction (ACLR) is the most commonly used method for helping athletes regain function and return to preinjury activity levels after ACL injury. Outcomes after ACLR have suggested that athletes return to a level of function that would support a return to sport participation; however, in a recent meta-analysis, pooled return rates were only 55%. It is unclear whether this discrepancy is a result of functional impairments. OBJECTIVE:   To compare patient-reported outcomes (PROs), dynamic balance, dynamic functional performance, strength, and muscular endurance in athletes who returned to sport (RTS) and athletes who did not return to sport (NRTS) after ACLR. DESIGN:   Case-control study. SETTING:   University research laboratory. PATIENTS OR OTHER PARTICIPANTS:   Two groups of participants with primary unilateral ACLR: 18 RTS individuals (7 males, 11 females; age = 23 +/- 11 years, height = 163.58 +/- 40.41 cm, mass = 70.00 +/- 21.75 kg, time since surgery = 4.02 +/- 3.20 years) and 12 NRTS individuals (5 males, 7 females; age = 26 +/- 13 years, height = 171.33 +/- 48.24 cm, mass = 72.00 +/- 21.81 kg, time since surgery = 3.68 +/- 2.71 years). INTERVENTION(S):   The PROs consisted of the International Knee Documentation Committee Subjective Knee Evaluation Form, Knee Injury and Osteoarthritis Outcome Score, Tegner Activity Scale, and Marx Activity Scale. Functional performance outcome measures were the anterior and posteromedial reach on the Star Excursion Balance Test, a battery of single-legged-hop tests, isokinetic quadriceps and hamstrings strength at 60 degrees /s and 180 degrees /s, and a novel step-down-to-fatigue test. All measures were taken during a single laboratory session. MAIN OUTCOME MEASURE(S):   The Limb Symmetry Index was calculated for all functional performance measures. Mann-Whitney U tests were used to compare measures between groups ( P < .10). RESULTS:   Compared with the RTS group, the NRTS group had lower scores on the International Knee Documentation Committee Subjective Knee Evaluation Form (RTS median = 92.52, range = 66.67-97.70; NRTS median = 82.76, range = 63.22-96.55; P = .03) and Knee Injury and Osteoarthritis Outcome Score Symptoms subscale (RTS median = 88, range = 54-100; NRTS median = 71, range = 54-100; P = .08). No differences were observed for any functional performance measures. CONCLUSIONS:   The NRTS athletes displayed lower PROs despite demonstrating similar function on a variety of physical performance measures. These results further support existing evidence that physical performance alone may not be the ideal postoperative outcome measure. Measures of patients' symptoms and self-perceived physical function may also greatly influence postoperative activity choices.",2018
91,29628380,2018 May,2018 Apr 5,Arthroscopy,"['Hurley ET', 'Calvo-Gurry M', 'Withers D', 'Farrington SK', 'Moran R', 'Moran CJ']",Moran CJ,Quadriceps Tendon Autograft in Anterior Cruciate Ligament Reconstruction: A Systematic Review.,34,5,1690-1698,['English'],8506498,0749-8063,1526-3231,"['Journal Article', 'Systematic Review']",PubMed - indexed for MEDLINE,ppublish+epublish,"['29628380', '10.1016/j.arthro.2018.01.046', 'S0749-8063(18)30116-6']",10.1016/j.arthro.2018.01.046,"['2017/08/30 00:00', '2018/01/06 00:00', '2018/01/15 00:00', '2018/04/10 06:00', '2019/09/17 06:00', '2018/04/10 06:00']",[],1,0,Arthroscopy : the journal of arthroscopic & related surgery : official publication of the Arthroscopy Association of North America and the International Arthroscopy Association,doi: 10.1016/j.arthro.2018.01.046,2018 May;34(5):1690-1698,"PURPOSE: To systematically review the current evidence to ascertain whether quadriceps tendon autograft (QT) is a viable option in anterior cruciate ligament reconstruction. METHODS: A literature review was conducted in accordance with Preferred Reporting Items for Systematic Reviews and Meta-analyses (PRISMA) guidelines. Cohort studies comparing QT with bone-patellar tendon-bone autograft (BPTB) or hamstring tendon autograft (HT) were included. Clinical outcomes were compared, with all statistical analyses performed using IBM SPSS Statistics for Windows, version 22.0, with P < .05 being considered statistically significant. RESULTS: We identified 15 clinical trials with 1,910 patients. In all included studies, QT resulted in lower rates of anterior knee pain than BPTB. There was no difference in the rate of graft rupture between QT and BPTB or HT in any of the studies reporting this. One study found that QT resulted in greater knee stability than BPTB, and another study found increased stability compared with HT. One study found that QT resulted in improved functional outcomes compared with BPTB, and another found improved outcomes compared with HT, but one study found worse outcomes compared with BPTB. CONCLUSIONS: Current literature suggests QT is a viable option in anterior cruciate ligament reconstruction, with published literature showing comparable knee stability, functional outcomes, donor-site morbidity, and rerupture rates compared with BPTB and HT. LEVEL OF EVIDENCE: Level III, systematic review of Level I, II, and III studies.",2018
92,29628379,2018 May,2018 Apr 5,Arthroscopy,"['Belk JW', 'Kraeutler MJ', 'Marshall HA', 'Goodrich JA', 'McCarty EC']",McCarty EC,Quadriceps Tendon Autograft for Primary Anterior Cruciate Ligament Reconstruction: A Systematic Review of Comparative Studies With Minimum 2-Year Follow-Up.,34,5,1699-1707,['English'],8506498,0749-8063,1526-3231,"['Journal Article', 'Systematic Review']",PubMed - indexed for MEDLINE,ppublish+epublish,"['29628379', '10.1016/j.arthro.2018.01.047', 'S0749-8063(18)30117-8']",10.1016/j.arthro.2018.01.047,"['2017/09/05 00:00', '2018/01/01 00:00', '2018/01/26 00:00', '2018/04/10 06:00', '2019/09/17 06:00', '2018/04/10 06:00']",[],1,0,Arthroscopy : the journal of arthroscopic & related surgery : official publication of the Arthroscopy Association of North America and the International Arthroscopy Association,doi: 10.1016/j.arthro.2018.01.047,2018 May;34(5):1699-1707,"PURPOSE: To systematically review the literature in an effort to compare outcomes of patients undergoing primary anterior cruciate ligament reconstruction (ACLR) with a quadriceps tendon (QT) autograft versus a bone-patellar tendon-bone (BPTB) or hamstring tendon (HT) autograft. METHODS: A systematic review was performed by searching PubMed, the Cochrane Library, and Embase to locate studies (Level of Evidence I-III) comparing the clinical outcomes of the QT autograft versus the BPTB or HT autograft in patients undergoing primary ACLR. Patients were evaluated based on graft failure rate, examination of knee laxity, and patient-reported outcome scores. RESULTS: Eight studies (1 Level II, 7 Level III) were identified that met inclusion criteria, including a total of 368 patients undergoing primary ACLR with a QT autograft, 225 with a BPTB autograft, and 150 with an HT autograft. The average follow-up duration for all patients was 2.9 years. Overall, 2.8% of patients (17/603) experienced graft failure. Within the studies that compared the QT versus BPTB autograft, no study found a significant difference in graft failure rate between groups, and the odds ratio for graft failure between QT and BPTB was found to be 1.58 (95% confidence interval: 0.49-5.07; P = .44). Within the studies that compared graft failure rate between the QT and HT autograft, none found significant differences between groups, although a meta-analysis was not performed because of a low number of trials. Two studies found significantly greater postoperative knee laxity in HT patients compared with QT patients (P < .05), although there were no significant differences found in laxity measurements between QT and BPTB patients. CONCLUSIONS: Patients undergoing primary ACLR with either a QT, BPTB, or HT autograft can all be expected to experience improvement in clinical outcomes. QT patients experienced less knee laxity postoperatively compared with HT patients, although no significant differences were found in graft failure rate between groups. LEVEL OF EVIDENCE: Level III, systematic review of Level II and III studies.",2018
93,28566389,2017 Jun,,Bone Joint J,"['Grassi A', 'Nitri M', 'Moulton SG', 'Marcheggiani Muccioli GM', 'Bondi A', 'Romagnoli M', 'Zaffagnini S']",Zaffagnini S,Does the type of graft affect the outcome of revision anterior cruciate ligament reconstruction? a meta-analysis of 32 studies.,99-B,6,714-723,['English'],101599229,2049-4394,2049-4408,"['Journal Article', 'Meta-Analysis', 'Review']",PubMed - indexed for MEDLINE,ppublish,"['28566389', '10.1302/0301-620X.99B6.BJJ-2016-0929.R2', '99-B/6/714']",10.1302/0301-620X.99B6.BJJ-2016-0929.R2,"['2016/09/19 00:00', '2017/02/16 00:00', '2017/06/02 06:00', '2017/06/02 06:00', '2017/08/22 06:00']",[],1,0,The bone & joint journal,doi: 10.1302/0301-620X.99B6.BJJ-2016-0929.R2,2017 Jun;99-B(6):714-723,"AIMS: Our aim was to perform a meta-analysis of the outcomes of revision anterior cruciate ligament (ACL) reconstruction, comparing the use of different types of graft. MATERIALS AND METHODS: A search was performed of Medline and Pubmed using the terms ""Anterior Cruciate Ligament"" and ""ACL"" combined with ""revision"", ""re-operation"" and ""failure"". Only studies that reported the outcome at a minimum follow-up of two years were included. Two authors reviewed the papers, and outcomes were subdivided into autograft and allograft. Autograft was subdivided into hamstring (HS) and bone-patellar tendon-bone (BPTB). Subjective and objective outcome measures were analysed and odds ratios with confidence intervals were calculated. RESULTS: A total of 32 studies met the inclusion criteria. Five studies used HS autografts, eight reported using BPTB autografts, two used quadriceps tendon autografts and eight used various types. Seven studies reported using allografts, while the two remaining used both BPTB autografts and allografts. Overall, 1192 patients with a mean age of 28.7 years (22.5 to 39) and a mean follow-up of 5.4 years (2.0 to 9.6) were treated with autografts, while 269 patients with a mean age of 28.4 years (25 to 34.6) and a mean follow-up of 4.0 years (2.3 to 6.0) were treated with allografts. Regarding allografts, irradiation with 2.5 mrad was used in two studies while the graft was not irradiated in the seven remaining studies. Reconstructions following the use of autografts had better outcomes than those using allograft with respect to laxity, measured by KT-1000/2000 (MEDmetric Corporation) and the rates of complications and re-operations. Those following the use of allografts had better mean Lysholm and Tegner activity scores compared with autografts. If irradiated allografts were excluded from the analysis, outcomes no longer differed between the use of autografts and allografts. Comparing the types of autograft, all outcomes were similar except for HS grafts which had better International Knee Documentation Committee scores compared with BPTB grafts. CONCLUSION: Autografts had better outcomes than allografts in revision ACL reconstruction, with lower post-operative laxity and rates of complications and re-operations. However, after excluding irradiated allografts, outcomes were similar between autografts and allografts. Overall, the choice of graft at revision ACL reconstruction should be on an individual basis considering, for instance, the preferred technique of the surgeon, whether a combined reconstruction is required, the type of graft that was previously used, whether the tunnels are enlarged and the availability of allograft. Cite this article: Bone Joint J 2017;99-B:714-23.",2017
94,25802119,2016 Jan,2015 Mar 23,Am J Sports Med,"['Tan SH', 'Lau BP', 'Khin LW', 'Lingaraj K']",Lingaraj K,The Importance of Patient Sex in the Outcomes of Anterior Cruciate Ligament Reconstructions: A Systematic Review and Meta-analysis.,44,1,242-54,['English'],7609541,0363-5465,1552-3365,"['Journal Article', 'Meta-Analysis', 'Systematic Review']",PubMed - indexed for MEDLINE,ppublish+epublish,"['25802119', '10.1177/0363546515573008', '0363546515573008']",10.1177/0363546515573008,"['2015/03/25 06:00', '2015/03/25 06:00', '2016/08/02 06:00']",[],1,0,The American journal of sports medicine,doi: 10.1177/0363546515573008,2016 Jan;44(1):242-54,"BACKGROUND: One of the well-studied epidemiological phenomena of anterior cruciate ligament (ACL) injuries is the 2- to 9-fold increase in the relative risk of ACL rupture in female athletes compared with male athletes. However, the influence of patient sex on the outcome after ACL reconstruction remains unclear, with some authors reporting inferior outcomes in females and others noting no significant difference. PURPOSE: To provide a comprehensive systematic review and meta-analysis to examine the possible association between patient sex and the subjective and objective outcomes after ACL reconstruction. METHODS: This study was conducted according to PRISMA (Preferred Reporting Items for Systematic Reviews and Meta-Analyses) guidelines. All studies that reported clinical outcomes after ACL reconstruction in males and females independently were included in the review. A quantitative random-effects meta-analysis was performed to compare outcomes between sexes. For outcomes with considerable heterogeneity, meta-regression was used to identify potential moderators. Articles were evaluated qualitatively when quantitative data were not reported. RESULTS: A total of 135 publications were included in the review. Females had inferior outcomes in instrumented laxity (standardized mean difference [SMD], 0.24; 95% CI, 0.11-0.37), revision rate (relative risk [RR], 1.15; 95% CI, 1.02-1.28), Lysholm score (SMD, -0.33; 95% CI, -0.55 to -0.11), Tegner activity scale (SMD, -0.37; 95% CI, -0.49 to -0.24), and incidence of not returning to sports (RR, 1.12; 95% CI, 1.04-1.21), all of which were statistically significant. Other outcomes were comparable between sexes, including anterior drawer test, Lachman test, pivot-shift test, timed single-legged hop test, single-legged hop test, quadriceps testing, hamstring testing, extension loss, flexion loss, development of cyclops lesion, and International Knee Documentation Committee (IKDC) knee examination score. Females and males were equally likely to develop anterior knee pain and osteoarthritis after ACL reconstruction. The graft rupture and graft failure rates did not differ significantly between sexes. CONCLUSION: There were comparable or inferior results for females compared with males in all outcomes analyzed. No statistically significant sex difference was identified in most of the objective parameters. However, subjective and functional outcomes, including Lysholm score, Tegner activity scale, and ability to return to sports, have been shown to be poorer in females.",2016
95,25543249,2015 Mar,2014 Dec 25,Arthroscopy,"['Slone HS', 'Romine SE', 'Premkumar A', 'Xerogeanes JW']",Xerogeanes JW,Quadriceps tendon autograft for anterior cruciate ligament reconstruction: a comprehensive review of current literature and systematic review of clinical results.,31,3,541-54,['English'],8506498,0749-8063,1526-3231,"['Journal Article', 'Systematic Review']",PubMed - indexed for MEDLINE,ppublish+epublish,"['25543249', '10.1016/j.arthro.2014.11.010', 'S0749-8063(14)00902-5']",10.1016/j.arthro.2014.11.010,"['2014/08/01 00:00', '2014/09/20 00:00', '2014/11/05 00:00', '2014/12/29 06:00', '2014/12/30 06:00', '2015/07/03 06:00']",[],1,0,Arthroscopy : the journal of arthroscopic & related surgery : official publication of the Arthroscopy Association of North America and the International Arthroscopy Association,doi: 10.1016/j.arthro.2014.11.010,2015 Mar;31(3):541-54,"PURPOSE: The autograft of choice for anterior cruciate ligament (ACL) reconstruction remains controversial. Recently, there has been an increase in interest in the quadriceps tendon as an autologous graft option for ACL reconstruction. The purposes of this study were to provide an in-depth review of quadriceps tendon anatomy, histology, and biomechanics and to synthesize reported clinical outcomes of ACL reconstructions using quadriceps tendon autografts. We hypothesize that (1) published studies on the anatomic, histologic, and biomechanical data regarding the quadriceps tendon support its use as a graft option for ACL reconstruction and (2) clinical outcomes of ACL reconstruction using quadriceps tendon autograft have similar clinical outcomes to bone-patellar tendon-bone autografts with less donor-site morbidity. METHODS: We performed a comprehensive review of the literature regarding the anatomy, histology, and biomechanical studies of the quadriceps tendon, as well as a systematic review of clinical studies (Level of Evidence I-III) evaluating outcomes after ACL reconstruction using quadriceps tendon autograft. Stability outcomes, functional outcomes, range of motion, patient satisfaction, morbidity, and complications were comprised. RESULTS: Fourteen studies were included in the review of clinical results, including 1,154 ACL reconstructions with quadriceps tendon autograft. Six studies directly compared quadriceps tendon autografts (n = 383) with bone-patellar tendon-bone autografts (n = 484). Stability outcomes (Lachman, pivot-shift, and instrumented laxity testing), functional outcomes (International Knee Documentation Committee and Lysholm scores), overall patient satisfaction, range of motion, and complications were similar between quadriceps tendon and other graft options. Less donor-site morbidity was seen in patients who underwent quadriceps tendon ACL reconstructions. CONCLUSIONS: Use of the quadriceps tendon autograft for ACL reconstruction is supported by current orthopaedic literature. It is a safe, reproducible, and versatile graft that should be considered in future studies of ACL reconstruction. LEVEL OF EVIDENCE: Level III, systematic review of Level I, II, and III studies.",2015
96,24379730,2013,2013 Nov 19,Open Access J Sports Med,"['Schulz AP', 'Lange V', 'Gille J', 'Voigt C', 'Fröhlich S', 'Stuhr M', 'Jürgens C']",Jürgens C,Anterior cruciate ligament reconstruction using bone plug-free quadriceps tendon autograft: intermediate-term clinical outcome after 24-36 months.,4,,243-9,['English'],101566036,1179-1543,1179-1543,['Journal Article'],PubMed,,"['24379730', 'PMC3873799', 'pmc-id: PMC3873799;', '10.2147/OAJSM.S49223', 'oajsm-4-243']",10.2147/OAJSM.S49223,"['2014/01/01 06:00', '2014/01/01 06:00', '2014/01/01 06:01', '2013/11/19 00:00']",[],1,55,Open access journal of sports medicine,doi: 10.2147/OAJSM.S49223,2013;4:243-9,"INTRODUCTION: Although known as a possible graft option for decades, quadriceps tendon grafts have often been termed a second-line graft option. We report a consecutive case series using this method as the primary treatment line. The rationale for this study was to evaluate the midterm results of this method in a prospective and consecutive case series. The primary study question was to determine the clinical results 24-36 months after primary anterior cruciate ligament (ACL) reconstruction using a bone plug-free quadriceps tendon autograft fixed with bioabsorbable cross-pins. MATERIALS AND METHODS: The study population included 55 patients, of whom 24 were female (43.6%). The mean age at the index procedure was 31.7 years (15-58 years). All patients received an ACL construction using a bone block-free quadriceps tendon graft fixed with resorbable cross-pins. The postoperative regimen included partial weight-bearing for 3 weeks and flexion limited to 90 degrees  for six weeks; an orthosis was not used. The mean follow-up duration was 29.5 months (24.3-38.5 months) after the index procedure. The International Knee Documentation Committee (IKDC) subjective score and examination form was assessed, as well as the Lysholm and Gillquist score and the Tegner activity index. The Rolimeter arthrometer was used to assess the anterior laxity of the knee. RESULTS: Graft harvesting was possible in all cases; a bony extension was never required. On average, graft length was measured at 8.8 cm (7.5-10 cm). The mean IKDC subjective score at follow-up was 80.44 points (55.17-100 points, standard deviation [SD] 12.05). The mean preinjury Tegner activity index was 4.98 (2-7) compared to a mean value of 4.16 (2-7, SD 0.8) at follow-up. There was a mean loss of 0.82 index points. The average Lysholm and Gillquist score was 89 points (65-100, SD 17.7). Of the results, 89.1% were in the good or very good groups; in one case (1.8%), the result was poor, while the rest were fair. CONCLUSION: ACL reconstruction using a bone plug-free quadriceps tendon autograft achieved satisfactory results in a midterm review.",2013
97,23812438,2014 May,2013 Jun 28,Knee Surg Sports Traumatol Arthrosc,"['Gokeler A', 'Bisschop M', 'Benjaminse A', 'Myer GD', 'Eppinga P', 'Otten E']",Otten E,Quadriceps function following ACL reconstruction and rehabilitation: implications for optimisation of current practices.,22,5,1163-74,['English'],9314730,0942-2056,1433-7347,"['Journal Article', 'Review']",PubMed - indexed for MEDLINE,ppublish+epublish,"['23812438', '10.1007/s00167-013-2577-x']",10.1007/s00167-013-2577-x,"['2013/01/09 00:00', '2013/06/09 00:00', '2013/07/02 06:00', '2013/07/03 06:00', '2014/12/15 06:00']",[],1,0,"Knee surgery, sports traumatology, arthroscopy : official journal of the ESSKA",doi: 10.1007/s00167-013-2577-x,2014 May;22(5):1163-74,"PURPOSE: To determine the most effective practices for quadriceps strengthening after ACL reconstruction. METHODS: An electronic search has been performed for the literature appearing from January 1990 to January 2012. Inclusion criteria were articles written in English, German or Dutch with unilateral ACL-reconstructed patients older than 13 years, RCT rehabilitation programmes containing muscle strengthening, protocol described in detail and time frame of measurements reported. Quadriceps muscle strength and patient-reported outcomes were the endpoints. Included studies were assessed on their methodological quality using the CONSORT Checklist. RESULTS: From 645 identified studies, 10 met the inclusion criteria. Seven studies found an increase in quadriceps strength after intervention programmes regardless of type of training. An eccentric exercise programme showed significantly better values for isometric quadriceps strength compared to a concentric exercise programme. The Tegner activity scale showed a significant increase in activity level for all training programmes. The Cincinnati Knee Rating System showed significant improvements in particular for the neuromuscular training group. CONCLUSIONS: The evidence from this review indicates that eccentric training may be most effective to restore quadriceps strength, but full recovery may not be achieved with current rehabilitation practices. Neuromuscular training incorporating motor learning principles should be added to strengthening training to optimise outcome measurements. LEVEL OF EVIDENCE: II.",2014
98,23177469,2013 Jan,2012 Oct 13,Clin Sports Med,"['Rabuck SJ', 'Musahl V', 'Fu FH', 'West RV']",West RV,Anatomic anterior cruciate ligament reconstruction with quadriceps tendon autograft.,32,1,155-64,['English'],8112473,0278-5919,1556-228X,"['Journal Article', 'Review']",PubMed - indexed for MEDLINE,ppublish+epublish,"['23177469', '10.1016/j.csm.2012.08.014', 'S0278-5919(12)00067-1']",10.1016/j.csm.2012.08.014,"['2012/11/27 06:00', '2012/11/28 06:00', '2013/03/21 06:00']",[],1,0,Clinics in sports medicine,doi: 10.1016/j.csm.2012.08.014,2013 Jan;32(1):155-64,"A multitude of graft options exist including both allograft and autograft sources for reconstruction of the anterior cruciate ligament. With recent concerns regarding the early graft failure and cost-effectiveness of allograft sources, more attention has been directed toward autograft options. However, autograft harvest has been associated with specific morbidity that can result in suboptimal outcomes. The quadriceps tendon is an excellent biomechanical and biologic option.",2013
99,22032999,2011,,Acta Orthop Traumatol Turc,"['Demirağ B', 'Unal OK', 'Ozakin C']",Ozakin C,Graft retaining debridement in patients with septic arthritis after anterior cruciate ligament reconstruction.,45,5,342-7,['English'],9424806,1017-995X,2589-1294,['Journal Article'],PubMed - indexed for MEDLINE,ppublish,"['22032999', '10.3944/AOTT.2011.2469']",10.3944/AOTT.2011.2469,"['2011/10/29 06:00', '2011/10/29 06:00', '2012/03/01 06:00']",[],1,0,Acta orthopaedica et traumatologica turcica,doi: 10.3944/AOTT.2011.2469,2011;45(5):342-7,"OBJECTIVE: Although septic arthritis following anterior cruciate ligament (ACL) reconstruction is a rare complication, it has a high morbidity deteriorating the clinical outcome. Current treatment options include long-term antibiotic therapy, open or arthroscopic surgical lavage, aspiration, continuous irrigation, graft preservation, and removal of graft and fixation materials with or without reimplantation. The aim of our study was to evaluate the results of long-term antibiotic treatment with arthroscopic debridement without graft and fixation materials removal in the treatment of septic arthritis following ACL reconstructions. METHODS: Seven patients (6 male, 1 female; mean age: 29 years; range: 21 to 40 years) who had septic arthritis following ACL reconstruction at Uludag; University, Department of Orthopaedics and Traumatology were included in this study. Three of the patients were athletes, 1 was a heavyduty worker, 3 were light-medium-duty workers and 1 was an amateur sportsman. Long-term antibiotic therapy was used for 6 weeks. Rehabilitation was arranged according to the patients effusion, pain and general condition. Evaluations were made using clinical results, manual Lachman and pivot shift tests, and Tegner activity, Lysholm, and IKDC scores. RESULTS: Patients had a mean of 6 (range: 0 to 15) degrees of flexion loss and 3 (range: 0 to 5) degrees of extension loss. Manual Lachman test was near normal for all patients. Pivot shift was positive for 3 and negative for 4 patients. Preoperative and postoperative mean Tegner activity scores were 6 (range: 4 to 7) and 5 (range: 4 to 7), respectively. Preoperative and postoperative mean Lysholm scores were 73.2 (range: 67 to 79) and 74.1 (range: 79 to 89), respectively. Preoperative and postoperative mean IKDC scores were 78.0 (range: 70 to 100) and 80.0 (range: 70 to 100), respectively. Mean leg circumference across the quadriceps muscle was 91% (range: 88 to 93) of the contralateral leg. Single-leg longitudinal jumping length was 78% (range: 63 to 100) of the uninvolved leg. Single-leg horizontal jumping was 72% (range: 88 to 93) of the contralateral leg. CONCLUSION: Long-term antibiotic therapy and arthroscopic drainage without graft or fixation material removal is effective in patients of regular activity level. Although this procedure is equally successful for treating the infection in competitive athletes and heavy workers, it also results in slight performance loss. Further review is necessary to determine which treatment is suitable for which activity level.",2011
100,19046696,2008 Dec,2008 Nov 13,Rev Chir Orthop Reparatrice Appar Mot,"['Condouret J', 'Cohn J', 'Ferret JM', 'Lemonsu A', 'Vasconcelos W', 'Dejour D', 'Potel JF', ""Société française d'arthroscopie""]",Potel JF,[Isokinetic assessment with two years follow-up of anterior cruciate ligament reconstruction with patellar tendon or hamstring tendons].,94,8 Suppl,375-82,['French'],1272427,0035-1040,1776-2553,"['Journal Article', 'Multicenter Study']",PubMed - indexed for MEDLINE,ppublish+epublish,"['19046696', '10.1016/j.rco.2008.09.006', 'S0035-1040(08)00642-9']",10.1016/j.rco.2008.09.006,"['2009/09/12 06:00', '2009/11/17 06:00', '2009/09/12 06:00']",[],1,0,Revue de chirurgie orthopedique et reparatrice de l'appareil moteur,doi: 10.1016/j.rco.2008.09.006,2008 Dec;94(8 Suppl):375-82,"This retrospective multicentric study was designed to assess the outcome of quadriceps and hamstrings muscles two years after Anterior Cruciate Ligament (ACL) reconstruction and compare muscles recovery depending on the type of graft and individual variables like age, gender, level of sport, but also in terms of discomfort, pain and functional score. The results focused on the subjective and objective IKDC scores, SF36, the existence or not of subjective disorders and their location. The review included isokinetic muscle tests concentric and eccentric extensors/flexors but also internal rotators/external rotators with analysis of mean work and mean power. One hundred and twenty-seven patients were included with an average age 29 years (+/-10). They all had an ACL reconstruction with patellar tendon or hamstring tendon with single or double bundles. In the serie, the average muscles deficit at two years was 10% for the flexors and extensors but with a significant dispersion. Significant differences were not noted in the mean values of all parameters in term of sex or age (over 30 years or not), neither the type of sport, nor of clinical assessment (Class A and B of objective IKDC score), nor the existence of anterior knee pain. There was a relationship between the level of extensor or flexor recovery and the quality of functional results with minimal muscle deficits close to 5% if the IKDC score was over 90 and deficits falling to 15% in the group with IKDC score less than 90. The type of reconstruction (patellar tendon versus hamstrings) had an influence on the muscle deficit. For extensors, the recovery was the same in the two groups, more than 90% at two years and the distribution of these two populations by level of deficit was quite the same. For flexors, residual deficits were significantly higher in the hamstrings group on the three studied parameters whatever the speed and the type of contraction (concentric or eccentric) with an average deficit of 14 to 18%, while, in the patellar tendon group, there was a dominance over the opposite side of 2 to 3% in concentric contraction. The hamstrings deficit appears to be ""harvest dependent"". For internal rotators, a significantly higher deficit is observed in eccentric contraction for the hamstrings group. The residual hamstrings deficits were related to the number of tendons harvested: -7% when there was no harvest, 7% with one tendon harvested and 17% with two tendons harvested. The relationship between the level of recovery of the quadriceps muscle and hamstrings at two years and the quality of functional results incite, regarding the significantly higher deficit of flexors in ACL reconstructions with hamstrings, to change the rehabilitation programs and especially on early rehabilitation of hamstrings in eccentric mode in the early weeks postoperative considering the harvest site as an equivalent of muscle tear.",2008
101,17146361,2007 Feb,,Clin Orthop Relat Res,"['George MS', 'Huston LJ', 'Spindler KP']",Spindler KP,Endoscopic versus rear-entry ACL reconstruction: a systematic review.,455,,158-61,['English'],0075674,0009-921X,,"['Comparative Study', 'Journal Article', 'Systematic Review']",PubMed - indexed for MEDLINE,ppublish,"['17146361', '10.1097/BLO.0b013e31802eb45f']",10.1097/BLO.0b013e31802eb45f,"['2006/12/06 09:00', '2007/03/28 09:00', '2006/12/06 09:00']",[],1,0,Clinical orthopaedics and related research,,2007 Feb;455:158-61,"Anterior cruciate ligament reconstruction is commonly performed using the all-endoscopic (also known as all-inside or single-incision) method or the rear-entry (also known as outside-in or two-incision) method. We report a systematic review of four prospective, randomized clinical trials comparing these two operative techniques. Operative time was shorter in the all-endoscopic groups in two studies. A higher percentage of patients in the rear-entry group had a difference of 3 mm or less on the KT-2000 arthrometer, although the two surgical techniques were similar in the other studies. A higher rate of return to full activity was achieved in patients undergoing the rear-entry technique in one study. All four studies were similar in pain medication used, progression of rehabilitation, range of motion, quadriceps or hamstring strength, patellofemoral pain, one-leg hop test, Lysholm, Tegner, and International Knee Documentation Committee scores. Overall, these studies show similar outcomes comparing the all-endoscopic and rear-entry anterior cruciate ligament reconstruction techniques.",2007
102,16806942,2006 Aug,2006 Jun 27,Knee,"['Herrington L', 'Fowler E']",Fowler E,A systematic literature review to investigate if we identify those patients who can cope with anterior cruciate ligament deficiency.,13,4,260-5,['English'],9430798,0968-0160,,"['Journal Article', 'Systematic Review']",PubMed - indexed for MEDLINE,ppublish+epublish,"['16806942', '10.1016/j.knee.2006.02.010', 'S0968-0160(06)00039-1']",10.1016/j.knee.2006.02.010,"['2004/09/30 00:00', '2005/08/30 00:00', '2006/02/23 00:00', '2006/06/30 09:00', '2006/12/21 09:00', '2006/06/30 09:00']",[],1,0,The Knee,,2006 Aug;13(4):260-5,"Rupture of the anterior cruciate ligament (ACL) results in increased tibiofemoral laxity in the knee, thereby ultimately resulting in knee instability and dysfunction. However, ACL rupture does not automatically infer functional impairment and instability as confirmed by the ACL deficient (ACLD) coper, who can resume pre-morbid activity levels. Alternatively, an authentic ACLD non-coper is unable to return to pre-injury levels of activity due to repeated incidents of giving-way. Little is known as to the contributory factors, which allows copers dynamic stability and render non-copers functionally impaired. This systematic literature review aims to examine the evidence presented by relevant trials in order to identify measurement tools, which could differentiate ACLD copers and non-copers. A literature search found nine trials; four adhered to the inclusion criteria of this review. Consensus was achieved within the studies that laxity measurements and IKDC ratings are incapable of distinguishing the functional status of the ACLD patient. Alternatively, Lysholm, KOS-Sport, KOS-ADL and Global Knee Function Rating Scores were regarded as capable of discriminating between ACLD copers and non-copers. Disagreement existed as to the efficacy of the Quadriceps Index and the single leg hop in categorising the ACLD patient according to function level. It was concluded that no single measurement tool is sufficient in determining the functional status of the ACLD individual. Consequently, a collaboration of tests is recommended, specifically incorporating the KOS-Sport, Global Knee Function Rating, hop tests and Quadriceps Index.",2006
103,16399466,2006 Jan,,Arthroscopy,"['Goradia VK', 'Grana WA', 'Pearson SE']",Pearson SE,Factors associated with decreased muscle strength after anterior cruciate ligament reconstruction with hamstring tendon grafts.,22,1,80,['English'],8506498,0749-8063,1526-3231,['Journal Article'],PubMed - indexed for MEDLINE,ppublish,"['16399466', '10.1016/j.arthro.2005.10.012', 'S0749-8063(05)01572-0']",10.1016/j.arthro.2005.10.012,"['2006/01/10 09:00', '2006/03/03 09:00', '2006/01/10 09:00']",[],1,0,Arthroscopy : the journal of arthroscopic & related surgery : official publication of the Arthroscopy Association of North America and the International Arthroscopy Association,,2006 Jan;22(1):80,"PURPOSE: To identify factors associated with decreased muscle strength and activity after anterior cruciate ligament (ACL) reconstruction with semitendinosus-gracilis tendon (ST-G) grafts. TYPE OF STUDY: Retrospective review. METHODS: Eighty-five patients who underwent ACL reconstruction with ST-G grafts were evaluated at a mean of 44.4 months after surgery. Patients underwent isokinetic testing, physical examination, radiographs, instrumented laxity testing, and Lysholm, Cincinnati, and International Knee Documentation Committee (IKDC) ratings. Cartilage and meniscal pathology at surgery was reviewed. Strength group 1 (n = 30) showed greater than 20% deficits in strength; strength group 2 (n = 55) had less than 20% strength deficits. Activity group 1 (n = 60) maintained their IKDC activity level at final follow-up relative to preinjury level; activity group 2 (n = 25) decreased activity by 1 or more levels. RESULTS: With all patients combined, there was less than a 4% difference in mean hamstring and quadriceps strength between the reconstructed and contralateral legs at follow-up. Knee flexion deficits were associated with decreased hamstring strength. Subjective giving way and squatting/kneeling discomfort were associated with decreased quadriceps strength. Patients in strength group 1 were more likely to have squatting/kneeling discomfort and lower Cincinnati Function scores. Activity group 2 had a longer interval from injury to surgery and more chondromalacia at surgery. At follow-up, activity group 2 had lower subjective scores and was more likely to have pain, swelling, giving way, and flexion deficits. Activity group 2 also had greater deficits in quadriceps strength. CONCLUSIONS: Articular cartilage injury and meniscal pathology were not associated with decreased muscle strength. ACL reconstruction with ST-G grafts has a 38% incidence of squatting/kneeling pain that occurs secondary to patellofemoral crepitus, harvest site symptoms, and tibial hardware sensitivity. LEVEL OF EVIDENCE: Level IV, therapeutic, case series, no control group.",2006
104,15800521,2005 Apr,,Arthroscopy,"['Grossman MG', 'ElAttrache NS', 'Shields CL', 'Glousman RE']",Glousman RE,Revision anterior cruciate ligament reconstruction: three- to nine-year follow-up.,21,4,418-23,['English'],8506498,0749-8063,1526-3231,['Journal Article'],PubMed - indexed for MEDLINE,ppublish,"['15800521', '10.1016/j.arthro.2004.12.009', 'S0749806304013970']",10.1016/j.arthro.2004.12.009,"['2005/04/01 09:00', '2006/02/16 09:00', '2005/04/01 09:00']",[],1,0,Arthroscopy : the journal of arthroscopic & related surgery : official publication of the Arthroscopy Association of North America and the International Arthroscopy Association,,2005 Apr;21(4):418-23,"PURPOSE: With the increasing number of primary anterior cruciate ligament (ACL) reconstructions, revisions are more frequent. The literature quotes inferior results for revision cases when compared with primary ACL reconstruction. The purpose of the study was to review our institution's experience with revision ACL reconstruction. TYPE OF STUDY: Retrospective case series. METHODS: Thirty-five revision cases were performed between 1993 and 1999. Twenty-nine were available for follow-up. Subjective scores were calculated for Lysholm, Tegner, and International Knee Documentation Committee (IKDC) forms. Objective IKDC scores were determined. KT-1000 measurements were performed as well as isokinetic strength testing of quadriceps and hamstrings. Plain film radiographs were obtained to assess degenerative changes. RESULTS: The average patient age at time of revision was 30.2 years, the average time to revision was 56 months, the follow-up from last revision was 67 months. Twenty-two patients had bone-patellar tendon-bone (BPTB) allograft, 6 had contralateral BPTB autograft, and 1 patient had Achilles allograft. Overall, KT-1000 measurement showed an average of 2.78 mm side-to-side difference of displacement. The allograft versus the autograft group was 3.21 mm versus 1.33 mm, respectively. Prerevision data were unavailable. However, all patients had a positive pivot-shift test before revision. Average postrevision Lysholm, Tegner, and subjective IKDC scores were 86.6, 11.86, and 85.86, respectively. Concerning the IKDC objective scores, 15 patients had an A score, 8 had a B score, and 4 had a C score. All 29 patients available for follow-up reported that they would have the surgery again. The average strength of quadriceps and hamstrings ranged from 82% to 88% of uninvolved side. CONCLUSIONS: This study provides long-term follow-up with good results for revision ACL reconstruction. Attention to principles when performing revision ACL surgery is critical to provide satisfactory results. LEVEL OF EVIDENCE: Level IV.",2005
105,12735205,2003 Jan,,Orthop Clin North Am,"['Wilk KE', 'Reinold MM', 'Hooks TR']",Hooks TR,Recent advances in the rehabilitation of isolated and combined anterior cruciate ligament injuries.,34,1,107-37,['English'],0254463,0030-5898,,"['Journal Article', 'Review']",PubMed - indexed for MEDLINE,ppublish,"['12735205', '10.1016/s0030-5898(02)00064-0', 'S0030-5898(02)00064-0']",10.1016/s0030-5898(02)00064-0,"['2003/05/09 05:00', '2003/05/14 05:00', '2003/05/09 05:00']",[],1,0,The Orthopedic clinics of North America,,2003 Jan;34(1):107-37,"The rehabilitation process begins immediately following ACL injury, with emphasis on reducing swelling and inflammation; improving motion; regaining quadriceps control; allowing immediate weight-bearing; and restoring full passive knee extension and, gradually, flexion. The goal of preoperative rehabilitation is to prepare the patient mentally and physically for surgery. Once the ACL surgery is performed, it is important to alter the rehab program based on the type of graft used and any concomitant procedures performed. This will aid in preventing several postoperative complications, such as loss of motion, patellofemoral pain, graft failure, and muscular weakness. The goal of this article has been to provide an overview of the application and the scientific basis for formulating a rehabilitation protocol following ACL surgery. For an athlete to return to competition, it is imperative that he or she regain muscular strength and neuromuscular control in their injured leg while maintaining static stability. In the past, rehabilitation programs attempted to prepare the athlete for return to sports by using resistance exercise alone. Current rehabilitation programs focus not only on strengthening exercises, but also on proprioceptive and neuromuscular control drills in order to provide a neurologic stimulus so that the athlete can regain the dynamic stability needed in athletic competition. We believe that it is important to use this approach not only possible causes that might predispose the individual to future injury.",2003
106,12735201,2003 Jan,,Orthop Clin North Am,"['Paessler HH', 'Mastrokalos DS']",Mastrokalos DS,"Anterior cruciate ligament reconstruction using semitendinosus and gracilis tendons, bone patellar tendon, or quadriceps tendon-graft with press-fit fixation without hardware. A new and innovative procedure.",34,1,49-64,['English'],0254463,0030-5898,,"['Journal Article', 'Review']",PubMed - indexed for MEDLINE,ppublish,"['12735201', '10.1016/s0030-5898(02)00070-6', 'S0030-5898(02)00070-6']",10.1016/s0030-5898(02)00070-6,"['2003/05/09 05:00', '2003/05/14 05:00', '2003/05/09 05:00']",[],1,0,The Orthopedic clinics of North America,,2003 Jan;34(1):49-64,"BONE--PATELLAR TENDON: The ""no hardware"" technique for ACL reconstruction is a new method that offers many advantages and is straightforward to perform. Its main innovative feature is that it does not require bone-block harvesting from the patella. This reduces donor site morbidity and prevents patellar fractures. The bone tunnels are made using tube harvesters and compaction drilling. This minimizes trauma and obviates the risk of bone necrosis. The articular entrance of the tibial tunnel is completely occupied by the grafts. This prevents a windshield-wiper effect and synovial fluid ingress into the tunnel, and enhances graft incorporation. The fact that no hardware is used with both patellar tendon or hamstring grafts significantly reduces the overall cost of the operation and facilitates revision surgery. The quadriceps tendon is also a very good graft. It is thick and has good biomechanical properties and low donor site morbidity. Its disadvantages are: weakness of quadriceps after the operation, an unsightly scar, and some difficulty in graft harvesting [58]. Also, postoperative MRI is not fraught with the problem of metal artifacts. It is difficult to decide which of the methods currently available for ACL reconstruction is the best because most of them give satisfactory results. In the future, assessments of knee ligament reconstruction techniques should look at long-term stability combined with low complication rates. Ease of revision surgery and low cost should also be taken into consideration, given the large annual volume of knee ligament reconstructions (50,000 in the United States alone) [59]. We believe that our technique addresses most of these issues, and that it constitutes a useful alternative method for ACL reconstruction. SEMITENDINOSUS--GRACILIS: This technique, which was used with 915 patients from June 1998 to February 2002, shows a particularly low rate of postoperative morbidity. The reason is probably to be found in the ""waterproofing"" of the bone tunnels, which lead to less postoperative bleeding and swelling. No drains were used. Rehabilitation follows the same protocol as used for the reconstruction using patellar tendon grafts (accelerated/functional). As expected, there was no widening of the femoral tunnels and little widening of the tibial tunnels. Interestingly, tibial tunnel enlargement was significantly less in a nonaccelarated rehabilitation group than in the accelerated group [60] without affecting stability. The measured internal torque of the hamstrings, as well as their flexion force, already had returned to normal 12 months postoperatively. In a prospective randomized (unpublished) study comparing this technique with ACL reconstruction with BPT grafts with medial or lateral third with only one bone plug (from the tibial tuberosity, see technique described above), we found no significant difference between both groups in subjective scores, stability, KT-1000 values, Tegner activity score, and IKDC at 1-year follow-up. Only the results of kneeling and knee walking testing were significantly better in the hamstring group [61]. In summary, the advantages of this presented technique are: (1) the knot of the graft is close proximally to the anatomic site of the insertion of the ACL, thus avoiding the Bungee effect.; (2) the press-fit tunnel fixation prevents synovial fluid entering the bone tunnels, windshield-wiper effect, and longitudinal motion within the tunnel; the intensive contact between the bony wall of the tunnel and graft collagen over a long distance without any suture material results in quick and complete graft incorporation; and (3) no fixation material means no hardware problems, facilitates revision surgery, and lowers overall costs.",2003
107,11877607,2002 Mar,,Arthroscopy,"['Colombet P', 'Allard M', 'Bousquet V', 'de Lavigne C', 'Flurin PH', 'Lachaud C']",Lachaud C,Anterior cruciate ligament reconstruction using four-strand semitendinosus and gracilis tendon grafts and metal interference screw fixation.,18,3,232-7,['English'],8506498,0749-8063,1526-3231,"['Clinical Trial', 'Journal Article']",PubMed - indexed for MEDLINE,ppublish,"['11877607', '10.1053/jars.2002.30637', 'S0749806302547939']",10.1053/jars.2002.30637,"['2002/03/06 10:00', '2002/04/03 10:01', '2002/03/06 10:00']",[],1,0,Arthroscopy : the journal of arthroscopic & related surgery : official publication of the Arthroscopy Association of North America and the International Arthroscopy Association,,2002 Mar;18(3):232-7,"PURPOSE: The purpose of this study was to determine the outcome of 200 anterior cruciate ligament (ACL) reconstructions using hamstring tendons. TYPE OF STUDY: This is a case series reporting on 200 endoscopic procedures for reconstruction of the ACL. METHODS: This study included patients over 18 years old with a healthy controlateral knee, intact posterior cruciate ligament, and without any peripheral surgical procedure or cartilage injury. Patients having undergone prior ligament reconstruction were excluded from the study. The minimum follow-up was 1 year. Clinical review allowed for documentation of International Knee Documentation Committee (IKDC), KT-1000 arthrometer laxity measurement, and isokinetic dynamometric analysis. RESULTS: Quadriceps and hamstring muscle strength loss was less than 17%. At review, overall IKDC evaluation found that 50% of patients graded A, 44% graded B, and 6% were C or D. The differential anterior laxity was graded A for 157 patients with a median of 1 mm. Of the 113 high-performance athletes, 98 (86%) had resumed a preinjury level of sporting activity. CONCLUSIONS: Endoscopic reconstruction using 4-strand hamstring autograft may be considered safe, reliable, and reproducible. Preliminary outcome is fulfilling and this technique corresponds completely to therapeutic fields regarding ACL reconstructions.",2002
108,11685356,2001 Sep,,Knee Surg Sports Traumatol Arthrosc,"['Feller JA', 'Webster KE', 'Gavin B']",Gavin B,Early post-operative morbidity following anterior cruciate ligament reconstruction: patellar tendon versus hamstring graft.,9,5,260-6,['English'],9314730,0942-2056,,"['Clinical Trial', 'Clinical Trial, Phase I', 'Comparative Study', 'Journal Article', 'Randomized Controlled Trial']",PubMed - indexed for MEDLINE,ppublish,"['11685356', '10.1007/s001670100216']",10.1007/s001670100216,"['2000/07/05 00:00', '2001/03/11 00:00', '2001/10/31 10:00', '2002/01/05 10:01', '2001/10/31 10:00']",[],1,0,"Knee surgery, sports traumatology, arthroscopy : official journal of the ESSKA",,2001 Sep;9(5):260-6,"This study documented postoperative morbidity during the first 4 months following anterior cruciate ligament (ACL) reconstruction using either patellar tendon or hamstring tendon autograft. Sixty-five patients undergoing primary arthroscopically assisted single-incision ACL reconstruction were randomized to have a central third bone patellar tendon bone autograft (PT) or a doubled semitendinosus/doubled gracilis autograft (HS). Postoperatively patients undertook a standard 'accelerated' rehabilitation protocol. Patients were reviewed after 2 weeks, 8 weeks, and 4 months. At each review the location and severity of general knee pain and the presence and severity of anterior knee pain (AKP) were recorded as were the presence and size of an effusion as well as the active and passive flexion and passive extension deficits compared to the contralateral limb. Pain on kneeling, KT-1000 measured side to side difference in anterior tibial displacement, isokinetic assessment of quadriceps and hamstring peak torque deficits, IKDC score and Cincinnati sports activity level were also recorded after 4 months. After 2 weeks more patients in the PT group complained of AKP and reported that the pain was more severe. After 8 weeks there was no significant difference between the groups for any variable. After 4 months the severity of general pain experienced and the incidence of pain on kneeling were greater in the PT group. The PT group also demonstrated a significantly greater quadriceps peak torque deficit at 240 degrees /s. IKDC scores were higher in the HS group, but Cincinnati sports activity scores were higher in the PT group. Although we observed a lower morbidity in the HS group, primarily related to pain, the severity of pain in both groups was relatively low and, in light of the higher mean sports activity level observed in the PT group at 4 months the clinical impact of the difference may not be significant.",2001
109,8836351,1996 Summer,,Am J Knee Surg,"['Novak PJ', 'Bach BR Jr', 'Hager CA']",Hager CA,Clinical and functional outcome of anterior cruciate ligament reconstruction in the recreational athlete over the age of 35.,9,3,111-6,['English'],8804841,0899-7403,,['Journal Article'],PubMed - indexed for MEDLINE,ppublish,['8836351'],,"['1996/01/01 00:00', '2001/03/28 10:01', '1996/01/01 00:00']",[],1,0,The American journal of knee surgery,,1996 Summer;9(3):111-6,"This study examined the functional, objective, and subjective outcome of anterior cruciate ligament (ACL) reconstruction in recreational athletes > or = 35 years after a minimum of 2 years of follow-up. Patients > or = 35 years who underwent ACL reconstruction by a single surgeon were identified from our surgical database. Nineteen knees in 18 (62% follow-up) patients were available for review by an independent examiner. The patients underwent physical examination, radiographs, functional testing, isokinetic strength testing, and instrumented ligament arthrometer testing. All were seen at a minimum of 2 years of follow-up. The average age was 40 years. Five of 19 underwent reconstruction less than 1 month after injury, and the remainder underwent reconstruction for chronic injuries. All patients preoperatively had at least a grade 2 Lachman and a positive pivot shift noted on physical examination. After a minimum of 2 years of follow-up, 17 of 18 patients had a stable knee on objective testing, including a negative Lachman and pivot shift. Seventeen patients (94%) had < 3 mm side-to-side difference on maximum manual arthrometric testing. Only one patient had > 3 cm prone heel height difference, and all patients had > 125 degrees of flexion. Mean thigh circumference difference was 0.5 cm. Isokinetic testing demonstrated a mean 11%, 7%, and 4% quadriceps asymmetry at 60 degrees, 180 degrees, and 240 degrees/second, respectively. However, functional testing revealed only a mean 6% asymmetry on vertical jump, single leg hop, and timed 6 meter hop. Seventeen of 18 patients were satisfied with their results. The mean postoperative Lysholm Rating Scale score was 93. The mean Noyes Sports Activity Scale score was 86, improved from 31 preoperatively. Thirteen of 18 returned to their preinjury level of sports performance. These results indicate that ACL reconstruction in patients over the age of 35 has functional, objective, and subjective results comparable to those of a younger patient population.",1996
110,8129117,1994 Jan-Feb,,Am J Sports Med,"['Wojtys EM', 'Huston LJ']",Huston LJ,Neuromuscular performance in normal and anterior cruciate ligament-deficient lower extremities.,22,1,89-104,['English'],7609541,0363-5465,,"['Journal Article', 'Review']",PubMed - indexed for MEDLINE,ppublish,"['8129117', '10.1177/036354659402200116']",10.1177/036354659402200116,"['1994/01/01 00:00', '1994/01/01 00:01', '1994/01/01 00:00']",[],1,0,The American journal of sports medicine,,1994 Jan-Feb;22(1):89-104,"The neuromuscular function of the lower extremity in 40 normal and 100 anterior cruciate ligament-deficient volunteers was evaluated by physical examination, KT-1000 arthrometer measurements, isokinetic strength and endurance testing, subjective functional assessment, and an anterior tibial translation stress test. A specially designed apparatus delivered an anteriorly directed step force to the posterior aspect of the leg while anterior tibial translation was monitored and electromyographic signals were recorded at the medial and lateral quadriceps, medial and lateral hamstrings, and gastrocnemius muscles. Testing was done at 30 degrees of knee flexion with the foot fixed to a scale to monitor weightbearing, while the tibia remained unconstrained. Results indicate that muscle timing and recruitment order in response to anterior tibial translation are affected by anterior cruciate ligament injury. These alterations in muscle performance change with time from injury, correlate with an individual's physical activity level, affect subjective functional parameters, and are directly related to the degree of dynamic anterior tibial laxity seen with stress testing.",1994
111,1962708,1991 Sep-Oct,,Am J Sports Med,"['Howe JG', 'Johnson RJ', 'Kaplan MJ', 'Fleming B', 'Jarvinen M']",Jarvinen M,Anterior cruciate ligament reconstruction using quadriceps patellar tendon graft. Part I. Long-term followup.,19,5,447-57,['English'],7609541,0363-5465,,"['Journal Article', 'Review']",PubMed - indexed for MEDLINE,ppublish,"['1962708', '10.1177/036354659101900505']",10.1177/036354659101900505,"['1991/09/01 00:00', '1991/09/01 00:01', '1991/09/01 00:00']",[],1,0,The American journal of sports medicine,,1991 Sep-Oct;19(5):447-57,"Eighty-three patients with ACL reconstructions using the quadriceps patellar tendon graft were evaluated in a 10 year (mean, 5.5 years) follow-up study. A five-part analysis, consisting of physical examination, questionnaire, Genucom analysis, operative note review, and radiographs, was performed. Seventy-six percent were categorized as satisfactory. Ninety-two percent were content with their results, while only 4% were unsatisfied. Ninety-three percent of the patients had no significant pain and 95% had no giving way postreconstruction. Ninety-two percent had no more than a mild functional deficit. Eighty-seven percent and 90% of the patients had no significant Lachman or pivot shift by examination, respectively. Our results showed no increase in failure over time (1 to 10 years), although those operated on during the initial 5 years showed more radiographic degenerative changes. Plotting our results in classification systems of other authors yielded success rates as good as or better than those using our own criteria. An objective means by which to quantify laxity did not reliably correlate with the quantifying of laxity made by physical examination. Only the lack of a formal rehabilitation program greater than 4 months postoperatively and repaired tears of the medial or lateral collateral ligaments proved to be significant risk factors for poor recovery.",1991
112,3189675,1988 Sep-Oct,,Am J Sports Med,"['Kornblatt I', 'Warren RF', 'Wickiewicz TL']",Wickiewicz TL,Long-term followup of anterior cruciate ligament reconstruction using the quadriceps tendon substitution for chronic anterior cruciate ligament insufficiency.,16,5,444-8,['English'],7609541,0363-5465,,['Journal Article'],PubMed - indexed for MEDLINE,ppublish,"['3189675', '10.1177/036354658801600503']",10.1177/036354658801600503,"['1988/09/01 00:00', '1988/09/01 00:01', '1988/09/01 00:00']",[],1,0,The American journal of sports medicine,,1988 Sep-Oct;16(5):444-8,"At The Hospital for Special Surgery, the quadriceps tendon substitution (QTS), as described by Marshall, was performed for ACL insufficiency from 1973 to 1980. A review of the initial 60 patients with a minimum of 4 years followup (average, 5.5 years) has been concluded. Thirty-eight patients returned for examinations, and 11 returned questionnaires. Associated medial procedures were performed in 29 of the 38 examined patients. Medial meniscus surgery was performed in 86% and lateral meniscus surgery in 28.9%. At followup, giving way, which was the main preoperative complaint, was eliminated in 30/38 examined and 9/11 questionnaire patients (79%). In the examined group, three patients were clear failures and five had mild transient instability. The pivot shift was present in 17 of 38 (45%) patients examined: 21 patients were negative, 9 were 1+ or a grind, 8 were 2+, and none were 3+. We have concluded that the QTS procedure will eliminate symptomatic instability in 79% of our patients, but the high rate of a residual pivot shift (45%) and symptoms of instability (21%) require the addition of an extraarticular sling procedure. This appears to be related to the relatively poor strength characteristics of the tissue used in the QTS substitution.",1988
113,4051090,1985 Sep-Oct,,Am J Sports Med,"['Roth JH', 'Kennedy JC', 'Lockstadt H', 'McCallum CL', 'Cunning LA']",Cunning LA,Polypropylene braid augmented and nonaugmented intraarticular anterior cruciate ligament reconstruction.,13,5,321-36,['English'],7609541,0363-5465,,['Journal Article'],PubMed - indexed for MEDLINE,ppublish,"['4051090', '10.1177/036354658501300507']",10.1177/036354658501300507,"['1985/09/01 00:00', '1985/09/01 00:01', '1985/09/01 00:00']",[],1,0,The American journal of sports medicine,,1985 Sep-Oct;13(5):321-36,"The purpose of this clinical retrospective study is to determine whether a polypropylene braid (PB) used to augment an intraarticular autograft to reconstruct the anterior cruciate ligament (ACL) is safe and to determine whether the PB improves the efficacy of the procedure. A simultaneous review was performed of patients who had undergone an intraarticular ACL reconstruction using an autograft composed of the central quadriceps tendon, prepatellar periosteum, and patellar tendon left attached distally to the tibial tubercle and of patients who had undergone the same procedure with PB augmentation of the autograft. Preoperatively, all patients had chronic ACL insufficiency and were experiencing symptomatic giving way. A subjective questionnaire and a physician examination (JHR) were completed on each patient. Objective laxity and functional testing, including KT 1000 arthrometer measurement, Cybex isokinetic strength analysis, and one leg horizontal hop for distance, were performed. Six radiographs of each operated knee were obtained. Results were statistically analyzed. Thirty-eight of 43 (88%) nonaugmented procedures performed were reviewed, with a mean followup of 64 months. Forty-five of 48 (94%) PB augmented reconstructions with a minimum followup of 42 months (maximum 57 months, mean 50 months), were reviewed. On objective laxity and function testing, the PB augmented patients had better results than the nonaugmented patients. On subjective questioning, physician's examination, and radiographic analysis, the PB augmented results were significantly better. There were 12 (32%) knees with recurrent symptomatic giving way in the nonaugmented group and 5 (11%) in the PB augmented group. Chrondromalacia patellae and arthrofibrosis were seen in both groups. No adverse reaction to the PB was seen. We conclude that the PB is safe and that PB augmentation improves the efficacy of the intraarticular autograft to reconstruct the ACL.",1985
114,3881714,1985 Jan,,Orthop Clin North Am,"['Burnett QM 2nd', 'Fowler PJ']",Fowler PJ,Reconstruction of the anterior cruciate ligament: historical overview.,16,1,143-57,['English'],0254463,0030-5898,,"['Journal Article', 'Review']",PubMed - indexed for MEDLINE,ppublish,['3881714'],,"['1985/01/01 00:00', '1985/01/01 00:01', '1985/01/01 00:00']",[],1,0,The Orthopedic clinics of North America,,1985 Jan;16(1):143-57,"The first reported surgical repair of anterior cruciate ligament-deficient knees was done by Mayo Robson in 1895. The earliest anterior cruciate ligament reconstructions were done by Hey Groves in 1917 and by Alwyn Smith in 1918. Both used an intra-articular strip of iliotibial band. At this same time, the first attempt to make an artificial anterior cruciate ligament was done. Corner used wire, while Alwyn Smith used multiple silk sutures. Both methods failed. The first extra-articular procedures to correct instability in anterior cruciate ligament-deficient knees were reported by Bennett in 1926 and Cotton and Morrison and Bosworth and Bosworth in the mid 1930s. All of these surgeons reconstructed the medial side of the knee with free strips of fascia. In 1936, Campbell described the intra-articular use of patellar tendon and stressed the need for anterior cruciate ligament reconstruction in young, athletic individuals with unstable knees. In the 1950s, O'Donoghue also emphasized the early repair of an injuried anterior cruciate ligament and did much to improve the care of the college athlete. The procedures described by Jones, Slocum, Larson, and Nicholas dominated the 1960s and early 1970s. Various rotatory knee instabilities were defined, and the Lachman and pivot shift tests were born. Descriptions of various tendon transfers and intra-articular graft techniques have been published over the last 10 years. Most of these are variations of procedures described decades ago. In 1918, Alwyn Smith used electrical stimulation to decrease postoperative quadriceps atrophy. In 1936, Mauck advised the use of a hinged knee cast after surgery for better rehabilitation. Finally, in 1938, Palmer described a drill guide for more anatomic placement of an anterior cruciate ligament graft in the femur. Although prosthetic materials may have a greater place in the 1980s, the foundation for such research was laid long ago by innovative surgeons such as Hey Groves and Alwyn Smith, the great-grandfathers of anterior cruciate ligament reconstructions.",1985
