,pmid,PubDate,EPubDate,Source,AuthorList,LastAuthor,Title,Volume,Issue,Pages,LangList,NlmUniqueID,ISSN,ESSN,PubTypeList,RecordStatus,PubStatus,ArticleIds,DOI,History,References,HasAbstract,PmcRefCount,FullJournalName,ELocationID,SO,abstract,year
0,41974310,2026 Apr 11,2026 Apr 11,J ISAKOS,"[""D'Ambrosi R"", 'Ackermann J', 'Deichsel A', 'Eckl L', 'Eggeling L', 'Kittl C', 'Laky B', 'Mathis D', 'Merkely GB', 'Muench LN', 'Muenchgesang M', 'Schmidt AF', 'Schuettler KF', 'Wafaisade A', 'Guenther D', 'Research Committe of Society for Arthroscopy and Joint-Surgery (AGA)']",Guenther D,Graft Choice Does Not Influence Outcomes After Anterior Cruciate Ligament Reconstruction in Patients Aged 50 Years and Older: A Systematic Review and Meta-analysis.,,,101111,['English'],101680867,2059-7754,2059-7762,"['Journal Article', 'Review']",PubMed - as supplied by publisher,aheadofprint,"['41974310', '10.1016/j.jisako.2026.101111', 'S2059-7754(26)00047-7']",10.1016/j.jisako.2026.101111,"['2026/03/08 00:00', '2026/03/31 00:00', '2026/04/02 00:00', '2026/04/14 00:32', '2026/04/14 00:32', '2026/04/13 19:37']",[],1,0,Journal of ISAKOS : joint disorders & orthopaedic sports medicine,doi: 10.1016/j.jisako.2026.101111,2026 Apr 11;:101111,"AIM: Anterior cruciate ligament reconstruction (ACLR) in patients over 50 years has traditionally been considered controversial due to concerns about graft failure, limited healing potential, and risk of degenerative progression. However, with increasing life expectancy and higher physical activity in older adults, the demand for ACLR in this population has grown, and the role of graft selection remains unclear. The aim of this study was to evaluate the influence of graft choice on clinical outcomes, graft survival, and re-rupture rates after ACLR in patients aged 50 years and older. It was hypothesized that (1) ACLR in this population would result in low re-rupture rates and satisfactory functional outcomes, and (2) no significant differences would be observed among different graft types. EVIDENCE REVIEW: A systematic literature search of PubMed, Embase, and the Cochrane Library was performed from database inception to July 20, 2025, according to the Preferred Reporting Items for Systematic Reviews and Meta-Analyses (PRISMA) guidelines. Eligible studies included skeletally mature patients >/=50 years undergoing primary ACLR with different grafts (hamstring tendon [HT], bone-patellar tendon-bone [BPTB], quadriceps tendon [QT], allograft, or synthetic). Outcomes of interest included graft re-rupture, Lysholm score, and International Knee Documentation Committee (IKDC) subjective score. Random-effects meta-analyses were conducted to pool results, and subgroup analyses were performed by graft type. FINDINGS: Twenty-one studies including a total of 1,093 patients were analyzed. The overall weighted mean age at surgery was 55.88 years (95% Confidence Interval [CI], 54.6-57.2). The majority of patients underwent HT reconstruction (n=744 - 68.1%), followed by QT (n=142 - 12.9%), BPTB (n=81 - 7.4%), allograft (n=110 - 10.1%), and synthetic grafts (LARS; n=16 - 1.5%). The overall re-rupture rate was 0.3% (95% CI, 0.0-1.4), with no statistically significant differences among graft types (p > 0.05), ranging from 0.0% for BPTB/QT to 1.8% for allograft/ligament augmentation and reconstruction system (LARS). The pooled mean Lysholm score was 91.2 (95% CI, 89.5-92.9), and the pooled mean IKDC score was 81.4 (95% CI, 77.9-84.9), showing no statistically significant graft-related differences. Odds ratio analysis confirmed no increased risk of re-rupture across graft types. CONCLUSIONS: ACL reconstruction in patients aged 50 years and older is associated with excellent functional outcomes and very low re-rupture rates. No statistically significant differences were observed among graft types. These findings should be interpreted with caution due to limited data for some graft categories and heterogeneity of the available evidence. Graft selection should be individualized based on patient characteristics and surgeon expertise rather than chronological age. STUDY REGISTRATION: PROSPERO Registry (CRD420251118537) STUDY DESIGN: Systematic review and meta-analysis; Level of evidence, III.",2026
1,41970205,2026 Apr,2026 Apr 8,Orthop J Sports Med,"['Hunter CDR', 'McNamara N', 'Rosenthal RM', 'Johnson BT', 'Featherall J', 'Greis P', 'Maak TG', 'Aoki SK', 'Ernat JJ']",Ernat JJ,"Evaluating Thigh Muscle Volume and Compensatory Muscle Changes in Bone-Patellar Tendon-Bone, Hamstring Autograft, and Allograft Anterior Cruciate Ligament Reconstructions: A Minimum 5-Year Follow-up.",14,4,23259671261432585,['English'],101620522,2325-9671,2325-9671,['Journal Article'],PubMed,,"['41970205', 'PMC13065282', 'pmc-id: PMC13065282;', '10.1177/23259671261432585', '10.1177_23259671261432585']",10.1177/23259671261432585,"['2026/02/02 00:00', '2026/02/08 00:00', '2026/04/13 18:18', '2026/04/13 18:17', '2026/04/13 06:32', '2026/04/08 00:00']",[],1,28,Orthopaedic journal of sports medicine,doi: 10.1177/23259671261432585,2026 Apr;14(4):23259671261432585,"BACKGROUND: Graft selection in anterior cruciate ligament reconstruction (ACLR) may lead to long-term, graft-specific muscle adaptations, yet their effect on functional outcomes remains poorly understood. Magnetic resonance imaging (MRI)-based 3D modeling enables precise quantification of muscle volume changes, offering insight into the relationship between postoperative muscle preservation and patient-reported outcomes. PURPOSE: To radiologically evaluate thigh muscle volume changes and patient-reported outcomes at minimum 5-year follow-up among patients after primary anterior cruciate ligament reconstruction (ACLR) using allograft, bone-patellar tendon-bone autograft (BPTB), or hamstring autograft (gracilis and semitendinosus; HS) with MRI-based 3D modeling. STUDY DESIGN: Cohort study; Level of evidence, 3. METHODS: Patients aged 18 to 45 years (mean +/- SD age, 26.9 +/- 7.2 years) with a body mass index (BMI) <30 who underwent primary ACLR with either allograft, BPTB, or HS with minimum 5-year follow-up were identified via retrospective chart review. Exclusion criteria were any history of a knee flexor or extensor injury/surgery, revision ACLR procedures, any concomitant surgical procedures other than chondral debridement and/or meniscectomy/repair, or any subsequent lower extremity surgery since the index ACLR. Bilateral thigh 3.0-T MRI scans were obtained, and images were rendered using 3D modeling software. Volume measurements were performed for (1) the individual muscles, (2) each compartment, and (3) the entire thigh. Specific individual muscles analyzed included the quadriceps (rectus femoris, vastus lateralis, vastus medialis, vastus intermedius) and sartorius in the anterior compartment; the hamstrings (biceps femoris long and short heads, semitendinosus, semimembranosus) in the posterior compartment; and the gracilis and combined adductor muscle group in the medial compartment. Individual muscle volumes were calculated for each thigh and then normalized as a percentage of the total volume of their respective muscle compartments. These compartment-relative percentages in the operative thigh were subsequently compared with the corresponding percentages in the contralateral, nonoperative thigh. Multivariable linear regression linked ratios of injured to contralateral muscle preservation (total and compartmental) to International Knee Documentation Committee (IKDC) scores, adjusting for age, sex, BMI, and graft type. Paired Student t tests and chi-square tests were used for statistical analysis. RESULTS: A total of 30 patients were included: 10 allograft, 10 BPTB, and 10 HS. The cohort consisted of 18 male patients (60%) and 12 female patients (40%), with a higher proportion of male patients in the BPTB group (9/10 male). Allograft patients (mean age, 34.6 years; range, 31-40 years) were significantly older at surgery than BPTB (mean age, 23.4 years; range, 17-33 years) and HS cohorts (mean age, 22.7 years; range, 16-28 years) (P < .001). The mean time interval from surgery to follow-up MRI was 6.7 +/- 1.2 years. No significant differences in total thigh or individual muscle volumes were found between operative and nonoperative limbs with allograft. BPTB demonstrated a significant reduction in mean muscle volume percentage of the vastus intermedius in the operative thigh compared with the nonoperative thigh (13.98% vs 16.48%; P < .001). With HS, significant reductions were observed in mean muscle volume percentages of the gracilis (15.61% vs 27.35%; P < .001) and semitendinosus (7.49% vs 17.49%; P = .001) muscles in the operative thigh. Conversely, the semimembranosus exhibited a significant increase in mean muscle volume percentage in the operative thigh relative to the nonoperative thigh (42.50% vs 36.57%; P = .006). Across graft types, greater preservation of operative-limb muscle volume predicted better function: Total-thigh preservation correlated with higher IKDC scores (B = 61.8; P = .043), and anterior-compartment preservation showed the strongest association (B = 110.3; P = .004; model R (2) = 0.48). No covariate (age, sex, BMI, graft type) independently influenced IKDC score. CONCLUSION: Five years after ACLR, thigh muscle adaptation depended on graft choice and carried meaningful functional consequences. Hamstring autografts were associated with lasting atrophy of the semitendinosus and gracilis with compensatory hypertrophy of the semimembranosus, whereas BPTB autografts were associated with selective loss of the vastus intermedius and no compensatory enlargement in the remaining quadriceps. Across all patients, larger differences in muscle volume between limbs, especially in the anterior compartment, were linked to lower IKDC scores.",2026
2,41946489,2026 Apr 7,2026 Apr 7,Arthroscopy,"['Davey MS', 'Hurley ET', 'Doyle TR', 'Dickens JF']",Dickens JF,"Anterior Cruciate Ligament Reconstruction With Hamstring Tendon Versus Quadriceps Tendon Autograft Results in No Significant Differences in Patient-Reported Outcome Measures, Re-Rupture Rates, and Clinical Stability: A Meta-analysis of Level I Randomized Control Trials.",,,,['English'],8506498,0749-8063,1526-3231,"['Journal Article', 'Review']",PubMed - as supplied by publisher,aheadofprint,"['41946489', '10.1002/arj.70086']",10.1002/arj.70086,"['2025/04/26 00:00', '2025/08/27 00:00', '2026/04/08 00:30', '2026/04/08 00:30', '2026/04/07 20:03']",[],1,0,Arthroscopy : the journal of arthroscopic & related surgery : official publication of the Arthroscopy Association of North America and the International Arthroscopy Association,doi: 10.1002/arj.70086,2026 Apr 7;,"PURPOSE: To perform a systematic review and meta-analysis of Level I randomized controlled trials (RCTs) examining the clinical outcomes of patients who underwent anterior cruciate ligament reconstruction (ACLR), with hamstring tendon (HT) versus quadriceps tendon (QT) autografts. METHODS: A literature search was performed according to the Preferred Reporting Items for Systematic Reviews and Meta-Analyses guidelines. Only RCTs of Level I evidence comparing clinical outcomes of ACLR with HT versus QT autografts were included. Descriptive statistics were performed with risk ratios utilized for dichotomous variables and the mean difference (MD) for continuous variables. Statistical significance was set at P-value < .05. RESULTS: There were 6 RCTs including 374 patients (60% males) with a mean age of 26.7 +/- 3.8 years who underwent ACLR with HT (n = 186) or QT (n = 188) autografts. Meta-analysis found there were no significant differences between those who underwent ACLR with either HT or QT autografts with respect to positive pivot-shift testing (risk ratio; 0.42, P = .42) and re-rupture rates (risk ratio; 1.03, P = .96). Similarly, there was no significant difference between the groups for all patient-reported outcome measures, namely International Knee Documentation Committee scores (MD; 0.00, P = .98) and Lysholm scores (MD; -0.21, P = .47) (MD; -0.18, P = .65). However, one study found a significant difference between the HT and QT groups with respect to donor site morbidity scores). CONCLUSIONS: Current Level I evidence suggests that there is no significant difference between ACLR with HT or QT autografts in re-rupture rates, clinical evaluation of laxity, or patient-reported outcomes measures in the short-term postoperatively. Although few RCTs reported specifically in relation to donor site morbidity, current literature suggests that QT autograft may potentially result in significantly lower occurrence of donor site morbidity scoring. LEVEL OF EVIDENCE: Level I, meta-analysis of Level I studies.",2026
3,41818333,2026 Mar 12,2026 Mar 12,J Bone Joint Surg Am,"['Vosoughi F', 'Younesian S', 'Mousavi SM', 'Shaker F', 'Menbari Oskouie I']",Menbari Oskouie I,Comparison of Autograft Types in Anterior Cruciate Ligament Reconstruction: A Systematic Review and Bayesian Network Meta-Analysis of Randomized Clinical Trials.,,,,['English'],0014030,0021-9355,1535-1386,['Journal Article'],PubMed - as supplied by publisher,aheadofprint,"['41818333', '10.2106/JBJS.25.01315', '00004623-990000000-01739']",10.2106/JBJS.25.01315,"['2026/03/12 18:53', '2026/03/12 18:53', '2026/03/12 14:04']",[],1,0,The Journal of bone and joint surgery. American volume,doi: 10.2106/JBJS.25.01315,2026 Mar 12;,"BACKGROUND: The literature regarding optimal autograft choice for anterior cruciate ligament (ACL) reconstruction (ACLR) remains inconclusive. This network meta-analysis (NMA) compares common autografts for primary ACLR. METHODS: PubMed, Scopus, Web of Science, and Embase were searched up to May 3, 2025, for randomized clinical trials (RCTs) on primary ACLR in adults that compared >/=2 of the following tendon autografts: 4-strand semitendinosus (4SST), 4-strand semitendinosus-gracilis (4SSTG), its 5-strand variant (5SSTG), bone-patellar tendon-bone (BPTB), quadriceps tendon with bone (QTB), and free quadriceps tendon (FQT). Outcomes analyzed in the NMA were the International Knee Documentation Committee (IKDC) subjective score, Lysholm score, Tegner Activity Scale, anteroposterior (instrumented) and rotational (pivot-shift) stability, and rerupture or revision ACLR rate. Autografts were ranked using surface under the cumulative ranking (SUCRA) values. RESULTS: A total of 44 RCTs with 3,491 patients were included in the NMA. With respect to the IKDC, QTB was statistically superior to BPTB (mean difference = 3.46, 95% credible interval [CrI]: 0.29 to 6.77), although the difference was likely not clinically meaningful. QTB ranked highest for the IKDC (SUCRA = 90.1%) and Tegner (SUCRA = 85.3%), while BPTB ranked lowest for the IKDC and Lysholm. With respect to knee laxity, QTB ranked second in anteroposterior and first in rotational stability, and it carried a significantly lower risk of a 2+ or higher pivot-shift than 4SST (risk ratio = 0.26, 95% CrI: 0.07 to 0.85). QTB was associated with a decreased risk of rerupture/revision compared with other autografts (SUCRA = 83.3%). CONCLUSIONS: Based on the autograft rankings, QTB was found to lead to improved functional, activity-related, and stability outcomes overall, while also reducing the risk of graft failure. LEVEL OF EVIDENCE: Therapeutic Level I. See Instructions for Authors for a complete description of levels of evidence.",2026
4,41812771,2026 Mar 9,2026 Mar 9,J ISAKOS,"['Khan ZA', 'Stålman A', 'Impieri L', 'Butt U', 'Vuletic F']",Vuletic F,Ten-year risk of graft re-rupture and contralateral anterior cruciate ligament injury after primary anterior cruciate ligament reconstruction: A systematic review and meta-analysis.,18,,101094,['English'],101680867,2059-7754,2059-7762,"['Journal Article', 'Review']",PubMed - as supplied by publisher,aheadofprint,"['41812771', '10.1016/j.jisako.2026.101094', 'S2059-7754(26)00030-1']",10.1016/j.jisako.2026.101094,"['2025/12/02 00:00', '2026/02/24 00:00', '2026/02/27 00:00', '2026/03/12 01:09', '2026/03/12 01:09', '2026/03/11 20:16']",[],1,0,Journal of ISAKOS : joint disorders & orthopaedic sports medicine,doi: 10.1016/j.jisako.2026.101094,2026 Mar 9;18:101094,"IMPORTANCE: The second anterior cruciate ligament (ACL) injury after ACL reconstruction is a well-known complication. Several studies have suggested that the risk of contralateral ACL injury is comparable to that of graft re-rupture. However, this comparison is not well established in previous reviews for studies with minimum five-year follow-up and mean ten-year outcomes. OBJECTIVE: This systematic review and meta-analysis aimed to evaluate the ten-year risk of graft re-rupture and contralateral ACL injury after primary ACL reconstruction and to assess the influence of graft type, return-to-sport, and other factors on second ACL injuries. EVIDENCE REVIEW: A systematic search was conducted across the Cochrane Database of Systematic Reviews, the Cochrane Central Register of Controlled Trials, PubMed, EMBASE, and Cochrane from 2000 to 2025. The literature search strategy included the following keywords: ""anterior cruciate ligament reconstruction,"" ""ACL reconstruction,"" ""graft rupture,"" ""graft failure,"" ""contralateral anterior cruciate ligament injury,"" and ""contralateral ACL injury."" All studies that compare the risk of re-rupture and contralateral ACL injuries after ACL reconstruction and with a follow-up of at least five years after ACL reconstruction were included. Exclusion criteria included case reports, reviews, studies using allografts or artificial ligaments, and multi-ligament injuries. FINDINGS: A total of 18 studies were included in this meta-analysis with 5,735 participants. The pooled rates of graft rupture and contralateral injuries were 11 % and 12 %, respectively, with no statistically significant difference (p = 0.421). The ipsilateral graft-rupture rate was higher in patients with hamstring tendon (HT) autografts compared with bone-patellar tendon-bone (BPTB) autografts, at 13.0 % and 7.74 %, respectively (odds ratio [OR] = 1.75, 95 % confidence interval [CI]: 1.33-2.31; p = 0.004). Younger age (<18 years) was identified as the most substantial risk factor, with patients under 18 years showing nearly a threefold increased risk of graft rupture (OR 2.22, 95 % CI: 1.16-4.23, p = 0.016). Age <18 years also conferred increased risk for contralateral injury (OR 1.87, 95 % CI: 1.32-2.65, p = 0.001). Return to sport (RTS) was achieved by 51 %-73 % of patients in the included studies. However, delaying RTSs did not result in a statistically significant reduction in the risk of reinjury. CONCLUSION AND RELEVANCE: Contralateral anterior cruciate ligament injuries and graft re-ruptures occurred at similar rates (12 % and 11 %, respectively, p = 0.421), which suggests that risk of second injury is similar between ipsilateral graft failure and contralateral anterior cruciate ligament injury. Therefore, second ACL injuries remain a crucial concern over extended follow-up periods (mean: 10.3 years), driven primarily by younger age, hamstring graft use, and participation in high-demand sports. LEVEL OF EVIDENCE: Level III.",2026
5,41756753,2026 Feb,2026 Feb 24,Orthop J Sports Med,"['Plain M', 'Hinz M', 'Kopolovich D', 'Dickinson NJ', 'Dornan GJ', 'Whalen RJ', 'Afetse E', 'Matthew T Provencher C']",Matthew T Provencher C,Proximal Tibiofibular Joint Instability: Outcomes After Combined Tibiofibular Joint and Lateral Collateral Ligament Reconstruction.,14,2,23259671251413274,['English'],101620522,2325-9671,2325-9671,['Journal Article'],PubMed,,"['41756753', 'PMC12932870', 'pmc-id: PMC12932870;', '10.1177/23259671251413274', '10.1177_23259671251413274']",10.1177/23259671251413274,"['2025/11/03 00:00', '2025/12/07 00:00', '2026/02/27 06:32', '2026/02/27 06:31', '2026/02/27 05:03', '2026/02/24 00:00']",[],1,23,Orthopaedic journal of sports medicine,doi: 10.1177/23259671251413274,2026 Feb;14(2):23259671251413274,"BACKGROUND: Proximal tibiofibular joint (PTFJ) instability is a relatively rare clinical condition, and the establishment of an evidence-based standard of care remains an ongoing challenge because of its low incidence in the literature. Current reports in the literature focus on isolated PTFJ reconstruction, and there remains to be any report on outcomes of PTFJ reconstruction performed concurrently with procedures for associated knee injuries, such as lateral collateral ligament (LCL) insufficiency coupled with tibiofibular instability. PURPOSE: To assess subjective and clinical outcomes after combined reconstruction of the LCL and PTFJ utilizing a semitendinosus allograft in the setting of anterior PTFJ instability and concomitant knee injuries requiring additional procedures. STUDY DESIGN: Case series; Level of evidence, 4. METHODS: A retrospective review was conducted on consecutive patients who underwent anatomic PTFJ reconstruction utilizing a semitendinosus allograft from 2016 to 2021, with a >/=2-year follow-up. Exclusion criteria included ipsilateral concomitant lower extremity fracture, prior knee surgery, previous diagnosis of connective tissue disorder, and postoperative follow-up <2 years. Clinical outcomes were measured by PROs (return to function, return to play, International Knee Documentation Committee [IKDC], Single Assessment Numeric Evaluation score, Lysholm score, 12-item Short Form Health Survey, and range of motion), radiographic parameters, and subjective outcome measures obtained through a retrospective chart review, as well as a patient outcomes questionnaire. RESULTS: Between August 2016 and November 2021, 29 patients underwent combined PTFJ and LCL reconstruction by the senior author. Of these, 25 patients (86%) met inclusion criteria and had a mean follow-up of 4.3 +/- 2.1 years. Concomitant procedures were performed in 20 patients (80%), including anterior cruciate ligament reconstruction (48%), PCL reconstruction or repair (12%), and meniscal procedures (52%). Significant improvements were observed in patient-reported outcome measures, including the Lysholm score (preoperatively: median, 49 [IQR, 30-56]; follow-up: median, 95 [IQR, 76-95]; P < .001), IKDC (preoperatively: median, 34 [IQR, 18-54]; follow-up: median, 83 [IQR, 72-95]; P < .001), and Western Ontario and McMaster Universities Osteoarthritis Index total score (preoperatively: median, 36 [IQR, 21-49]; follow-up: median, 2 [IQR, 0-7]; P < .001). No patients required revision surgery related to the combined reconstruction. Sporting activity level remained high at follow-up (Tegner Activity Scale: median, 6.0 [IQR, 3.0-7.0]). CONCLUSION: Favorable outcomes can be expected after combined LCL and PTFJ reconstruction utilizing a semitendinosus allograft, even when performed alongside other procedures for concomitant injuries.",2026
6,41733021,2026 Feb 24,2026 Feb 24,Am J Sports Med,"['Petit CB', 'Hussain ZB', 'Read PJ', 'McPherson AL', 'Pradip K', 'Petushek EJ', 'White MS', 'Xerogeanes JW', 'Lamplot JD', 'Myer GD', 'Montalvo AM']",Montalvo AM,"Graft Failure Rates in Bone-Patellar Tendon-Bone, Hamstring, and Quadriceps Tendon Autografts in Patients Younger Than 25 Years: A Meta-analysis.",,,3635465261415842,['English'],7609541,0363-5465,1552-3365,['Journal Article'],PubMed - as supplied by publisher,aheadofprint,"['41733021', '10.1177/03635465261415842']",10.1177/03635465261415842,"['2026/02/24 18:46', '2026/02/24 18:46', '2026/02/24 06:23']",[],1,0,The American journal of sports medicine,doi: 10.1177/03635465261415842,2026 Feb 24;:3635465261415842,"BACKGROUND: Anterior cruciate ligament reconstruction (ACLR) is being increasingly performed in part because of higher injury rates among young athletes (</=25 years). High allograft failure rates support the use of autograft for ACLR in young patients. However, data examining the failure rates of the different autografts used in this population are lacking. PURPOSE: The purpose of this study was to compare graft failure rates among bone-patellar tendon-bone (BPTB), hamstring tendon (HT), and quadriceps tendon (QT) autografts in patients </=25 years old. The secondary aim was to stratify graft failure by potential modifiers, including sex, mean follow-up, time to graft rupture, and concomitant meniscal surgery. STUDY DESIGN: Systematic review and meta-analysis; Level of evidence, 4. METHODS: Studies were included that reported anterior cruciate ligament graft (BPTB, HT, QT) reinjury rates in patients </=25 years old with a minimum 24 months of follow-up. Studies were excluded if they examined revision ACLR, allograft ACLR, allograft augmentation ACLR, or concomitant lateral extra-articular tenodesis or if they failed to report reinjury rates by graft type and young age (</=25 years). RESULTS: This review included 46 studies comprising 10,624 patients (HT: n = 6090, 47.0% female, 54.5-month mean follow-up; BPTB: n = 3990, 63.0% female, 63.6-month mean follow-up; QT: n = 544, 40.3% female, 41.6-month mean follow-up). HT exhibited the highest failure rate at 11.1% (95% CI, 8.8%-13.9%). Failure rates for BPTB and QT were 5.1% (95% CI, 3.5%-7.2%) and 2.5% (95% CI, 0.5%-11.2%), respectively. HT had a significantly higher failure rate than BPTB (Q = 13.1; P < .001). There were no significant differences in failure rates between HT and QT (Q = 3.7; P = .06) or between BPTB and QT (Q = 0.8; P = .4). Males and females had a similar risk of graft failure regardless of graft type. CONCLUSION: The results of this meta-analysis suggest that HT grafts are not the optimal choice for young patients undergoing ACLR. Instead, these patients should consider BPTB to reduce the risk of graft failure. Further research including randomized controlled trials with larger sample sizes are required to determine how QT grafts compare with BPTB grafts in this population.",2026
7,41658706,2026 Jan,2026 Jan 6,Cureus,"['Muscat K', 'Calleja J']",Calleja J,Hamstring Tendon vs. Bone-Patellar Tendon-Bone Grafts for Primary Anterior Cruciate Ligament Reconstruction in Football (Soccer) Players: A Systematic Review and Meta-Analysis.,18,1,e100912,['English'],101596737,2168-8184,2168-8184,"['Journal Article', 'Review']",PubMed,,"['41658706', 'PMC12874929', 'pmc-id: PMC12874929;', '10.7759/cureus.100912']",10.7759/cureus.100912,"['2026/01/04 00:00', '2026/02/09 12:54', '2026/02/09 12:53', '2026/02/09 06:46', '2026/01/06 00:00']",[],1,24,Cureus,doi: 10.7759/cureus.100912,2026 Jan;18(1):e100912,"Anterior cruciate ligament (ACL) rupture is a common and career-impacting injury among football players, often requiring surgical reconstruction. The two most commonly used grafts, hamstring tendon (HT) and bone-patellar tendon-bone (BPTB), have both shown favorable outcomes, but the optimal choice remains debated. This systematic review aimed to evaluate and compare outcomes of ACL reconstruction using HT vs. BPTB autografts specifically in football players. A systematic literature search was conducted across PubMed, Cochrane Library, and MEDLINE databases from inception to January 2025. Eligible studies included randomized controlled trials and observational cohort or case-control studies comparing HT and BPTB autografts in football players undergoing primary ACL reconstruction. The primary outcome was graft failure rate. Secondary outcomes included return to sport, isokinetic muscle strength, patient-reported outcome measures (PROMs), donor-site morbidity, and knee stability. Meta-analyses were performed for outcomes reported in >/=2 studies with statistical heterogeneity (I(2)) </= 60%. Outcomes with high heterogeneity or limited reporting were summarized narratively using the Synthesis Without Meta-analysis (SWiM) guidelines. Risk of bias was assessed using the Risk of Bias 2 (RoB2) and Risk of Bias in Non-Randomized Studies of Interventions Version 2 (ROBINS-I V2) tools. Nine studies with 1,173 participants met the inclusion criteria. Meta-analysis of five studies (n = 1,013) showed no statistically significant difference in graft failure rates between the graft types (HT: 7.88%, BPTB: 6.34%, OR = 1.46, 95% CI: 0.80-2.67, p = 0.22). Return-to-sport rates were also comparable between graft types. Evidence for secondary outcomes was limited. Meta-analysis of extensor strength, based on two studies and heavily weighted toward a single trial, suggested greater strength following HT reconstruction, while flexor strength and donor-site morbidity findings were derived from single studies. PROMs and knee stability outcomes showed no consistent differences. Risk of bias was moderate to serious in most observational studies. This systematic review and meta-analysis found no clear superiority between HT and BPTB grafts in terms of failure rates, return to sport, or stability outcomes in football players. In contrast, evidence regarding muscle strength recovery and donor-site morbidity remains limited and preliminary. These secondary findings should be interpreted cautiously, highlighting the need for further high-quality, football-specific trials.",2026
8,41476403,2026 Jan,2026 Jan 1,Am J Sports Med,"['Han JH', 'Jung M', 'Chung K', 'Moon HS', 'Jung SH', 'Kim SH']",Kim SH,Clinical Outcomes of Platelet-Rich Plasma Augmentation in Anterior Cruciate Ligament Reconstruction Using Hamstring Tendon Autografts: A Systematic Review and Meta-analysis of Randomized Controlled Trials.,54,1,190-198,['English'],7609541,0363-5465,1552-3365,"['Journal Article', 'Systematic Review', 'Meta-Analysis']",PubMed - indexed for MEDLINE,ppublish+epublish,"['41476403', '10.1177/03635465251337766']",10.1177/03635465251337766,"['2026/01/01 07:38', '2026/01/01 07:37', '2026/01/01 03:03']",[],1,0,The American journal of sports medicine,doi: 10.1177/03635465251337766,2026 Jan;54(1):190-198,"BACKGROUND: Anterior cruciate ligament reconstruction (ACLR) with hamstring tendon (HT) autograft is a common procedure for which interest is increasing regarding the use of platelet-rich plasma (PRP) to enhance surgical outcomes. PURPOSE: To systematically review the effect of PRP augmentation on the clinical outcomes of ACLR using HT autografts through a meta-analysis of randomized controlled trials (RCTs). STUDY DESIGN: Meta-analysis; Level of evidence, 2. METHODS: The PubMed, Embase, Cochrane Library, and Google Scholar databases were comprehensively searched for articles published up until November 1, 2024. The inclusion criteria were RCTs that reported clinical outcomes of patients undergoing ACLR with HT autografts involving PRP augmentation. The methodological quality of the selected studies was assessed using the Cochrane Collaboration's risk-of-bias tool. RESULTS: Among 1722 studies initially identified across databases, 11 studies with 583 patients were included in the analysis. The results of the meta-analysis indicated that PRP significantly improved residual anterior-posterior laxity at 3 months (mean difference [MD], -1.12; 95% CI, -1.64 to -0.60; P < .001) and 6 months (MD, -2.00; 95% CI, -3.17 to -0.83; P < .001) but not at 12 months (MD, 0.03; 95% CI, -0.31 to 0.38; P = .847). The Lysholm score did not differ significantly between the PRP and control groups at 3 months (MD, 0.34; 95% CI, -1.20 to 1.87; P = .666), 6 months (MD, -3.35; 95% CI, -10.68 to 3.98; P = .370), or 12 months (MD, 0.73; 95% CI, -1.41 to 2.88; P = .502). No significant heterogeneity was observed in any meta-analysis. CONCLUSION: PRP augmentation in ACLR using HT autografts showed potential short-term benefits including reduced residual anterior-posterior laxity and improved radiological findings. However, these effects were not sustained in the long term, and no significant differences in patient-reported outcomes were observed over time.",2026
9,41221329,2025,2025 Oct 24,Ann Jt,"['Hauer TM', 'Herman ZJ', 'Cunningham M', 'Fisch A', 'Hughes JD']",Hughes JD,Considerations in revision of anterior cruciate ligament reconstruction in the high-level athlete.,10,,39,['English'],101711195,,2415-6809,"['Journal Article', 'Review']",PubMed,,"['41221329', 'PMC12598426', 'pmc-id: PMC12598426;', '10.21037/aoj-25-25', 'aoj-10-39']",10.21037/aoj-25-25,"['2025/04/22 00:00', '2025/08/15 00:00', '2025/11/12 06:32', '2025/11/12 06:31', '2025/11/12 04:34', '2025/10/24 00:00']",[],1,72,Annals of joint,doi: 10.21037/aoj-25-25,2025;10:39,"Anterior cruciate ligament (ACL) graft failure following ACL reconstruction (ACLR) remains a persistent challenge, especially in the high-level athlete. This review aims to provide a comprehensive overview of the key considerations in revision ACLR, with a particular focus on the high-level athlete. ACL graft failure is multifactorial in origin, with the most common technical error being femoral tunnel malposition. Preoperative evaluation should include a thorough history, physical examination, and advanced imaging such as magnetic resonance imaging and three-dimensional (3D) computed tomography (CT) to assess tunnel position, osteolysis, and associated intra-articular pathology. Concomitant injuries, including meniscal tears and collateral ligament insufficiencies, must be identified and appropriately addressed during revision surgery. Surgical planning must consider prior ACL graft choice, ACL tunnel position, and the potential need for a staged procedure. ACL graft selection should be individualized, though autografts, particularly bone-patellar tendon-bone (BPTB) and quadriceps tendon (QT), are preferred over hamstring tendon (HT) or allograft due to superior outcomes. The decision to perform a single-stage versus two-stage revision is influenced by tunnel placement and tunnel lysis, with a CT scan aiding in preoperative planning. Adjunctive procedures such as a lateral extra-articular tenodesis (LET) or anterolateral ligament (ALL) reconstruction may be considered when certain high-risk characteristics are present, such as young age, knee hyperextension >5 degrees, high-grade pivot shift, multiple revisions, and increased posterior tibial slope (PTS) not meeting criteria for slope-correcting osteotomy. Additionally, slope-reducing or coronal alignment-correcting osteotomies may be necessary in select cases to optimize knee biomechanics and prevent further failure, but literature regarding return to high-level sport following these procedures is limited. Return to sport (RTS) following revision ACLR should be approached as a continuum, incorporating strength, neuromuscular control, and psychological readiness, with emphasis on individualized, criteria-based protocols. Delaying RTS to at least 9 months postoperatively has been associated with reduced ACL graft failure risk. Overall, revision ACLR in the high-level athlete is a complex and nuanced procedure that requires a meticulous, multifactorial approach. By tailoring surgical strategies and postoperative rehabilitation, surgeons can optimize outcomes and facilitate a safe return to competitive sport.",2025
10,41000449,2025 Jul,2025 Sep 24,J Exp Orthop,"['Elias J', 'Kaplan M', 'Bickford M', 'Oliver T', 'Shah K', 'Ford E', 'McMillan S']",McMillan S,Superior long-term stability and function associated with femoral cortical button versus interference screw fixation in ACL reconstruction: A systematic review and meta-analysis.,12,3,e70439,['English'],101653750,2197-1153,2197-1153,"['Journal Article', 'Review']",PubMed,,"['41000449', 'PMC12457721', 'pmc-id: PMC12457721;', '10.1002/jeo2.70439', 'JEO270439']",10.1002/jeo2.70439,"['2025/05/27 00:00', '2025/08/11 00:00', '2025/08/15 00:00', '2025/09/26 06:31', '2025/09/26 06:30', '2025/09/26 05:30', '2025/09/24 00:00']",[],1,35,Journal of experimental orthopaedics,doi: 10.1002/jeo2.70439,2025 Jul;12(3):e70439,"PURPOSE: There are two main methods of femoral graft fixation during anterior cruciate ligament reconstruction (ACLR): cortical button (CB) and interference screws (IS). Each fixation yields its own unique outcomes; however, there is yet to be an established gold standard. We seek to compare femoral CB to IS fixation in ACLR using all soft-tissue, autograft hamstring grafts. We hypothesise that there will be no significant differences between the two methods. METHODS: A systematic review and meta-analysis were conducted following the 2020 PRISMA guidelines. PubMed, Cochrane, Embase, Web of Science and Scopus were screened for potential randomised studies. The studies must have utilised both the semitendinosus and gracilis, and utilised either metallic or bioabsorbable IS, or fixed or adjustable loop CB fixation on femoral fixation. All studies in both groups must have used interference screws on the tibial side. The 2-year follow-up analysed KT-1000 side-to-side differences, while the 5-10 year follow-up compared Lysholm and Tegner scores. RESULTS: A total of 12 randomised studies were included in the final systematic review, providing an evaluation of 583 distinct patients. Two of the studies were excluded from the meta-analysis, due to not providing pre- and post-operative means and standard deviations. At 2-year and 5-10 year follow-ups, the mean ages were 30.5 +/- 8.7 and 30.2 +/- 8.1, respectively. Analysis of the 2-year follow-up favour of CB (p = 0.01) in regards to the reduction in KT-1000 side-to-side differences. Analysis of the 5-10 year follow-up revealed favour of CB in regards to the Lysholm Score (p < 0.01), and the Tegner Score (p < 0.01). CONCLUSIONS: At 2-years postoperatively, femoral fixation utilising cortical buttons portrayed less knee laxity than interference screws. At the 5-10 year follow-up, cortical buttons yielded more sports and work-related activity, less pain, and overall greater function than did the interference screws. LEVEL OF EVIDENCE: Level II.",2025
11,40995415,2025 Sep,2025 Sep 22,Orthop J Sports Med,"['Tartibi S', 'Knapik DM', 'Pierson SR', 'Bozorgmehr CK', 'Touhey DC', 'Matava MJ', 'Smith MV', 'Brophy RH']",Brophy RH,Global Variations in Surgical Techniques for Primary Anterior Cruciate Ligament Reconstruction at Minimum 2-Year Follow-up: A Systematic Review of Randomized Clinical Trials.,13,9,23259671251376574,['English'],101620522,2325-9671,2325-9671,['Journal Article'],PubMed,,"['40995415', 'PMC12454979', 'pmc-id: PMC12454979;', '10.1177/23259671251376574', '10.1177_23259671251376574']",10.1177/23259671251376574,"['2025/05/15 00:00', '2025/07/01 00:00', '2025/09/25 06:29', '2025/09/25 06:28', '2025/09/25 05:11', '2025/09/22 00:00']",[],1,205,Orthopaedic journal of sports medicine,doi: 10.1177/23259671251376574,2025 Sep;13(9):23259671251376574,"BACKGROUND: Regional differences in primary anterior cruciate ligament (ACL) reconstruction (ACLR) remain largely unknown. PURPOSE: To systematically review the literature examining Level 1 and Level 2 studies to identify global differences in surgical techniques associated with primary ACLR. STUDY DESIGN: Scoping review; Level of evidence, 1. METHODS: A literature search was conducted following the 2020 PRISMA (Preferred Reporting Items for Systematic Reviews and Meta-Analyses) guidelines using keywords and Boolean phrases in Embase, Cochrane, and PubMed on October 25, 2024. A total of 741 articles were identified. The inclusion criteria were as follows: Level 1 and Level 2 human studies reporting on primary ACLR, with a minimum 2-year follow-up. Studies were categorized into 3 regions (Europe, Asia, and North America), and patient characteristics, surgical details, and graft failure/revision rates were compared between regions using parametric/nonparametric tests. RESULTS: In the 141 studies (n = 11,048 patients) identified, the mean patient age of 28.9 years (range, 13-79 years) and the follow-up of 53.8 months (range, 24-252 months) did not differ by region. Hamstring tendon (HT) autograft use was associated with Asian studies, while bone-patellar tendon-bone (BPTB) and quadriceps tendon (QT) autograft use were associated with European and North American studies. Suspensory fixation was the most common femoral fixation method (n/N = 4605/10,403 patients; 44%), associated with use in Asian studies and with HT autografts, whereas bioabsorbable screws were the most common overall method of tibial fixation (n/N = 4470/10,235 patients; 44%). Graft failure (n/N = 399/8314; 4.8%) was reported less often in Asian than in North American studies. Revision surgery (n/N = 222/6065; 3.7%) was reported less often in Asian than European and North American studies. CONCLUSION: Our study demonstrated that European and North American studies were associated with BPTB and QT autografts, whereas studies from Asia were associated with HT autografts. Femoral suspensory fixation and tibial bioabsorbable screw were most commonly reported. Graft failure and revision rates were broadly similar between regions. These findings suggest potential cultural and training differences worldwide to improve patient treatment outcomes.",2025
12,40980562,2025 Sep,2025 Sep 17,Orthop J Sports Med,"['Kumar K', 'Rao V', 'Panda AK', 'Joshi D']",Joshi D,Peroneus Longus Tendon Versus Hamstring Tendon Autograft for Primary Anterior Cruciate Ligament Reconstruction: A Systematic Review and Meta-analysis of Comparative Studies.,13,9,23259671251374313,['English'],101620522,2325-9671,2325-9671,"['Journal Article', 'Review']",PubMed,,"['40980562', 'PMC12444037', 'pmc-id: PMC12444037;', '10.1177/23259671251374313', '10.1177_23259671251374313']",10.1177/23259671251374313,"['2025/04/10 00:00', '2025/05/06 00:00', '2025/09/22 12:47', '2025/09/22 12:46', '2025/09/22 08:26', '2025/09/17 00:00']",[],1,48,Orthopaedic journal of sports medicine,doi: 10.1177/23259671251374313,2025 Sep;13(9):23259671251374313,"BACKGROUND: Anterior cruciate ligament reconstruction (ACLR) is a common orthopaedic procedure for which various graft options can be used. This systematic review and meta-analysis aimed to compare the efficacy of the peroneus longus tendon (PLT) and hamstring tendon (HT) autografts for primary ACLR. HYPOTHESIS: There would be no significant difference in patient outcomes between PLT and HT autografts in ACLR. STUDY DESIGN: Systematic review; Level of evidence, 3. METHODS: Adhering to the PRISMA (Preferred Reporting Items for Systematic Reviews and Meta-Analyses) guidelines, a thorough literature search was conducted on February 10, 2024, across the PubMed, Cochrane CENTRAL, and Scopus databases. The aim was to identify comparative studies investigating the effectiveness of PLT and HT autografts for primary ACLR. The initial literature search retrieved 96 studies. Ten studies met the eligibility criteria for inclusion. Data analysis was performed using RevMan Version 5.4.1. Functional scores, graft characteristics, donor site morbidity, and failure rates were compared. RESULTS: Ten studies involving 949 patients were included. Both the PLT and HT groups showed comparable functional outcomes, knee stability, and graft failure rates. PLT autografts demonstrated a larger mean graft diameter (8.63 mm vs 8.08 mm) and lower incidence of donor site morbidity (7.48% vs 22.01%) than HT autografts. There was a statistically significant mean difference (MD) favoring PLT autografts in the modified Cincinnati score (MD, 3.33; 95% CI, 1.84 to 4.81; P < .0001) and thigh circumference (MD, -7.62 mm; 95% CI, -8.90 to -6.33; P < .00001). CONCLUSION: This review showed that both PLT and HT autografts are effective options for primary ACLR, with similar functional outcomes and knee stability. PLT autografts offer advantages in terms of graft diameter and donor site morbidity. Further research is warranted to confirm these findings and guide clinical decision-making in ACLR practice.",2025
13,40759184,2025 Oct,2025 Aug 5,J ISAKOS,"['Conteduca J', 'Carrozzo A', 'Giaracuni M', 'Pichierri P', 'Longo D', 'Rollo G']",Rollo G,Revision anterior cruciate ligament reconstruction in patients with high-grade anterolateral knee instability combined with modified Lemaire tenodesis using soft anchor fixation: Clinical and radiographic outcomes at two-year follow-up.,14,,100938,['English'],101680867,2059-7754,2059-7762,['Journal Article'],PubMed - indexed for MEDLINE,ppublish+epublish,"['40759184', '10.1016/j.jisako.2025.100938', 'S2059-7754(25)00555-3']",10.1016/j.jisako.2025.100938,"['2025/01/19 00:00', '2025/07/23 00:00', '2025/07/26 00:00', '2025/10/24 00:26', '2025/08/05 00:29', '2025/08/04 19:33']",[],1,0,Journal of ISAKOS : joint disorders & orthopaedic sports medicine,doi: 10.1016/j.jisako.2025.100938,2025 Oct;14:100938,"INTRODUCTION/OBJECTIVES: In recent years, the number of primary anterior cruciate ligament reconstructions (ACLRs) has increased, accompanied by an increase in revision anterior cruciate ligament reconstructions (RACLRs). Residual anterolateral knee instability has been identified as a major contributor to graft failure. Consequently, lateral extra-articular procedures (LEAPs), particularly modified Lemaire tenodesis, have gained interest in the management of high-grade anterolateral rotational instability in RACLR. The aim of this study was to evaluate the clinical outcomes of patients undergoing combined RACLR and modified Lemaire tenodesis with soft anchor fixation. The hypothesis was that this fixation could lead to good results in terms of clinical outcomes at a minimum follow-up of two years. METHODS: A retrospective review of consecutive patients with failed primary ACLR and high-grade anterolateral rotational instability (side-to-side difference >5 ​mm, pivot shift >/=2+) was performed. All patients underwent an outside-in femoral tunnel technique for doubled semitendinosus and gracilis tendon ACLR, and a 2.6-mm knotless suture anchor was used for Lemaire fixation. Postoperative rehabilitation allowed for immediate weight bearing and progressive range of motion. Patients were evaluated clinically and radiographically at 3 and 6 weeks and at 3, 6, 12, and 24 months. Outcome measures included Lachman and pivot-shift tests, Rolimeter measurements, Tegner Activity Scale, Lysholm score, and subjective and objective International Knee Documentation Committee (IKDC) scores. Also, radiographic analysis was performed at the last follow-up. RESULTS: The final population comprised 15 patients. At a minimum of 2 years' follow-up, one patient (6.6%) experienced graft failure. Most patients (10/15) achieved normal (Grade A) IKDC objective scores, with significant improvements in side-to-side differences and patient-reported outcomes. No intraoperative tunnel convergence was observed, and no additional hardware removal or reoperation was required. CONCLUSIONS: A combined RACLR with modified Lemaire extra-articular tenodesis using soft anchor fixation provided favorable clinical and radiographic results in patients with high-grade anterolateral rotatory knee instability without significant complications. LEVEL OF EVIDENCE: IV.",2025
14,40737888,2025 Oct,2025 Jul 29,Knee,"['Mostafa OES', 'Tahir M', 'Alkhatib L', 'Meena A', 'de Sa D', 'Mughal E', ""D'Alessandro P"", 'Nicolaou N', 'Malik SS']",Malik SS,Clinical outcomes of quadrupled hamstring tendon use for anterior cruciate ligament reconstruction in the paediatric population: A systematic review.,56,,609-617,['English'],9430798,0968-0160,1873-5800,"['Journal Article', 'Systematic Review']",PubMed - indexed for MEDLINE,ppublish+epublish,"['40737888', '10.1016/j.knee.2025.07.006', 'S0968-0160(25)00185-1']",10.1016/j.knee.2025.07.006,"['2025/01/09 00:00', '2025/06/29 00:00', '2025/07/08 00:00', '2025/09/18 00:30', '2025/07/31 00:29', '2025/07/30 18:11']",[],1,0,The Knee,doi: 10.1016/j.knee.2025.07.006,2025 Oct;56:609-617,"BACKGROUND: This study aimed to perform a systematic review to assess complication rates and clinical outcomes after use of quadrupled hamstring tendon graft for anterior cruciate ligament reconstruction (ACLR) in the paediatric population. METHODS: A systematic literature search was conducted following PRISMA guidelines and registered prospectively. Comparative and non-comparative studies that explicitly used quadrupled hamstring tendon for ACLR in skeletally immature patients were included. Patient-reported outcome measures, radiographic measurements and functional outcomes were reviewed. Quality assessment was performed using the Newcastle Ottawa Score. RESULTS: Thirty-four studies met the eligibility criteria with 1384 patients. The mean age was 13.5 years with 47.3 % males and mean follow up of 44.2 months. The overall complication rate was 14.2 %, graft failure was 6.5 % and revision surgery was 2.6 %. The mean postoperative Lysholm score was 93.0, the Tegner score was 7.3, and the IKDC score was 91.4. Return to activity was 88 %. The mean KT-1000 was 1.59 mm. The mean postoperative mLDFA was 91.0 degrees , mMPTA was 87.2 degrees  and femorotibial angle was 2.59 degrees . CONCLUSION: Quadrupled hamstring tendon graft in ACLR offers good to excellent patient reported outcomes and low incidence of growth arrest. The graft re-rupture rate is up to 6.5%.",2025
15,40734172,2025 Jul 29,2025 Jul 29,J Orthop Surg Res,"['Opoku M', 'Abdramane AM', 'Abdirahman A', 'Fang M', 'Li Y', 'Xiao W']",Xiao W,Can peroneus longus tendon autograft become an alternative to hamstring tendon autograft for anterior cruciate ligament reconstruction: a systematic review and meta-analysis of comparative studies.,20,1,719,['English'],101265112,,1749-799X,"['Journal Article', 'Systematic Review', 'Meta-Analysis', 'Comparative Study']",PubMed - indexed for MEDLINE,epublish,"['40734172', 'PMC12308993', 'pmc-id: PMC12308993;', '10.1186/s13018-025-06080-9', '10.1186/s13018-025-06080-9']",10.1186/s13018-025-06080-9,"['2025/05/25 00:00', '2025/07/01 00:00', '2025/07/30 06:31', '2025/07/30 06:30', '2025/07/30 01:20', '2025/07/29 00:00']",[],1,88,Journal of orthopaedic surgery and research,doi: 10.1186/s13018-025-06080-9,2025 Jul 29;20(1):719,"PURPOSE: To perform a meta-analysis to compare and critically evaluate the short and medium-term clinical outcomes of peroneus longus tendon autograft and hamstring tendon autograft in anterior cruciate ligament (ACL) reconstruction. The study further evaluates the viability of the PLT autograft as a non-inferior alternative to the conventional HT autograft. METHOD: We independently searched the following electronic databases: PubMed, Cochrane Library, Embase, and Web of Science for all relevant articles from inception to March 2025, in only the English language. Clinical outcomes included: IKDC score, Lysholm score, Tegner score, Tegner-Lysholm score, Visual-Analog-Scale (VAS) score, American Orthopaedic Foot and Ankle Society (AOFAS) score, Modified Cincinnati score, graft diameter, thigh circumference, graft harvest time, Knee laxity & stability (Lachman test, Pivot Shift test, and Anterior Drawer test), and Donor-site morbidity. Funnel plots were used to detect publication bias. All statistical analysis was performed using R (version 4.1.3). RESULTS: A total of 25 studies, 9 RCTs, and 16 cohort studies containing 1944 patients were included in this analysis. No statistically significant differences were observed between PLT and HT autografts in functional outcomes, including Tegner scores, Lysholm scores, Tegner-Lysholm scores, VAS scores, or objective measures of knee stability and laxity across all follow-up periods. Notably, the PLT group demonstrated superior outcomes compared to the HT group, including significantly larger graft diameter, reduced graft harvesting time, improved Modified Cincinnati Scores at both 12- and 24-month follow-ups, and lower donor-site morbidity rates. Despite significantly higher IKDC scores in the PLT group at 6 months postoperatively, no significant differences were observed at 12-, and 18, 24, or 36-month follow-up. Conversely, PLT groups had slightly lower AOFAS scores at 12 or 24 months follow-up than the HT group. CONCLUSION: The PLT autograft demonstrates comparable clinical outcomes to HT autograft in ACL reconstruction while offering distinct advantages, including significantly larger graft diameter, reduced harvest time, and lower donor-site morbidity. These benefits, coupled with equivalent postoperative functional results, position the PLT autograft as a promising alternative to traditional HT autograft. Long-term follow-up and higher-quality studies are needed to support our results and further investigate the differences between PLT autograft and HT autograft. LEVEL OF EVIDENCE: Level III.",2025
16,40679231,2025 Jul 18,2025 Jul 18,Knee Surg Sports Traumatol Arthrosc,"['White T', 'Castro M', 'Antonio L', 'Hing W', 'Tudor F', 'Sattler L']",Sattler L,"Quadriceps, hamstring and patella tendon autografts for primary anterior cruciate ligament reconstruction demonstrate similar clinical outcomes, including graft failure, joint laxity and complications: A systematic review with meta-analysis of randomised controlled trials.",,,,['English'],9314730,0942-2056,1433-7347,"['Journal Article', 'Review']",PubMed - as supplied by publisher,aheadofprint,"['40679231', '10.1002/ksa.12755']",10.1002/ksa.12755,"['2025/05/20 00:00', '2025/02/19 00:00', '2025/05/22 00:00', '2025/07/18 12:30', '2025/07/18 12:30', '2025/07/18 08:42']",[],1,0,"Knee surgery, sports traumatology, arthroscopy : official journal of the ESSKA",doi: 10.1002/ksa.12755,2025 Jul 18;,"PURPOSE: Graft failure following anterior cruciate ligament reconstruction (ACLR) remains a significant challenge, driving discussion for optimal graft choice. Traditionally, hamstring tendon (HT) and bone-patella tendon-bone (BPTB) autografts have been favoured for ACLR. Recently, quadriceps tendon (QT) usage has increased. This systematic review with meta-analysis aims to investigate the available evidence for QT compared to HT and BPTB autografts in terms of graft failure, clinical outcomes, functional outcomes and patient-reported outcome measures (PROMs). METHODS: Five databases (PubMed, Cochrane, Embase, SPORTDiscus and CINAHL) were searched to identify randomised controlled trials comparing QT versus HT or BPTB autografts. Outcomes included graft failure, donor site morbidity, complications, reoperations, clinical measures, functional outcomes, and PROMs. Risk of bias was assessed using the Cochrane risk-of-bias tool (RoB2). Meta-analysis using a random effects model was conducted to determine the pooled risk ratio (RR) or mean difference (MD) with 95% confidence intervals (CIs), and certainty of evidence was evaluated via the GRADE approach. RESULTS: Twelve RCTs consisting of 636 patients were included. Meta-analysis revealed no differences in graft failure rates (RR = 1.00; 95% CI = 0.97-1.04; p = 0.83; I(2) = 0%; high certainty). QT autografts demonstrated lower donor site morbidity when compared to HT and BPTB autografts (RR = 1.45; 95% CI = 1.24-1.70; p < 0.001; I(2) = 0%; high certainty). No differences were observed in joint laxity or PROM scores at 12 and 24 months, except for Knee injury and Osteoarthritis Outcome Score favouring HT and BPTB at 12 months (RR = 2.49; 95% CI = -4.69 to -0.28; p = 0.03; I(2) = 0%; very low certainty). CONCLUSION: QT autografts have similar outcomes for graft failure, laxity and PROMs compared to HT and BPTB; however, QT autografts may have lower donor site morbidity. While each graft type is associated with specific complications and post-operative strength deficits, all three remain viable options for ACLR. LEVEL OF EVIDENCE: Level I, systematic review of Level I randomised controlled studies.",2025
17,40297074,2025 Apr,2024 Nov 5,Arthrosc Sports Med Rehabil,"['Dave U', 'Villarreal-Espinosa JB', 'Shah H', 'Cotter EJ', 'Gómez-Verdejo F', 'Carpenter M', 'Gerhold C', 'Mamonov A', 'Chahla J', 'Verma NN']",Verma NN,"Patients Have Similar Clinical Outcomes and Failure Rates After Anterior Cruciate Ligament Reconstruction With Tibialis Anterior Tendon, Bone-Patellar Tendon-Bone, Hamstring Tendon, or Achilles Tendon Allografts: A Systematic Review.",7,2,101035,['English'],101765256,,2666-061X,"['Journal Article', 'Review']",PubMed,,"['40297074', 'PMC12034080', 'pmc-id: PMC12034080;', '10.1016/j.asmr.2024.101035', 'S2666-061X(24)00178-0']",10.1016/j.asmr.2024.101035,"['2024/07/09 00:00', '2024/10/17 00:00', '2025/04/29 11:13', '2025/04/29 11:12', '2025/04/29 04:56', '2024/11/05 00:00']",[],1,38,"Arthroscopy, sports medicine, and rehabilitation",doi: 10.1016/j.asmr.2024.101035,2025 Apr;7(2):101035,"PURPOSE: To compare postoperative outcomes and functionality in patients who undergo primary allograft anterior cruciate ligament reconstruction (ACLR) with tibialis anterior (TA) tendon, bone-patellar tendon-bone (BPTB), hamstring tendon (HT), and Achilles tendon allografts. METHODS: In April 2024, a comprehensive search of the PubMed, Embase, and Cochrane Library databases was performed in accordance with Preferred Reporting Items for Systematic Reviews and Meta-analyses guidelines. Studies were included if they evaluated primary ACLR using allograft, were prospective randomized controlled trials or retrospective studies, compared outcomes in patients undergoing primary ACLR with different allograft types, and were published between 2000 and 2024. Data collection included patient demographic characteristics, graft type, activity level, drilling technique, concomitant and augmentation procedures, patient-reported outcome measures, complications, and graft rerupture rates. Pooling of data was avoided, and qualitative data comparison was conducted. RESULTS: The initial search identified 957 studies, 7 of which were included in this systematic review. Of these, 5 were randomized controlled trials and 2 were retrospective studies. A total of 735 patients were included, with 167 HT patients, 252 BPTB patients, 162 TA patients, and 153 Achilles patients. The mean ages within the cohorts ranged from 23.9 to 37.2 years. The mean follow-up times across studies ranged from 25.6 to 90.0 months. Demographic characteristics were similar among the graft cohorts, and each study had a low risk of bias. Failure rates ranged from 2% to 65% across studies. Similar International Knee Documentation Committee, Lysholm, and Tegner scores were reported among the graft types. Additionally, similar functional outcomes as measured by side-by-side differences in arthrometer readings and similar complication rates after primary ACLR with HT, BPTB, TA, and Achilles allografts were found. CONCLUSIONS: Primary ACLR with allografts in patients older than 23 years is safe and effective with few differences in patient-reported outcomes, postoperative function, and graft failure rates among graft options. LEVEL OF EVIDENCE: Level IV, systematic review of Level I to IV studies.",2025
18,40297041,2025 Apr,2025 Apr 16,Orthop J Sports Med,"['Gopinatth V', 'Tartibi S', 'Smith MV', 'Matava MJ', 'Brophy RH', 'Knapik DM']",Knapik DM,Long-term Results of Bone-Patellar Tendon-Bone Versus Hamstring Tendon Autograft for Primary Anterior Cruciate Ligament Reconstruction: A Meta-analysis of Randomized Controlled Trials.,13,4,23259671251330307,['English'],101620522,2325-9671,2325-9671,['Journal Article'],PubMed,,"['40297041', 'PMC12034979', 'pmc-id: PMC12034979;', '10.1177/23259671251330307', '10.1177_23259671251330307']",10.1177/23259671251330307,"['2024/10/17 00:00', '2024/11/22 00:00', '2025/04/29 06:27', '2025/04/29 06:26', '2025/04/29 04:55', '2025/04/16 00:00']",[],1,49,Orthopaedic journal of sports medicine,doi: 10.1177/23259671251330307,2025 Apr;13(4):23259671251330307,"BACKGROUND: Bone-patellar tendon-bone (BTB) and hamstring tendon (HT) autografts are the most commonly utilized grafts for primary anterior cruciate ligament reconstruction (ACLR). While previous studies have compared outcomes using BTB and HT grafts for ACLR at short- and mid-term follow-ups, outcomes at long-term follow-ups remain unclear. PURPOSE: To perform a systematic review and meta-analysis of randomized controlled trials (RCTs) evaluating BTB versus HT autografts for primary ACLR at a minimum 10-year follow-up. STUDY DESIGN: Systematic review; Level of evidence, 2. METHODS: A systematic review was performed in accordance with the 2020 PRISMA (Preferred Reporting Items for Systematic Reviews and Meta-Analyses) guidelines by querying 5 databases from inception through May 2024 to identify level 1 and 2 RCTs evaluating outcomes of BTB versus HT autografts for primary ACLR at a minimum 10-year follow-up. A meta-analysis was performed using random-effects models with risk ratios (RRs) for discrete outcomes and mean differences (MDs) for continuous outcomes. RESULTS: Six RCTs-consisting of 495 (BTB, n = 235; HT, n = 260) patients-were identified. The mean age at the follow-up was 41.3 +/- 7.4 years, with men comprising 64% (n = 316/495) of patients. The mean final follow-up time was 14.6 +/- 0.7 years (range, 10-17 years). No significant differences were observed in ACL graft rupture or revision rates (RR, 0.88; P = .70), contralateral ACL rupture rates (RR, 1.27; P = .46), Lysholm scores (MD, -1.27; P = .45), Tegner scores (MD, -0.01; P = .97), extension deficits (RR, 2.67; P = .23), or KT-1000 side-to-side differences (MD, -0.56; P = .10). There was a significantly greater risk of osteoarthritis (OA) progression in ACLR knees compared with the contralateral knee (RR, 3.64; P < .0001); however, there was no difference in OA progression between BTB and HT groups (RR, 1.01; P = .91). CONCLUSION: BTB and HT autografts for primary ACLR demonstrate similar outcomes and rates of OA progression at long-term follow-ups. Knees undergoing ACLR have a greater risk of OA progression compared with healthy contralateral knees.",2025
19,40265044,2025 Apr,2025 Apr 22,J Exp Orthop,"['Elias J', 'Kaplan M', 'Shah K', 'Bickford M', 'McNamara C', 'Ford E', 'McMillan S']",McMillan S,4-Strand hamstring versus single-bundle quadriceps tendon grafts in anterior cruciate ligament reconstruction at 2 years: A systematic review and meta-analysis of randomised controlled trials.,12,2,e70244,['English'],101653750,2197-1153,2197-1153,"['Journal Article', 'Review']",PubMed,,"['40265044', 'PMC12012644', 'pmc-id: PMC12012644;', '10.1002/jeo2.70244', 'JEO270244']",10.1002/jeo2.70244,"['2025/01/05 00:00', '2025/03/15 00:00', '2025/03/20 00:00', '2025/04/23 11:19', '2025/04/23 11:18', '2025/04/23 04:22', '2025/04/22 00:00']",[],1,29,Journal of experimental orthopaedics,doi: 10.1002/jeo2.70244,2025 Apr;12(2):e70244,"PURPOSE: To compare the 2-year postoperative outcomes of hamstring tendon (HT) grafts to quadriceps tendon (QT) grafts in anterior cruciate ligament (ACL) reconstruction. We hypothesised no significant differences between the two methods. METHODS: A systematic review and meta-analysis were conducted following the 2020 PRISMA guidelines. Five online databases (Cochrane, Embase, PubMed, Scopus and Web of Science) were screened for prospective randomised controlled trials (RCT). IKDC, Lysholm, Tegner, side-to-side KT-1000 scores and ages were collected. Statistical analysis was conducted with SPSS v29. Between the two groups, a test of between-subgroup homogeneity p-value < 0.05 was used to assess statistical significance, while a Delta Cohen's d >/= 0.8 was used to assess clinical significance. RESULTS: Five RCTs were included in the final analysis. The HT group included 87 patients, and the QT group included 93 patients. The mean ages for the HT and QT groups were 28.3 +/- 6.6 and 26.5 +/- 8.4 years, respectively. HTs yielded clinically higher IKDC scores (Delta Cohen's d = 2.27, p = 0.24), clinically lower side-to-side KT-1000 differences (Delta Cohen's d = 1.65, p = 0.08), and clinically and statistically higher Lysholm scores (Delta Cohen's d = 2.93, p = 0.00). However, QT yielded higher Tegner scores (Delta Cohen's d = 1.68, p = 0.00), whereas HT led to a moderate clinical reduction (Cohen's d = -0.55, p = 0.06, 95% CI [-1.11 to 0.02]). CONCLUSIONS: Compared with the use of the QT graft, the HT graft for ACL reconstruction may result in greater knee function and stability, while QT ACL reconstruction may be associated with increased levels of postsurgical activity in terms of return to sports and work. Future long-term RCTs are needed to confirm our findings. LEVEL OF EVIDENCE: Level I.",2025
20,40217688,2025 Mar 25,2025 Mar 25,J Clin Med,"['Han JH', 'Kim SH', 'Jung M', 'Moon HS', 'Chung K']",Chung K,Combined Anterior Cruciate Ligament and Anterolateral Ligament Reconstruction Shows Reduced Graft Failure Rates and Superior Residual Rotational Stability Regardless of Anterolateral Ligament Reconstruction Graft: A Systematic Review.,14,7,,['English'],101606588,2077-0383,2077-0383,"['Journal Article', 'Review']",PubMed,epublish,"['40217688', 'PMC11989582', 'pmc-id: PMC11989582;', '10.3390/jcm14072237', 'jcm14072237']",10.3390/jcm14072237,"['2025/02/26 00:00', '2025/03/18 00:00', '2025/03/24 00:00', '2025/04/12 21:54', '2025/04/12 21:53', '2025/04/12 01:01', '2025/03/25 00:00']",[],1,50,Journal of clinical medicine,doi: 10.3390/jcm14072237,2025 Mar 25;14(7),"Objectives: The aim of this study is to evaluate the literature for comparing clinical outcomes of anterior cruciate ligament reconstruction (ACLR) with concomitant anterolateral ligament reconstruction (ALLR) versus isolated ACLR, with a primary focus on analyzing differences in outcomes based on the type of graft used for ALLR. Methods: We identified comparative studies involving primary ACLR performed in conjunction with ALLR. Graft failure rates, residual pivot shift, residual anterior-posterior (AP) laxity at follow-up, and patient-reported outcome measures were determined. Variables associated with isolated ACLR and ACLR combined with ALLR were compared based on the type of graft used for ALLR. Results: This systematic review included nine studies involving 2740 patients. Combined ACLR with ALLR using hamstring tendon (HT) autografts or tibialis allografts showed lower graft failure rates than isolated ACLR (HT autograft: rate, 0-5.9%, odds ratio [OR], 2.16-12.91; tibialis allograft: rate, 0%, OR, 2.00-5.27). Similarly, the combined procedure showed reduced residual pivot shift rates (HT autograft: rate, 0-9.1%, OR, 2.00-12.16; tibialis allograft: rate, 0%, OR, 7.65-15.33) compared to isolated ACLR. Residual AP laxity and patient-reported outcomes were similar or more favorable for the combined procedure; however, the results were heterogeneous. Complications related to the type of graft used for ALLR or the presence of ALLR itself were not reported. Conclusions: Regardless of the graft type used for ALLR, the combination of ACLR with ALLR showed better clinical outcomes, including reduced graft failure rates and superior residual rotational stability compared to isolated ACLR. However, the high heterogeneity observed across studies suggests that these findings should be interpreted with caution, and further research is needed to draw more definitive conclusions.",2025
21,40147599,2025 Oct,2025 Mar 25,Arthroscopy,"['Emmert AS', 'Hale I', 'Lake LP', 'McMillan P', 'Johnson BM', 'Kurkowski SC', 'Kuechly HA', 'Grawe BM']",Grawe BM,"Varying Definitions of Return to Sport, Study Quality, and Outcome Measurements Limit Comparison of Primary Anterior Cruciate Ligament Reconstruction With Quadriceps Tendon Autografts to Hamstring and Bone-Patellar Tendon-Bone Autografts: A Systematic Review.",41,10,4335-4345,['English'],8506498,0749-8063,1526-3231,"['Journal Article', 'Systematic Review', 'Comparative Study']",PubMed - indexed for MEDLINE,ppublish+epublish,"['40147599', '10.1016/j.arthro.2025.03.036', 'S0749-8063(25)00232-4']",10.1016/j.arthro.2025.03.036,"['2024/10/31 00:00', '2025/03/03 00:00', '2025/03/16 00:00', '2025/10/25 00:30', '2025/03/28 00:24', '2025/03/27 20:32']",[],1,0,Arthroscopy : the journal of arthroscopic & related surgery : official publication of the Arthroscopy Association of North America and the International Arthroscopy Association,doi: 10.1016/j.arthro.2025.03.036,2025 Oct;41(10):4335-4345,"PURPOSE: To systematically review the existing literature on return-to-sport (RTS) outcomes for quadricep tendon (QT) autografts compared to hamstring tendon (HT) and/or bone-patellar tendon-bone (BPTB) autografts for primary anterior cruciate ligament reconstruction (ACLR). METHODS: PubMed/Medline, Scopus, Embase, and Cochrane Library databases were queried for studies comparing RTS data for ACLR with QT autografts versus HT and/or BPTB autografts in accordance with Preferred Reporting Items for Systematic Reviews and Meta-Analyses guidelines. Inclusion criteria were randomized and nonrandomized prospective or retrospective studies evaluating primary ACLR containing RTS data for QT autograft and at least 1 other graft type. Exclusion criteria included patients <18 years of age, patients undergoing revision ACLR, cadaveric/animal studies, and studies lacking graft outcome data. Included studies were analyzed for methodologic data, RTS data, quality, and risk of bias. RESULTS: Ten articles (2 randomized controlled trials, 3 prospective studies, and 5 retrospective studies) comprising 1,006 reconstructions with a level of evidence of II to III and average follow-up of 8 to 120 months were included. Nonrandomized studies most frequently possessed a Methodological Index for Non-Randomized Studies quality rating of ""moderate,"" while half of the randomized studies had a Risk of Bias 2.0 rating of ""some concern of bias."" Four subjective definitions of RTS were identified: (1) return to preinjury activity level based on the Tegner activity scale, (2) return to play, (3) return to level I/II (cutting) sports, and (4) return to preinjury sports. RTS and mean time to RTS rates ranged from 16% to 100% and 8.4 to 11.1 months for QT autografts, 32% to 100% and 8.8 months for HT autografts, and 64% to 85% and 8.1 months for BPTB autografts. CONCLUSIONS: Primary ACLR with QT autografts shows similar overall RTS rates and mean time to RTS as HT and BPTB autografts. However, insufficient quality and quantity of studies investigating RTS outcomes for QT autografts underscore the unreliability of the current literature and need for high-quality, prospective studies. LEVEL OF EVIDENCE: Level III, systematic review of Level II and III studies.",2025
22,40063685,2025 May 7,2025 Mar 10,J Bone Joint Surg Am,"['Zhang ZY', 'Bai WB', 'Shi WL', 'Meng QY', 'Pan XY', 'Fu XY', 'Wang JQ', 'Wang C']",Wang C,Identifying Risk Factors from Preoperative MRI Measurements for Failure of Primary ACL Reconstruction: A Nested Case-Control Study with 5-Year Follow-up.,107,9,e42,['English'],0014030,0021-9355,1535-1386,['Journal Article'],PubMed - indexed for MEDLINE,ppublish+epublish,"['40063685', '10.2106/JBJS.23.01137', '00004623-202505070-00020']",10.2106/JBJS.23.01137,"['2025/05/07 12:31', '2025/03/10 18:26', '2025/03/10 14:03']",[],1,0,The Journal of bone and joint surgery. American volume,doi: 10.2106/JBJS.23.01137,2025 May 7;107(9):e42,"BACKGROUND: Identifying patients at high risk for failure of primary anterior cruciate ligament reconstruction (ACLR) on the basis of preoperative magnetic resonance imaging (MRI) measurements has received considerable attention. In this study, we aimed to identify potential risk factors for primary ACLR failure from preoperative MRI measurements and to determine optimal cutoff values for clinical relevance. METHODS: Retrospective review and follow-up were conducted in this nested case-control study of patients who underwent primary single-bundle ACLR using hamstring tendon autograft at our institution from August 2016 to January 2018. The failed ACLR group included 72 patients with graft failure within 5 years after primary ACLR, while the control group included 144 propensity score-matched patients without failure during the 5-year follow-up period. Preoperative MRI measurements were compared between the 2 groups. Receiver operating characteristic (ROC) curve analyses were conducted to determine the optimal cutoff values for the significant risk factors. Odds ratios (ORs) were calculated, and survival analyses were performed to evaluate the clinical relevance of the determined thresholds. RESULTS: A greater lateral femoral condyle ratio (LFCR) (p = 0.0076), greater posterior tibial slope in the lateral compartment (LPTS) (p = 0.0002), and greater internal rotational tibial subluxation (IRTS) (p < 0.0001) were identified in the failed ACLR group compared with the control group. ROC analyses showed that the optimal cutoff values for IRTS and LPTS were 5.8 mm (area under the curve [AUC], 0.708; specificity, 89.6%; sensitivity, 41.7%) and 8.5 degrees  (AUC, 0.655; specificity, 71.5%; sensitivity, 62.5%), respectively. Patients who met the IRTS (OR, 6.14; hazard ratio [HR], 3.87) or LPTS threshold (OR, 4.19; HR, 3.07) demonstrated a higher risk of primary ACLR failure and were significantly more likely to experience ACLR failure in a shorter time period. CONCLUSIONS: Preoperative MRI measurements of increased IRTS, LPTS, and LFCR were identified as risk factors for primary ACLR failure. The optimal cutoff value of 5.8 mm for IRTS and 8.5 degrees  for LPTS could be valuable in the perioperative management of primary ACLR. LEVEL OF EVIDENCE: Prognostic Level III . See Instructions for Authors for a complete description of levels of evidence.",2025
23,40005410,2025 Feb 8,2025 Feb 8,Medicina (Kaunas),"['Migliorini F', 'Lucenti L', 'Mok YR', 'Bardazzi T', ""D'Ambrosi R"", 'De Carli A', 'Paolicelli D', 'Maffulli N']",Maffulli N,Anterior Cruciate Ligament Reconstruction Using Lateral Extra-Articular Procedures: A Systematic Review.,61,2,,['English'],9425208,1010-660X,1648-9144,"['Journal Article', 'Systematic Review']",PubMed - indexed for MEDLINE,epublish,"['40005410', 'PMC11857574', 'pmc-id: PMC11857574;', '10.3390/medicina61020294', 'medicina61020294']",10.3390/medicina61020294,"['2025/01/04 00:00', '2025/01/21 00:00', '2025/02/04 00:00', '2025/02/26 06:30', '2025/02/26 06:29', '2025/02/26 01:22', '2025/02/08 00:00']",[],1,128,"Medicina (Kaunas, Lithuania)",doi: 10.3390/medicina61020294,2025 Feb 8;61(2),"Background and Objectives: The present systematic review investigated the efficacy of lateral extra-articular tenodesis (LET) and anterolateral ligament (ALL) as lateral extra-articular procedures (LEAPs) for anterior cruciate ligament (ACL) reconstruction. ACL reconstruction using LEAP may reduce graft rupture and rotatory laxity and allow a quicker return to sports. The outcomes of interest were patient-reported outcome measures (PROMs), return to sport, laxity, failure rate, and safety profile. Materials and Methods: The present systematic review followed the 2020 PRISMA guidelines. In December 2024, PubMed, EMBASE, and Web of Science were accessed without constraints. All clinical investigations evaluating LEAP for ACL reconstruction were considered. Only studies that considered LET and ALL as LEAP were considered. Only studies using a hamstring tendon autograft associated with LET or ALL were considered. Results: Data from 27 clinical studies (3423 patients) were retrieved. The mean length of follow-up was 61.8 +/- 39.5 months. ACL reconstruction using LEAP led to a statistically significant improvement in the Lysholm score (p < 0.01) and IKDC (p < 0.01). The mean joint laxity, as measured by the arthrometer, was 1.5 +/- 1.8 mm. Finally, 72.3% (623 of 668) of patients returned to their pre-injury level of sport at a mean of 6.3 +/- 4.4 months. At the last follow-up, the LET group showed greater IKDC (p = 0.04). On the other hand, there was a statistically significant greater rate of patients positive to the Lachman test (p < 0.01), return to sport (p < 0.01), and reoperation (p = 0.01). No significant differences were found in Lysholm scores (p = 0.6), Tegner scores (p = 0.2), arthrometer measurements (p = 0.2), Pivot shift test results (p = 0.1), time to return to sport (p = 0.3), and failure rates (p = 0.7). Conclusions: LEAP for ACL reconstructions seems to be effective and safe. Most patients returned to their pre-injury level of sport after a mean of 6 months. LET-based ACL reconstruction may be associated with greater clinical outcomes and a higher reoperation rate compared to ALL-based reconstruction.",2025
24,39836368,2025 Jul,2025 Jan 21,Am J Sports Med,"['Connors JP', 'Cusano A', 'Saleet J', 'Hao KA', 'Efremov K', 'Parisien RL', 'Seil R', 'Li X']",Li X,Return to Sport and Graft Failure Rates After Primary Anterior Cruciate Ligament Reconstruction With a Bone-Patellar Tendon-Bone Versus Hamstring Tendon Autograft: A Systematic Review and Meta-analysis.,53,8,1996-2006,['English'],7609541,0363-5465,1552-3365,"['Journal Article', 'Systematic Review', 'Meta-Analysis', 'Comparative Study']",PubMed - indexed for MEDLINE,ppublish+epublish,"['39836368', '10.1177/03635465241295713']",10.1177/03635465241295713,"['2025/07/01 09:30', '2025/01/21 12:26', '2025/01/21 11:22']",[],1,0,The American journal of sports medicine,doi: 10.1177/03635465241295713,2025 Jul;53(8):1996-2006,"BACKGROUND: Anterior cruciate ligament (ACL) tears are frequent injuries in athletes that often require surgical reconstruction so that patients may return to their previous levels of performance. While existing data on patient-reported outcomes are similar between bone-patellar tendon-bone (BTB) and hamstring tendon (HT) autografts, the literature regarding return to sport (RTS), return to previous levels of sport activity, and graft failure rate remains limited. PURPOSE: To compare rates of RTS, return to previous activity levels, and graft retears among athletes undergoing primary ACL reconstruction using a BTB versus HT autograft. STUDY DESIGN: Systematic review and meta-analysis; Level of evidence, 4. METHODS: The MEDLINE, Embase, and Cochrane Library databases were queried, and studies reporting on RTS after primary ACL reconstruction using a BTB or HT autograft were included. Exclusion criteria included revision reconstruction, ACL repair, quadriceps tendon autografts, allografts, graft augmentation, or double-bundle autografts. Rates of RTS, return to previous levels of activity, and retears were extracted and analyzed across included studies. RESULTS: A total of 33 articles met inclusion criteria, with a patient cohort of 4810 athletes. The overall RTS rate for all athletes was 80.4% (95% CI, 75.3%-84.6%) at a mean follow-up of 35.7 months, with 54.6% (95% CI, 48.5%-60.6%) returning to preinjury levels of activity. No significant difference was found between BTB and HT autografts with respect to rates of RTS, return to preinjury activity levels, or reruptures. The overall RTS rate in patients after primary ACL reconstruction with a BTB autograft was 83.3% (95% CI, 77.0%-88.2%), with 56.1% (95% CI, 49.3%-62.7%) returning to preinjury levels of activity. Conversely, the overall RTS rate in patients after primary ACL reconstruction with an HT autograft was 77.9% (95% CI, 70.3%-84.0%), with 53.5% (95% CI, 42.8%-63.9%) returning to preinjury levels of activity. The overall graft rerupture rate for the entire patient cohort was 3.6% (95% CI, 2.5%-5.1%), for patients with BTB grafts was 3.2% (95% CI, 1.9%-5.3%), and for patients with HT grafts was 4.4% (95% CI, 2.8%-6.8%). CONCLUSION: Primary ACL reconstruction using BTB autografts demonstrated similar rates of RTS, return to previous activity levels, and reruptures compared with reconstruction using HT autografts.",2025
25,39768969,2024 Dec 20,2024 Dec 20,Medicina (Kaunas),"['Ostojic M', 'Indelli PF', 'Lovrekovic B', 'Volcarenghi J', 'Juric D', 'Hakam HT', 'Salzmann M', 'Ramadanov N', 'Królikowska A', 'Becker R', 'Prill R']",Prill R,Graft Selection in Anterior Cruciate Ligament Reconstruction: A Comprehensive Review of Current Trends.,60,12,,['English'],9425208,1010-660X,1648-9144,"['Journal Article', 'Review']",PubMed - indexed for MEDLINE,epublish,"['39768969', 'PMC11678177', 'pmc-id: PMC11678177;', '10.3390/medicina60122090', 'medicina60122090']",10.3390/medicina60122090,"['2024/11/08 00:00', '2024/12/06 00:00', '2024/12/18 00:00', '2025/01/08 12:25', '2025/01/08 06:21', '2025/01/08 01:21', '2024/12/20 00:00']",[],1,119,"Medicina (Kaunas, Lithuania)",doi: 10.3390/medicina60122090,2024 Dec 20;60(12),"Anterior cruciate ligament (ACL) injuries are common in sports and often require surgical intervention, e.g., ACL reconstruction (ACLR), aimed at restoring knee stability and enabling a return to pre-injury activity levels. The choice of graft is crucial, impacting biomechanical properties, clinical outcomes, and complication rates, and is especially important in revision surgeries after graft failure. Over the past 30 years, trends in graft selection have evolved towards more individualized approaches, considering factors such as patient activity level, prior injuries, and tissue availability. In Europe, autografts like hamstring tendon (HT), bone-patellar tendon-bone (BTB), and quadriceps tendon (QT) are preferred, with the increasing use of QT grafts. This review synthesizes the current literature on graft selection and its influence on ACLR outcomes.",2024
26,39694948,2024 Dec 18,2024 Dec 18,J Orthop Traumatol,"['Zhang XF', 'Liu P', 'Huang JW', 'He YH']",He YH,Efficacy and safety of quadriceps tendon autograft versus bone-patellar tendon-bone and hamstring tendon autografts for anterior cruciate ligament reconstruction: a systematic review and meta-analysis.,25,1,65,['English'],101090931,1590-9921,1590-9999,"['Journal Article', 'Meta-Analysis', 'Systematic Review']",PubMed - indexed for MEDLINE,epublish,"['39694948', 'PMC11656020', 'pmc-id: PMC11656020;', '10.1186/s10195-024-00801-2', '10.1186/s10195-024-00801-2']",10.1186/s10195-024-00801-2,"['2023/12/28 00:00', '2024/11/01 00:00', '2024/12/19 00:21', '2024/12/19 00:20', '2024/12/18 23:14', '2024/12/18 00:00']",[],1,64,Journal of orthopaedics and traumatology : official journal of the Italian Society of Orthopaedics and Traumatology,doi: 10.1186/s10195-024-00801-2,2024 Dec 18;25(1):65,"BACKGROUND: Quadriceps tendon (QT), bone-patellar tendon-bone (BPTB), and hamstring tendon (HT) autografts are widely used for anterior cruciate ligament reconstruction (ACLR), but the optimal autograft choice remains controversial. This study assessed the treatment effects of QT versus BPTB and HT autografts for ACLR. METHODS: The PubMed, Embase, and Cochrane Library databases were systematically searched for eligible studies published from inception until July 2022. Effect estimates were presented as odds ratios (OR) and weighted mean differences (WMD) with 95% confidence intervals (CI) for categorical and continuous variables, respectively. All pooled analyses were performed using a random-effects model. RESULTS: Twenty-one studies (3 randomized controlled trials [RCTs], 3 prospective studies, and 15 retrospective studies) involving 2964 patients with ACLR were selected for meta-analysis. Compared with the HT autograft, the QT autograft was associated with a reduced risk of graft failure (OR: 0.46; 95% CI: 0.23-0.93; P = 0.031). Compared with the BPTB autograft, the QT autograft was associated with a reduced risk of donor site pain (OR: 0.16; 95% CI: 0.10-0.24; P < 0.001). Moreover, the QT autograft was associated with a lower side-to-side difference than that observed with the HT autograft (WMD: - 0.74; 95% CI: - 1.47 to - 0.01; P = 0.048). Finally, compared with the BPTB autograft, the QT autograft was associated with a reduced risk of moderate-to-severe kneecap symptoms during sports and work activities (OR: 0.14; 95% CI: 0.05-0.37; P < 0.001). CONCLUSIONS: The findings of this study suggest that the QT autograft can be defined as a safe and effective alternative choice for ACLR, but its superiority is yet to be proven by RCTs and prospective studies. Level of evidence Level III.",2024
27,39666599,2025 Jun,2024 Dec 12,Knee Surg Sports Traumatol Arthrosc,"['Sun B', 'Lee B', 'Grad J', 'Cohen D', 'Abouali J', 'Tapasvi S', 'Maniar A', 'de Sa D']",de Sa D,Anterior cruciate ligament reconstruction with six and eight-strand hamstring tendon autografts produces adequate graft dimensions and functional outcomes: A systematic review.,33,6,2144-2155,['English'],9314730,0942-2056,1433-7347,"['Journal Article', 'Systematic Review']",PubMed - indexed for MEDLINE,ppublish+epublish,"['39666599', 'PMC12104794', 'pmc-id: PMC12104794;', '10.1002/ksa.12556']",10.1002/ksa.12556,"['2024/10/16 00:00', '2024/08/04 00:00', '2024/10/17 00:00', '2025/05/26 06:27', '2024/12/12 18:23', '2024/12/12 13:23', '2025/05/26 00:00']",[],1,50,"Knee surgery, sports traumatology, arthroscopy : official journal of the ESSKA",doi: 10.1002/ksa.12556,2025 Jun;33(6):2144-2155,"PURPOSE: This study aims to summarize the graft dimensions, failure rates, return-to-sport rates and patient-reported outcome measures (PROMs) following anterior cruciate ligament reconstruction (ACLR) with six or eight-strand hamstring tendon autografts (6SHG or 8SHG). METHODS: Three databases were searched from inception to 12 February 2024. The authors adhered to PRISMA guidelines and the Cochrane Handbook for Systematic Reviews of Interventions. All clinical studies reporting patient demographics, objective clinical outcomes and PROMs following ACLR with 6SHG or 8SHG were included for data synthesis. PROMs included the International Knee Documentation Committee (IKDC), Lysholm and Tegner scores. RESULTS: Thirteen studies comprising 1103 patients were included (mean age: 30.6 years). The transtibial technique was used in all studies, except one study using anatomic ACLR (n = 38), and one study using transtibial and all-inside ACLR (n = 41). Eight studies comprising 512 patients used 6SHG, four studies comprising 507 patients 8SHG and two studies comprising 97 patients used either. Mean graft diameters ranged from 8.0 to 9.2 mm (6SHG) and 9.1 to 9.9 mm (8SHG). Mean graft lengths for 49 6SHG patients ranged from 60.0 to 83.3 mm. The failure rate for 817 patients (6SHG or 8SHG) was 4.8% (0.0%-20.0%). The return-to-sport rate for 112 patients (6SHG or 8SHG) was 75.9% (69.7%-100.0%). Mean IKDC, Lysholm and Tegner scores for 6SHG or 8SHG were 88.4 (86.1-96.3), 91.7 (90.4-96.5) and 6.9 (6.5-7.3), respectively. CONCLUSIONS: Both 6SHG and 8SHG produced graft diameters <8 mm. Data regarding PROMs suggested good patient satisfaction based on established criteria. Re-rupture and return-to-sport rates were 4.8% and 75.9%, respectively. LEVEL OF EVIDENCE: Level IV.",2025
28,39650719,2024 Dec,2024 Nov 12,J Clin Orthop Trauma,"['Annamalai R', 'Venkatramanaiah C', 'Sujhithra A', 'Vignesh N', 'Danis Vijay D']",Danis Vijay D,Functional outcome of anterior cruciate ligament reconstruction with hamstring tendon autograft in Indian population: A systematic review and meta-analysis.,59,,102805,['English'],101559469,0976-5662,2213-3445,"['Journal Article', 'Review']",PubMed,,"['39650719', 'PMC11617687', 'pmc-id: PMC11617687;', '10.1016/j.jcot.2024.102805', 'S0976-5662(24)00474-0']",10.1016/j.jcot.2024.102805,"['2024/04/25 00:00', '2024/08/28 00:00', '2024/11/06 00:00', '2024/12/09 17:35', '2024/12/09 17:34', '2024/12/09 06:18', '2025/11/12 00:00']",[],1,51,Journal of clinical orthopaedics and trauma,doi: 10.1016/j.jcot.2024.102805,2024 Dec;59:102805,"BACKGROUND: Anterior cruciate ligament (ACL) injury is a significant orthopedic issue globally with varying success rates among different populations. Better understanding of functional outcome can help design suitable protocols for ACL reconstruction and recovery. This review aims to evaluate the epidemiological trends and functional outcomes of ACLR procedures in India. METHODS: The review was conducted following PRISMA guidelines, by searching in Google Scholar, Pubmed, Web of Science and Science Direct databases in February 2024. The study encompassed patient demographics, and postoperative outcomes in Indian populations upon ACLR using hamstring tendon autografts. Meta-analysis was conducted with RevMan 5.4 using random-effects models. Funnel plots were used to explore publication bias. Subgroup analyses of follow-up terms and age were also performed. RESULTS: A total of 26 studies were pooled for overall qualitative and quantitative analysis. Sports injuries (52 %) were found to be more common, followed by road traffic accidents (31 %). Injuries were mostly on the right knees (56 %). Functional outcome analysis using Lysholm Knee Scoring Scale (MD 34.74, 95 % CI 31.58 to 37.89), International Knee Documentation Committee (MD 36.74, 95 % CI 32.36 to 41.13), Tegner Activity Scale (MD 0.90, 95 % CI -0.01 to 1.80) revealed statistically significant overall outcome effect. Statistically non-significant differences were found between follow-up to 6 months and follow-up above 6 months as well as with age. However, meta-analysis showed high level of heterogeneity. CONCLUSION: ACLR in Indian population is largely successful in restoring functional activity. However, the outcome of this review is limited by the heterogeneity factor. Further, the Indian studies have not focused on factors affecting the outcome. Therefore, future studies in this direction are needed for understanding the clinical success.",2024
29,39609872,2024 Nov 29,2024 Nov 29,J Orthop Surg Res,"['Fan L', 'Zhang L', 'Tang J', 'Xu Z', 'Fu W']",Fu W,Comparison of clinical outcomes between hamstring tendon autografts and hybrid grafts in ACL reconstruction: a systematic review and meta-analysis.,19,1,809,['English'],101265112,,1749-799X,"['Systematic Review', 'Journal Article', 'Meta-Analysis', 'Comparative Study']",PubMed - indexed for MEDLINE,epublish,"['39609872', 'PMC11606057', 'pmc-id: PMC11606057;', '10.1186/s13018-024-05310-w', '10.1186/s13018-024-05310-w']",10.1186/s13018-024-05310-w,"['2024/09/20 00:00', '2024/11/25 00:00', '2024/11/29 06:21', '2024/11/29 05:21', '2024/11/28 23:59', '2024/11/29 00:00']",[],1,86,Journal of orthopaedic surgery and research,doi: 10.1186/s13018-024-05310-w,2024 Nov 29;19(1):809,"BACKGROUND: Hamstring tendon (HT) autografts have become a popular choice for anterior cruciate ligament (ACL) reconstruction. However, small-diameter grafts are inevitably encountered during surgery, which have poor biomechanical properties. Hybrid grafts (HGs) using an allograft combined with small diameter HT are gaining interest from surgeons. HYPOTHESIS: There would be no difference between the HT autograft and HG in terms of failure, knee stability, and patient-reported outcomes. STUDY DESIGN: Systematic review and meta-analysis; Level of evidence, 4. METHODS: The PubMed, Embase, web of science and Cochrane databases were systematically searched from their inception until July 1, 2022. Clinical trials that compared HG and HT autografts were included. The quality of the included studies was assessed with the Cochrane Collaboration's risk of bias tool and the modified Newcastle-Ottawa Scale. Extracted data were pooled with fixed or random effects depending on the detected heterogeneity. RESULTS: A total of 14 eligible studies involving 1411 patients (HT: 863; HG: 548) were included in the quantitative meta-analysis. The mean age of the patients involved ranged from 14.6 to 40.4 years. Compared to patients who received HT autografts, patients receiving HGs had similar postoperative failure rate (OR, 0.99; P = 0.97; I(2) = 41%), side-to-side difference (MD, -0.16; P = 0.13; I(2) = 41%), Subjective IKDC (MD, 0.51; P = 0.58; I(2) = 69%), Lysholm (MD, 2.79; P = 0.1; I(2) = 79%), Tegner (MD, -0.88; P = 0.56; I(2) = 0%). When the available data for failure rate were analyzed by the dose of irradiation, patient age, and mean diameter of the HT, the results of subgroup analyses did not change substantially. CONCLUSION: This review found no significant differences in failure rates, knee stability, or patient-reported outcomes between autologous HT and HG in ACLR. Surgeons should prioritize autografts of adequate size through optimized techniques and consider hybrid grafts as a last resort, considering the risks associated with allografts.",2024
30,39523327,2024 Nov 10,2024 Nov 10,J Orthop Surg Res,"['Zhao T', 'Zhang K', 'Li J', 'Fu W']",Fu W,Hamstring tendon graft with LARS augmentation showed superior short-term clinical efficacy compared to hamstring tendon alone as graft in ACL reconstruction: a systematic review and meta-analysis.,19,1,742,['English'],101265112,,1749-799X,"['Journal Article', 'Systematic Review', 'Meta-Analysis', 'Comparative Study']",PubMed - indexed for MEDLINE,epublish,"['39523327', 'PMC11552366', 'pmc-id: PMC11552366;', '10.1186/s13018-024-05234-5', '10.1186/s13018-024-05234-5']",10.1186/s13018-024-05234-5,"['2024/06/02 00:00', '2024/11/02 00:00', '2024/11/13 13:58', '2024/11/13 13:57', '2024/11/10 23:15', '2024/11/10 00:00']",[],1,38,Journal of orthopaedic surgery and research,doi: 10.1186/s13018-024-05234-5,2024 Nov 10;19(1):742,"BACKGROUND: There have been emerging clinical trials investigating the efficacy of synthetic-graft-augmented autografts in anterior cruciate ligament reconstruction (ACLR) in recent years. Hamstring tendon and Ligament Augmentation and Reconstruction System (LARS) are both widely discussed graft choices for ACLR. PURPOSE: To compare the clinical efficacy of hamstring tendon grafts with LARS-augmented hamstring tendon grafts in ACLR. STUDY DESIGN: Systematic review and meta-analysis. METHOD: A systematic literature search was performed in PubMed, Embase and the Cochrane Library to identify primary evidence related to the comparison of ACLR with a hamstring tendon (HT) versus a hamstring tendon with LARS (HT + LARS). Quality assessment of the included studies was conducted using Newcastle-Ottawa Scale for non-RCTs. Quantitative analysis was conducted with Reviewer Manager 5.4. The primary outcomes compared were the Lysholm scale, Tegnar activity scale, International Knee Documentation Committee (IKDC) evaluation, KT-1000-based laxity, complication/retear rate and rate of return-to-sports. The secondary outcomes were the Knee Injury and Osteoarthritis Outcomes Score (KOOS), Global Rating of Change (GRC) scale, hop tests, isokinetic knee strength tests and radiographic and arthroscopic evaluations. RESULTS: Six cohort studies with 710 participants were included in this study. Compared with the HT group, the HT + LARS group had better Lysholm scores at the 1-year follow-up (P = 0.0007) and at the final follow-up (P = 0.04). HT + LARS group had better IKDC scores at the 1-year follow-up (P = 0.003). The HT + LARS group had a better return-to-sports rate in short term. No significant difference in complications or re-surgery was observed. The secondary results revealed superior or non-inferior outcomes in the HT + LARS group. CONCLUSIONS: As grafts for ACLR, the use of hamstring tendons with LARS augmentation, compared with the use of hamstring tendons alone, in the short term, has significantly superior overall functional results and better early sports participation and non-inferior results in other comparisons. In the long term, the use of hamstring tendon with LARS augmentation demonstrated non-inferior results in terms of functional scores, knee stability, knee strength, complications and re-tear rate, etc.",2024
31,39126286,2025 Mar,2024 Aug 10,Knee Surg Sports Traumatol Arthrosc,"['Malesa K', 'Tramś E', 'Kuliński K', 'Kamiński R']",Kamiński R,The effectiveness of quadrupled semitendinosus graft technique in anterior cruciate ligament reconstruction: A network meta-analysis assessing various graft preparation techniques.,33,3,907-925,['English'],9314730,0942-2056,1433-7347,"['Journal Article', 'Systematic Review', 'Network Meta-Analysis']",PubMed - indexed for MEDLINE,ppublish+epublish,"['39126286', '10.1002/ksa.12421']",10.1002/ksa.12421,"['2024/07/24 00:00', '2024/03/29 00:00', '2024/07/26 00:00', '2025/02/24 12:27', '2024/08/10 15:45', '2024/08/10 05:53']",[],1,0,"Knee surgery, sports traumatology, arthroscopy : official journal of the ESSKA",doi: 10.1002/ksa.12421,2025 Mar;33(3):907-925,"PURPOSE: This study aims to perform a network meta-analysis of hamstring graft preparation techniques to enhance anterior cruciate ligament (ACL) reconstruction guidelines and inform clinical decision-making in patients with primary ACL rupture. METHODS: A review of the literature, from 1 January 1990, to 31 August 2023, was conducted following the Preferred Reporting Items for Systematic Reviews and Meta-Analyses guidelines, focusing on the clinical outcomes of various hamstring graft preparation techniques. Forty-six studies (over 4800 knees) were analysed. Eight graft compositions: doubled hamstring (ST/G)-1978 grafts, doubled hamstring with augmentation (ST/G+A)-586 grafts, tripled semitendinosus (3ST)-124 grafts, quadrupled semitendinosus (4ST)-1273 grafts, five-strand tripled semitendinosus + doubled gracilis (3ST/2GR-839 grafts, six-strand tripled semitendinosus + tripled gracilis (3ST/3GR)-335 grafts, seven-strand quadrupled semitendinosus + tripled gracilis (4ST/3GR)-11 grafts and >/=eight strands-24 grafts were compared, considering graft sizes, laxity, muscle strength, range-of-motion, patient-reported outcome measures (PROMs), return to sport (RTS) and adverse events. RESULTS: The 4ST grafts fared better than the ST/G grafts in the International Knee Documentation Committee (IKDC), Knee Injury and Osteoarthritis Outcome Score (KOOS) Sport, KOOS Q and RTS (mean difference [MD], -1.69; p = 0.0159; MD, -1.55; p = 0.0325; MD, -1.93; p = 0.001; odds ratio: 3.13; p < 0.0001). The IKDC differed significantly between the 4ST and ST/G+A groups (MD, 1.88; p = 0.046). The ST/G+A resulted in the lowest knee laxity, surpassing the ST/G, 3ST and 4ST. The ST/G had the smallest diameter (ST/G vs. ST/G+A: MD, 1.26; 95% confidence interval [CI]: 0.67-1.86, p < 0.0001). Reduced failure rates were noted with the 3ST/2GR (3ST/2GR vs. ST/G: MD, 6.93; p = 0.009) and 3ST/3GR (3ST/3GR vs. ST/G: MD, 53.64; p = 0.006). CONCLUSION: The ideal hamstring graft for ACLR should be individualized. A 4ST graft is likely to yield good PROMs. For high stability and rapid RTS, adding augmentation to the graft is advisable. The ST/G is the thinnest graft possible. LEVEL OF EVIDENCE: Network meta-analysis of level I-III studies.",2025
32,39049103,2024 Jul 24,2024 Jul 24,J Orthop Surg Res,"['Egerci OF', 'Dogruoz F', 'Asoglu MM', 'Ertan MB', 'Yapar A', 'Kose O']",Kose O,The prognosis of iatrogenic saphenous nerve injuries during hamstring tendon harvesting in anterior cruciate ligament reconstruction.,19,1,428,['English'],101265112,,1749-799X,['Journal Article'],PubMed - indexed for MEDLINE,epublish,"['39049103', 'PMC11267848', 'pmc-id: PMC11267848;', '10.1186/s13018-024-04929-z', '10.1186/s13018-024-04929-z']",10.1186/s13018-024-04929-z,"['2024/06/17 00:00', '2024/07/17 00:00', '2024/07/26 12:41', '2024/07/26 12:40', '2024/07/25 00:11', '2024/07/24 00:00']",[],1,51,Journal of orthopaedic surgery and research,doi: 10.1186/s13018-024-04929-z,2024 Jul 24;19(1):428,"PURPOSE: This study aims to evaluate the long-term outcomes of saphenous nerve (SN) injuries from hamstring tendon harvesting during ACL reconstruction, focusing on clinical results and patient satisfaction after at least two years. Additionally, it investigates the incidence, recovery patterns, and impact of these injuries on functional outcomes, daily activities, and ACL re-rupture rates immediately post-surgery and at final follow-up. MATERIALS AND METHODS: A retrospective review was conducted on patients who had undergone ACL reconstruction with hamstring tendon grafts at a single institution between January 2015 and January 2020. The incidence of SN injuries was assessed immediately after surgery and at final follow-up. Additionally, the recovery rate and time were evaluated, and the impact of these injuries on functional outcomes was measured using the Lysholm Knee Score (LKS) and patient-reported effects on daily activities. RESULTS: Of the 159 patients analyzed, iatrogenic SN injuries were initially observed in 87 (54.7%) patients post-ACLR. By the final follow-up, paresthesia had resolved in 36 (22.6%) patients within an average of 11.1 months. Persistent SN injuries were recorded in 51 (32.1%) patients, affecting various extents of the infrapatellar branch (IPBSN) and the sartorial branch (SBSN) of the saphenous nerve. Patients with persistent SN injuries experienced a significant impact on daily activities and had lower LKS scores compared to those without injuries or with recovered injuries. Furthermore, a higher re-rupture rate was associated with persistent SN injuries. CONCLUSIONS: The study finds that SN injuries during hamstring graft harvesting for ACL reconstruction are common, with a significant portion of patients experiencing persistent sensory deficits for at least two years postoperatively. These injuries are observed to adversely affect patient satisfaction and functional outcomes and to increase the re-rupture rate.",2024
33,39043018,2024 Aug,2024 Jul 22,Knee,"['Raj S', 'Ridha A', 'Searle HKC', 'Khatri C', 'Ahmed I', 'Metcalfe A', 'Smith N']",Smith N,Quadriceps tendon versus hamstring tendon graft for primary anterior cruciate ligament reconstruction: A systematic review and meta-analysis of randomised trials.,49,,226-240,['English'],9430798,0968-0160,1873-5800,"['Journal Article', 'Systematic Review', 'Meta-Analysis']",PubMed - indexed for MEDLINE,ppublish+epublish,"['39043018', '10.1016/j.knee.2024.07.002', 'S0968-0160(24)00100-5']",10.1016/j.knee.2024.07.002,"['2024/03/06 00:00', '2024/05/13 00:00', '2024/07/02 00:00', '2024/08/23 00:43', '2024/07/24 00:42', '2024/07/23 18:03']",[],1,0,The Knee,doi: 10.1016/j.knee.2024.07.002,2024 Aug;49:226-240,"BACKGROUND: Anterior cruciate ligament reconstruction (ACLR) is most commonly performed with hamstring tendon (HT) or bone-patellar tendon-bone (BTB) autografts, although the quadriceps tendon (QT) autograft has recently increased in popularity. This systematic review and meta-analysis review compares QT and HT autografts for primary ACLR with a sole focus on randomised controlled trials (RCTs). METHODS: A prospective protocol was registered on PROSPERO (CRD42023427339). The search included MEDLINE, Embase and Web of Science until February 2024. Only comparative RCTs were included. The primary outcome was the International Knee Documentation Committee (IKDC) Subjective Knee Evaluation Form score. Secondary outcomes included: other validated patient-reported outcome measures (PROMs), objective strength scores, complications, and return to sport and work. RESULTS: From 2,609 articles identified, seven were included (n = 474 patients). This meta-analysis did not identify a significant difference in post-operative IKDC scores (5 articles; p = 0.73), Lysholm scores (3 studies; p = 0.80) or Tegner activity scales (2 studies; p = 0.98). There were no differences in graft failure rates (4 studies; p = 0.92) or in overall adverse events (4 studies; p = 0.83) at 24 months post-ACLR as per meta-analysis. Donor site morbidity scores were significantly lower in the QT group (MD -4.67, 95% CI -9.29 to -0.05; 2 studies, 211 patients; p = 0.05, I(2) = 34%). CONCLUSION: There were no differences between QT and HT in PROMs, graft failure rates or overall complications based on low- to moderate-quality evidence. There may possibly be lower donor site morbidity with the QT autograft, however, the evidence is not sufficient to draw definitive conclusions.",2024
34,39019692,2025 Apr,2024 Jul 17,Orthop Traumatol Surg Res,"['Khalefa MA', 'Aujla RS', 'Aslam N', 'Boutefnouchet T', ""D'Alessandro P"", 'MacDonald PB', 'Malik SS']",Malik SS,No increased complication rate with the use of soft tissue quadriceps tendon autograft for primary ACL reconstruction - a systematic review.,111,2,103926,['English'],101494830,,1877-0568,"['Journal Article', 'Systematic Review']",PubMed - indexed for MEDLINE,ppublish+epublish,"['39019692', '10.1016/j.otsr.2024.103926', 'S1877-0568(24)00173-7']",10.1016/j.otsr.2024.103926,"['2023/08/06 00:00', '2024/05/07 00:00', '2024/07/03 00:00', '2025/03/30 23:02', '2024/07/18 00:42', '2024/07/17 21:58']",[],1,0,"Orthopaedics & traumatology, surgery & research : OTSR",doi: 10.1016/j.otsr.2024.103926,2025 Apr;111(2):103926,"BACKGROUND: The autograft of choice for anterior cruciate ligament reconstruction (ACLR) remains debateable. Recently there has been increased popularity of soft tissue quadriceps tendon (s-QT) autograft due to less donor site morbidity, reduced anterior knee pain and comparable re-operation and complication rates. The aim of this review was to analyse functional outcomes of primary ACLR using s-QT in adult population without the bone plug and to report its complication profile against other autografts. PATIENT AND METHODS: This systematic review was performed in accordance with PRISMA guidelines and a review of literature was conducted on four online databases (Medline, EMBASE, Cochrane and Google Scholar). Clinical studies reporting on patients undergoing primary ACLR with s-QT autograft or in comparison to BPTB or HS autografts with a minimum of 6 months follow-up were included. The studies were inclusive of only all soft tissue QT autograft regardless of the implants or fixation method used. Critical appraisal of studies was conducted using the Methodological Index for Non-Randomized Studies (MINORS) tool. RESULTS: Fourteen studies were eligible. There were three randomised control studies (RCT) and 11 non-randomised comparative studies with 1543 patients who underwent ACLR. 682 underwent s-QT, 498 had hamstring tendon (HT) and 174 had bone-patellar tendon-bone (BPTB). 60% (n = 930) were males and mean follow up was 23.6 months (6-65). Eight studies reported post-operative patient reported outcome measures (PROMs). The mean International Knee Documentation Committee (IKDC) score was 91.5 +/- 15.1 whereas mean Lysholm score was 90 +/- 3.9. Five studies reported on laxity with mean anterior tibial translation (ATT) of 1.28 +/- 1.09 mm. Overall complication rate of s-QT ACLR was 6% with 3% graft failure, 0.52% arthrofibrosis, 0.2% infection, 0.75% revision ACLR. There was no significant difference in functional outcome scores, knee stability and range of motion (ROM) between s-QT, HT and BPTB. CONCLUSION: s-QT for ACLR has a comparable functional outcome, laxity, failure and with overall graft failure rate of 3%. LEVEL OF EVIDENCE: III; Systematic review and meta-analysis.",2025
35,39015051,2025 Feb,2024 Jul 17,Knee Surg Sports Traumatol Arthrosc,"['Vivekanantha P', 'Kahlon H', 'Hassan Z', 'Slawaska-Eng D', 'Abdel-Khalik H', 'Johnson J', 'de Sa D']",de Sa D,Hamstring autografts demonstrate either similar or inferior outcomes to quadriceps or bone-patellar tendon-bone autografts in revision anterior cruciate ligament reconstruction: A systematic review of comparative studies.,33,2,413-427,['English'],9314730,0942-2056,1433-7347,"['Journal Article', 'Systematic Review']",PubMed - indexed for MEDLINE,ppublish+epublish,"['39015051', '10.1002/ksa.12366']",10.1002/ksa.12366,"['2024/06/26 00:00', '2023/09/19 00:00', '2024/07/04 00:00', '2025/02/04 17:06', '2024/07/17 06:43', '2024/07/17 03:53']",[],1,0,"Knee surgery, sports traumatology, arthroscopy : official journal of the ESSKA",doi: 10.1002/ksa.12366,2025 Feb;33(2):413-427,"PURPOSE: To evaluate the clinical outcomes in patients undergoing revision anterior cruciate ligament reconstruction (r-ACLR) using hamstring tendon (HT) autografts with those using either quadriceps tendon (QT) or bone-patellar tendon-bone (BPTB) autografts or allografts. METHODS: Three databases were searched on 8 August 2023. The authors adhered to the Preferred Reporting Items for Systematic Reviews and Meta-Analyses (PRISMA) and Revised Assessment of Multiple Systematic Reviews (R-AMSTAR) guidelines and the Cochrane Handbook for Systematic Reviews of Interventions. Data on demographics, surgical details, patient-reported outcome measures (PROMs), rates of instability, failure and return to sport (RTS) were extracted. RESULTS: Eleven studies comprising 859 patients were included in this review. Five studies compared HT and QT autografts. One study each reported greater IKDC scores (p = 0.04) and Tegner scores (p = 0.04) in the QT group, while one study each reported higher anterior translation (p = 0.04), rates of positive pivot shift (p = 0.03) and rates of failure (p = 0.03) in the HT group. Six studies compared HT and BPTB autografts with one study each reporting greater Lysholm scores (p = 0.02) and less side-to-side anterior laxity (p < 0.01) in the BPTB group. Two studies compared HT autografts with allografts with only one study reporting a faster time to RTS in the HT group than the allograft group (p < 0.001). All other comparisons were not significant. CONCLUSIONS: HT autografts result in either similar or inferior outcomes in r-ACLR when compared to QT or BPTB autograft options. Allografts resulted in similar outcomes to HT autografts apart from greater time to RTS for r-ACLR. LEVEL OF EVIDENCE: Level III.",2025
36,38755499,2024 Jul,2024 May 16,Eur J Orthop Surg Traumatol,"['Park JY', 'Fernandes A', 'Park SY', 'Lim H', 'Sayudo IF', 'Leibovitch L', 'Machinski E', 'Ha J']",Ha J,Comparative effectiveness of peroneus longus tendon (PLT) autografts versus hamstring tendon (HT) autografts in anterior cruciate ligament reconstruction: a comprehensive systematic review and meta analysis.,34,5,2691-2699,['English'],9518037,1633-8065,1432-1068,"['Journal Article', 'Systematic Review', 'Meta-Analysis', 'Comparative Study']",PubMed - indexed for MEDLINE,ppublish+epublish,"['38755499', 'PMC11291530', 'pmc-id: PMC11291530;', '10.1007/s00590-024-03984-w', '10.1007/s00590-024-03984-w']",10.1007/s00590-024-03984-w,"['2024/03/20 00:00', '2024/04/30 00:00', '2024/08/01 00:42', '2024/05/17 00:43', '2024/05/16 23:36', '2024/05/16 00:00']",[],1,25,European journal of orthopaedic surgery & traumatology : orthopedie traumatologie,doi: 10.1007/s00590-024-03984-w,2024 Jul;34(5):2691-2699,"The hamstring tendon (HT) autograft is currently the most widely utilised autograft option for anterior cruciate ligament (ACL) reconstruction. However, recent studies endorse the peroneus longus tendon (PLT) autograft as a viable alternative. To evaluate this, we systematically reviewed randomised controlled trials (RCTs) to compare the efficacy of PLT against HT autografts. Our search encompassed Cochrane, Embase, OVID, PubMed, and Scopus databases for RCTs comparing outcomes of PLT and HT autografts in ACL reconstruction. Primary outcomes included Lysholm and International Knee Documentation Committee (IKDC) scores, while secondary outcomes involved American Orthopaedic Foot and Ankle Society (AOFAS) scores, graft diameters and donor-site complications. Statistical analysis was performed using Review Manager 5.4 (Cochrane Collaboration) and heterogeneity was assessed with I(2) statistics. 683 patients from 6 RCTs were included, with 338 (49.5%) patients treated with PLT autografts. Follow-up ranged from 12 to 30 months. Despite lower preoperative Lysholm scores in the PLT group, no significant differences were observed at 6 and 12 months. Although preoperative and 6-month IKDC scores were lower in the PLT group, no significant differences were found at 12 and 24 months. AOFAS scores showed no significant preoperative difference, but slightly lower scores were noted in the PLT group at 12 or 24 months. There was no significant difference in graft diameter, while donor-site complications were fewer in the PLT group. In summary, the PLT autograft is a promising and non-inferior alternative to the HT autograft, demonstrating equivalent outcomes in patient-reported knee and ankle metrics, comparable graft diameters and fewer donor-site complications.",2024
37,38725740,2024 Apr,2024 Apr 9,Cureus,"['Chalidis B Sr', 'Pitsilos C', 'Pavlopoulos C', 'Papadopoulos P', 'Gigis I', 'Papadopoulos P']",Papadopoulos P,Comparison of Cross-Pin Versus Cortical Button Femoral Fixation in Anterior Cruciate Ligament Reconstruction With Hamstrings Autograft: A Long-Term Clinical Study and Review of the Literature.,16,4,e57928,['English'],101596737,2168-8184,2168-8184,['Journal Article'],PubMed,,"['38725740', 'PMC11081715', 'pmc-id: PMC11081715;', '10.7759/cureus.57928']",10.7759/cureus.57928,"['2024/04/09 00:00', '2024/05/10 06:43', '2024/05/10 06:42', '2024/05/10 03:49', '2024/04/09 00:00']",[],1,30,Cureus,doi: 10.7759/cureus.57928,2024 Apr;16(4):e57928,"Background Anterior cruciate ligament reconstruction (ACLR) is a common operative procedure and many options regarding the type of the selected graft and fixation technique have been described to date. Although many studies have addressed the issue of the optimal femoral fixation device during ACLR with a hamstring tendon (HT) autograft, no clear evidence to indicate one technique over another has been found. Objective The purpose of this study was to compare the long-term postoperative outcomes and complication rates between transfemoral Cross-pin (CP) and Endobutton-Cortical Button (CB) fixation techniques in patients undergoing ACLR with an HT autograft. Methods One hundred and seven consecutive patients underwent ACLR by using a quadruple HT autograft that was stabilized with either a CP (CP Group: 52 patients) or a CB (CB Group: 55 patients) fixation technique. The Lachman test (LT), the Pivot-shift test (PST), the side-to-side difference in anterior translation of the tibia, the International Knee Documentation Committee (IKDC), and the Lysholm knee scoring systems were evaluated before surgery and during long-term follow up. The femoral and tibial tunnel diameter was measured in the anteroposterior (AP) and lateral radiographs after surgery and at the final follow-up. A review of the literature was also carried out to identify any differences between both techniques. Results Study groups were comparable in terms of patient demographics. The mean follow-up was 10.4 +/- 1.3 and 10.6 +/- 1.3 years in the CP and CB Groups, respectively (p = 0.47). In the CP Group, improvements after surgery in LT and PST from grade 2 (n=34) or 3 (n=18) to grade 0 (n = 41) or 1 (n = 11) and from grade 2 (n=36) or 3 (n = 16) to grade 0 (n = 44) or 1 (n = 8), respectively, were observed. In the CB Group, similar improvements in LT and PST scores from grade 2 (n = 40) or 3 (n = 15) to grade 0 (n = 46) or 1 (n = 9) and from grade 2 (n = 41) or 3 (n = 14) to grade 0 (n = 47) or 1 (n = 8), respectively, were observed. However, no differences between the groups (p = 0.53 for LT and p = 0.90 for PST) were noted. The mean Lysholm scores were 89.7 +/- 6.8 and 90.2 +/- 7.2 in the CP and CB groups, respectively (p = 0.59). Side-to-side difference improved from 9.1 +/- 2.8 to 1.7 +/- 1.5 mm and from 8.6 +/- 2.5 to 1.6 +/- 1.4 mm in the CP and CB groups, respectively (p = 0.89 between groups). According to IKDC grades, 92.1% and 91.4% of knees in the CP and CB groups, respectively were reported to be Grade A (Normal) or B (Nearly Normal) with a p = 0.7. Femoral and tibial tunnel widening was found in the last follow-up in both groups. However, there was no difference in the degree of tunnel widening among the two techniques. With respect to LT, PST, anterior drawer test, and IKDC score, none of the 15 published comparative studies demonstrated any significant differences between the two techniques and only one study detected a difference regarding the Lysholm score in favor of CP fixation. Conclusion In the long term, both CB and CP femoral stabilization techniques were shown to be associated with similar functional outcomes and low complication rates. Further large multicenter random clinical trials are still required to identify the most effective method of femoral fixation for HT autograft during ACLR surgery.",2024
38,38574182,2024 Apr 1,2024 Apr 4,JBJS Rev,"['Beyer J', 'Jones R', 'Igo I', 'Furyes AR', 'Liu J', 'Sohn DH']",Sohn DH,Comparison of Graft Type and Fixation Method in Anterior Cruciate Ligament Reconstruction: A Systematic Review and Meta-analysis Based on Randomized Control Studies.,12,4,,['English'],101674872,,2329-9185,"['Meta-Analysis', 'Systematic Review', 'Journal Article']",PubMed - indexed for MEDLINE,,"['38574182', '10.2106/JBJS.RVW.23.00222', '01874474-202404000-00001']",10.2106/JBJS.RVW.23.00222,"['2024/04/08 06:43', '2024/04/04 18:43', '2024/04/04 14:13']",[],1,0,JBJS reviews,doi: 10.2106/JBJS.RVW.23.00222,2024 Apr 1;12(4),"BACKGROUND: The anterior cruciate ligament (ACL) is the most commonly injured ligament in the knee. ACL reconstruction (ACLR) proves the standard for treating this injury. However, graft choice and method of fixation remain a heavily debated topic. This study investigates the following: bone-patellar tendon-bone (BPTB) vs. hamstring tendon (HT) autograft, single-bundle vs. double-bundle hamstring graft, and metal vs. bioabsorbable screws in ACLR. METHODS: A systematic review was performed on PubMed and Google Scholar according to Preferred Reporting Items for Systematic Reviews and Meta-Analyses guidelines. Data were collected on patient demographics, complications, and functionality scores including International Knee Documentation Committee (IKDC) and Lysholm scores. A systematic review and meta-analysis were conducted with Review Manager. Outcome measurements were determined using forest plots with significant differences considered p < 0.05. RESULTS: Twenty-five studies were included, accounting for 2,170 patients. No statistically significant difference was appreciated when comparing BPTB to hamstring autografts. Patients who received a double bundle HT autograft exhibited significantly superior outcomes in terms of revision (p = 0.05), failure (p = 0.002), normal pivot shift tests (p = 0.04), and normal IKDC (p = 0.008). When comparing screw types, bioabsorbable screws had a greater Lysholm score (p = 0.01) and lower failure rates for copolymer screws (p = 0.03). CONCLUSION: Overall, the data collected suggested that BPTB and HT autografts display similar postoperative results. However, if an HT autograft is used, the data suggest a double-bundle graft improves both functionality and decreases the possible complications. Finally, bioabsorbable screws prove superior to metal screws when looking at both functionality and failure rates. Further research into the superior graft type is still needed. LEVEL OF EVIDENCE: Level II. See Instructions for Authors for a complete description of levels of evidence.",2024
39,38551115,2024 Dec,2024 Mar 29,Am J Sports Med,"['Allende F', 'Allahabadi S', 'Sachdev D', 'Gopinatth V', 'Saad Berreta R', 'LaPrade RF', 'Chahla J']",Chahla J,Comparing Clinical Outcomes and Knee Stability in Remnant-Preserving ACL Reconstruction Versus Standard ACL Reconstruction: A Systematic Review and Meta-analysis.,52,14,3651-3661,['English'],7609541,0363-5465,1552-3365,"['Systematic Review', 'Journal Article', 'Meta-Analysis', 'Comparative Study']",PubMed - indexed for MEDLINE,ppublish+epublish,"['38551115', '10.1177/03635465231225984']",10.1177/03635465231225984,"['2024/12/01 15:24', '2024/03/29 06:46', '2024/03/29 05:52']",[],1,0,The American journal of sports medicine,doi: 10.1177/03635465231225984,2024 Dec;52(14):3651-3661,"BACKGROUND: Anterior cruciate ligament reconstruction (ACLR) is one of the most frequently performed procedures in sports medicine, and undesirable outcomes still may range from 3-18%. One technique that has been explored to improve outcomes is preservation of the ACL remnant tibial stump, as opposed to stump debridement, at the time of reconstruction. PURPOSE: To review current high-level evidence and compare remnant-preserving anterior cruciate ligament reconstruction (ACLR) versus standard ACLR in terms of clinical outcomes and measures of knee stability. HYPOTHESIS: ACLR with remnant preservation would result in improved clinical outcomes and knee stability measures. STUDY DESIGN: Systematic review; Level of evidence, 2. METHODS: A systematic review of randomized controlled trials (RCTs) and cohort studies comparing remnant-preserving ACLR with standard ACLR with a minimum level of evidence of 2 was performed. Extracted data were summarized as general information, surgical characteristics, postoperative clinical outcomes, knee stability, graft evaluation, tunnel assessment, and postoperative complications. When feasible, a meta-analysis was performed. RESULTS: Seven RCTs and 5 cohort studies met the inclusion criteria. In total, 518 patients underwent remnant-preserving ACLR and 604 patients underwent standard ACLR. Ten studies performed the reconstruction with hamstring tendon (HT) autografts, 1 study with HT and bone-patellar tendon-bone autografts, and 1 study with HT and tibialis anterior allografts. On meta-analysis, remnant-preserving ACLR provided comparable outcomes with respect to International Knee Documentation Committee grades or Tegner scores. Even though there was a significant improvement in Lysholm scores (mean difference, -1.9; 95% CI, -2.89 to -0.91; P = .0002) with the remnant-preserving technique, this did not exceed previously reported minimal clinically important difference values. Remnant-preserving ACLR demonstrated superior knee stability in terms of patients achieving negative pivot shift when compared with the control group (88.89% vs 79.92%; P = .006). Although there was a significant improvement in the side-to-side difference in anterior tibial translation favoring remnant preservation (P = .004), the mean difference was 0.51 mm. CONCLUSION: Remnant-preserving ACLR, primarily with HT autografts, results in comparable clinical outcome scores and significantly improved knee stability relative to standard ACLR without remnant preservation without increasing the complication rate. Further studies will help clarify if remnant-preserving ACLR also has benefits in terms of enhancing graft integration and maturation, improving proprioception, limiting tunnel enlargement, and reducing complications.",2024
40,38410002,2024 Jan 2,2024 Jan 2,JNMA J Nepal Med Assoc,"['Duwal Shrestha SK', 'Nepal P', 'Karki U', 'Karki N', 'Kc S', 'Tamrakar R', 'Shrestha K', 'Joshi P']",Joshi P,Anterior Cruciate Ligament Reconstruction with Semitendinosus Tendon Autograft among Paramilitary Patients Undergoing Arthroscopic Surgery in a Tertiary Care Centre.,62,269,40-44,['English'],0045233,0028-2715,1815-672X,['Journal Article'],PubMed - indexed for MEDLINE,epublish,"['38410002', 'PMC10924493', 'pmc-id: PMC10924493;', '10.31729/jnma.8417']",10.31729/jnma.8417,"['2024/01/01 00:00', '2024/02/28 06:43', '2024/02/27 06:44', '2024/02/27 02:43', '2024/01/01 00:00']",[],1,15,JNMA; journal of the Nepal Medical Association,doi: 10.31729/jnma.8417,2024 Jan 2;62(269):40-44,"INTRODUCTION: In orthopaedic practice, injuries to the anterior cruciate ligaments occur almost on an epidemic scale, yet it continues to be of interest in orthopaedic surgery whether semitendinosus or gracilis hamstring autografts can be used for better anterior cruciate ligament reconstruction. This study aimed to determine the prevalence of anterior cruciate ligament reconstruction using semitendinosus tendon autografts among paramilitary patients undergoing arthroscopic surgery in a tertiary care centre. METHODS: This descriptive cross-sectional study was conducted among paramilitary individuals who had knee injuries and were admitted between 6 february 2020 and 26 January 2022 for arthroscopic surgery after obtaining ethical approval from the Institutional Review Committee. Demographic details and the mode of injury were obtained from the patients. The treating orthopaedic surgeons evaluated the pre- and post-analysis Lysholm Knee Score and Lysholm Knee Scale based on the patient's response. A convenience sampling method was used. The point estimate was calculated at a 95% Confidence Interval. RESULTS: Among 166 patients, anterior cruciate ligament reconstruction using a semitendinosus tendon autograft was done in 58 (34.94%) (27.69-42.19, 95% Confidence Interval). Most of the patients in the pre-analysis had mild/periodic limp issues 52 (89.66%), followed by instability during athletics or other severe exertion 43 (74.14%). CONCLUSIONS: The prevalence of anterior cruciate ligament injuries in our study is higher than other studies done in similar settings. KEYWORDS: anterior cruciate ligament; grafts; semitendinosus tendon.",2024
41,38284303,2024 Mar,2024 Jan 29,Am J Sports Med,"['Ebert JR', 'Calvert ND', 'Radic R']",Radic R,A Prospective Randomized Controlled Trial Investigating Quadriceps Versus Hamstring Tendon Autograft in Anterior Cruciate Ligament Reconstruction.,52,3,660-669,['English'],7609541,0363-5465,1552-3365,"['Randomized Controlled Trial', 'Journal Article']",PubMed - indexed for MEDLINE,ppublish+epublish,"['38284303', 'PMC10905979', 'pmc-id: PMC10905979;', '10.1177/03635465231222279']",10.1177/03635465231222279,"['2024/03/04 06:44', '2024/01/29 06:43', '2024/01/29 05:31', '2024/03/01 00:00']",[],1,59,The American journal of sports medicine,doi: 10.1177/03635465231222279,2024 Mar;52(3):660-669,"BACKGROUND: Numerous graft options are available when undertaking anterior cruciate ligament (ACL) reconstruction (ACLR), although a lack of high-quality evidence exists comparing quadriceps (QT) and hamstring (HT) autografts. PURPOSE: To investigate patient outcomes in patients undergoing HT versus QT ACLR. STUDY DESIGN: Randomized controlled trial; Level of evidence, 1. METHODS: After recruitment and randomization, 112 patients (HT = 55; QT = 57) underwent ACLR. Patients were assessed pre- and postoperatively (6 weeks and 3, 6, 12, and 24 months), with a range of patient-reported outcome measures (PROMs), graft laxity (KT-1000 arthrometer; primary outcome variable), active knee flexion and extension range of motion (ROM), peak isokinetic knee extensor and flexor strength, and a 6-hop performance battery. Limb symmetry indices (LSIs) were calculated for strength and hop measures. Secondary procedures, ACL retears, and contralateral ACL tears were reported. RESULTS: All PROMs and knee ROM measures significantly improved (P < .0001), and no other group differences (P > .05) were observed-apart from the Anterior Cruciate Ligament Return to Sport after Injury (ACL-RSI) score, which was significantly better in the HT group at 3 (P = .008), 6 (P = .010), and 12 (P = .014) months. No significant changes were observed in side-to-side laxity from 6 to 24 months (P = .105), and no group differences were observed (P = .487) at 6 (HT mean, 1.2; QT mean, 1.3), 12 (HT mean, 1.1; QT mean, 1.3), and 24 (HT mean, 1.1; QT mean, 1.2) months. While the HT group demonstrated significantly greater (P < .05) quadriceps strength LSIs at 6 and 12 months, the QT group showed significantly greater (P < .05) hamstring strength LSIs at 6, 12, and 24 months. The HT group showed significantly greater (P < .05) LSIs for the single horizontal (6 months), lateral (6 and 12 months), and medial (6 months) hop tests for distance. Up until 24 months, 1 patient (QT at 22 months) had a retear, with 2 contralateral ACL tears (QT at 19 months; HT at 23 months). Secondary procedures included 5 in the HT group (manipulation under anesthesia, notch debridement, meniscal repair, and knee arthroscopy for scar tissue) and 6 in the QT group (notch debridement, meniscal repair, knee arthroscopy for scar tissue, tibial tubercle transfer, and osteochondral autologous transplantation). CONCLUSION: Apart from the ACL-RSI, the 2 autograft groups compared well for PROMs, knee ROM, and laxity. However, greater hamstring strength LSIs were observed for the QT cohort, with greater quadriceps strength (and hop test) LSIs in the HT cohort. The longer-term review will continue to evaluate return to sports and later-stage reinjury between the 2 graft constructs. REGISTRATION: ACTRN12618001520224p (Australian New Zealand Clinical Trials Registry).",2024
42,38223427,2024 Mar,2023 Dec 22,J Orthop,"['Rangasamy K', 'Baburaj V', 'Gopinathan NR', 'Dhillon MS', 'Parikh SN']",Parikh SN,Quadriceps tendon autograft is promising with lower graft rupture rates and better functional Lysholm scores than hamstring tendon autograft in pediatric ACL reconstruction. A systematic review and meta-analysis.,49,,156-166,['English'],101233220,0972-978X,0972-978X,"['Journal Article', 'Review']",PubMed,,"['38223427', 'PMC10787221', 'pmc-id: PMC10787221;', '10.1016/j.jor.2023.12.014', 'S0972-978X(23)00366-5']",10.1016/j.jor.2023.12.014,"['2023/12/14 00:00', '2023/12/17 00:00', '2024/01/15 06:43', '2024/01/15 06:42', '2024/01/15 04:47', '2025/03/01 00:00']",[],1,49,Journal of orthopaedics,doi: 10.1016/j.jor.2023.12.014,2024 Mar;49:156-166,"PURPOSE: Graft rupture is the most prevalent complication following pediatric anterior cruciate ligament reconstruction (ACLR). The hamstring tendon (HT) autograft is frequently employed, while the quadriceps tendon (QT) autograft has garnered increased attention recently. This study aims to perform a systematic review to assess the complication rates and functional outcomes associated with these two widely used autografts in skeletally immature patients - comparing HT versus QT autografts. RESEARCH QUESTION: Is QT autograft better than HT autograft for ACLR in skeletally immature cohorts? METHODOLOGY: Three electronic databases (PubMed/Medline, Scopus, and Ovid) were comprehensively searched to identify pertinent articles reporting the outcomes of HT and QT autografts in pediatric ACLR with a minimum 2-year follow-up. Data on the outcome parameters, such as graft rupture rates, contralateral ACL injury rates, functional outcomes, and growth disturbances rates, were extracted. Meta-analysis was performed using OpenMeta Analyst software. RESULTS: Twelve studies were included for meta-analysis (pooled analysis) with 659 patients (QT: 205; HT: 454). The analysis showed that QT autografts had a significantly lesser graft rupture rate than HT autografts (3.5 % [95 % CI 0.2, 6.8] and 12.4 % [95 % CI 6.1, 18.7] respectively, p < 0.001). The graft rupture rates between QT with bone and without bone block showed no statistically significant difference (4.6 % [95 % CI 0.8, 1.0] and 3.5 % [95 % CI 2.0, 8.9] respectively, p = 0.181). The overall contralateral ACL injury rate was 10.2 %, and the subgroup analysis revealed no statistically significant difference between the QT and HT groups (p = 0.7). Regarding functional outcome scores at the final follow-up, the mean Lysholm score demonstrated a significant increase in the QT group compared to the HT group (p < 0.001). There were no significant differences between the two groups concerning growth disturbances at the final follow-up. Return to sports (RTS) varied between 6 and 13.5 months after surgery. CONCLUSION: QT autografts demonstrate encouraging outcomes, showcasing lower graft rupture rates, better functional outcomes, and comparable contralateral ACL injury rates and growth disturbances relative to the commonly used HT autograft in skeletally immature patients undergoing ACLR.",2024
43,37831110,2023 Dec,2023 Oct 13,Knee Surg Sports Traumatol Arthrosc,"['Man Q', 'Gao Y', 'Wang H', 'Ma Y', 'Meng Q']",Meng Q,There is no difference in the efficacy of anterior cruciate ligament reconstruction using autograft combined with or without ligament augmentation: a systematic review and meta-analysis.,31,12,5524-5534,['English'],9314730,0942-2056,1433-7347,"['Meta-Analysis', 'Systematic Review', 'Journal Article']",PubMed - indexed for MEDLINE,ppublish+epublish,"['37831110', '10.1007/s00167-023-07605-7', '10.1007/s00167-023-07605-7']",10.1007/s00167-023-07605-7,"['2023/01/24 00:00', '2023/09/25 00:00', '2023/12/17 09:45', '2023/10/13 12:45', '2023/10/13 11:05']",[],1,0,"Knee surgery, sports traumatology, arthroscopy : official journal of the ESSKA",doi: 10.1007/s00167-023-07605-7,2023 Dec;31(12):5524-5534,"PURPOSE: This study aims to determine the efficacy of anterior cruciate ligament reconstruction (ACLR) using autograft combined with or without ligament augmentation. METHODS: A computerized search of the databases was conducted, including PubMed, Web of Science, Embase, Scopus and the Cochrane Library. Only prospective or retrospective comparative studies with a minimum 2-year follow-up were considered for inclusion. Two independent reviewers performed data extraction and methodological quality assessment. A Mantel-Haenszel analysis was used for the pooling of results. Sensitivity analysis was performed to maintain the stability of results. The egger test was applied to assess the publication bias. RESULTS: Fourteen studies were included. The total cohort was 1353 patients (non-augmented group: 763 patients; augmented group: 590 patients). There were three Randomized Controlled Trials (RCTs, Level I), six retrospective comparative studies (Level III) and five case-control studies (Level III). The follow-up rate was >/= 88% and the follow-up periods were >/= 24 months in all included studies. The augmented graft used to compare with autograft included the Ligament Augmentation Device (LAD), the Ligament Advanced Reinforcement System (LARS) artificial ligament, FiberTape, hamstring tendon allograft, degradable poly (urethane urea). No significant differences were observed between the augmented and non-augmented groups regarding postoperative patient-reported outcomes (PROs), including the International Knee Documentation Committee score, Lysholm score and Tegner score, knee laxity, including KT-1000, side-to-side difference, Lachman test and pivot shift and rate of graft failure. CONCLUSIONS: ACLR using autografts combined with ligament augmentation shows no advantages in PROs, knee laxity and graft failure rate compared with using autografts only. LEVEL OF EVIDENCE: Level III. TRIAL REGISTRATION: The research protocol was registered at the PROSPERO database (CRD42022324784).",2023
44,37804345,2023 Dec,2023 Oct 7,Knee Surg Sports Traumatol Arthrosc,"['Ashy C', 'Bailey E', 'Hutchinson J', 'Brennan E', 'Bailey R', 'Michael Pullen W', 'Xerogeanes JW', 'Slone HS']",Slone HS,Quadriceps tendon autograft has similar clinical outcomes when compared to hamstring tendon and bone-patellar tendon-bone autografts for revision ACL reconstruction: a systematic review and meta-analysis.,31,12,5463-5476,['English'],9314730,0942-2056,1433-7347,"['Meta-Analysis', 'Systematic Review', 'Journal Article']",PubMed - indexed for MEDLINE,ppublish+epublish,"['37804345', '10.1007/s00167-023-07592-9', '10.1007/s00167-023-07592-9']",10.1007/s00167-023-07592-9,"['2023/04/23 00:00', '2023/09/11 00:00', '2023/12/17 09:44', '2023/10/07 16:42', '2023/10/07 11:05']",[],1,0,"Knee surgery, sports traumatology, arthroscopy : official journal of the ESSKA",doi: 10.1007/s00167-023-07592-9,2023 Dec;31(12):5463-5476,"PURPOSE: Research regarding revision anterior cruciate ligament reconstruction (RACLR) with quadriceps tendon (QT) autografts is lacking. The purpose of this study was to perform a systematic review and meta-analysis of RACLR with QT and compare its patient outcomes to RACLR with hamstring tendon (HT) and bone-patellar tendon-bone (BTB) autografts. METHODS: Adhering to PRISMA guidelines, a search for studies using QT in RACLR was performed within PubMed, Scopus, and CINAHL from database date of inception through December 26, 2022. Primary outcomes sought included: failure rate, Lysholm scores, International Knee Documentation Committee (IKDC) scores, IKDC grades, arthrometric knee side-to-side differences (STSD), pivot shift grade, donor site morbidity, return to sport, visual analog scale (VAS) pain scores. RESULTS: Nine studies were included consisting of 606 RACLR: 349 QT, 169 HT, and 88 BTB. Overall failure rates were 7.6% QT, 13.3% HT, and 8.7% BTB. Mean weighted Lysholm scores were 85.8 +/- 3.8 QT, 82.5 +/- 3.8 HT and 86.6 +/- 4.5 BTB. IKDC average scores were 82.3 +/- 1.6 QT, 80.1 +/- 1.7 HT, and 81.7 +/- 5.5BTB. Combined rates of IKDC A/B grades were 88.4% and 80.0% for QT and HT, respectively. VAS average scores were 0.9 +/- 1.1 QT, 1.4 +/- 0.2 HT, and 0.7 +/- 0.8 for BTB. Side-to-side difference was reported for QT and HT with average values of 1.7 +/- 0.6 mm and 2.1 +/- 0.5 mm, respectively. Grade 0 or 1 pivot shifts were reported in 96.2% of QT patients and 91.3% of HT. Donor site morbidity, only reported for QT and HT, was 14.6 +/- 9.7% and 23.6 +/- 14.1%, respectively. QT resulted in a mean Tegner score of 5.9 +/- 1.5 versus HT 5.7 +/- 1.5. Rate of return to pivoting sports was 38.0% QT, 48.6% HT, and 76.9% BTB. Across all outcomes, there was no significant difference when comparing QT to HT, QT to BTB, and QT compared to HT and BTB combined. CONCLUSIONS: RACLR with QT yields satisfactory patient reported outcomes, satisfactory improvement in knee laxity, expected return to sport rates, and has an overall 7.6% failure rate. Outcomes are comparative to those of HT and BTB making it an acceptable graft choice for RACLR. Surgeons should consider using QT autograft for RACLR, especially when other autografts are unavailable. LEVEL OF EVIDENCE: IV.",2023
45,37644333,2024 Jan,2023 Aug 29,Eur J Orthop Surg Traumatol,"['Vari N', 'Cavaignac E', 'Cavaignac M', 'Bérard É', 'Marot V']",Marot V,Outcomes of hamstring graft with preserved tibial insertion for ACL reconstruction: systematic review and meta-analysis.,34,1,67-73,['English'],9518037,1633-8065,1432-1068,"['Meta-Analysis', 'Systematic Review', 'Journal Article']",PubMed - indexed for MEDLINE,ppublish+epublish,"['37644333', 'PMC10771374', 'pmc-id: PMC10771374;', '10.1007/s00590-023-03698-5', '10.1007/s00590-023-03698-5']",10.1007/s00590-023-03698-5,"['2023/06/02 00:00', '2023/08/17 00:00', '2024/01/08 06:42', '2023/08/30 00:41', '2023/08/29 23:40', '2023/08/29 00:00']",[],1,43,European journal of orthopaedic surgery & traumatology : orthopedie traumatologie,doi: 10.1007/s00590-023-03698-5,2024 Jan;34(1):67-73,"PURPOSE: Evaluate the outcomes of ACL (Anterior Cruciate Ligament) reconstruction techniques that use a hamstring graft with a preserved tibial insertion and compare them to standard techniques. METHODS: A systematic literature review and meta-analysis was done of the PubMed, MEDLINE, Cochrane and Ovid databases to identify published clinical studies on ACL reconstruction in which a non-detached hamstring tendon (NDHT) was used as a graft and to compare them to studies in which a detached hamstring tendon (DHT) or other techniques were used. The eligible studies were analyzed for the knee laxity, Lachman test, pivot shift test, joint range of motion, anterior drawer, pain, re-tear, revision surgery, Lysholm score, Tegner score, ACL-RSI scale, KOOS, IKDC, SNQ and Howell scale. RESULTS: Twelve articles in which NDHT was used for ACL reconstruction were analyzed. There was no significant difference between NDHT and DHT in the Lachman > 1 (p = .07), pivot shift test > 1 (p = .40), re-tears (p = .62), pain (p = .85) and the Tegner score (p = .95). However, the outcomes were somewhat better with the NDHT technique for the Lachman (RR = 0.30; 95% CI 0.08-1.12), pivot shift test (RR = 0.50; 95% CI 0.10-2.49) and re-tears (RR = 0.66; 95% CI 0.13-3.42). The other criteria were not included in the meta-analysis because of lack of data or because specific outcome scores were used in each article. CONCLUSION: NDHT techniques provide similar results to DHT for ACL reconstruction and tend to produce better stability and a lower re-tear rate.",2024
46,37560145,2023 Oct,2023 Jul 29,Arthrosc Sports Med Rehabil,"['Jackson GR', 'Lee J', 'Tuthill T', 'Chan J', 'Sugrañes J', 'Mowers CC', 'Batra A', 'Khan ZA', 'Mameri ES', 'Brusalis CM', 'Chahla J', 'Verma NN']",Verma NN,Higher Rates of Residual Postoperative Instability after Anterior Cruciate Ligament Reconstruction in Female Patients: A Systematic Review of Level II Studies.,5,5,100772,['English'],101765256,,2666-061X,"['Journal Article', 'Review']",PubMed,,"['37560145', 'PMC10407150', 'pmc-id: PMC10407150;', '10.1016/j.asmr.2023.100772', 'S2666-061X(23)00122-0']",10.1016/j.asmr.2023.100772,"['2022/12/31 00:00', '2023/06/03 00:00', '2023/08/10 06:44', '2023/08/10 06:43', '2023/08/10 04:20', '2023/07/29 00:00']",[],1,41,"Arthroscopy, sports medicine, and rehabilitation",doi: 10.1016/j.asmr.2023.100772,2023 Oct;5(5):100772,"PURPOSE: To compare revision rates and residual postoperative instability after anterior cruciate ligament (ACL) reconstruction based on biological sex. METHODS: A systematic review was conducted according to the 2020 PRISMA guidelines. PubMed, Embase, MEDLINE, and Cochrane library databases were queried from database inception through October 2022. Level I and II prospectively-enrolling human clinical studies that compared revision rates and physical examination of postoperative stability after ACL reconstruction between male and female patients were included. Outcomes were stratified by patient sex and quantitatively compared using a chi(2) test. Study quality was assessed using the MINORS criteria. RESULTS: Four studies consisting of 406 patients (50% males) with a mean age of 25 years (range, 13.9-62 years) were identified. Mean follow-up time was 34.4 months (range, 22-60 months). Hamstring tendon autografts were used in 62% of ACL reconstructions in males and in 65% of ACL reconstructions in females, whereas bone-patellar tendon-bone autografts were used in 38% and 35% of procedures in males and females, respectively. A residual positive Lachman test result was more frequently reported among females compared to males (5.8% vs 0.6%; P = 0.03). No significant difference in revision rates or residual pivot-shift on examination was observed between males and females (P = 0.38 and P = 0.08, respectively). CONCLUSION: Female patients undergoing ACL reconstruction have higher reported rates of residual anterior instability with Lachman than male patients. However, no sex-based differences were identified with residual pivot-shift on examination or rate of revision ACL surgery. LEVEL OF EVIDENCE: II; Systematic Review of level II studies.",2023
47,37537529,2023 Aug 3,2023 Aug 3,BMC Musculoskelet Disord,"['Verhagen S', 'Dietvorst M', 'Delvaux E', 'van der Steen MC', 'Janssen R']",Janssen R,"Clinical outcomes of different autografts used for all-epiphyseal, partial epiphyseal or transphyseal anterior cruciate ligament reconstruction in skeletally immature patients - a systematic review.",24,1,630,['English'],100968565,,1471-2474,"['Systematic Review', 'Journal Article']",PubMed - indexed for MEDLINE,epublish,"['37537529', 'PMC10401849', 'pmc-id: PMC10401849;', '10.1186/s12891-023-06749-4', '10.1186/s12891-023-06749-4']",10.1186/s12891-023-06749-4,"['2023/01/31 00:00', '2023/07/24 00:00', '2023/08/07 06:42', '2023/08/04 01:08', '2023/08/03 23:34', '2023/08/03 00:00']",[],1,70,BMC musculoskeletal disorders,doi: 10.1186/s12891-023-06749-4,2023 Aug 3;24(1):630,"BACKGROUND: Different types of grafts can be used for anterior cruciate ligament reconstruction (ACLR). There is little published data regarding skeletally immature patients. The purpose of this systematic review was to assess the clinical outcomes and complications for different autograft types used in all-epiphyseal, transphyseal and partial epiphyseal/hybrid ACLR in skeletally immature children and adolescents. METHODS: PubMed, Embase and Cochrane databases were systematically searched for literature regarding ACLR using hamstrings, quadriceps or bone-patellar-tendon-bone (BPTB) autografts in skeletally immature patients. Studies were included if they examined at least one of the following outcomes: graft failure, return to sport(s), growth disturbance, arthrofibrosis or patient reported outcomes and had a minimum follow-up of 1 year. Case reports, conference abstracts and studies examining allografts and extra-articular or over-the-top ACL reconstruction techniques were excluded. Graft failure rates were pooled for each graft type using the quality effects model of MetaXL. A qualitative synthesis of secondary outcomes was performed. RESULTS: The database search identified 242 studies. In total 31 studies were included in this review, comprising of 1358 patients. Most patients (81%) were treated using hamstring autograft. The most common used surgical technique was transphyseal. The weighted, pooled failure rate for each graft type was 12% for hamstring tendon autografts, 8% for quadriceps tendon autografts and 6% for BPTB autografts. Confidence intervals were overlapping. The variability in time to graft failure was high. The qualitative analysis of the secondary outcomes showed similar results with good clinical outcomes and low complication rates across all graft types. CONCLUSIONS: Based on this review it is not possible to determine a superior graft type for ACLR in skeletally immature. Of the included studies, the most common graft type used was the hamstring tendon. Overall, graft failure rates are low, and most studies show good clinical outcomes with high return to sports rates.",2023
48,37477649,2023 Oct,2023 Jul 21,Knee Surg Sports Traumatol Arthrosc,"['Vivekanantha P', 'Nedaie S', 'Grzela P', 'Cohen D', 'Hoshino Y', 'Nagai K', 'Kay J', 'de Sa D']",de Sa D,"Though five-strand hamstring autografts demonstrate greater graft diameter, postoperative outcomes are equivocal to four-strand hamstring autograft preparations: a systematic review and meta-analysis of level I and II studies.",31,10,4437-4447,['English'],9314730,0942-2056,1433-7347,"['Meta-Analysis', 'Systematic Review', 'Journal Article']",PubMed - indexed for MEDLINE,ppublish+epublish,"['37477649', '10.1007/s00167-023-07515-8', '10.1007/s00167-023-07515-8']",10.1007/s00167-023-07515-8,"['2023/06/13 00:00', '2023/07/14 00:00', '2023/09/01 06:43', '2023/07/21 13:14', '2023/07/21 11:03']",[],1,0,"Knee surgery, sports traumatology, arthroscopy : official journal of the ESSKA",doi: 10.1007/s00167-023-07515-8,2023 Oct;31(10):4437-4447,"PURPOSE: To compare graft dimensions, functional outcomes, and failure rates following anterior cruciate ligament reconstruction (ACLR) with either five-strand or four-strand hamstring autograft options. METHODS: Three databases (MEDLINE, PubMed, and EMBASE) were searched from inception to 22 April 2023 for level I and II studies comparing five- and four-strand hamstring autografts in ACLR. The authors adhered to the PRISMA and R-AMSTAR guidelines as well as the Cochrane Handbook for Systematic Reviews of Interventions. Data on demographics, surgical details and rehabilitation, graft diameter, patient-reported outcome measures (PROMs), and rates of positive Lachman test, positive pivot shift test, and graft rupture were extracted. PROMs included Knee Osteoarthritis and Outcome Score (KOOS) subscales, Lysholm, and International Knee Documentation Committee (IKDC). RESULTS: One randomized controlled trial (RCT) and four prospective cohort studies with 572 patients were included. Graft diameters were larger in the five-strand group with a mean difference of 0.93 mm (95% CI 0.61 to 1.25, p < 0.001, I(2) = 66%). The five-strand group reported statistically higher KOOS ADL subscale and Lysholm scores with a mean difference of 4.85 (95% CI 0.14 to 9.56, p = 0.04, I(2) = 19%) and 3.01 (95% CI 0.48 to 5.53, p = 0.02, I(2) = 0%), respectively. There were no differences in KOOS symptoms, pain, quality of life, or sports subscales, or IKDC scores. There were no differences in rates of positive Lachman test, positive pivot shift test, or graft rupture with pooled odds ratios of 0.62 (95% CI 0.13 to 2.91, n.s., I(2) = 80%), 0.94 (95% CI 0.51 to 1.75, n.s., I(2) = 31%), and 2.13 (95% CI 0.38 to 12.06, n.s., I(2) = 0%), respectively. CONCLUSIONS: Although five-stranded hamstring autografts had significantly larger graft diameters compared to four-stranded grafts with a mean difference of 0.93 mm, similar graft rupture rates and clinical laxity assessments were identified following ACLR. While some PROMs were statistically superior in the five-stranded hamstring groups, the threshold for the minimal clinical important difference was not reached indicating similar clinical outcomes overall. LEVEL OF EVIDENCE: Level II.",2023
49,37451340,2024 Feb,2023 Jul 13,Orthop Traumatol Surg Res,"['Frigout F', 'Pouderoux T', 'Vincelot-Chainard C', 'Robert H']",Robert H,Do lateral extra-articular tenodeses play a role in the control of sagittal knee laxity in short hamstring tendon graft ACL reconstruction? A retrospective study of 80 cases with and without tenodesis.,110,1,103656,['English'],101494830,,1877-0568,"['Journal Article', 'Review']",PubMed - indexed for MEDLINE,ppublish+epublish,"['37451340', '10.1016/j.otsr.2023.103656', 'S1877-0568(23)00147-0']",10.1016/j.otsr.2023.103656,"['2022/01/18 00:00', '2023/02/15 00:00', '2023/03/06 00:00', '2024/01/29 06:42', '2023/07/15 10:42', '2023/07/14 19:22']",[],1,0,"Orthopaedics & traumatology, surgery & research : OTSR",doi: 10.1016/j.otsr.2023.103656,2024 Feb;110(1):103656,"INTRODUCTION: Lateral extra-articular tenodesis (LET) associated with an intra-articular anterior cruciate ligament reconstruction (ACLR) provides better rotational control, especially in knees with injuries to the anterolateral structures that are characterized by the presence of a gross pivot shift. However, the role of LET in the control of sagittal knee laxity remains debated. We hypothesized that LET plays a role in the control of sagittal knee laxity. PATIENTS AND METHODS: This was a retrospective, single-center, single-surgeon study of 80 patients operated on between January 2014 and December 2016 for a complete primary ACL tear. We compared 43 patients who underwent an isolated short hamstring tendon graft ACLR with 37 patients who underwent an ACLR using intra- and extra-articular grafts. Knee laxity measurements were taken with a GNRB(R) arthrometer preoperatively, at 1, 3, 6, and 9months (M1-M9), 1year, and at the last follow-up. The side-to-side differences (healthy vs. operated knees) in graft laxity (DeltaL in mm) and compliance (DeltaC in mum/N) were calculated for each patient from the generated force-displacement curves. RESULTS: No differences were found between the 2 groups in terms of the DeltaL and DeltaC evolvement profiles. All laxity parameters decreased significantly between the preoperative assessment and M1. DeltaL and DeltaC increased at low forces between M1 and M9. DeltaL and DeltaC stabilized after M9. DISCUSSION: Sagittal control remains the primary function of the ACL. The anterolateral ligament (ALL) reconstruction and LET do not improve sagittal postoperative laxity. CONCLUSION: Sagittal laxity measurements recorded during the postoperative period did not show that adding LET to short hamstring tendon graft ACLRs improved either graft laxity or compliance. LEVEL OF EVIDENCE: IV, retrospective study.",2024
50,37093236,2023 Aug,2023 Apr 24,Knee Surg Sports Traumatol Arthrosc,"['Ruelos VCB', 'Masood R', 'Puzzitiello RN', 'Moverman MA', 'Pagani NR', 'Menendez ME', 'Salzler MJ']",Salzler MJ,The reverse fragility index: RCTs reporting non-significant differences in failure rates between hamstring and bone-patellar tendon-bone autografts have fragile results.,31,8,3412-3419,['English'],9314730,0942-2056,1433-7347,"['Systematic Review', 'Journal Article']",PubMed - indexed for MEDLINE,ppublish+epublish,"['37093236', '10.1007/s00167-023-07420-0', '10.1007/s00167-023-07420-0']",10.1007/s00167-023-07420-0,"['2022/09/26 00:00', '2023/04/14 00:00', '2023/07/21 06:43', '2023/04/24 12:41', '2023/04/24 11:13']",[],1,0,"Knee surgery, sports traumatology, arthroscopy : official journal of the ESSKA",doi: 10.1007/s00167-023-07420-0,2023 Aug;31(8):3412-3419,"PURPOSE: The reverse fragility index (RFI) is a novel metric to appraise the results of studies reporting statistically non-significant results. The purpose of this study was to determine the statistical robustness of randomized controlled trials (RCTs) reporting non-significant differences in anterior cruciate ligament reconstruction (ACLR) graft failure rates, defined as re-rupture/revision ACLR rate, between hamstring tendon (HT) and bone-patellar tendon-bone (BTB) autografts by calculating RFIs. METHODS: A systematic review was performed to identify RCTs that compared HT to BTB grafts for ACLR through January 2022. Studies reporting non-significant differences in graft re-rupture and revision ACLR rate (n.s.) were included. The RFI, defined as the fewest number of event reversals needed to change the non-significant graft re-rupture/revision outcome to statistically significant (P < 0.05), was recorded for each study. In addition, the number of studies in which the loss to follow-up exceeded the RFI was recorded. RESULTS: Among the 16 included RCTs, the median (interquartile range [IQR]) sample size was 71 (64-114), and the median (IQR) total number of graft re-rupture/revision ACLR events was 4 (4-6). The median (IQR) graft re-rupture/revision ACLR rate was 4.3% (3.0-6.4) overall, 4.1% (2.6-6.7) in the BTB group, and 5.4% (3.0-6.3) in the HT group. The median (IQR) RFI was 3 (3-4), signifying that a reversal of the outcome in 3 patients in one arm was needed to flip the studies' result from non-significant to statistically significant (P < 0.05). The median (IQR) number of participants lost to follow-up was 11 (3-13), and 13 (81.3%) of the included studies had a loss to follow-up greater than the studies' RFI. CONCLUSION: The results of RCTs reporting statistically non-significant re-rupture/revision ACLR rates between HT and BTB autografts would become significant if the outcome were reversed in a small number of patients-a number that was less than the loss to follow-up in the majority of studies. Thus, the neutrality of these studies is fragile, and a true statistically significant difference in re-rupture/revision rates may have been undetected. LEVEL OF EVIDENCE: Level I.",2023
51,37005946,2023 Apr 1,2023 Apr 1,J Exp Orthop,"['Zaffagnini S', 'Lucidi GA', 'Macchiarola L', 'Agostinone P', 'Neri MP', 'Marcacci M', 'Grassi A']",Grassi A,The 25-year experience of over-the-top ACL reconstruction plus extra-articular lateral tenodesis with hamstring tendon grafts: the story so far.,10,1,36,['English'],101653750,2197-1153,2197-1153,"['Journal Article', 'Review']",PubMed,epublish,"['37005946', 'PMC10067780', 'pmc-id: PMC10067780;', '10.1186/s40634-023-00599-8', '10.1186/s40634-023-00599-8']",10.1186/s40634-023-00599-8,"['2023/02/09 00:00', '2023/03/16 00:00', '2023/04/04 06:01', '2023/04/03 02:44', '2023/04/04 06:00', '2023/04/01 00:00']",[],1,59,Journal of experimental orthopaedics,doi: 10.1186/s40634-023-00599-8,2023 Apr 1;10(1):36,"This article presents with an evidence based approach, the kinematical rationale, biological evidence and the long term results of the ""Over-The-Top"" anterior cruciate ligament reconstruction with lateral plasty technique. This surgery was developed more than 25 years ago at the Rizzoli Institute by professor Marcacci and Zaffagnini and it is still widely performed in many orthopedic center worldwide.",2023
52,36561474,2022,2022 Dec 16,Acta Ortop Bras,"['Andrez TN', 'Chagas JBM', ""D'Oliveira LB""]",D'Oliveira LB,GRAFTS FOR ANTERIOR CRUCIATE LIGAMENT RECONSTRUCTION: SYSTEMATIC REVIEW AND META-ANALYSIS.,30,6,e256048,['English'],9804509,1413-7852,1809-4406,"['Journal Article', 'Review']",PubMed,,"['36561474', 'PMC9757723', 'pmc-id: PMC9757723;', '10.1590/1413-785220223006e256048']",10.1590/1413-785220223006e256048,"['2021/09/04 00:00', '2021/11/01 00:00', '2022/12/23 02:27', '2022/12/24 06:00', '2022/12/24 06:01', '2022/12/16 00:00']",[],1,29,Acta ortopedica brasileira,doi: 10.1590/1413-785220223006e256048,2022;30(6):e256048,"OBJECTIVE: This study proposes to systematically review the literature and compare data on (1) function, (2) pain, (3) return to sport, and (4) complications after anterior cruciate ligament (ACL) reconstruction with quadriceps tendon autograft (QT) and hamstring tendon autograft (HT). METHODS: In June 2021, a systematic review of the EMBASE, MEDLINE/PubMed, Cochrane Central Register of Controlled Trials, and LILACS databases was performed, based on PRISMA guidelines. The search strategy included the keywords: ""Previous Cruciate Ligament Reconstruction,"" ""ACL reconstruction,"" ""quadriceps tendon autograft,"" ""quadriceps graft,"" ""Hamstring-Tendon Autografts."" Meta-analyses were performed using Review Manager software (RevMan Web). RESULTS: There were no significant differences between the two groups regarding function according to Lysholm score (MD 3.01; CI-0.30, 6.33, p = 0.08), the presence of pain (RR 0.89; CI-0.57, 1.39, p = 0.60), and re-rupture (RR 0.60; IC-0.19, 1.88, p = 0.38). CONCLUSION: QT and HT autografts show comparatively good results in ACL reconstruction without significant differences regarding function, pain, and rupture after surgical intervention. Level of Evidence II, Systematic Review of Level II Studies.",2022
53,36441213,2023 Jul,2022 Nov 28,Arch Orthop Trauma Surg,"['Sollberger VD', 'Korthaus A', 'Barg A', 'Pagenstert G']",Pagenstert G,Long-term results after anterior cruciate ligament reconstruction using patellar tendon versus hamstring tendon autograft with a minimum follow-up of 10 years-a systematic review.,143,7,4277-4289,['English'],9011043,0936-8051,1434-3916,"['Systematic Review', 'Journal Article']",PubMed - indexed for MEDLINE,ppublish+epublish,"['36441213', 'PMC10293370', 'pmc-id: PMC10293370;', '10.1007/s00402-022-04687-9', '10.1007/s00402-022-04687-9']",10.1007/s00402-022-04687-9,"['2022/08/17 00:00', '2022/10/28 00:00', '2023/06/28 06:42', '2022/11/29 06:00', '2022/11/28 11:14', '2022/11/28 00:00']",[],1,44,Archives of orthopaedic and trauma surgery,doi: 10.1007/s00402-022-04687-9,2023 Jul;143(7):4277-4289,"INTRODUCTION: A lot of research addresses superiority of the two commonly used autografts bone-patellar tendon-bone (BPTB) and hamstring tendon for anterior cruciate ligament (ACL) reconstruction, without getting to consensus. While there are numerous studies and reviews on short- to mid-term follow-up, not much literature is available on long-term follow-up. As patients suffering ACL injuries are often of young age and high athletic activity, it is crucial to have the best evidence possible for graft choice to minimize consequences, like osteoarthritis later on. MATERIALS AND METHODS: A search of the online databases, PubMed and Embase, was carried out last on 31st March 2022 for studies comparing BPTB and hamstring tendon (HT) autografts for ACL reconstruction in human patients with a minimum follow-up of 10 years. The methodological quality of each study has been evaluated using the modified Coleman Methodology Score. Results on the three variables patient-oriented outcomes, clinical testing and measurements and radiographic outcomes were gathered and are presented in this review. RESULTS: Of 1299 records found, nine studies with a total of 1833 patients were identified and included in this systematic review. The methodological quality of the studies ranged from a Coleman Score of 63-88. Many studies reported no or only few statistically significant differences. Significant results in favour of BPTB were found for activity levels and for instrumented laxity testing with the KT-1000 arthrometer. Better outcomes for HT were found in IKDC-SKF, the KOOS, donor site morbidity, pivot shift test, radiographic osteoarthritis (IKDC C or D) and contralateral ACL rupture. No studies presented significant differences in terms of Lysholm Score or Tegner Activity Score, Lachman test, single-legged hop test, deficits in range of motion, osteoarthritis using the Kellgren and Lawrence classification or graft rupture. CONCLUSION: We cannot recommend one graft to be superior, since both grafts show disadvantages in the long-term follow-up. Considering the limitation of our systematic review of no quantitative analysis, we cannot draw further conclusions from the many insignificant results presented by individual studies. LEVEL OF EVIDENCE: IV.",2023
54,36343766,2023 Apr,2022 Nov 5,Arthroscopy,"['Brinkman JC', 'Tummala SV', 'Hassebrock JD', 'McQuivey KS', 'Makovicka JL', 'Economopoulos KJ']",Economopoulos KJ,Mid-Term Outcomes of the All-Soft Quadriceps Tendon Autograft Are Noninferior to Hamstring Autograft in Primary Anterior Cruciate Ligament Reconstruction: Comparison With Minimum 5-Year Follow-Up.,39,4,1008-1013,['English'],8506498,0749-8063,1526-3231,['Journal Article'],PubMed - indexed for MEDLINE,ppublish+epublish,"['36343766', '10.1016/j.arthro.2022.10.035', 'S0749-8063(22)00693-4']",10.1016/j.arthro.2022.10.035,"['2022/03/27 00:00', '2022/10/10 00:00', '2022/10/20 00:00', '2022/11/08 06:00', '2023/03/08 06:00', '2022/11/07 19:25']",[],1,0,Arthroscopy : the journal of arthroscopic & related surgery : official publication of the Arthroscopy Association of North America and the International Arthroscopy Association,doi: 10.1016/j.arthro.2022.10.035,2023 Apr;39(4):1008-1013,"PURPOSE: To compare the 5-year clinical and functional outcomes of the soft-tissue quadriceps tendon (QT) with those of the hamstring tendon (HT) autograft. METHODS: A retrospective review of patients undergoing anterior cruciate ligament reconstruction using either soft-tissue QT or double-tendon HT autograft with at least 5 years of follow-up was conducted. Surgical technique included anteromedial portal creation for the femoral tunnel and transtibial technique for the tibia. Graft fixation was achieved with interference composite screws for the QT and combination of interference composite screw and suture button for the HT cohort. The 2 groups were compared for differences in outcomes, including International Knee Documentation Committee (IKDC) score, Lysholm score, return to sport, and complications. RESULTS: A total of 37 patients with QT autograft and 46 HT autografts were included in the study, with a mean follow up of 69.9 months and 70.9 months, respectively. The QT group demonstrated a larger graft size on average (9.64 mm vs 7.90 mm, P < .001). The IKDC and Lysholm scores were similar between the 2 groups at 2-years' postoperatively. At 5 years' postoperatively, the QT group demonstrated significantly greater IKDC (P = .018) and Lysholm (P = .007) scores. The cohorts demonstrated similar rates of achieving minimal clinically important difference thresholds at both 2 and 5 years' postoperatively. The 2 groups also demonstrated comparable rates of return to sport, time to return, and postoperative complications. CONCLUSIONS: Although the QT autograft demonstrated increased patient-reported outcome scores when compared with the HT at 5 years' postoperatively, there was no clinically significant difference between the cohorts at 2 or 5 years' postoperatively. The QT autograft is an effective alternative to HT autograft with noninferior results to the HT autograft at mid-term follow-up. LEVEL OF EVIDENCE: III, retrospective comparison study.",2023
55,36255278,2022 Nov,2022 Oct 18,Am J Sports Med,"['Pioger C', 'Gousopoulos L', 'Hopper GP', 'Vieira TD', 'Campos JP', 'El Helou A', 'Philippe C', 'Saithna A', 'Sonnery-Cottet B']",Sonnery-Cottet B,Clinical Outcomes After Combined ACL and Anterolateral Ligament Reconstruction Versus Isolated ACL Reconstruction With Bone-Patellar Tendon-Bone Grafts: A Matched-Pair Analysis of 2018 Patients From the SANTI Study Group.,50,13,3493-3501,['English'],7609541,0363-5465,1552-3365,"['Review', 'Journal Article', ""Research Support, Non-U.S. Gov't""]",PubMed - indexed for MEDLINE,ppublish+epublish,"['36255278', '10.1177/03635465221128261']",10.1177/03635465221128261,"['2022/10/19 06:00', '2022/11/04 06:00', '2022/10/18 09:42']",[],1,0,The American journal of sports medicine,doi: 10.1177/03635465221128261,2022 Nov;50(13):3493-3501,"BACKGROUND: Bone-patellar tendon-bone (BPTB) autografts are widely considered the standard for anterior cruciate ligament reconstruction (ACLR). PURPOSE/HYPOTHESIS: The aims of this study were to compare the clinical outcomes after ACLR with gold standard BPTB autografts versus combined ACLR + anterolateral ligament reconstruction (ALLR) with hamstring tendon (HT) autografts at medium-term follow-up in a large series of propensity-matched patients. The hypothesis was that combined ACLR + ALLR with HT autografts would result in lower graft rupture rates and non-graft rupture-related reoperation rates. STUDY DESIGN: Cohort study; Level of evidence, 3. METHODS: Patients undergoing combined ACLR + ALLR using HT autografts between January 2003 and December 2019 were propensity matched in a 1:1 ratio to patients undergoing isolated ACLR using BPTB autografts. At the end of the study period, graft ruptures, contralateral knee injuries, and any other reoperations or complications after the index procedure were identified by a search of a prospective database and a review of medical records. RESULTS: A total of 1009 matched pairs were included. The mean duration of follow-up was 101.3 +/- 59.9 months. Patients in the isolated group were >3-fold more likely to have graft failure than those in the combined group (hazard ratio, 3.554 [95% CI, 1.744-7.243]; P = .0005). Patients aged <20 years were at a particularly high risk of graft ruptures compared with patients aged >30 years (hazard ratio, 5.650 [95% CI, 1.834-17.241]; P = .0002). Additionally, there was a significantly higher reoperation rate after isolated ACLR than after combined ACLR + ALLR (20.5% vs 8.9%, respectively; P < .0001). The overall rate of subsequent contralateral ruptures was 9.1% after index surgery (isolated: 10.2%; combined: 8.0%; P = .0934), indicating that the risk profiles for both groups were similar. CONCLUSION: Patients who underwent isolated ACLR with BPTB autografts experienced significantly worse graft survivorship and overall reoperation-free survivorship compared with those who underwent combined ACLR + ALLR with HT autografts. The risk of graft ruptures was >3-fold higher in patients who underwent isolated ACLR using BPTB autografts.",2022
56,36157796,2022 Aug 26,,World J Clin Cases,"['Chalidis B', 'Pitsilos C', 'Kitridis D', 'Givissis P']",Givissis P,Graft choices for anterolateral ligament knee reconstruction surgery: Current concepts.,10,24,8463-8473,['English'],101618806,2307-8960,2307-8960,"['Journal Article', 'Review']",PubMed,ppublish,"['36157796', 'PMC9453348', 'pmc-id: PMC9453348;', '10.12998/wjcc.v10.i24.8463']",10.12998/wjcc.v10.i24.8463,"['2022/03/21 00:00', '2022/06/26 00:00', '2022/07/18 00:00', '2022/09/26 17:12', '2022/09/27 06:00', '2022/09/27 06:01', '2022/08/26 00:00']",[],1,73,World journal of clinical cases,doi: 10.12998/wjcc.v10.i24.8463,2022 Aug 26;10(24):8463-8473,"The anterolateral ligament (ALL) is a primary structure of the anterolateral complex of the knee that contributes to internal rotational stability of the joint. Injury of the ALL is commonly associated with rupture of the anterior cruciate ligament. If left untreated, ALL lesions may lead to residual anterolateral rotational instability of the knee after anterior cruciate ligament reconstruction, which is a common cause of anterior cruciate ligament graft failure. The function of the ALL can be restored by lateral extraarticular tenodesis or anterolateral ligament reconstruction (ALLR). In the lateral extraarticular tenodesis procedure, a strip of the iliotibial band is placed in a non-anatomical position to restrain the internal rotation of the tibia, while in ALLR, a free graft is fixed at the insertion points of the native ALL. Gracilis and semitendinosus grafts have mainly been utilized for ALLR, but other autografts have also been suggested. Furthermore, allografts and synthetic grafts have been applied to minimize donor-site morbidity and maximize the size and strength of the graft. Nevertheless, there has been no strong evidence to fully support one method over another thus far. The present review presents a detailed description of the graft choices for ALLR and the current literature available in regard to the effectiveness and outcomes of published surgical techniques.",2022
57,35721585,2022 Apr,,Arch Bone Jt Surg,"['Hoge CG', 'Matar RN', 'Khalil LS', 'Buchan JA', 'Johnson CM', 'Grawe BM']",Grawe BM,Outcomes Following Anterior Cruciate Ligament Reconstruction with Patellar Tendon vs Hamstring Autografts: A Systematic Review of Randomized Controlled Trials with a Mean Follow-up of 15 Years.,10,4,311-319,['English'],101636743,2345-4644,2345-461X,"['Journal Article', 'Review']",PubMed,ppublish,"['35721585', 'PMC9169734', 'pmc-id: PMC9169734;', '10.22038/ABJS.2021.53662.2668']",10.22038/ABJS.2021.53662.2668,"['2020/12/10 00:00', '2021/07/24 00:00', '2022/06/20 03:56', '2022/06/21 06:00', '2022/06/21 06:01', '2022/04/01 00:00']",[],1,32,The archives of bone and joint surgery,doi: 10.22038/ABJS.2021.53662.2668,2022 Apr;10(4):311-319,"BACKGROUND: The two most common surgical treatment modalities for anterior cruciate ligament reconstruction (ACL), patellar tendon (PT) and hamstring tendon (HS) autografts, have been shown to have outcomes that are both similar and favorable; however, many of these are short or intermediate-term. The objective of this systematic review is to evaluate randomized controlled trials (RCTs) with a minimum 10-year follow-up data to compare the long-term outcomes of ACL reconstructions performed using PT and HS autografts. METHODS: This systematic review followed the PRISMA (Preferred Reporting Items for Systematic Reviews and Meta-Analyses) guidelines. A search of three databases (PubMed, Cochrane and EMBASE) was performed to identify RCTs with a minimum of 10-year follow-up that compared clinical and/or functional outcomes between PT and HS autografts. RESULTS: Four RCTs with a total of 299 patients were included in the study. The mean follow-up ranged from 10.2 to 17 years (mean, 14.79 years). No significant differences in knee laxity or clinical outcome scores were demonstrated in any of the studies. One study found that PT autografts were significantly more likely to have osteoarthritis identified by radiographic findings. Two studies found that patients with PT autografts reported increase kneeling pain, while none of the four studies reported a difference in anterior knee pain. There were no significant differences in graft failure rates. CONCLUSION: This review demonstrates no long-term difference in clinical or functional outcomes between PT and HS autografts. However, radiographic and subjective outcomes indicate that patients with PT autografts may experience greater kneeling pain and osteoarthritis. Therefore, orthopaedic surgeons should consider patient-centric factors when discussing graft options with patients.",2022
58,35543668,2022 Apr,2021 Nov 17,J ISAKOS,"['Hurley ET', 'Mojica ES', 'Kanakamedala AC', 'Meislin RJ', 'Strauss EJ', 'Campbell KA', 'Alaia MJ']",Alaia MJ,Quadriceps tendon has a lower re-rupture rate than hamstring tendon autograft for anterior cruciate ligament reconstruction - A meta-analysis.,7,2,87-93,['English'],101680867,2059-7754,2059-7762,"['Journal Article', 'Meta-Analysis', 'Systematic Review']",PubMed - indexed for MEDLINE,ppublish+epublish,"['35543668', '10.1016/j.jisako.2021.10.001', 'S2059-7754(21)00300-X']",10.1016/j.jisako.2021.10.001,"['2022/05/11 10:23', '2022/05/12 06:00', '2022/05/18 06:00']",[],1,0,Journal of ISAKOS : joint disorders & orthopaedic sports medicine,doi: 10.1016/j.jisako.2021.10.001,2022 Apr;7(2):87-93,"IMPORTANCE: There have been several recent systematic reviews of quadriceps tendon autografts (QT), which have not shown any significant difference in outcomes between QT and hamstring tendon autograft (HS) for ACL reconstruction (ACLR). However, several recent comparative studies have been published comparing QT to HS for ACLR. AIM: The purpose of this study is to perform a systematic review and meta-analysis of the studies comparing QT to HS for ACLR. EVIDENCE REVIEW: Two independent reviewers performed the literature search based on the PRISMA guidelines, with a senior author arbitrating discrepancies. Cohort studies comparing QT with HS were included. FINDINGS: There were 15 studies comparing 611 patients with QT to 543 patients with HS, with a mean of 27.4 months follow-up. QT resulted in a significantly lower rate of graft re-rupture (2.5% vs 8.7%, p = 0.01), and donor site morbidity (17.6% vs 26.2%, p = 0.02). There was a significant difference in favour of QT for the positive pivot shift test (Grade I/II: 15.8% vs 23.0%, p = 0.02), but not in the rate of the positive Lachman test (Grade I/II: 18.3% vs 26.7%, p = 0.16). Additionally, there was no difference in the side to side difference in knee stability (1.8 mm vs 2.0 mm, p = 0.48). Functionally, both grafts had similar functional outcomes in terms of the IKDC score (88.0 vs 87.9, p = 0.69), and Lysholm score (89.3 vs 87.6, p = 0.15). CONCLUSIONS AND RELEVANCE: Our study showed that QT has a lower re-rupture rate than HS in ACLR, with lower donor site morbidity. QT appeared to be slightly better for residual pivot shift, but there was no difference in patient-reported outcomes. LEVEL OF EVIDENCE: III.",2022
59,35343326,2022 Nov-Dec,2022 Mar 27,Sports Health,"['Etzel CM', 'Nadeem M', 'Gao B', 'Boduch AN', 'Owens BD']",Owens BD,Graft Choice for Anterior Cruciate Ligament Reconstruction in Women Aged 25 Years and Younger: A Systematic Review.,14,6,829-841,['English'],101518422,1941-7381,1941-0921,"['Systematic Review', 'Journal Article']",PubMed - indexed for MEDLINE,ppublish+epublish,"['35343326', 'PMC9631041', 'pmc-id: PMC9631041;', '10.1177/19417381221079632']",10.1177/19417381221079632,"['2022/03/29 06:00', '2022/11/03 06:00', '2022/03/28 08:53', '2023/03/27 00:00']",[],1,77,Sports health,doi: 10.1177/19417381221079632,2022 Nov-Dec;14(6):829-841,"CONTEXT: Although anterior cruciate ligament (ACL) tears are relatively common in athletic populations, few studies have systematically reviewed graft choice in young women. OBJECTIVE: To quantitatively and qualitatively examine reported outcomes for graft choice in women aged 25 years and younger undergoing primary ACL reconstruction. DATA SOURCE: A systematic review was performed using the PRISMA (Preferred Reporting Items for Systematic Reviews and Meta-Analyses) guidelines. An electronic search in the PubMed (includes MEDLINE) and EMBASE databases was completed using a combination of key terms. STUDY SELECTION: Studies were included if they reported graft choice outcomes in women aged 25 years and younger. STUDY DESIGN: Systematic review. LEVEL OF EVIDENCE: Level 4. DATA EXTRACTION: The following information was extracted: title, author, year of publication, number of female patients and age, graft type, follow-up, and patient-reported outcome measures. The following outcome scores were identified as being reported or not reported by each study: graft failure, contralateral ACL (CACL) rupture, IKDC (International Knee Documentation Committee), graft survival (Kaplan-Meier), Lysholm, Tegner, KT-1000, kneeling pain, return to sport, and Lachman. RESULTS: Of 1170 identified articles, 16 met inclusion criteria, reporting on 1385 female patients aged 25 years and younger. Comparison of 655 bone-patellar tendon-bone (BPTB) versus 525 hamstring tendon (HT) autografts showed significant differences in mean failure rate between BPTB autografts (6.13% +/- 2.58%) and HT autografts (17.35% +/- 8.19%), P = 0.001. No statistically significant differences in CACL failure rates were found between BPTB autografts and HT autografts (P = 0.25). Pooled results for IKDC were possible in 3 of the HT autograft studies, showing a mean score of 88.31 (95% CI 83.53-93.08). Pooled Lysholm score results were possible in 2 of the HT autograft studies, showing a mean score of 93.46 (95% CI 91.90-95.01). CONCLUSION: In female patients aged 25 years and younger, BPTB autografts showed significantly less graft failure compared with HT autografts. However, BPTB autografts had comparable patient-reported outcomes compared with HT autografts with the available data. The overall state of evidence for graft choice in female patients aged 25 years and younger is low. Future studies should report statistics by age and sex to allow for further analysis of graft choice for this specific population that is known to be more vulnerable to ACL injury.",2022
60,34949188,2021 Dec 23,2021 Dec 23,J Orthop Surg Res,"['Bhimani R', 'Shahriarirad R', 'Ranjbar K', 'Erfani A', 'Ashkani-Esfahani S']",Ashkani-Esfahani S,Transportal versus all-inside techniques of anterior cruciate ligament reconstruction: a systematic review.,16,1,734,['English'],101265112,,1749-799X,"['Journal Article', 'Systematic Review']",PubMed - indexed for MEDLINE,epublish,"['34949188', 'PMC8705139', 'pmc-id: PMC8705139;', '10.1186/s13018-021-02872-x', '10.1186/s13018-021-02872-x']",10.1186/s13018-021-02872-x,"['2021/09/08 00:00', '2021/12/05 00:00', '2021/12/24 05:23', '2021/12/25 06:00', '2022/03/08 06:00', '2021/12/23 00:00']",[],1,100,Journal of orthopaedic surgery and research,doi: 10.1186/s13018-021-02872-x,2021 Dec 23;16(1):734,"BACKGROUND: Transportal (TP) and all-inside techniques (AIT) are the most commonly used anterior cruciate ligament (ACL) reconstruction procedures in current clinical practice. However, there is an ongoing debate over which procedure is superior. Therefore, the purpose of this systematic review was to evaluate and compare the clinical outcomes and complications of these two techniques to propose recommendations for future application. Our primary hypothesis was that AIT is a superior ACLR technique compared to TP. METHODS: A systematic literature review, using PRISMA guidelines, was conducted using PubMed, Medline, Google Scholar, and EMBASE, up to February 2021 to identify studies focusing on AIT and TP techniques of ACL reconstruction. We excluded animal experiments, cadaveric studies, retrospective studies, case reports, technical notes, and studies without quantitative data. Patients' characteristics, surgical technical features, along with postoperative follow-up and complications were extracted and reported accordingly. Methodological quality of the included studies was assessed using the Modified Coleman Methodology Score (MCMS). RESULTS: A total of 44 studies were selected for this review, of which four were comparative studies. A total of 923 patients underwent AIT and 1678 patients underwent the TP technique for ACLR. A single semitendinosus graft was commonly used in the AIT compard to combined semitendinosus and gracilis graft in the TP group. The postoperative increase in International Knee Documentation Committee (IKDC), Lysholm, KT-1000, and Short Form-12 (physical and mental) scores were similar in the AIT group and the TP group. Contrastingly, the VAS pain score was significantly lower in the AIT group compared to the TP group. Furthermore, the pooled complication rates from all studies were similar between the two groups (AIT: 54 patients, 8.26% vs. PT: 55 patients, 6.62%). However, the four studies that prospectively compared AIT and TP techniques showed lesser complications in the AIT group than the TP group. CONCLUSION: Since the future trend in orthopedic surgery is toward less invasive and patients' satisfaction with good outcomes, AIT is a good alternative method considering preserving bony tissue and gracilis tendon with less post-operative pain, along with more knee flexor strength and equal outcomes compared to conventional ACL reconstruction surgery. Level of Evidence II.",2021
61,34536121,2022 Nov,2021 Sep 18,Arch Orthop Trauma Surg,"['Haybäck G', 'Raas C', 'Rosenberger R']",Rosenberger R,Failure rates of common grafts used in ACL reconstructions: a systematic review of studies published in the last decade.,142,11,3293-3299,['English'],9011043,0936-8051,1434-3916,"['Journal Article', 'Systematic Review']",PubMed - indexed for MEDLINE,ppublish+epublish,"['34536121', 'PMC9522752', 'pmc-id: PMC9522752;', '10.1007/s00402-021-04147-w', '10.1007/s00402-021-04147-w']",10.1007/s00402-021-04147-w,"['2020/12/09 00:00', '2021/08/23 00:00', '2021/09/19 06:00', '2022/10/04 06:00', '2021/09/18 12:07', '2021/09/18 00:00']",[],1,26,Archives of orthopaedic and trauma surgery,doi: 10.1007/s00402-021-04147-w,2022 Nov;142(11):3293-3299,"INTRODUCTION: In this review paper, graft failure rates of different graft types (hamstring tendon autografts, bone-patellar tendon-bone autografts, quadriceps tendon autografts and diverse allografts) that are used for surgical reconstruction of the anterior cruciate ligament are compared and statistically analysed. METHODS: Literature search was conducted in PubMed according to Preferred Reporting Items for Systematic Reviews and Meta-Analysis (PRISMA) criteria. A total of 194 studies, which reported graft failure rates of at least one of the anterior cruciate ligament reconstruction methods mentioned above, were included in this systematic review. To be able to compare studies with different follow-up periods, a yearly graft failure rate for each reconstruction group was calculated and then investigated for significant differences by using the Kruskal-Wallis test. RESULTS: Overall, a total of 152,548 patients treated with an anterior cruciate ligament reconstruction were included in the calculations. Comparison of graft types showed that hamstring tendon autografts had a yearly graft failure rate of 1.70%, whereas the bone-patellar tendon-bone autograft group had 1.16%, the quadriceps tendon autograft group 0.72%, and the allografts 1.76%. CONCLUSION: The findings of this meta-data study indicate that reconstructing the anterior cruciate ligament using quadriceps tendon autografts, hamstring tendon autografts, patellar tendon autografts or allografts does not show significant differences in terms of graft failure rates.",2022
62,34494906,2022 Oct,2021 Sep 8,Am J Sports Med,"['Dai W', 'Leng X', 'Wang J', 'Cheng J', 'Hu X', 'Ao Y']",Ao Y,Quadriceps Tendon Autograft Versus Bone-Patellar Tendon-Bone and Hamstring Tendon Autografts for Anterior Cruciate Ligament Reconstruction: A Systematic Review and Meta-analysis.,50,12,3425-3439,['English'],7609541,0363-5465,1552-3365,"['Journal Article', 'Meta-Analysis', 'Systematic Review']",PubMed - indexed for MEDLINE,ppublish+epublish,"['34494906', '10.1177/03635465211030259']",10.1177/03635465211030259,"['2021/09/09 06:00', '2022/10/04 06:00', '2021/09/08 12:15']",[],1,0,The American journal of sports medicine,doi: 10.1177/03635465211030259,2022 Oct;50(12):3425-3439,"BACKGROUND: The best type of autograft for anterior cruciate ligament (ACL) reconstruction remains debatable. HYPOTHESIS: Compared with bone-patellar tendon-bone (BPTB) and hamstring tendon (HT) autografts, the quadriceps tendon (QT) autograft has comparable graft survival as well as clinical function and pain outcomes. STUDY DESIGN: Meta-analysis; Level of evidence, 4. METHODS: A systematic literature search was conducted in PubMed, Embase, Scopus, and the Cochrane Library to July 2020. Randomized controlled trials (RCTs) and observational studies reporting comparisons of QT versus BPTB or HT autografts for ACL reconstruction were included. All analyses were stratified according to study design: RCTs or observational studies. RESULTS: A total of 24 studies were included: 7 RCTs and 17 observational studies. The 7 RCTs included 388 patients, and the 17 observational studies included 19,196 patients. No significant differences in graft failure (P = .36), the International Knee Documentation Committee (IKDC) subjective score (P = .39), or the side-to-side difference in stability (P = .60) were noted between QT and BPTB autografts. However, a significant reduction in donor site morbidity was noted in the QT group compared with the BPTB group (risk ratio [RR], 0.17 [95% CI, 0.09-0.33]; P < .001). No significant differences in graft failure (P = .57), the IKDC subjective score (P = .25), or the side-to-side stability difference (P = .98) were noted between QT and HT autografts. However, the QT autograft was associated with a significantly lower rate of donor site morbidity than the HT autograft (RR, 0.60 [95% CI, 0.39-0.93]; P = .02). A similar graft failure rate between the QT and control groups was observed after both early and late full weightbearing, after early and late full range of motion, and after using the QT autograft with a bone plug and all soft tissue QT grafts. However, a significantly lower rate of donor site morbidity was observed in the QT group compared with the control group after both early and late full weightbearing, after early and late full range of motion, and after using the QT autograft with a bone plug and all soft tissue QT grafts. No difference in effect estimates was seen between RCTs and observational studies. CONCLUSION: The QT autograft had comparable graft survival, functional outcomes, and stability outcomes compared with BPTB and HT autografts. However, donor site morbidity was significantly lower with the QT autograft than with BPTB and HT autografts.",2022
63,34470509,2022 Dec,2021 Sep 2,Am J Sports Med,"['Tan TK', 'Subramaniam AG', 'Ebert JR', 'Radic R']",Radic R,Quadriceps Tendon Versus Hamstring Tendon Autografts for Anterior Cruciate Ligament Reconstruction: A Systematic Review and Meta-analysis.,50,14,3974-3986,['English'],7609541,0363-5465,1552-3365,"['Meta-Analysis', 'Systematic Review', 'Journal Article']",PubMed - indexed for MEDLINE,ppublish+epublish,"['34470509', '10.1177/03635465211033995']",10.1177/03635465211033995,"['2021/09/03 06:00', '2022/12/15 06:00', '2021/09/02 05:36']",[],1,0,The American journal of sports medicine,doi: 10.1177/03635465211033995,2022 Dec;50(14):3974-3986,"BACKGROUND: Autograft choice in anterior cruciate ligament reconstruction (ACLR) remains controversial, with increasing interest in the usage of quadriceps tendon (QT) autograft versus traditional hamstring tendon (HT) use. The current study undertakes an in-depth review and comparison of the clinical and functional outcomes of QT and HT autografts in ACLR. HYPOTHESIS: The QT autograft is equivalent to the HT autograft and there will be little or no significant difference in the outcomes between these 2 autografts. STUDY DESIGN: Systematic review and meta-analysis; Level of evidence, 4. METHODS: The PUBMED, EMBASE, MEDLINE, and CENTRAL databases were systematically searched from their inception until November 2020. All observational studies comparing ACLR QT and HT autografts were assessed for their methodological quality. Patient outcomes were compared according to patient-reported outcome measures (International Knee Documentation Committee [IKDC], Cincinnati, Lysholm, Tegner, and visual analog scale [VAS] measures), knee extensor and flexor torque limb symmetry indices (LSIs), hamstring to quadriceps (H/Q) ratios, functional hop capacity, knee laxity, ipsilateral graft failure, and contralateral injury. RESULTS: A total of 20 observational studies comprising 28,621 patients (QT = 2550; HT = 26,071) were included in the quantitative meta-analysis. In comparison with patients who received an HT autograft, those who received a QT autograft had similar postoperative Lysholm (mean difference [MD], 0.67; P = .630), IKDC (MD, 0.48; P = .480), VAS pain (MD, 0.04; P = .710), and Cincinnati (MD, -0.85; P = .660) scores; LSI for knee flexor strength (MD, 6.06; P = .120); H/Q ratio (MD, 3.22; P = .160); hop test LSI (MD, -1.62; P = .230); pivot-shift test grade 0 (odds ratio [OR], 0.80; P = .180); Lachman test grade 0 (OR, 2.38; P = .320), side-to-side laxity (MD, 0.09; P = .650); incidence of graft failure (OR, 1.07; P = .830) or contralateral knee injury (OR, 1.22; P = .610); and Tegner scores (MD, 0.11; P = .060). HT autografts were associated with a higher (better) side-to-side LSI for knee extensor strength (MD, -6.31; P = .0002). CONCLUSION: In this meta-analysis, the use of the QT autograft was equivalent to the HT autograft in ACLR, with comparable graft failure and clinical and functional outcomes observed. However, HT autografts were associated with better LSI knee extensor strength.",2022
64,34310176,2022 Jul,2021 Jul 26,Am J Sports Med,"['Bergeron JJ', 'Sercia QP', 'Drager J', 'Pelet S', 'Belzile EL']",Belzile EL,Return to Baseline Physical Activity After Bone-Patellar Tendon-Bone Versus Hamstring Tendon Autografts for Anterior Cruciate Ligament Reconstruction: A Systematic Review and Meta-analysis of Randomized Controlled Trials.,50,8,2292-2303,['English'],7609541,0363-5465,1552-3365,"['Journal Article', 'Meta-Analysis', 'Systematic Review']",PubMed - indexed for MEDLINE,ppublish+epublish,"['34310176', 'PMC9227950', 'pmc-id: PMC9227950;', '10.1177/03635465211017522']",10.1177/03635465211017522,"['2021/07/27 06:00', '2022/06/28 06:00', '2021/07/26 17:15', '2022/06/24 00:00']",[],1,52,The American journal of sports medicine,doi: 10.1177/03635465211017522,2022 Jul;50(8):2292-2303,"BACKGROUND: Bone-patellar tendon-bone (BPTB) and hamstring tendon (HT) autografts are the most utilized grafts for primary anterior cruciate ligament (ACL) reconstruction. The ability of a patient to return to a preinjury level of physical activity is a key consideration in choice of graft; the influence of graft choice on this metric lacks consensus in the literature. PURPOSE: To assess the effects of autograft choice (BPTB vs HT) for primary ACL reconstruction on return to baseline level of physical activity and/or sports participation. STUDY DESIGN: Meta-analysis; Level of evidence, 1. METHODS: A systematic review of randomized controlled trials comparing the use of BPTB and HT autografts for primary ACL reconstruction was conducted. The electronic databases EMBASE, MEDLINE, Cochrane CENTRAL, and Web of Science were comprehensively queried through September 23, 2019. The primary outcome was return to preinjury level of activity/sports. Secondary outcomes included knee stability testing (Lachman, KT-1000 arthrometer, and pivot-shift tests) and clinical subjective knee scores (Tegner, Cincinnati, International Knee Documentation Committee, and Lysholm). Two independent reviewers were involved in the screening of titles and abstracts, data extraction, and the assessment of risk of bias. Meta-analyses were performed respecting the Cochrane Handbook for Systematic Reviews of Intervention. RESULTS: A total of 29 studies (N = 3099 patients) were eligible for this review, of which 13 (n = 1029 patients) reported on return to baseline level of sports as an endpoint. The risk ratio (RR) of using BPTB vs HT on return to baseline sport level was 1.03 (0.91-1.17; P = .63). Absence of a positive pivot-shift test was the only secondary outcome, with a statistically significant RR of 0.66 (95% CI, 0.50-0.86) in favor of BPTB autografts (P = .002). CONCLUSION: In reviewing the current literature, no recommendation can be made on the optimal graft choice when using a return to baseline level of physical activity and/or sports participation as a primary metric.",2022
65,34102074,2021 Jul,2021 Jun 8,Am J Sports Med,"['Schmücker M', 'Haraszuk J', 'Hölmich P', 'Barfod KW']",Barfod KW,"Graft Failure, Revision ACLR, and Reoperation Rates After ACLR With Quadriceps Tendon Versus Hamstring Tendon Autografts: A Registry Study With Review of 475 Patients.",49,8,2136-2143,['English'],7609541,0363-5465,1552-3365,['Journal Article'],PubMed - indexed for MEDLINE,ppublish+epublish,"['34102074', '10.1177/03635465211015172']",10.1177/03635465211015172,"['2021/06/09 06:00', '2021/08/10 06:00', '2021/06/08 20:14']",[],1,0,The American journal of sports medicine,doi: 10.1177/03635465211015172,2021 Jul;49(8):2136-2143,"BACKGROUND: It has been indicated that anterior cruciate ligament reconstruction (ACLR) with a quadriceps tendon (QT) graft has a higher risk of revision compared with ACLR performed with a hamstring tendon (HT) graft. PURPOSE/HYPOTHESIS: To investigate whether ACLR with QT graft had a higher risk of graft failure, revision ACLR, or reoperation compared with HT graft in a high-volume center. We hypothesized that there would be no between-group differences. STUDY DESIGN: Cohort study; Level of evidence, 3. METHODS: This was a registry study with review of medical records. Our study cohort consisted of patients who underwent primary ACLR with either QT or HT graft performed at Copenhagen University Hospital Hvidovre between January 2015 and December 2018. The cohort was identified from the Danish Knee Ligament Reconstruction Registry and linked to the Danish National Patient Registry to identify all hospital contacts after ACLR. The outcome variables were graft failure (rerupture or >3-mm side-to-side difference in anteroposterior [AP] laxity), revision ACLR, reoperation due to cyclops lesion, reoperation due to meniscal injury, and reoperation due to any reason. AP laxity and pivot shift were assessed at 1 year. Kaplan-Meier estimates were used to evaluate the rates of events at 2 years, and comparison was performed with Cox regression analysis. RESULTS: A total of 475 patients (252 HT, 223 QT) were included. The rate of graft failure at 2 years was 9.4% for the QT group and 11.1% for the HT group (P = .46). For the QT and HT groups, respectively, the rate of revision ACLR was 2.3% and 1.6% (P = .60), the rate of reoperation due to cyclops lesion was 5.0% and 2.4% (P = .13), and the rate of reoperation due to meniscal injury was 4.3% and 7.1% (P = .16). The rate of reoperation due to any reason was 20.5% and 23.6% (P = .37). At 1-year follow-up, AP laxity was 1.4 mm for QT and 1.5 mm for HT (P = .51), and the proportion of patients with a positive pivot shift was 29-30% for both groups. CONCLUSION: QT and HT grafts yielded similar rates of graft failure, revision ACLR, and reoperation at 2 years of follow-up after ACLR. Graft failure was found in 9% to 11% of patients. Patients with QT ACLR showed a non-statistically significant trend of higher risk for reoperation due to cyclops lesion, and those with HT showed a non-statistically significant trend of higher risk for reoperation due to meniscal injury.",2021
66,33830836,2021 May,2021 Apr 8,Am J Sports Med,"['Büyükdoğan K', 'Laidlaw MS', 'Fox MA', 'Kew ME', 'Miller MD']",Miller MD,Effect of Tibial Tunnel Placement Using the Lateral Meniscus as a Landmark on Clinical Outcomes of Anatomic Single-Bundle Anterior Cruciate Ligament Reconstruction.,49,6,1451-1459,['English'],7609541,0363-5465,1552-3365,['Journal Article'],PubMed - indexed for MEDLINE,ppublish+epublish,"['33830836', '10.1177/0363546521999672']",10.1177/0363546521999672,"['2021/04/09 06:00', '2021/05/25 06:00', '2021/04/08 17:16']",[],1,0,The American journal of sports medicine,doi: 10.1177/0363546521999672,2021 May;49(6):1451-1459,"BACKGROUND: It remains unclear if use of the lateral meniscus anterior horn (LMAH) as a landmark will produce consistent tunnel positions in the anteroposterior (AP) distance across the tibial plateau. PURPOSE: To evaluate the AP location of anterior cruciate ligament (ACL) reconstruction tibial tunnels utilizing the LMAH as an intra-articular landmark and to examine how tunnel placement affects knee stability and clinical outcomes. STUDY DESIGN: Cohort study; Level of evidence, 3. METHODS: A retrospective review was conducted of 98 patients who underwent primary ACL reconstruction with quadrupled hamstring tendon autografts between March 2013 and June 2017. Patients with unilateral ACL injuries and a minimum follow-up of 2 years were included in the study. All guide pins for the tibial tunnel were placed using the posterior border of the LMAH as an intra-articular landmark. Guide pins were evaluated with the Bernard-Hertel grid in the femur and the Staubli-Rauschning method in the tibia. Patients were divided by the radiographic location of the articular entry point of the guide pin with relation to the anterior 40% of the tibial plateau. Outcomes were evaluated by the Marx Activity Scale and International Knee Documentation Committee (IKDC) form. Anterior knee laxity was evaluated using a KT-1000 arthrometer and graded with the objective portion of the IKDC form. Rotational stability was evaluated using the pivot-shift test. RESULTS: A total of 60 patients were available for follow-up at a mean 28.6 months. The overall percentage of AP placement of the tibial tunnel was 39.3% +/- 3.8% (mean +/- SD; range, 31%-47%). Side-to-side difference of anterior knee laxity was significantly lower in the anterior group than the posterior group (1.2 +/- 1.1 mm vs 2.5 +/- 1.3 mm; P < .001; r = 0.51). The percentage of AP placement of the tibial tunnel demonstrated a positive medium correlation with side-to-side difference of anterior knee laxity as measured by a KT-1000 arthrometer (r = 0.430; P < .001). The anterior group reported significantly better distribution of IKDC grading as compared with the posterior group (26 grade A and 6 grade B vs 15 grade A and 13 grade B; P = .043; V = 0.297). The pivot-shift test results and outcome scores showed no significant differences between the groups. CONCLUSION: Using the posterior border of the LMAH as an intraoperative landmark yields a wide range of tibial tunnel locations along the tibial plateau, with anterior placement of the tibial tunnel leading toward improved anterior knee stability.",2021
67,33732450,2021 Mar,2021 Feb 23,Ann Med Surg (Lond),"['Tua Lubis AM', 'Budimansyah M', 'Made Febry Siswanto IG', 'Yanuarso Y', 'Marsetio AF']",Marsetio AF,Functional outcome of implant-free bone-patellar tendon autograft versus hamstring autograft in arthroscopic anterior cruciate ligament reconstruction: A prospective study.,63,,102184,['English'],101616869,2049-0801,2049-0801,['Journal Article'],PubMed,,"['33732450', 'PMC7937666', 'pmc-id: PMC7937666;', '10.1016/j.amsu.2021.102184', 'S2049-0801(21)00134-5']",10.1016/j.amsu.2021.102184,"['2021/01/11 00:00', '2021/02/13 00:00', '2021/02/14 00:00', '2021/03/18 06:49', '2021/03/19 06:00', '2021/03/19 06:01', '2021/02/23 00:00']",[],1,27,Annals of medicine and surgery (2012),doi: 10.1016/j.amsu.2021.102184,2021 Mar;63:102184,"INTRODUCTION: The use of implant in anterior cruciate ligament (ACL) reconstruction has been associated with several drawbacks including graft injury, implant osteolysis, implant migration and soft tissue irritation. Implant-free ACL reconstruction surgery offers additional benefits of cost-effective, improved graft incorporation and ease of revision surgery. Our study aimed to compare the functional outcome of ACL reconstruction by using bone-patellar tendon autograft with press-fit fixation technique and hamstring autografts with implant. METHODS: A prospective cohort study design was used. Between March 2013 and March 2014, 12 patients underwent patella tendon-bone graft fixated by press-fit fixation technique (implant-free), while 24 patients underwent ACL reconstruction using implant-fixated hamstring tendon graft. Objective functional outcome was measured by using rolimeter, and subjective functional outcome was measured according to the functional score of IKDC, Tegner-Lysholm and KOOS. RESULTS: Both techniques have shown no significant difference in terms of functional outcome, whether assessed by rolimeter measurement, IKDC score, Tegner-Lysholm, KOOS score between implant group and implant-free group, preoperatively and postoperatively. DISCUSSION: Our study results are in line with several other studies with various follow-up time and systematic review. With the right technique, graft harvesting of patella tendon-tibial tuberosity bone block can be successfully performed, and associated donor site morbidity can be avoided. CONCLUSION: Patients who underwent ACL reconstruction using implant-free technique by press-fit fixation had comparable outcome with ACL reconstruction with implant, objectively and subjectively. This technique should be further revisited and reevaluated.",2021
68,33619635,2022 Jan,2021 Feb 23,Knee Surg Sports Traumatol Arthrosc,"['Alomar AZ', 'Nasser ASB', 'Kumar A', 'Kumar M', 'Das S', 'Mittal S']",Mittal S,Hamstring graft diameter above 7 mm has a lower risk of failure following anterior cruciate ligament reconstruction.,30,1,288-297,['English'],9314730,0942-2056,1433-7347,"['Journal Article', 'Meta-Analysis', 'Systematic Review']",PubMed - indexed for MEDLINE,ppublish+epublish,"['33619635', '10.1007/s00167-021-06503-0', '10.1007/s00167-021-06503-0']",10.1007/s00167-021-06503-0,"['2020/10/16 00:00', '2021/02/10 00:00', '2021/02/24 06:00', '2022/02/02 06:00', '2021/02/23 06:17']",[],1,0,"Knee surgery, sports traumatology, arthroscopy : official journal of the ESSKA",doi: 10.1007/s00167-021-06503-0,2022 Jan;30(1):288-297,"PURPOSE: Multi-stranded hamstring-tendon autografts have been widely used for anterior cruciate ligament reconstruction (ACLR) surgeries. Recently, smaller diameter hamstring autografts have been linked with the risk of failure or graft rupture. However, there is limited evidence concerning the optimal diameter of the hamstring autografts for ACLR. The current systematic review and meta-analysis analysed the association of ACLR failure with the diameter of hamstring autografts. METHODS: A systematic search of three major scientific databases (Pubmed, EMBASE, and Cochrane library) was conducted to identify studies that presented ACLR failure-related outcomes with different diameters of hamstring autografts. The pooled data from the included studies were analysed to investigate the association between ACLR failure and the cut-off diameters of 6, 7, 8, and 9 mm. Subgroup analyses based on the level of evidence and follow-up duration were also performed at each cut-off diameter. RESULTS: Of the 2282 studies screened, 16 reported failure rates with hamstring autografts of different diameters, 15 of which were included in the meta-analysis. A graft diameter >/= 7 mm was associated with significantly lower ACLR failure rates than a graft diameter < 7 mm (p = 0.005), based on pooled data of 19,799 cases. Age < 20 years and higher physical activity were associated with significantly higher ACLR failure rates. CONCLUSION: The current systematic review suggests that the hamstring graft diameter for ACLR should be more than 7 mm considering the significantly higher failure rates with graft diameters less than 7 mm. LEVEL OF EVIDENCE: Level IV.",2022
69,33235137,2020 Nov 25,,Medicine (Baltimore),"['Zhao L', 'Lu M', 'Deng M', 'Xing J', 'He L', 'Wang C']",Wang C,Outcome of bone-patellar tendon-bone vs hamstring tendon autograft for anterior cruciate ligament reconstruction: A meta-analysis of randomized controlled trials with a 5-year minimum follow-up.,99,48,e23476,['English'],2985248R,0025-7974,1536-5964,"['Journal Article', 'Meta-Analysis', 'Systematic Review']",PubMed - indexed for MEDLINE,ppublish,"['33235137', 'PMC7710199', 'pmc-id: PMC7710199;', '10.1097/MD.0000000000023476', '00005792-202011250-00085']",10.1097/MD.0000000000023476,"['2020/11/25 05:39', '2020/11/26 06:00', '2020/12/15 06:00', '2020/11/25 00:00']",['Medicine (Baltimore). 2022 Aug 26;101(34):e29873. doi: 10.1097/MD.0000000000029873. PMID: 36044668'],1,66,Medicine,doi: 10.1097/MD.0000000000023476,2020 Nov 25;99(48):e23476,"BACKGROUND: Many systematic reviews have compared the short-term outcomes of anterior cruciate ligment (ACL)reconstruction with hamstring and patellar tendon autograft,but few differences have been observed. The purpose of this meta-analysis was to compare the medium-term outcome of bone-patellar tendon-bone and hamstring tendon autograft for anterior cruciate ligament reconstruction in terms of clinical function, knee stability, postoperativecomplications, and osteoarthritis changes. METHODS: This meta-analysis followed the Preferred Reporting Items for Systematic Reviews and Meta-Analyses guidelines. The PubMed, Embase, and the Cochrane Library databases were searched from inception to November 2, 2019. This meta-analysis included only randomized controlled trials that compared BPTB and HT autografts for ACL reconstruction with a 5-year minimum follow-up. The Cochrane Collaboration's risk-of-bias tool was used to estimate the risk-of-bias for all included studies. RevMan 5.3 software was used to performed statistical analysis of the outcomes. RESULTS: Fifteen RCTs, involving 1298 patients (610 patients in the BPTB group and 688 patients in the HT group) were included. In terms of clinical function, no significant difference was found in the objective International Knee Documentation Committee score (OR = 0.94, 95%CI: 0.64-1.37, P = .75), Lysholm knee score (MD = -2.26, 95%CI: -4.56 to 0.05, P = .06), return to preinjury activity level (OR = 1.01, 95%CI: 0.67-1.52, P = .96), and Tegner activity level (OR = 0.03, 95%CI: -0.36 to 0.41, P = .89). There was no statistically significant difference in the Lachman test (OR = 0.86, 95%CI: 0.5-1.32, P = .50), pivot-shift test (OR = 0.68, 95%CI: 0.44-1.06, P = .09), and side-to-side difference (MD = -0.32, 95%CI: -0.81 to 0.16, P = .19). As for postoperative complications and OA changes, there were no statistically significant difference in flexion loss (OR = 1.09, 95%CI: 0.47-2.54, P = .85) and OA changes (OR = 0.76, 95%CI: 0.52-1.10, P = .15), but we found significant differences in favor of the HT group in the domains of kneeling pain (OR = 1.67, 95%CI: 1.04-2.69, P = .03), anterior knee pain (OR = 2.90, 95%CI: 1.46-5.77, P = .002), and extension loss (OR = 1.75, 95%CI: 1.12-2.75, P = .01). There was a significant difference in favor of the BPTB group in the domain of graft failure (OR = 0.59, 95%CI: 0.38-0.91, P = .02). CONCLUSIONS: Based on the results above, HT autograft is comparable with the BPTB autograft in terms of clinical function, postoperative knee stability, and OA changes, with a medium-term follow-up. The HT autograft for ACL reconstruction carries a lower risk of complications, such as anterior knee pain, kneeling pain, and extension loss, but an increased incidence of graft failure. Patients should be informed of the differences when deciding on graft choice with their physician.",2020
70,33135006,2020 Oct,2020 Sep 25,Arthrosc Sports Med Rehabil,"['Mo Z', 'Li D', 'Yang B', 'Tang S']",Tang S,Comparative Efficacy of Graft Options in Anterior Cruciate Ligament Reconstruction: A Systematic Review and Network Meta-Analysis.,2,5,e645-e654,['English'],101765256,,2666-061X,"['Journal Article', 'Review']",PubMed,,"['33135006', 'PMC7588648', 'pmc-id: PMC7588648;', '10.1016/j.asmr.2020.05.007', 'S2666-061X(20)30049-3']",10.1016/j.asmr.2020.05.007,"['2019/08/23 00:00', '2020/05/13 00:00', '2020/11/02 06:23', '2020/11/03 06:00', '2020/11/03 06:01', '2020/09/25 00:00']",[],1,77,"Arthroscopy, sports medicine, and rehabilitation",doi: 10.1016/j.asmr.2020.05.007,2020 Oct;2(5):e645-e654,"PURPOSE: To evaluate the effectiveness of various graft options for anterior cruciate ligament reconstruction using network meta-analysis. METHODS: A medical literature search was conducted of PubMed, the Cochrane Library, Embase, SCOPUS, and Web of Science from their inception through March 1, 2019. The outcomes, including International Knee Documentation Committee (IKDC) form, Lachman test, Lysholm score, Pivot shift test, and Tegner score, were evaluated among graft options. Data extraction was carried out according to inclusion and exclusion criteria, and a network meta-analysis was performed using STATA 14.0. RESULTS: A total of 45 trials with 3992 patients were included. The forest plots revealed no significant differences in IKDC, Lysholm, or Tegner score among the grafts. In Lachman score, a significant difference was found in the comparisons of hamstring tendon allograft (HT-AL) versus patellar tendon autograft (PT-AU) and HT-AL versus hamstring tendon autograft (HT-AU). In pivot shift test, PT-AU was superior to all the other grafts, and quadriceps tendon autograft (QT-AU) was superior to HT-AL and artificial ligament (Art-L) in the number of cases with negative results. According to surface under the cumulative ranking area (SUCRA), PT-AU had the highest probability to be the best intervention in Lachman test and Tegner score; tibialis anterior tendon allograft (TA-AL) in IKDC and Lysholm score; and QT-AU in pivot shift test. Based on the cluster analysis of SUCRA, PT-AU was considered the most appropriate intervention by IKDC and Lachman test. CONCLUSION: This study suggests that PT-AU may be the most appropriate graft for ACL reconstruction according to IKDC and Lachman test results. LEVEL OF EVIDENCE: Level I, network meta-analysis of randomized controlled trials.",2020
71,32984919,2021 Sep,2020 Sep 27,Knee Surg Sports Traumatol Arthrosc,"['He J', 'Tang Q', 'Ernst S', 'Linde MA', 'Smolinski P', 'Wu S', 'Fu F']",Fu F,Peroneus longus tendon autograft has functional outcomes comparable to hamstring tendon autograft for anterior cruciate ligament reconstruction: a systematic review and meta-analysis.,29,9,2869-2879,['English'],9314730,0942-2056,1433-7347,"['Journal Article', 'Meta-Analysis', 'Systematic Review']",PubMed - indexed for MEDLINE,ppublish+epublish,"['32984919', '10.1007/s00167-020-06279-9', '10.1007/s00167-020-06279-9']",10.1007/s00167-020-06279-9,"['2020/07/20 00:00', '2020/09/10 00:00', '2020/09/29 06:00', '2021/08/27 06:00', '2020/09/28 05:48']",[],1,0,"Knee surgery, sports traumatology, arthroscopy : official journal of the ESSKA",doi: 10.1007/s00167-020-06279-9,2021 Sep;29(9):2869-2879,"PURPOSE: This review aimed to assess whether peroneus longus tendon (PLT) autograft would have comparable functional outcomes and graft survival rates when compared to hamstring tendon (HT) autograft for anterior cruciate ligament (ACL) reconstruction. METHODS: PubMed, Web of Science, Cochrane Library, Ovid (MEDICINE), and EMBASE databases were queried for original articles from clinical studies including the keywords: ACL reconstruction and PLT autograft. Studies comparing PLT autograft versus HT autograft were included in this analysis and the following data were extracted from studies meeting the inclusion criteria: graft diameter, functional outcomes (Tegner activity scale, Lysholm score, and International Knee Documentation Committee (IKDC) subjective score), knee laxity (Lachman test), and complications (donor site pain or paresthesia, graft failure). Besides, the American Orthopaedic Foot and Ankle Society (AOFAS) scale and the Foot and Ankle Disability Index (FADI) pre-operation and at last follow-up were also compared among patients using PLT autograft. Meta-analysis was applied using Review Manager 5.3 and p < 0.05 was considered statistically significant. RESULTS: Twenty-three studies including 925 patients with ACL reconstruction met inclusion criteria. Of these, 5 studies included a direct comparison of PLT autograft (164 patients) versus HT autograft (174 patients). No significant difference was observed between PLT and HT autografts for Tegner activity scale, Lachman test, donor site pain, or graft failure. However, PLT groups demonstrated better Lysholm score (mean difference between PLT and HT groups, 1.55; 95% CI 0.20-2.89; p = 0.02) and IKDC subjective score (mean difference between PLT and HT groups, 3.24; 95% CI 0.29-6.19; p = 0.03). No difference of FADI was found (n.s.) but AOFAS was slightly decreased at last post-operative follow-up for patients with PLT autograft compared with pre-operative scores (mean difference of 0.31, 95% CI 0.07-0.54, p = 0.01). CONCLUSION: PLT autograft demonstrated comparable functional outcomes and graft survival rates compared with HT autograft for ACL reconstruction. However, a slight decrease in AOFAS score should be considered during surgical planning. Hence, the PLT is a suitable autograft harvested outside the knee for ACL reconstruction to avoid the complication of quadriceps-hamstring imbalance which can occur when harvesting autografts from the knee. LEVEL OF EVIDENCE: Level II.",2021
72,32913712,2020 Oct,2020 Aug 12,Asia Pac J Sports Med Arthrosc Rehabil Technol,"['Tang SP', 'Wan KH', 'Lee RH', 'Wong KK', 'Wong KK']",Wong KK,Influence of hamstring autograft diameter on graft failure rate in Chinese population after anterior cruciate ligament reconstruction.,22,,45-48,['English'],101648546,2214-6873,2214-6873,['Journal Article'],PubMed,,"['32913712', 'PMC7453058', 'pmc-id: PMC7453058;', '10.1016/j.asmart.2020.07.005', 'S2214-6873(20)30056-X']",10.1016/j.asmart.2020.07.005,"['2020/05/20 00:00', '2020/07/15 00:00', '2020/07/27 00:00', '2020/09/11 05:45', '2020/09/12 06:00', '2020/09/12 06:01', '2020/08/12 00:00']",[],1,28,"Asia-Pacific journal of sports medicine, arthroscopy, rehabilitation and technology",doi: 10.1016/j.asmart.2020.07.005,2020 Oct;22:45-48,"BACKGROUND: There has been limited literature regarding the influence of hamstring autograft diameter on the outcome of anterior cruciate ligament (ACL) reconstruction in Asian population. This study was undertaken to investigate the failure rate after ACL reconstruction among Chinese patients treated with hamstring tendon autografts of different diameters. Our hypothesis was that an increase in hamstring tendon autograft diameter would reduce the risk of graft failure. METHODS: A retrospective review of 394 consecutive patients who underwent ACL reconstruction using quadrupled semitendinous and gracillis autografts from 2009 to 2018 at our centre was performed. Logistic regression analysis was used to determine the relationship between graft failure rate and predictor variables, including hamstring graft diameter, gender and age. RESULTS: Hamstring graft diameter of 8.0 mm or more was found to be associated with significant reduction of risk in graft failure rate (P = 0.001, Relative Risk 0.19). No significant association was found between graft failure rate and gender or age. CONCLUSION: Hamstring graft diameter 8.0 mm or greater is associated with decreased graft failure rate and revision rate in our local Chinese population.",2020
73,32785757,2021 Jun,2020 Aug 12,Knee Surg Sports Traumatol Arthrosc,"['Shanmugaraj A', 'Mahendralingam M', 'Gohal C', 'Horner N', 'Simunovic N', 'Musahl V', 'Samuelsson K', 'Ayeni OR']",Ayeni OR,Press-fit fixation in anterior cruciate ligament reconstruction yields low graft failure and revision rates: a systematic review and meta-analysis.,29,6,1750-1759,['English'],9314730,0942-2056,1433-7347,"['Journal Article', 'Meta-Analysis', 'Systematic Review']",PubMed - indexed for MEDLINE,ppublish+epublish,"['32785757', '10.1007/s00167-020-06173-4', '10.1007/s00167-020-06173-4']",10.1007/s00167-020-06173-4,"['2020/06/17 00:00', '2020/07/16 00:00', '2020/08/14 06:00', '2021/06/29 06:00', '2020/08/14 06:00']",[],1,0,"Knee surgery, sports traumatology, arthroscopy : official journal of the ESSKA",doi: 10.1007/s00167-020-06173-4,2021 Jun;29(6):1750-1759,"PURPOSE: Press-fit fixation is a hardware-free technique in anterior cruciate ligament reconstruction (ACLR). The purpose of this review was to quantitatively assess the risk profile and outcomes of press-fit fixation and provide an update on its effectiveness compared to more standard fixation techniques of ACLR. METHODS: The electronic databases PUBMED, MEDLINE, and EMBASE were searched on March 26, 2020 for therapeutic randomized controlled trials (RCT) addressing press-fit fixation for primary ACLR. The Grading of Recommendations Assessment, Development and Evaluation tool was used to assess the quality for randomized studies. A meta-analysis with a random-effects model was used to pool applicable outcomes data. RESULTS: A total of six eligible RCTs were included in this review. There were 292 patients (72.9% male) with a mean age of 28.8 +/- 3.8 years and a mean follow-up of 81.3 +/- 88.3 months that underwent press-fit ACLR on the femoral, tibial or both tunnels. Femoral fixation techniques included press-fit fixation (96.6%) and cross-pin fixation (3.4%). Tibial fixation techniques included press-fit (37.0%), staples (28.1%), interference screws (21.2%) and abarticular post-screws (13.7%). Graft options included bone-patellar tend--bone autografts (73.6%) and semitendinosus and gracilis tendon autograft (26.4%). Significant improvements (p < 0.05) from baseline to follow-up were found for clinical outcomes. Significantly less postoperative bone tunnel enlargement (p < 0.05) was found with tibial press-fit fixation when compared to biodegradable screws. The overall complication rate was 13.3%. There were no significant differences in complication rates [odds ratio = 0.84 (95%CI 0.43-1.66); p = n.s.] (I(2) = 0%) between patients undergoing femoral press-fit fixation and femoral metal interference screw fixation. CONCLUSION: The overall graft failure and revision rates with press-fit ACLR were low. There were no significant differences in complication rates between patients undergoing femoral press-fit and femoral metal interference screw fixation. Included studies found that patients undergoing press-fit fixation for ACLR had significant improvements in functional outcome scores postoperatively and had significantly reduced postoperative bone tunnel enlargement compared to patients undergoing bioabsorbable fixation. Thus, early evidence suggests that press-fit fixation appears to be a good option for patients undergoing ACLR. LEVEL OF EVIDENCE: I.",2021
74,32523288,2020 May,2019 Sep 10,J Clin Orthop Trauma,"['Shah R', 'Srinivasan S', 'Hamed Y', 'Menon DK']",Menon DK,"Clinico-radiological outcomes following anatomical anterior cruciate ligament reconstruction using the TransLateral, all-inside technique.",11,Suppl 3,S326-S331,['English'],101559469,0976-5662,2213-3445,"['Journal Article', 'Review']",PubMed,ppublish+epublish,"['32523288', 'PMC7275287', 'pmc-id: PMC7275287;', '10.1016/j.jcot.2019.09.008', 'S0976-5662(19)30477-1']",10.1016/j.jcot.2019.09.008,"['2019/06/27 00:00', '2019/09/08 00:00', '2019/09/09 00:00', '2020/06/12 06:00', '2020/06/12 06:00', '2020/06/12 06:01', '2021/05/01 00:00']",[],1,41,Journal of clinical orthopaedics and trauma,doi: 10.1016/j.jcot.2019.09.008,2020 May;11(Suppl 3):S326-S331,"We present early clinical outcomes of patients following anatomical anterior cruciate ligament reconstruction using a TransLateral, single bundle, all-inside technique with a one-year follow-up and radiological evaluation of socket position. Eligible Patients who underwent a primary ACL reconstruction, using the TransLateral, all-inside technique alone, between Jan 2013 and Feb 2016 were included in this study. Of this group, all patients underwent isolated semitendinosus graft harvest. The Lysholm knee scores were measured preoperatively and at one-year follow-up in 40 patients who underwent ACL reconstruction. Postoperatively, antero-posterior and lateral radiographs were obtained to evaluate the position of the femoral socket (using the Bernard and Hertel Grid) and tibial socket (using the Amis-Jakob line). There were 36 males and 4 females with a mean age of 27.1 years (range 16-49). There was a single non-surgical related mortality prior to the one year follow up. We report no postoperative infections or graft failure at one year. The mean preoperative Lysholm score was 68.7 (Range: 29-95). The mean Lysholm score increased to 92.5% (Range: 59-100, p < 0.05). Evaluation of femoral sockets revealed accurate positioning on the Bernard and Hertel Grid with a mean ACL center of 27% along Blumensaat's line and 34% of the height of the intercondylar notch. The mean tibial socket position was 41.8% (Range: 32%-47%) along the Amis-Jakob Line. Our single surgeon case series utilizing the all-inside, TransLateral ACLR technique highlights good early outcomes with no postoperative complications or graft failure at one year.",2020
75,32504159,2020 Aug,2020 Jun 5,Knee Surg Sports Traumatol Arthrosc,"['Gupta A', 'Tejpal T', 'Shanmugaraj A', 'Horner NS', 'Gohal C', 'Khan M']",Khan M,All-epiphyseal anterior cruciate ligament reconstruction produces good functional outcomes and low complication rates in pediatric patients: a systematic review.,28,8,2444-2452,['English'],9314730,0942-2056,1433-7347,"['Journal Article', 'Systematic Review']",PubMed - indexed for MEDLINE,ppublish+epublish,"['32504159', '10.1007/s00167-020-06085-3', '10.1007/s00167-020-06085-3']",10.1007/s00167-020-06085-3,"['2020/04/17 00:00', '2020/05/28 00:00', '2020/06/07 06:00', '2020/12/15 06:00', '2020/06/07 06:00']",[],1,0,"Knee surgery, sports traumatology, arthroscopy : official journal of the ESSKA",doi: 10.1007/s00167-020-06085-3,2020 Aug;28(8):2444-2452,"PURPOSE: To assess the literature on indications, outcomes, and complications in pediatric patients undergoing all-epiphyseal (AE) anterior cruciate ligament reconstruction (ACLR). METHODS: PubMed, Medline, and Embase were searched for literature evaluating AE ACLR in pediatric patients. All included studies were assessed for quality using the Methodological Index for Non-Randomized Studies (MINORS). Descriptive statistics are presented where applicable. RESULTS: Overall, 17 studies comprising 545 patients, with a mean age of 12.0 +/- 1.2 (range 8-19) met the inclusion criteria. The graft choices in this systematic review included hamstring tendon autografts (75.4%, n = 403), quadriceps tendon autograft (6.2%, n = 33), Achilles tendon allograft (3.6%, n = 19) and posterior tibialis tendon allograft in one patient (0.2%, n = 1). Time of return-to-sport ranged from 8 to 22 months. Postoperative subjective IKDC scores were above 90 points. The rate of return-to-sport after AE ACLR was 93.2% (n = 219/235) and 77.9% (n = 142/183) of patients returned to sport at pre-injury level. The overall complication rate was 9.8% (n = 53/545) with the most common complication being ACL re-rupture (5.0%; n = 27/545). Only 1.5% (n = 8/545) of patients demonstrated growth disturbances. CONCLUSION: Overall, the AE ACLR technique can achieve good postoperative functional outcomes while notably minimizing the incidence of primary issue of physeal disruption and potential associated leg-length discrepancies. AE ACLR should be considered in pediatric patients with at least 2 years of skeletal growth remaining based on radiographic bone age to minimize the impact of growth-related complications. LEVEL OF EVIDENCE: IV (Systematic Review of Level III and IV evidence).",2020
76,32482429,2020 Aug,2020 May 23,Injury,"['He X', 'Yang XG', 'Feng JT', 'Wang F', 'Huang HC', 'He JQ', 'Hu YC']",Hu YC,Clinical Outcomes of the Central Third Patellar Tendon Versus Four-strand Hamstring Tendon Autograft Used for Anterior Cruciate Ligament Reconstruction: A Systematic Review and Subgroup Meta-analysis of Randomized Controlled Trials.,51,8,1714-1725,['English'],0226040,0020-1383,1879-0267,"['Journal Article', 'Meta-Analysis', 'Systematic Review']",PubMed - indexed for MEDLINE,ppublish+epublish,"['32482429', '10.1016/j.injury.2020.05.025', 'S0020-1383(20)30430-7']",10.1016/j.injury.2020.05.025,"['2019/08/31 00:00', '2020/05/07 00:00', '2020/05/10 00:00', '2020/06/03 06:00', '2021/06/22 06:00', '2020/06/03 06:00']",[],1,0,Injury,doi: 10.1016/j.injury.2020.05.025,2020 Aug;51(8):1714-1725,"BACKGROUND: The most frequently used auto-grafts for ACL reconstruction (ACLR) are bone-patellar tendon-bone (BPTB) and four-strand hamstring tendon (4S-HT), but significant controversy exists about which graft is better. This study aimed to compare the knee outcomes following ACLR with BPTB and 4S-HT autografts. METHODS: Subgroup meta-analyses were performed basing on available randomised controlled trials (RCTs) according to different follow-up intervals. 23 RCTs were eligible for inclusion, involving 933 participants in each treatment group. RESULTS: Only short-term (</=2 years) knee anteroposterior and rotational stability were significantly poorer with 4S-HT when compared to BPTB autograft, as judged by side-to-side difference on knee laxity (WMD=-0.50, 95%CI -0.81~-0.18, p=0.002) and pivot-shift test (OR=0.58, 95%CI 0.39~0.88, p=0.010), respectively. The IKDC objective grade was evident to be in favour of 4S-HT group in mid-term (3-5 years) follow-up (OR=0.63, 95%CI 0.43~0.92, p=0.017). Several donor-site related complications, including anterior knee pain, pain with kneeling and extension deficit, were more frequent in BPTB autograft group, while lower short-term iskinetic peak flexion torques both at 60 degrees /S (WMD=8.93, 95%CI 7.88~9.99, p<0.001) and 240 degrees /S (WMD=11.63, 95%CI 9.92~13.34, p<0.001) were caused by HT harvesting. CONCLUSION: BPTB was associated with inferior mid- to long-term (>5 years) knee functional outcomes, and increased frequency of donor-site complications. In contrast, only short-term knee laxity was increased for 4S-HT autograft, which is expected to be improved by providing more conservative rehabilitation protocol and aperture fixation methods.",2020
77,32387652,2020 Aug,2020 May 7,Arthroscopy,"['Chen H', 'Liu H', 'Chen L']",Chen L,Patellar Tendon Versus 4-Strand Semitendinosus and Gracilis Autografts for Anterior Cruciate Ligament Reconstruction: A Meta-analysis of Randomized Controlled Trials With Mid- to Long-Term Follow-Up.,36,8,2279-2291.e8,['English'],8506498,0749-8063,1526-3231,"['Comparative Study', 'Journal Article', 'Meta-Analysis']",PubMed - indexed for MEDLINE,ppublish+epublish,"['32387652', '10.1016/j.arthro.2020.04.024', 'S0749-8063(20)30341-8']",10.1016/j.arthro.2020.04.024,"['2019/10/14 00:00', '2020/04/08 00:00', '2020/04/10 00:00', '2020/05/11 06:00', '2021/01/27 06:00', '2020/05/11 06:00']",['Arthroscopy. 2020 Aug;36(8):2292-2294. doi: 10.1016/j.arthro.2020.05.034. PMID: 32747068'],1,0,Arthroscopy : the journal of arthroscopic & related surgery : official publication of the Arthroscopy Association of North America and the International Arthroscopy Association,doi: 10.1016/j.arthro.2020.04.024,2020 Aug;36(8):2279-2291.e8,"PURPOSE: To compare patellar tendon (PT) autografts with 4-strand semitendinosus and gracilis (STG) autografts concerning knee stability, functional outcomes, as well as complications after anterior cruciate ligament (ACL) reconstruction at minimal follow-up of 5 years. METHODS: A systematic search of the literature was performed in PubMed, Embase, and the Cochrane Library to identify published prospective randomized controlled trials on clinical studies comparing PT autograft and 4-strand STG autografts for ACL reconstruction. The results of the eligible studies were analyzed in terms of knee stability (laxity measurements, Lachman test, and pivot-shift test), functional outcomes (Lysholm score, International Knee Documentation Committee score, Cincinnati score, Tegner score, single-legged hop test, and return to preinjury activity level), and complications (loss of range of motion [ROM], pain, graft re-rupture, revision, and osteoarthritis [OA]). RESULTS: Nine clinical studies with 630 patients (313 PT and 317 STG autografts) met the inclusion criteria. No statistically significant differences were found between the PT and STG group in Lachman test, pivot-shift test, International Knee Documentation Committee score, Cincinnati score, loss of ROM, kneeling pain, graft re-rupture rate, revision rate, and OA rate. The STG group was found with less anterior knee pain (P = .003). There were no clinically significant differences for the outcomes of SSD, Lysholm score, and Tegner score. CONCLUSIONS: Except for significantly greater risk of anterior knee pain, PT autograft had comparable results with 4-strand STG autograft in terms of knee stability and functional outcomes after ACL reconstruction with mid- to long-term follow-up. Besides, we found no statistically significant difference in loss of ROM, kneeling pain, graft re-rupture rate, revision rate, and OA change, but these results were underpowered. LEVEL OF EVIDENCE: Level I, meta-analysis of Level I studies.",2020
78,32343596,2020 Jun,2020 Apr 28,Am J Sports Med,"['Kew ME', 'Bodkin SG', 'Diduch DR', 'Smith MK', 'Wiggins A', 'Brockmeier SF', 'Werner BC', 'Gwathmey FW', 'Miller MD', 'Hart JM']",Hart JM,The Influence of Perioperative Nerve Block on Strength and Functional Return to Sports After Anterior Cruciate Ligament Reconstruction.,48,7,1689-1695,['English'],7609541,0363-5465,1552-3365,"['Journal Article', ""Research Support, Non-U.S. Gov't""]",PubMed - indexed for MEDLINE,ppublish+epublish,"['32343596', '10.1177/0363546520914615']",10.1177/0363546520914615,"['2020/04/29 06:00', '2020/09/10 06:00', '2020/04/29 06:00']",[],1,0,The American journal of sports medicine,doi: 10.1177/0363546520914615,2020 Jun;48(7):1689-1695,"BACKGROUND: Patients often have quadriceps or hamstring weakness after anterior cruciate ligament reconstruction (ACLR), despite postoperative physical therapy regimens; however, little evidence exists connecting nerve blocks and ACLR outcomes. PURPOSE: To compare muscle strength at return to play in patients who received a nerve block with ACLR and determine whether a specific block type affected subjective knee function. STUDY DESIGN: Cohort study; Level of evidence, 3. METHODS: Patients were recruited 5 to 7 months after primary, isolated ACLR and completed bilateral isokinetic strength tests of the knee extensor/flexor groups as a single-session return-to-sport test. Subjective outcomes were assessed with the International Knee Documentation Committee (IKDC) score. Strength was expressed as torque normalized to mass (N.m/kg) and limb symmetry index as involved/uninvolved torque. Chart review was used to determine the type of nerve block and graft used. Nerve block types were classified as knee extensor motor (femoral nerve), knee flexor motor (sciatic nerve), or isolated sensory (adductor canal block/saphenous nerve). A 1-way analysis of covariance controlling for graft type was used. RESULTS: A total of 169 patients were included. Graft type distribution consisted of 102 (60.4%) ipsilateral bone-patellar tendon-bone (BTB) and 67 (39.6%) ipsilateral hamstring tendon. Nerve block type distribution consisted of 38 (22.5%) femoral, 25 (14.8%) saphenous, 45 (26.6%) femoral and sciatic, and 61 (36.1%) saphenous and sciatic. No significant difference was found in knee extensor strength (P = .113) or symmetry (P = .860) between patients with knee extensor motor blocks (1.57 +/- 0.45 N.m/kg; 70.1% +/- 15.3%) and those without (1.47 +/- 0.47 N.m/kg; 69.6% +/- 18.8%). A significant difference was found between patients with knee flexor motor blocks (0.83 +/- 0.26 N.m/kg) and those without (0.92 +/- 0.27 N.m/kg) for normalized knee flexor strength (P = .21) but not knee flexor symmetry (P = .592). Controlling for graft type, there were no differences in subjective knee function (IKDC score) between all nerve block groups (P = .57). CONCLUSION: Our data showed that use of a sciatic nerve block with ACLR in patients with hamstring and BTB grafts influences persistent knee flexor strength deficits at time of return to sports. Although the cause of postoperative muscular weakness is multifactorial, this study adds to the growing body of evidence suggesting that perioperative nerve blocks affect muscle strength and functional rehabilitation after ACLR.",2020
79,32147757,2020 Jul,2020 Mar 9,Skeletal Radiol,"['Lôbo CFT', 'Helito PVP', 'Bordalo-Rodrigues M', 'Helito CP']",Helito CP,"Computed tomography (CT), X-ray, and MRI evaluation of two anterolateral knee reconstruction techniques: lateral extra-articular tenodesis (LET) and the anterolateral ligament (ALL) reconstruction.",49,7,1037-1049,['English'],7701953,0364-2348,1432-2161,"['Journal Article', 'Review']",PubMed - indexed for MEDLINE,ppublish+epublish,"['32147757', '10.1007/s00256-020-03402-2', '10.1007/s00256-020-03402-2']",10.1007/s00256-020-03402-2,"['2019/12/27 00:00', '2020/02/17 00:00', '2020/02/08 00:00', '2020/03/10 06:00', '2021/03/09 06:00', '2020/03/10 06:00']",[],1,0,Skeletal radiology,doi: 10.1007/s00256-020-03402-2,2020 Jul;49(7):1037-1049,"The anterolateral ligament (ALL) and capsule of the knee are anatomical structures involved in rotational stability and pivot-shift control. As such, it has been demonstrated that the extra-articular anterolateral procedures improve clinical outcome when performed as an augmentation of the anterior cruciate ligament (ACL) reconstruction in specific groups of patients. This review describes the postoperative imaging findings of two techniques used to perform these procedures, using magnetic resonance imaging (MRI), computed tomography (CT), and radiography. The first technique described is the lateral extra-articular tenodesis (LET), which uses a strip of the iliotibial band that is harvested, passed underneath the lateral collateral ligament (LCL) and fixed posterior, and proximal to the lateral femoral epicondyle (LFE), preserving ITB insertion on Gerdy's tubercle. The second technique described is the ALL reconstruction, a procedure that attempts to recreate the anatomy of the ALL, using most often a gracilis autograft. In this procedure, femoral fixation is performed proximal and posterior to the LFE, and tibial fixation is slightly distal to the joint line, halfway from Gerdy's tubercle to the fibular head. The main objective of this review is to provide an overview of the postoperative imaging aspects of these two procedures with MRI, CT, and radiography and to describe possible complications. As they become more common, it is important for the radiologist and the orthopedic surgeon to understand their particularities in combination with the already well-known ACL reconstruction.",2020
80,32010729,2019 Nov,2019 Nov 27,Orthop J Sports Med,"['Chen W', 'Li H', 'Chen Y', 'Jiang F', 'Wu Y', 'Chen S']",Chen S,Bone-Patellar Tendon-Bone Autografts Versus Hamstring Autografts Using the Same Suspensory Fixations in ACL Reconstruction: A Systematic Review and Meta-analysis.,7,11,2325967119885314,['English'],101620522,2325-9671,2325-9671,"['Journal Article', 'Review']",PubMed,,"['32010729', 'PMC6967236', 'pmc-id: PMC6967236;', '10.1177/2325967119885314', '10.1177_2325967119885314']",10.1177/2325967119885314,"['2020/02/04 06:00', '2020/02/06 06:00', '2020/02/06 06:01', '2019/11/27 00:00']",[],1,45,Orthopaedic journal of sports medicine,doi: 10.1177/2325967119885314,2019 Nov;7(11):2325967119885314,"BACKGROUND: Bone-patellar tendon-bone (BPB) autografts and hamstring tendon (HT) autografts are 2 popular choices for anterior cruciate ligament reconstruction (ACLR). Although existing meta-analyses have explored the clinical outcomes between BPB and HT autografts, none have based their analysis on studies with just femoral suspensory fixation methods. PURPOSE: To evaluate and compare clinical outcomes, particularly graft failure and knee stability, of ACLR with BPB or HT autografts with suspensory femoral fixation. STUDY DESIGN: Systematic review; Level of evidence, 4. METHODS: A literature search was conducted of studies reporting single-bundle ACLR with BPB autografts and HT autografts with suspensory fixation with a minimum 24-month follow-up. Graft failure rate, knee stability, and clinical outcomes were compared for BPB versus HT autografts. Knee stability was measured with the Lachman test, pivot-shift test, and KT-1000/2000 arthrometer side-to-side difference (SSD). Clinical outcomes were measured with Lysholm scores and the Tegner activity scale, as well as rate of return to preinjury sports. Donor site morbidity among included studies was reviewed. A random-effects model was used for calculations of summary estimates. Subgroup, sensitivity, and trial sequential analyses were conducted. RESULTS: Five studies were included. Graft failure was seen more often in the HT group than the BPB group, and this was statistically significant (P = .03). However, the trial sequential analysis outcome indicated that the included sample size was not large enough to support a solid positive finding. The analysis showed no significant difference in SSD, Lachman test, pivot-shift test, rate of return to sports, Lysholm score, or Tegner score between groups. Subgroup analyses found no significant difference between groups. CONCLUSION: This meta-analysis demonstrated no significant differences in knee stability and knee functional outcomes between BPB and HT autografts with suspensory fixation. More evidence is needed to prove the lower risk of failure with use of BTB autograft with suspensory fixation.",2019
81,31987693,2020 Apr,2020 Jan 25,Arthroscopy,"['Davey MS', 'Hurley ET', 'Withers D', 'Moran R', 'Moran CJ']",Moran CJ,Anterior Cruciate Ligament Reconstruction with Platelet-Rich Plasma: A Systematic Review of Randomized Control Trials.,36,4,1204-1210,['English'],8506498,0749-8063,1526-3231,"['Journal Article', 'Meta-Analysis', 'Systematic Review']",PubMed - indexed for MEDLINE,ppublish+epublish,"['31987693', '10.1016/j.arthro.2019.11.004', 'S0749-8063(19)30971-5']",10.1016/j.arthro.2019.11.004,"['2019/06/19 00:00', '2019/09/16 00:00', '2019/11/04 00:00', '2020/01/29 06:00', '2020/11/26 06:00', '2020/01/29 06:00']",['Arthroscopy. 2020 Apr;36(4):1211-1212. doi: 10.1016/j.arthro.2019.12.022. PMID: 32247415'],1,0,Arthroscopy : the journal of arthroscopic & related surgery : official publication of the Arthroscopy Association of North America and the International Arthroscopy Association,doi: 10.1016/j.arthro.2019.11.004,2020 Apr;36(4):1204-1210,"PURPOSE: To perform a systematic review of the randomized controlled trials (RCTs) evaluating the efficacy of platelet-rich plasma (PRP) to augment anterior cruciate ligament (ACL) reconstruction. METHODS: Two independent reviewers screened the MEDLINE, The Cochrane Library, and EMBASE databases using Preferred Reporting for Systematic Reviews and Meta-Analyses guidelines for applicable RCTs evaluating the efficacy of PRP in ACL reconstruction. A meta-analysis was performed on the papers involving bone-patellar tendon-bone (BPTB) grafting. RESULTS: Thirteen RCTs fulfilled the inclusion criteria involving 765 patients. There was no clinical improvement (Tegner, Lysholm, Knee Injury and Osteoarthritis Outcome Score, or International Knee Documentation Committee scores) in any of the 7 studies evaluating PRP alongside the hamstring tendon autograft ACL reconstructions versus the control. Two studies evaluating PRP for hamstring tendon autograft demonstrated significantly improved magnetic resonance imaging findings. Two studies analyzed the use of PRP with allograft ACL reconstruction showed no clinical, biochemical, or radiologic improvements in postoperative follow-up. No functional improvements were found when PRP was used alongside BPTB in 4 studies. There was no significant difference in visual analog scale score in the BPTB group (1.1 vs 1.5, P = .18), or tibial filling defects (P = .30). CONCLUSIONS: This study found that the current level I evidence does not support the use of PRP to improve graft healing, improve donor-site morbidity, reduce postoperative pain levels, or improve functional outcomes following ACL reconstruction. LEVEL OF EVIDENCE: Level I; systematic review of level I evidence.",2020
82,31919024,2020 Apr,2020 Jan 7,Arthroscopy,"['Belk JW', 'Kraeutler MJ', 'Houck DA', 'Smith JR', 'McCarty EC']",McCarty EC,Comparing Hamstring Autograft With Hybrid Graft for Anterior Cruciate Ligament Reconstruction: A Systematic Review.,36,4,1189-1201,['English'],8506498,0749-8063,1526-3231,"['Comparative Study', 'Journal Article', 'Systematic Review']",PubMed - indexed for MEDLINE,ppublish+epublish,"['31919024', '10.1016/j.arthro.2019.10.010', 'S0749-8063(19)30886-2']",10.1016/j.arthro.2019.10.010,"['2018/09/03 00:00', '2019/10/05 00:00', '2019/10/07 00:00', '2020/01/11 06:00', '2020/11/26 06:00', '2020/01/11 06:00']",['Arthroscopy. 2020 Apr;36(4):1202-1203. doi: 10.1016/j.arthro.2020.01.012. PMID: 32247414'],1,0,Arthroscopy : the journal of arthroscopic & related surgery : official publication of the Arthroscopy Association of North America and the International Arthroscopy Association,doi: 10.1016/j.arthro.2019.10.010,2020 Apr;36(4):1189-1201,"PURPOSE: To systematically review the literature in an effort to compare the demographics and clinical outcomes of patients undergoing anterior cruciate ligament reconstruction (ACLR) with a hamstring tendon autograft (HT) versus an irradiated or nonirradiated hybrid autograft-allograft. METHODS: A systematic review of the PubMed, Cochrane Library, and Embase databases was performed according to the Preferred Reporting Items for Systematic Reviews and Meta-Analyses guidelines. All English-language literature that reported general demographics and compared the clinical outcomes of patients undergoing primary ACLR with autograft versus hybrid graft (HG) with a minimum 2-year follow-up was reviewed by 2 independent reviewers. Search terms used were ""anterior cruciate ligament"" and ""hybrid graft."" Patients were assessed based on graft failure, anteroposterior laxity, and patient-reported outcomes (Knee Injury and Osteoarthritis Outcome Score, visual analog scale, Subjective International Knee Documentation Committee score, Lysholm, and Tegner scores). Study quality was evaluated with the Modified Coleman Methodology Score and ROBINS-I risk of bias tool. RESULTS: Twelve studies (1 level II, 11 level III) met inclusion criteria (follow-up, 2.0-8.9 years), including 471 patients undergoing ACLR with an irradiated hybrid graft (IH), 89 patients with a nonirradiated hybrid graft, and 829 patients with HT. Graft diameter ranged from 7.5 to 10.0 mm and from 6.5 to 10.0 mm in HG and HT patients, respectively. Overall, graft failure ranged from 0% to 30.0% and from 0% to 28.3% in HG and HT patients, respectively (I(2) = 35.9%; 95% confidence interval 0%-74.8%). Among HG patients, graft failure ranged from 0%-30.0% and from 2.4%-4.2% in IH and nonirradiated hybrid graft groups, respectively (I(2) = 33.6%; 95% confidence interval, 0%-71.8%). Results for postoperative anteroposterior laxity and patient-reported outcomes were also inconsistent. CONCLUSIONS: Patients undergoing ACLR with HT demonstrate inconsistent differences in clinical outcomes at midterm follow-up compared with IH patients. LEVEL OF EVIDENCE: III, systematic review of level II and III studies.",2020
83,31858199,2020 Feb,2019 Dec 19,Int Orthop,"['Yang XG', 'Wang F', 'He X', 'Feng JT', 'Hu YC', 'Zhang H', 'Yang L', 'Hua K']",Hua K,Network meta-analysis of knee outcomes following anterior cruciate ligament reconstruction with various types of tendon grafts.,44,2,365-380,['English'],7705431,0341-2695,1432-5195,"['Journal Article', 'Review', 'Network Meta-Analysis']",PubMed - indexed for MEDLINE,ppublish+epublish,"['31858199', '10.1007/s00264-019-04417-8', '10.1007/s00264-019-04417-8']",10.1007/s00264-019-04417-8,"['2019/06/20 00:00', '2019/09/13 00:00', '2019/12/21 06:00', '2020/09/26 06:00', '2019/12/21 06:00']",[],1,0,International orthopaedics,doi: 10.1007/s00264-019-04417-8,2020 Feb;44(2):365-380,"PURPOSE: Various grafts were selected for restoring knee stability and regaining pre-injury activity levels after anterior cruciate ligament (ACL) rupture. This review aimed to compare the short-term knee outcomes of different tendon grafts for primary ACL reconstruction (ACLR). METHODS: Databases of PubMed, Embase, and CENTRAL were retrieved for identifying the published RCT comparing the short-term (</= 2 years) knee outcomes of different tendon grafts for ACLR. The main outcomes include the International Knee Documentation Committee (IKDC) subjective and objective scores, side-to-side difference on knee laxity, Lachman test, pivot-shift test, Lysholm score, Tegner score, all recorded complications and graft re-ruptures. RESULTS: A total of 32 trials involving 2962 patients and 17 grafts were included. Superior IKDC subjective score was found for quadriceps tendon autograft (QTB) when compared with autografts including bone-patellar tendon-bone (BPTB), four-strand hamstring tendon (4S-HT), and double-bundle HT. The 4S-HT autograft was associated with poorer anteroposterior and rotational knee stability than the BPTB autograft. Artificial ligament also was found to provide lower knee stability compared with the autografts including the BPTB, patellar tendon, 4S-HT, 4S-HT with preserved tibial insertion, 6S-HT, and four-strand semitendinosus tendon. Additionally, the BPTB allograft showed a statistically higher knee laxity than 6S-HT allograft, while no difference was found between the genuine autografts and non-irradiated allografts. CONCLUSIONS: QTB was recommended to be used even over the BPTB and 4S-HT autografts. BPTB autograft was more effective on restoring the knee stability than 4S-HT autograft. Non-irradiated allografts could be safely used as alternatives to autografts. However, artificial ligaments were not recommended for primary ACLR for significantly increased risk of knee laxity.",2020
84,31798951,2019,2019 Nov 10,BMJ Open Sport Exerc Med,"['Sundemo D', 'Hamrin Senorski E', 'Karlsson L', 'Horvath A', 'Juul-Kristensen B', 'Karlsson J', 'Ayeni OR', 'Samuelsson K']",Samuelsson K,Generalised joint hypermobility increases ACL injury risk and is associated with inferior outcome after ACL reconstruction: a systematic review.,5,1,e000620,['English'],101681007,2055-7647,2055-7647,"['Journal Article', 'Review']",PubMed,,"['31798951', 'PMC6863654', 'pmc-id: PMC6863654;', '10.1136/bmjsem-2019-000620', 'bmjsem-2019-000620']",10.1136/bmjsem-2019-000620,"['2019/09/29 00:00', '2019/12/05 06:00', '2019/12/05 06:00', '2019/12/05 06:01', '2019/11/10 00:00']",[],1,64,BMJ open sport & exercise medicine,doi: 10.1136/bmjsem-2019-000620,2019;5(1):e000620,"OBJECTIVES: To investigate the association between generalised joint hypermobility (GJH) and ACL injury risk. Secondary aims involved evaluating associations between GJH and postoperative outcome (including graft-failure risk, knee laxity and patient-reported outcome). Furthermore, we aimed to compare the performance of different grafts in patients with GJH. METHODS: Databases MEDLINE/PubMed, EMBASE and the Cochrane Library were searched, including 2760 studies. Two reviewers independently screened studies for eligibility. A modified version of the MINORS score was applied for quality appraisal. Studies assessing GJH while reporting the risk of ACL injury and/or postoperative outcome were included. RESULTS: Twenty studies were included, using several different methods to determine GJH. There was consistent evidence showing that GJH is a risk factor for unilateral ACL injury in males, while in females, the results were conflicting. There was limited evidence associating GJH with increased knee laxity 5 years postoperatively. There was consistent evidence of inferior postoperative patient-reported outcome in patients with GJH. Moreover, there was limited yet consistent evidence indicating that patellar-tendon autografts are superior to hamstring-tendon autografts in patients with GJH in terms of knee laxity and patient-reported outcome. There was insufficient evidence to draw conclusions regarding the outcomes of bilateral ACL injury and graft failure. CONCLUSIONS: In men, GJH was associated with an increased risk of unilateral ACL injury. Moreover, GJH was associated with greater postoperative knee laxity and inferior patient-reported outcome. Based on the available evidence, a patellar-tendon autograft appears to be superior to a hamstring-tendon autograft in patients with GJH. However, the included studies were heterogeneous and there is a need for consensus in the assessment of GJH within sports medicine.",2019
85,31327950,2019 Jul,2018 Sep 24,HSS J,"['Gupta A', 'Tejpal T', 'Shanmugaraj A', 'Horner NS', 'Simunovic N', 'Duong A', 'Ayeni OR']",Ayeni OR,"Surgical Techniques, Outcomes, Indications, and Complications of Simultaneous High Tibial Osteotomy and Anterior Cruciate Ligament Revision Surgery: A Systematic Review.",15,2,176-184,['English'],101273938,1556-3316,1556-3324,"['Journal Article', 'Review']",PubMed,ppublish+epublish,"['31327950', 'PMC6609638', 'pmc-id: PMC6609638;', '10.1007/s11420-018-9630-8', '9630']",10.1007/s11420-018-9630-8,"['2018/04/13 00:00', '2018/07/13 00:00', '2019/07/23 06:00', '2019/07/23 06:00', '2019/07/23 06:01', '2018/09/24 00:00']",[],1,31,HSS journal : the musculoskeletal journal of Hospital for Special Surgery,doi: 10.1007/s11420-018-9630-8,2019 Jul;15(2):176-184,"BACKGROUND: The incidence of primary anterior cruciate ligament reconstruction (ACLR) failure ranges from 10 to 20% in the USA. Many patient and surgical factors may lead to re-rupture after ACLR. Some authors have suggested that not correcting excessive posterior tibial slope may be a significant contributing factor to ACLR failure. PURPOSES: We sought to systematically review the literature on outcomes, indications, and complications in patients undergoing simultaneous high tibial osteotomy (HTO) and ACLR revision. METHODS: PubMed, Medline, and Embase were searched in February 2018 for articles addressing simultaneous HTO and ACLR revision in skeletally mature patients. Major orthopedic conferences were screened in duplicate to find gray literature. All studies were assessed using the Methodological Index for Non-Randomized Studies. Descriptive statistics are presented where applicable. RESULTS: Seven studies satisfied inclusion. Seventy-seven patients underwent combined HTO and ACLR revision. The main indications were a posterior slope of more than 12 degrees  or severe varus malalignment. Graft types included hamstring tendon autograft (58.4%; n = 45) and quadriceps tendon graft (16.9%; n = 13). Mean delay between primary and revision surgery was 9 years. Rehabilitation protocol dictated return to running at 4 months and return to sport at 4 to 9 months. Visual analog scale pain scores reduced on average by 30 points. Subjective International Knee Documentation Committee, Tegner-Lysholm, and Tegner activity scores also improved. Fifty-eight percent (35/60) of patients showed osteoarthritis signs post-operatively. One patient (1.3%) received an arthroscopic arthrolysis of adhesions for stiffness. There were no reported incidences of graft re-rupture. CONCLUSION: This systematic review found that the use of HTO for ACLR revision produces good post-operative functional outcomes, low complication rates, and no reported re-ruptures. The main indications for combined HTO with ACLR revision was a posterior slope of more than 12 degrees  or severe varus malalignment. Future studies with large sample sizes and long-term follow-up are required to corroborate these results.",2019
86,31305357,2020 Jan 15,,J Am Acad Orthop Surg,"['Mehran N', 'Damodar D', 'Shu Yang J']",Shu Yang J,Quadriceps Tendon Autograft in Anterior Cruciate Ligament Reconstruction.,28,2,45-52,['English'],9417468,1067-151X,1940-5480,"['Journal Article', 'Review']",PubMed - indexed for MEDLINE,ppublish,"['31305357', '10.5435/JAAOS-D-19-00032', '00124635-202001150-00001']",10.5435/JAAOS-D-19-00032,"['2019/07/16 06:00', '2020/06/02 06:00', '2019/07/16 06:00']",[],1,0,The Journal of the American Academy of Orthopaedic Surgeons,doi: 10.5435/JAAOS-D-19-00032,2020 Jan 15;28(2):45-52,"Quadriceps tendon (QT) autograft in anterior cruciate ligament reconstruction has received increased attention, as more studies compare clinical outcomes between QT, bone-patellar tendon-bone (BPTB), and hamstring tendon (HT) autografts. Biomechanically, QT has similar properties to BPTB and to HT. QT has shown equivalent stability, patient-reported outcome measures, strength and graft failure rates, and decreased donor site morbidity compared with BPTB and HT. All three autografts have excellent clinical outcomes. Ultimately, anterior cruciate ligament graft selection should be a discussion between a physician and their patient while considering a patient's age, activity level, and occupation.",2020
87,31289891,2019 Oct,,Orthopade,"['Legnani C', 'Boisio F', 'Borgo E', 'Ventura A']",Ventura A,Autograft for anterior cruciate ligament revision surgery : Lateral extra-articular tenodesis in skeletally mature patients under 25 years of age.,48,10,858-861,['English'],0331266,0085-4530,1433-0431,['Journal Article'],PubMed - indexed for MEDLINE,ppublish,"['31289891', '10.1007/s00132-019-03779-6', '10.1007/s00132-019-03779-6']",10.1007/s00132-019-03779-6,"['2019/07/11 06:00', '2019/10/11 06:00', '2019/07/11 06:00']",[],1,0,Der Orthopade,doi: 10.1007/s00132-019-03779-6,2019 Oct;48(10):858-861,"BACKGROUND: Lateral extra-articular procedures in association with anterior cruciate ligament (ACL) reconstruction can act as a protection against undesired loads occurring in the early postoperative phase. The purpose of the present study was to retrospectively review the clinical outcome of contralateral hamstring tendon autografts with extra-articular tenodesis for ACL revision surgery in skeletally mature patients under 25 years of age, specifically with respect to patient satisfaction, return to preinjury activity level and postoperative functional outcome. METHODS: In this study 9 patients (<25 years old at surgery) who underwent ACL revision surgery using contralateral hamstring tendon autografts and extra-articular tenodesis were contacted and retrospectively reviewed at an average follow-up of 3.6 years (range 2-7 years). The Tegner activity scale, Lysholm knee score and International Knee Documentation Committee (IKDC) questionnaire were used. Objective evaluation included range of motion, Lachmann test, pivot-shift test and KT-1000 instrumented laxity testing. RESULTS: No cases of re-rupture were observed. The Lysholm knee score as well as the IKDC score improved at follow-up reaching a mean value of 87.9 and 85.6, respectively, with a statistically significant improvement compared to preoperative status (p < 0.001). In terms of knee stability anterior tibial translation has changed from a preoperative mean value of 5.4 mm to a postoperative value of 2.9 mm, which was statistically significant (p < 0.001). No subjective loss of motion or strength of the contralateral knee, rotational injuries following tendon harvesting or significant morbidity at follow-up were reported. CONCLUSION: Revision ACL reconstruction with contralateral hamstrings and associated extra-articular tenodesis provides satisfying subjective outcomes and restores knee stability in skeletally mature patients under 25 years of age. LEVEL OF EVIDENCE:  IV.",2019
88,31233432,2021 Jul 1,,Clin J Sport Med,"['Ajrawat P', 'Dwyer T', 'Whelan D', 'Theodoropoulos J', 'Murnaghan L', 'Bhargava M', 'Ogilvie-Harris D', 'Chahal J']",Chahal J,A Comparison of Quadriceps Tendon Autograft With Bone-Patellar Tendon-Bone Autograft and Hamstring Tendon Autograft for Primary Anterior Cruciate Ligament Reconstruction: A Systematic Review and Quantitative Synthesis.,31,4,392-399,['English'],9103300,1050-642X,1536-3724,"['Comparative Study', 'Journal Article', 'Systematic Review']",PubMed - indexed for MEDLINE,ppublish,"['31233432', '10.1097/JSM.0000000000000765', '00042752-202107000-00008']",10.1097/JSM.0000000000000765,"['2018/07/19 00:00', '2018/12/21 00:00', '2019/06/25 06:00', '2021/10/21 06:00', '2019/06/25 06:00']",[],1,0,Clinical journal of sport medicine : official journal of the Canadian Academy of Sport Medicine,doi: 10.1097/JSM.0000000000000765,2021 Jul 1;31(4):392-399,"OBJECTIVE: There is growing enthusiasm for the increased use of quadriceps tendon (QT) autograft for primary anterior cruciate ligament reconstruction (ACLR). The purpose of this analysis was to synthesize and quantitatively assess the available evidence comparing QT autograft with hamstring tendon (HT) and bone-patellar tendon-bone (BPTB) autografts, regarding functional outcomes, knee stability, anterior knee pain, and revision rates. DATA SOURCES: A search in MEDLINE, EMBASE, PubMed, and the Cochrane Central Register of Controlled Trials for eligible studies up to May 2018 was conducted. Two reviewers selected studies based on inclusion criteria and assessed methodological quality. Outcomes analyzed were anterior knee pain, graft failure rates, knee stability, functional outcomes, and adverse events. Pooled analyses were performed for continuous and dichotomous variables where appropriate. MAIN RESULTS: Ten studies (1 randomized trial and 9 nonrandomized cohorts) met our inclusion criteria, which included 1398 patients. The analysis showed no statistical difference in anterior knee pain when comparing QT and HT autografts, but a significant difference between QT and BPTB autografts [odds ratio, 0.15 (95% confidence interval, 0.08-0.27); P < 0.001]. There were no differences between all 3 autografts in revision rates, knee stability, and patient-reported functional outcomes. CONCLUSIONS: Quadriceps tendon autograft is a suitable graft alternative for primary ACLR, as it achieves good clinical outcomes with a low incidence of anterior knee pain. Given the limited quality of the included studies, there is a need for a well-designed multicenter randomized control trial comparing QT autograft with other primary ACL autografts to confirm our findings. LEVEL OF EVIDENCE: Level IV systematic review.",2021
89,31233335,2019 Jul,2019 Jun 24,Am J Sports Med,"['Salem HS', 'Varzhapetyan V', 'Patel N', 'Dodson CC', 'Tjoumakaris FP', 'Freedman KB']",Freedman KB,Anterior Cruciate Ligament Reconstruction in Young Female Athletes: Patellar Versus Hamstring Tendon Autografts.,47,9,2086-2092,['English'],7609541,0363-5465,1552-3365,"['Comparative Study', 'Journal Article']",PubMed - indexed for MEDLINE,ppublish+epublish,"['31233335', '10.1177/0363546519854762']",10.1177/0363546519854762,"['2019/06/25 06:00', '2020/05/19 06:00', '2019/06/25 06:00']",[],1,0,The American journal of sports medicine,doi: 10.1177/0363546519854762,2019 Jul;47(9):2086-2092,"BACKGROUND: Female athletes are 2 to 8 times more prone to anterior cruciate ligament (ACL) rupture than males. Furthermore, reinjury to the ipsilateral or contralateral knee can occur in >20% of athletes. Female sex and younger age are known risk factors for graft failure. The optimal graft choice for young females remains unknown and poorly studied. PURPOSE/HYPOTHESIS: The authors aimed to compare clinical outcomes in young females who underwent ACL reconstruction (ACLR) with bone-patellar tendon-bone (BTB) and quadrupled hamstring (HS) autografts. It was hypothesized that no significant differences in outcomes exist between graft choices. STUDY DESIGN: Cohort study; Level of evidence, 3. METHODS: Female patients aged 15 to 25 years who underwent primary ACLR with BTB or HS autograft were included for review. Patients were subdivided into 2 age groups: 15 to 20 years and 21 to 25 years. The occurrence of chondral, meniscal, or ligamentous injury to either knee was recorded for comparison. RESULTS: A total of 256 females were included (BTB, n = 175; HS, n = 81). The majority of patients were between the ages of 15 and 20 years (BTB, 80%; HS, 77.8%). Overall, graft rupture occurred in 23 patients (9%) and contralateral ACL tear occurred in 18 (7%). Subgroup analysis showed that 75% of BTB and 100% of HS graft retears occurred in females aged 15 to 20 years. Within this age group, there was a significantly lower rate of graft ruptures in the BTB group (6.4%) as compared with the HS group (17.5%, P = .02). Allograft augmentation was used in 4 of the 11 HS grafts that retore. When allograft-augmented grafts were excluded, there was no significant difference in graft failure rate between graft choices. Fifteen patients in the BTB group (12%) as opposed to 1 in the HS group (2%) reported extreme difficulty or the inability to kneel on the front of the knee (P = .04). CONCLUSION: In females aged 15 to 20 years undergoing ACLR, BTB autograft may lead to fewer graft ruptures than HS autograft. While this difference was not observed in females aged 21 to 25 years, a larger sample may be required to accept the null hypothesis in this age group. BTB autograft significantly increased the risk of kneeling pain as compared with HS regardless of age.",2019
90,31166113,2020 Mar,2019 Jun 5,Am J Sports Med,"['Wang HD', 'Gao SJ', 'Zhang YZ']",Zhang YZ,Hamstring Autograft Versus Hybrid Graft for Anterior Cruciate Ligament Reconstruction: A Systematic Review.,48,4,1014-1022,['English'],7609541,0363-5465,1552-3365,"['Journal Article', 'Systematic Review']",PubMed - indexed for MEDLINE,ppublish+epublish,"['31166113', '10.1177/0363546519849483']",10.1177/0363546519849483,"['2019/06/06 06:00', '2020/11/04 06:00', '2019/06/06 06:00']",[],1,0,The American journal of sports medicine,doi: 10.1177/0363546519849483,2020 Mar;48(4):1014-1022,"BACKGROUND: Hamstring tendon autografts are commonly used for primary anterior cruciate ligament (ACL) reconstruction. Some patients have small hamstring tendons however, which may compromise the clinical outcome of the autograft. To solve this problem, many surgeons use hybrid grafting that involves augmentation of small hamstring autografts with allograft tissue. PURPOSE/HYPOTHESIS: The purpose was to compare the clinical outcomes between primary ACL reconstructions performed with hamstring autografts and those performed with hybrid grafts in terms of patient-reported evaluation, failure rate, and knee stability. The hypothesis was that primary ACL reconstruction performed with hamstring autograft alone will not differ significantly from that performed with a hybrid graft in terms of patient-reported evaluation, failure rate, or knee stability. STUDY DESIGN: Systematic review. METHODS: A systematic review was performed to identify prospective and retrospective comparative studies and cohort studies (evidence levels 1-3) comparing outcomes of primary ACL reconstructions performed with hamstring autografting alone and hybrid grafting. Outcomes included patient-reported evaluation, failure rate, and knee stability. RESULTS: Ten studies were included: 1 of level 2 and 9 of level 3. Collectively, they included 398 autografts and 341 hybrid grafts. Mean respective follow-up durations ranged from 24.0 to 69.6 months and from 24.0 to 70.8 months. Patient-reported evaluations, including Lysholm, Tegner, and subjective International Knee Documentation Committee scores, were reported in 8 of 10 studies. Failure rates were reported in all 10 studies. Results of knee stability examinations-including KT-1000 arthrometer measurements, the pivot-shift test, Lachman test, and overall International Knee Documentation Committee results-were reported in 4 of 10 studies. In this review, there were no statistically significant differences between autografts and hybrid grafts in terms of patient-reported evaluations, failure rates, or KT-1000 measurements. CONCLUSION: In this systematic review, there was no significant difference in patient-reported evaluation or failure rate between primary ACL reconstructions performed with autografts alone and those performed with hybrid grafts. Whether there is a substantial difference in knee stability examination results between autografts and hybrid grafts remains unknown, given a relative lack of reports on knee stability.",2020
91,31095404,2019 Jun,2019 May 16,Am J Sports Med,"['Perkins CA', 'Busch MT', 'Christino M', 'Herzog MM', 'Willimon SC']",Willimon SC,Allograft Augmentation of Hamstring Anterior Cruciate Ligament Autografts Is Associated With Increased Graft Failure in Children and Adolescents.,47,7,1576-1582,['English'],7609541,0363-5465,1552-3365,"['Journal Article', ""Research Support, Non-U.S. Gov't""]",PubMed - indexed for MEDLINE,ppublish+epublish,"['31095404', '10.1177/0363546519849607']",10.1177/0363546519849607,"['2019/05/17 06:00', '2020/04/28 06:00', '2019/05/17 06:00']",['Am J Sports Med. 2019 Jul;47(8):1785-1788. doi: 10.1177/0363546519856874. PMID: 31251662'],1,0,The American journal of sports medicine,doi: 10.1177/0363546519849607,2019 Jun;47(7):1576-1582,"BACKGROUND: Anterior cruciate ligament (ACL) reconstruction in adolescents is commonly performed with hamstring tendon autografts. Small graft diameter is one risk factor for graft failure and options to upsize the autologous hamstring graft include allograft augmentation and tripling one or both of the hamstring tendons. PURPOSE: To evaluate the association of upsized hamstring graft constructs and graft rupture after ACL reconstruction. STUDY DESIGN: Cohort study; Level of evidence, 3. METHODS: A retrospective review was performed of patients 19 years of age and younger who underwent hamstring autograft ACL reconstruction with or without soft tissue allograft augmentation from 2012 to 2016. All patients were skeletally mature or had less than 2 years of growth remaining. Graft constructs included 4-strand doubled semitendinosus and gracilis autograft (4-STG), 5-strand tripled semitendinosus and doubled gracilis autograft (5-STG), and 6-strand doubled gracilis and semitendinosus autograft augmented with a soft tissue allograft (6-STGAllo). The primary outcome measure was graft rupture. RESULTS: A total of 354 patients with a mean age of 15.3 years (range, 10-19 years) were included. Graft constructs included 4-STG (198 knees), 5-STG (91 knees), and 6-STGAllo (65 knees). The average diameter of the graft constructs was 8.3 mm for 4-STG, 8.9 mm for 5-STG, and 9.2 mm for 6-STGAllo ( P < .001). The mean follow-up was 26 months (range, 6-56 months). There were 50 (14%) graft ruptures and 24 (7%) contralateral ACL tears. The graft failure rates were 14% for 4-STG, 12% for 5-STG, and 20% for 6-STGAllo ( P = .51). The average time to graft failure was 16 months (range, 2-40 months). After adjusting for age and graft size, patients who had allograft-augmented grafts (6-STGAllo) had 2.6 (95% CI, 1.02, 6.50) times the odds of graft rupture compared with 4-STG. There was no significant difference in failure rate between patients who had 5-STG grafts compared with 4-STG (OR, 1.2; 95% CI, 0.5, 2.7). CONCLUSION: ACL reconstruction with hamstring tendon autografts augmented with allografts has a significantly increased risk of graft rupture compared with comparably sized hamstring tendon autografts. In situations where the surgeon harvests an inadequately sized 4-strand autograft, we recommend obtaining a larger graft diameter by tripling the semitendinosus rather than augmenting with an allograft.",2019
92,31053462,2019 Jun,2019 Apr 30,Arthroscopy,"['Sochacki KR', 'McCulloch PC', 'Lintner DM', 'Harris JD']",Harris JD,Hamstring Autograft Versus Hybrid Graft in Anterior Cruciate Ligament Reconstruction: A Systematic Review of Comparative Studies.,35,6,1905-1913,['English'],8506498,0749-8063,1526-3231,"['Journal Article', ""Research Support, Non-U.S. Gov't"", 'Systematic Review']",PubMed - indexed for MEDLINE,ppublish+epublish,"['31053462', '10.1016/j.arthro.2018.11.070', 'S0749-8063(18)31179-4']",10.1016/j.arthro.2018.11.070,"['2018/08/03 00:00', '2018/11/27 00:00', '2018/11/28 00:00', '2019/05/06 06:00', '2020/03/31 06:00', '2019/05/05 06:00']",['Arthroscopy. 2019 Jun;35(6):1914-1916. doi: 10.1016/j.arthro.2019.02.040. PMID: 31159972'],1,0,Arthroscopy : the journal of arthroscopic & related surgery : official publication of the Arthroscopy Association of North America and the International Arthroscopy Association,doi: 10.1016/j.arthro.2018.11.070,2019 Jun;35(6):1905-1913,"PURPOSE: To compare (1) patient-reported outcomes, (2) objective knee measures of stability, (3) failures, and (4) reoperations after primary anterior cruciate ligament (ACL) reconstruction with semitendinosus-gracilis autograft versus autograft-allograft hybrid grafts. METHODS: We performed a systematic review using Preferred Reporting Items for Systematic Reviews and Meta-Analyses (PRISMA) guidelines. Multiple databases were searched for studies that compared outcomes of ACL reconstruction with semitendinosus-gracilis autograft versus autograft-allograft hybrid grafts in adult human patients with minimum 2-year follow-up. Knee-specific patient-reported outcome scores, objective knee measures of stability, failures, and reoperations were reported for each study and compared between semitendinosus-gracilis autografts and hybrid grafts. Study heterogeneity and levels of evidence precluded meta-analysis. RESULTS: We analyzed 6 articles (544 patients; 54.5% male patients; mean age, 30.9 +/- 3.9 years; mean follow-up period, 43.6 +/- 15.5 months). Of 6 studies, 4 showed no significant differences in International Knee Documentation Committee and Lysholm scores between the semitendinosus-gracilis autograft and hybrid groups. Five of six studies showed no significant differences in KT-1000 measurements between groups. The risk of ACL failure ranged from 3.2% to 8.4% for semitendinosus-gracilis autografts and from 2.4% to 14.3% for hybrid grafts, with no study reporting a significant difference in failure rates between groups. The reoperation rate in the subjects undergoing ACL reconstruction with semitendinosus-gracilis autografts and hybrid grafts ranged from 2.8% to 10.3% and from 2.4% to 48.3%, respectively. In 5 of 6 studies, no significant differences in reoperation rates were found between groups. CONCLUSIONS: Most studies reported no significant differences in patient-reported outcome scores, objective knee measures of stability, and reoperation rates between semitendinosus-gracilis autografts and hybrid grafts. No significant difference in ACL failure rates was found between groups in any study. LEVEL OF EVIDENCE: Level III, systematic review of Level II and III studies.",2019
93,30964537,2019 May 1,2019 Apr 9,Orthopedics,"['Salem HS', 'Kraeutler MJ', 'Carter AH', 'Tjoumakaris FP', 'Freedman KB']",Freedman KB,Anterior Cruciate Ligament Reconstruction in Young Females: A Systematic Review of Patellar Tendon Versus Hamstring Tendon Autografts.,42,3,e295-e304,['English'],7806107,0147-7447,1938-2367,"['Comparative Study', 'Journal Article', 'Systematic Review']",PubMed - indexed for MEDLINE,ppublish+epublish,"['30964537', '10.3928/01477447-20190403-05']",10.3928/01477447-20190403-05,"['2018/05/22 00:00', '2018/08/27 00:00', '2019/04/10 06:00', '2019/08/08 06:00', '2019/04/10 06:00']",[],1,0,Orthopedics,doi: 10.3928/01477447-20190403-05,2019 May 1;42(3):e295-e304,"A systematic review was performed to compare patellar tendon-bone (BTB) and hamstring tendon (HS) autografts following anterior cruciate ligament reconstruction in young females, young patients, or females. One study compared BTB and HS in young females and found a lower rate of graft failure with BTB (P<.02). Of the 11 studies that made this comparison in females, 1 reported decreased laxity in females with BTB (P=.035). Of 4 studies comparing autografts in young patients, 1 reported a decreased rate of graft failure with BTB (P=.036). Further studies making this comparison specifically in young females are warranted. [Orthopedics. 2019; 42(3):e295-e304.].",2019
94,30919001,2019 Nov,2019 Mar 27,Knee Surg Sports Traumatol Arthrosc,"['Kang H', 'Dong C', 'Wang F']",Wang F,Small hamstring autograft is defined by a cut-off diameter of 7 mm and not recommended with allograft augmentation in single-bundle ACL reconstruction.,27,11,3650-3659,['English'],9314730,0942-2056,1433-7347,"['Journal Article', 'Meta-Analysis', 'Systematic Review']",PubMed - indexed for MEDLINE,ppublish+epublish,"['30919001', '10.1007/s00167-019-05475-6', '10.1007/s00167-019-05475-6']",10.1007/s00167-019-05475-6,"['2018/10/15 00:00', '2019/03/05 00:00', '2019/03/29 06:00', '2020/01/17 06:00', '2019/03/29 06:00']",[],1,0,"Knee surgery, sports traumatology, arthroscopy : official journal of the ESSKA",doi: 10.1007/s00167-019-05475-6,2019 Nov;27(11):3650-3659,"PURPOSE: The present study was to analyze graft failure rates of hamstring tendon (HT) autografts with a cut-off graft diameter of 8 mm or 7 mm, and compare clinical outcomes between augmented small HT with an allograft and non-augmented relatively large HT in single-bundle anterior cruciate ligament reconstruction (ACLR). METHODS: A literature search of PubMed, EMBASE, and the Cochrane Library was performed based on the PRISMA (Preferred Reporting Items for Systematic Reviews and Meta-analysis) guidelines. Studies to assess graft failure of autologous HT ACLR were reviewed, and graft failure rates with a cut-off graft diameter of 8 mm or 7 mm were further extracted. Clinical comparative studies of ACLR between augmented small HT with an allograft and non-augmented relatively large HT autografts were also included. Results are presented as risk ratio (RR) for binary data and weighted mean difference for continuous data with 95% confidence intervals (CI). RESULTS: Nine studies with 2243 knees were included. Four studies examined the effect of HT autograft diameter on graft failure and five studies assessed clinical outcomes of allograft augmentation to small HT autografts. No significant difference was noted in graft failure with a cut-off diameter of 8 mm. No significant difference was found between diameters > 7 and </= 7 mm, but a significant difference was observed between diameters >/= 7 and < 7 mm (RR = 0.49; 95% CI 0.26-0.92, I(2) = 0%, P = 0.03). A trend towards increased risk of graft failure was noted for allograft-augmented HT compared with non-augmented HT autografts (RR = 0.43; 95% CI 0.18-1.02, I(2) = 0%), but no significant differences were noted in IKDC, Lysholm, and Tegner scores between these groups. CONCLUSION: The present study did support the use of 7 mm as a reference for cut-off diameter for small HT autografts, but not allograft augmentation to small HT autografts. These findings would guide clinical application of small HT autografts in single-bundle ACLR. LEVEL OF EVIDENCE: IV.",2019
95,30790526,2019 Dec,2019 Feb 21,Am J Sports Med,"['Mouarbes D', 'Menetrey J', 'Marot V', 'Courtot L', 'Berard E', 'Cavaignac E']",Cavaignac E,Anterior Cruciate Ligament Reconstruction: A Systematic Review and Meta-analysis of Outcomes for Quadriceps Tendon Autograft Versus Bone-Patellar Tendon-Bone and Hamstring-Tendon Autografts.,47,14,3531-3540,['English'],7609541,0363-5465,1552-3365,"['Journal Article', 'Meta-Analysis', 'Systematic Review']",PubMed - indexed for MEDLINE,ppublish+epublish,"['30790526', '10.1177/0363546518825340']",10.1177/0363546518825340,"['2019/02/23 06:00', '2020/06/25 06:00', '2019/02/22 06:00']",[],1,0,The American journal of sports medicine,doi: 10.1177/0363546518825340,2019 Dec;47(14):3531-3540,"BACKGROUND: Comprehensive studies evaluating quadriceps tendon (QT) autograft for anterior cruciate ligament (ACL) reconstruction are lacking. The optimal choice of graft between bone-patellar tendon-bone (BPTB), hamstring tendon (HT), and QT is still debatable. HYPOTHESIS: The current literature supports the use of QT as a strong autograft with good outcomes when used in ACL reconstruction. STUDY DESIGN: Meta-analysis; Level of evidence, 2. METHODS: A systematic search of the literature was performed in PubMed, MEDLINE, Cochrane, and Ovid databases to identify published articles on clinical studies relevant to ACL reconstruction with QT autograft and studies comparing QT autograft versus BPTB and HT autografts. The results of the eligible studies were analyzed in terms of instrumented laxity measurements, Lachman test, pivot-shift test, Lysholm score, objective and subjective International Knee Documentation committee (IKDC) scores, donor-site pain, and graft failure. RESULTS: Twenty-seven clinical studies including 2856 patients with ACL reconstruction met the inclusion criteria. Comparison of 581 QT versus 514 BPTB autografts showed no significant differences in terms of instrumented mean side-to-side difference (P = .45), Lachman test (P = .76), pivot-shift test grade 0 (P = .23), pivot-shift test grade 0 or 1 (P = .85), mean Lysholm score (P = .1), mean subjective IKDC score (P = .36), or graft failure (P = .50). However, outcomes in favor of QT were found in terms of less donor-site pain (risk ratio for QT vs BPTB groups, 0.25; 95% CI, 0.18-0.36; P < .00001). Comparison of 181 QT versus 176 HT autografts showed no significant differences in terms of instrumented mean side-to-side difference (P = .75), Lachman test (P = .41), pivot-shift test grade 0 (P = .53), Lysholm score less than 84 (P = .53), mean subjective IKDC score (P = .13), donor-site pain (P = .40), or graft failure (P = .46). However, outcomes in favor of QT were found in terms of mean Lysholm score (mean difference between QT and HT groups, 3.81; 95% CI, 0.45-7.17; P = .03). CONCLUSION: QT autograft had comparable clinical and functional outcomes and graft survival rate compared with BPTB and HT autografts. However, QT autograft showed significantly less harvest site pain compared with BPTB autograft and better functional outcome scores compared with HT autograft.",2019
96,30206911,2019 Aug,2018 Sep 11,J Knee Surg,"['Chin BZ', 'Wee IJY', 'Syn NL', 'Krishna L']",Krishna L,Arthroscopic Anterior Cruciate Ligament Reconstruction: A Meta-Analysis Comparing Semitendinosus Alone and Semitendinosus with Gracilis Tendon Autografts.,32,8,796-803,['English'],101137599,1538-8506,1938-2480,"['Comparative Study', 'Journal Article', 'Meta-Analysis']",PubMed - indexed for MEDLINE,ppublish+epublish,"['30206911', '10.1055/s-0038-1669950']",10.1055/s-0038-1669950,"['2018/09/13 06:00', '2019/12/04 06:00', '2018/09/13 06:00']",[],1,0,The journal of knee surgery,doi: 10.1055/s-0038-1669950,2019 Aug;32(8):796-803,"The objective of this study was to provide a comprehensive systematic review and meta-analysis to compare patient-reported outcomes and functional knee parameters of anterior cruciate ligament (ACL) reconstruction surgery with semitendinosus (ST) and ST-gracilis (G) grafts. This study was conducted according to Preferred Reporting Items for Systematic Reviews and Meta-Analyses (PRISMA) and Meta-Analysis of Observational Studies in Epidemiology (MOOSE) guidelines. All studies in PubMed and Embase that reported functional knee parameters and patient-reported outcomes after ACL reconstruction with ST and ST-G grafts independently were included in the review. Selected end points for random effects, pairwise meta-analysis included side-to-side deficit (%) in isokinetic peak torque, peak torque ratio (%), side-to-side difference (mm) in anterior laxity, and patient-reported outcome scores at minimum 2-year follow-up. A total of 15 primary references comprising 1,109 participants were identified. The ST group had decreased side-to-side deficit in isokinetic peak torque when compared with the ST-G group for flexion at 60 degrees/s (p = 0.02) and 180 degrees/s (p = 0.01) at 2-year follow-up. There were no significant differences in side-to-side difference in anterior laxity (p = 0.81), hamstring/quadriceps peak torque ratios at 60 degrees/s (p = 0.83) and 180 degrees/s (p = 0.36), and patient-reported outcomes in the International Knee Documentation Committee score (p = 0.06) and Lysholm score (p = 0.67). The addition of the gracilis tendon to the hamstring autograft in ACL reconstruction results in increased side-to-side deficits in isokinetic peak flexion torque. However, patient-reported outcome scores and knee laxity measurements are comparable with those of ST grafts.",2019
97,29936196,2018 Aug,2018 Jun 21,Int J Surg,"['Wang HD', 'Zhang H', 'Wang TR', 'Zhang WF', 'Wang FS', 'Zhang YZ']",Zhang YZ,Comparison of clinical outcomes after anterior cruciate ligament reconstruction with hamstring tendon autograft versus soft-tissue allograft: A meta-analysis of randomised controlled trials.,56,,174-183,['English'],101228232,,1743-9159,"['Comparative Study', 'Journal Article', 'Meta-Analysis', 'Review']",PubMed - indexed for MEDLINE,ppublish+epublish,"['29936196', '10.1016/j.ijsu.2018.06.030', 'S1743-9191(18)31524-3']",10.1016/j.ijsu.2018.06.030,"['2018/04/14 00:00', '2018/06/08 00:00', '2018/06/18 00:00', '2018/06/25 06:00', '2018/11/10 06:00', '2018/06/25 06:00']",[],1,0,"International journal of surgery (London, England)",doi: 10.1016/j.ijsu.2018.06.030,2018 Aug;56:174-183,"BACKGROUND: Hamstring tendon autografts and soft-tissue allograft are commonly used for anterior cruciate ligament (ACL) reconstruction. However, the clinical outcomes between these two grafts are controversial. This meta-analysis was performed to compare clinical outcomes of primary ACL reconstruction with hamstring tendon autografts versus soft-tissue allografts. MATERIALS AND METHODS: PubMed, Embase, and the Cochrane Library were searched through 8 September 2017 to identify randomized controlled studies that compared hamstring tendon autografts with soft-tissue allografts for primary ACL reconstruction. Two authors independently graded the methodological quality of each eligible study using the Cochrane Collaboration tool and extracted relevant data. Statistical heterogeneity among the trials was evaluated with chi-square and I-square tests. A sensitivity analysis was conducted to explore sources of heterogeneity. Subgroup analysis was performed to identify potential differences according to type of reconstruction technique (single-bundle or double-bundle). RESULTS: Eight studies with 785 combined patients (396 hamstring tendon autografts and 389 soft-tissue allografts) were included. Two studies had a high risk of bias. The other six studies had unclear risk of bias. There were significant differences between the groups in subjective International Knee Documentation Committee (IKDC) score (mean difference [MD], 2.43; 95%CI, 0.69-4.18; p = 0.006), Tegner score (MD, 0.24; 95%CI, 0.03-0.45; p = 0.03), and side-to-side difference (MD, -1.37; 95%CI, -2.44 to -0.30; p = 0.01). There was no significant difference between the groups in Lysholm score, complications, pivot shift test, anterior drawer test, Lachman test, overall IKDC score, or range of motion. Subgroup analysis demonstrated that for primary ACL reconstruction using the single-bundle technique, soft-tissue allografts were inferior to hamstring tendon autografts in subjective IKDC score, anterior drawer test, and side-to-side difference. CONCLUSION: Soft-tissue allografts are inferior to hamstring tendon autografts with respect to subjective patient evaluation and knee stability but superior in the complication of hypoesthesia for patients undergoing primary ACL reconstruction.",2018
98,29628380,2018 May,2018 Apr 5,Arthroscopy,"['Hurley ET', 'Calvo-Gurry M', 'Withers D', 'Farrington SK', 'Moran R', 'Moran CJ']",Moran CJ,Quadriceps Tendon Autograft in Anterior Cruciate Ligament Reconstruction: A Systematic Review.,34,5,1690-1698,['English'],8506498,0749-8063,1526-3231,"['Journal Article', 'Systematic Review']",PubMed - indexed for MEDLINE,ppublish+epublish,"['29628380', '10.1016/j.arthro.2018.01.046', 'S0749-8063(18)30116-6']",10.1016/j.arthro.2018.01.046,"['2017/08/30 00:00', '2018/01/06 00:00', '2018/01/15 00:00', '2018/04/10 06:00', '2019/09/17 06:00', '2018/04/10 06:00']",[],1,0,Arthroscopy : the journal of arthroscopic & related surgery : official publication of the Arthroscopy Association of North America and the International Arthroscopy Association,doi: 10.1016/j.arthro.2018.01.046,2018 May;34(5):1690-1698,"PURPOSE: To systematically review the current evidence to ascertain whether quadriceps tendon autograft (QT) is a viable option in anterior cruciate ligament reconstruction. METHODS: A literature review was conducted in accordance with Preferred Reporting Items for Systematic Reviews and Meta-analyses (PRISMA) guidelines. Cohort studies comparing QT with bone-patellar tendon-bone autograft (BPTB) or hamstring tendon autograft (HT) were included. Clinical outcomes were compared, with all statistical analyses performed using IBM SPSS Statistics for Windows, version 22.0, with P < .05 being considered statistically significant. RESULTS: We identified 15 clinical trials with 1,910 patients. In all included studies, QT resulted in lower rates of anterior knee pain than BPTB. There was no difference in the rate of graft rupture between QT and BPTB or HT in any of the studies reporting this. One study found that QT resulted in greater knee stability than BPTB, and another study found increased stability compared with HT. One study found that QT resulted in improved functional outcomes compared with BPTB, and another found improved outcomes compared with HT, but one study found worse outcomes compared with BPTB. CONCLUSIONS: Current literature suggests QT is a viable option in anterior cruciate ligament reconstruction, with published literature showing comparable knee stability, functional outcomes, donor-site morbidity, and rerupture rates compared with BPTB and HT. LEVEL OF EVIDENCE: Level III, systematic review of Level I, II, and III studies.",2018
99,29628379,2018 May,2018 Apr 5,Arthroscopy,"['Belk JW', 'Kraeutler MJ', 'Marshall HA', 'Goodrich JA', 'McCarty EC']",McCarty EC,Quadriceps Tendon Autograft for Primary Anterior Cruciate Ligament Reconstruction: A Systematic Review of Comparative Studies With Minimum 2-Year Follow-Up.,34,5,1699-1707,['English'],8506498,0749-8063,1526-3231,"['Journal Article', 'Systematic Review']",PubMed - indexed for MEDLINE,ppublish+epublish,"['29628379', '10.1016/j.arthro.2018.01.047', 'S0749-8063(18)30117-8']",10.1016/j.arthro.2018.01.047,"['2017/09/05 00:00', '2018/01/01 00:00', '2018/01/26 00:00', '2018/04/10 06:00', '2019/09/17 06:00', '2018/04/10 06:00']",[],1,0,Arthroscopy : the journal of arthroscopic & related surgery : official publication of the Arthroscopy Association of North America and the International Arthroscopy Association,doi: 10.1016/j.arthro.2018.01.047,2018 May;34(5):1699-1707,"PURPOSE: To systematically review the literature in an effort to compare outcomes of patients undergoing primary anterior cruciate ligament reconstruction (ACLR) with a quadriceps tendon (QT) autograft versus a bone-patellar tendon-bone (BPTB) or hamstring tendon (HT) autograft. METHODS: A systematic review was performed by searching PubMed, the Cochrane Library, and Embase to locate studies (Level of Evidence I-III) comparing the clinical outcomes of the QT autograft versus the BPTB or HT autograft in patients undergoing primary ACLR. Patients were evaluated based on graft failure rate, examination of knee laxity, and patient-reported outcome scores. RESULTS: Eight studies (1 Level II, 7 Level III) were identified that met inclusion criteria, including a total of 368 patients undergoing primary ACLR with a QT autograft, 225 with a BPTB autograft, and 150 with an HT autograft. The average follow-up duration for all patients was 2.9 years. Overall, 2.8% of patients (17/603) experienced graft failure. Within the studies that compared the QT versus BPTB autograft, no study found a significant difference in graft failure rate between groups, and the odds ratio for graft failure between QT and BPTB was found to be 1.58 (95% confidence interval: 0.49-5.07; P = .44). Within the studies that compared graft failure rate between the QT and HT autograft, none found significant differences between groups, although a meta-analysis was not performed because of a low number of trials. Two studies found significantly greater postoperative knee laxity in HT patients compared with QT patients (P < .05), although there were no significant differences found in laxity measurements between QT and BPTB patients. CONCLUSIONS: Patients undergoing primary ACLR with either a QT, BPTB, or HT autograft can all be expected to experience improvement in clinical outcomes. QT patients experienced less knee laxity postoperatively compared with HT patients, although no significant differences were found in graft failure rate between groups. LEVEL OF EVIDENCE: Level III, systematic review of Level II and III studies.",2018
100,29453931,2018 Feb 17,2018 Feb 17,Med Sci Monit,"['Gudas R', 'Jurkonis R', 'Smailys A']",Smailys A,Comparison of Return to Pre-Injury Sport After 10 mm Size Bone-Patellar Tendon-Bone (BPTB) versus 8 mm Hamstring Anterior Cruciate Ligament Reconstruction: A Retrospective Study with a Two-Year Follow-Up.,24,,987-996,['English'],9609063,1234-1010,1643-3750,"['Comparative Study', 'Journal Article']",PubMed - indexed for MEDLINE,epublish,"['29453931', 'PMC6354639', 'pmc-id: PMC6354639;', '904709', '10.12659/MSM.904709']",10.12659/MSM.904709,"['2018/02/18 06:00', '2018/02/18 06:00', '2018/08/18 06:00', '2018/02/17 00:00']",[],1,49,Medical science monitor : international medical journal of experimental and clinical research,,2018 Feb 17;24:987-996,"BACKGROUND The aim of this study was to evaluate the reconstruction of a torn anterior cruciate ligament (ACL) with 10 mm diameter BPTB (bone-patellar tendon-bone) autograft versus 8 mm HT (hamstring tendon) autografts, to compare the ability to restore pre-injury sports activities and reduce revision risk after these procedures. MATERIAL AND METHODS A prospective clinical review was performed to compare results of patients who underwent primary anatomical ACLR with 10 mm BPTB autografts with patients who underwent 8 mm diameter HT autografts, between January 2011 and January 2014. RESULTS There were 183 patients evaluated: the 8 mm HT group showed statistically significant higher knee laxity values compared to the 10 mm BPTB group (p=0.042), and significant difference were detected in subjective International Knee Documentation Committee (IKDC) evaluation scores; the average subjective IKDC evaluations after two-year follow-up in the HT group was 88.45+/-2.8 versus 89.24+/-2.5 in BPTB group (p=0.047). In the evaluation of the IKDC objective protocol, results were excellent and good in 83 patients (94.3%) after BPTB and in 78 patients (82%) after HT ACLR (p<0.05). The average score on the Tegner activity scale in the HT group decreased from 6.5 at pre-injury to 5.8 at two-year follow-up (p<0.001) and from 6.7 at pre-injury to 6.5 at two-year follow-up in the BPTB group (p=0.4). The ability to restore pre-injury sports activities was higher in the BPTB group (6.5) versus the HT group (5.8) (p<0.001). Revision was required for two patients (2.2%) in the BPTB group compared with 14 patients (14.7%) in the HT group (p<0.05). CONCLUSIONS Smaller HT graft size was a predictor of higher knee laxity and greater revision risk at two-year post primary ACL reconstruction. Larger diameter BPTB ACL grafts had a better ability to restore knee stability and greater ability to restore pre-injury sports activities.",2018
101,29423546,2018 Aug,2018 Feb 8,Knee Surg Sports Traumatol Arthrosc,"['Grassi A', 'Perdisa F', 'Samuelsson K', 'Svantesson E', 'Romagnoli M', 'Raggi F', 'Gaziano T', 'Mosca M', 'Ayeni O', 'Zaffagnini S']",Zaffagnini S,Association between incision technique for hamstring tendon harvest in anterior cruciate ligament reconstruction and the risk of injury to the infra-patellar branch of the saphenous nerve: a meta-analysis.,26,8,2410-2423,['English'],9314730,0942-2056,1433-7347,"['Journal Article', 'Meta-Analysis', 'Review']",PubMed - indexed for MEDLINE,ppublish+epublish,"['29423546', '10.1007/s00167-018-4858-x', '10.1007/s00167-018-4858-x']",10.1007/s00167-018-4858-x,"['2017/09/11 00:00', '2018/02/02 00:00', '2018/02/10 06:00', '2018/10/30 06:00', '2018/02/10 06:00']",[],1,0,"Knee surgery, sports traumatology, arthroscopy : official journal of the ESSKA",doi: 10.1007/s00167-018-4858-x,2018 Aug;26(8):2410-2423,"PURPOSE: To determine how the incision technique for hamstring tendon (HT) harvest in anterior cruciate ligament (ACL) reconstruction affects the risk of injury to the IPBSN and clinical outcome. METHODS: A systematic literature search of the MEDLINE/Pubmed, Cochrane Central Register of Controlled Trials (CENTRAL) and EBSCOhost electronic databases and clinicaltrials.gov for unpublished studies was performed to identify comparative studies investigating injury to the IPBSN after HT ACL reconstruction by comparing at least two different incision techniques. Data were extracted for the number of patients with evidence of any neurologic deficit corresponding to injury to the IPBSN, area of sensory deficit, the Lysholm score and patient satisfaction. The mean difference (MD) in study outcome between incision groups was assessed. The relative risk (RR) and the number needed to treat (NNT) were calculated. The Chi-square and Higgins' I(2) tests were applied to test heterogeneity. Data were pooled using a Mantel-Haenszel random-effects model if the statistical heterogeneity was > 50% and a fixed-effects model if the statistical heterogeneity was < 50%. The risk of bias was evaluated according to the Cochrane Database questionnaire and the quality of evidence was graded according to the Grading of Recommendations Assessment, Development and Evaluation (GRADE) guidelines. RESULTS: A total of eight studies (three randomized controlled trials (RCTs) and five comparative studies) were included, of which six compared vertical and oblique incisions, one horizontal and vertical incisions, and one compared all three techniques. HT harvest was performed through a vertical incision in 329 patients, through an oblique incision in 195 patients and through a horizontal incision in 151 patients. Considering the meta-analysis of the RCTs, the performance of a vertical incision significantly increased the risk of causing IPBSN deficiency compared with both oblique and horizontal incision [RR 1.65 (CI 1.10-2.49, p = 0.02) and RR 2.45 (CI 1.73-3.47, p < 0.0001), respectively]. A significantly larger area of sensory deficit was found with vertical incisions compared with oblique ones, with an MD of 22.91 cm(2) (95% CI 7.73-38.08; p = 0.04). No significant differences were found between the incision techniques in relation to patient-reported outcomes. The same trend was obtained after the performing a meta-analysis of all eight included studies. The quality of evidence in this meta-analysis was determined as ""low"" to ""moderate"", mostly due to inadequate methods of randomization and high heterogeneity among the included studies. CONCLUSION: The performance of a vertical incision to harvest HTs for ACL reconstruction significantly increased the risk of iatrogenic injury to the IPBSN compared with both oblique and horizontal incisions. LEVEL OF EVIDENCE: Level I-III, meta-analysis of comparative studies.",2018
102,29366740,2018 Apr,2018 Feb 1,Arthroscopy,"['Belk JW', 'Kraeutler MJ', 'Carver TJ', 'McCarty EC']",McCarty EC,Knee Osteoarthritis After Anterior Cruciate Ligament Reconstruction With Bone-Patellar Tendon-Bone Versus Hamstring Tendon Autograft: A Systematic Review of Randomized Controlled Trials.,34,4,1358-1365,['English'],8506498,0749-8063,1526-3231,"['Journal Article', 'Systematic Review']",PubMed - indexed for MEDLINE,ppublish+epublish,"['29366740', '10.1016/j.arthro.2017.11.032', 'S0749-8063(17)31477-9']",10.1016/j.arthro.2017.11.032,"['2017/08/04 00:00', '2017/11/25 00:00', '2017/11/27 00:00', '2018/01/26 06:00', '2019/09/05 06:00', '2018/01/26 06:00']",[],1,0,Arthroscopy : the journal of arthroscopic & related surgery : official publication of the Arthroscopy Association of North America and the International Arthroscopy Association,doi: 10.1016/j.arthro.2017.11.032,2018 Apr;34(4):1358-1365,"PURPOSE: The primary purpose of this study was to systematically review high-quality studies in the literature to compare the postoperative radiographic incidence of knee osteoarthritis (OA) after anterior cruciate ligament reconstruction (ACLR) with bone-patellar tendon-bone (BPTB) versus hamstring tendon (HT) autograft. The secondary purpose of this study was to compare other symptoms of postoperative knee OA between these 2 groups through patient-reported outcome scores and knee range of motion. METHODS: A systematic review was performed by searching PubMed, Embase, and Cochrane Library to locate randomized controlled trials that compared postoperative progression of knee OA in patients who had undergone ACLR with BPTB versus HT autograft. Search terms used were ""anterior cruciate ligament reconstruction,"" ""patellar tendon,"" ""hamstring,"" ""randomized,"" and ""osteoarthritis."" Patients were assessed based on radiographic evaluation (Kellgren-Lawrence, Ahlback, Fairbank, and the Objective International Knee Documentation Committee scales), patient-reported outcome scores (Knee Injury and Osteoarthritis Outcome Score and visual analog scale scores), graft failure, and active knee flexion and extension deficit. RESULTS: Eight studies (6 Level I, 2 Level II) were identified that met inclusion criteria, including a total of 237 and 268 nonoverlapping patients who had undergone ACLR with BPTB and HT autograft, respectively, with a mean follow-up of 11.5 years (range, 3-16 years). Graft failure was experienced by 7.0% of patients in each group (P = .99). A Kellgren-Lawrence grade >/=2 was found in 52.0% and 51.0% of BPTB and HT autograft patients, respectively (P = .85). An Ahlback and Fairbank grade >/=2 was found in 5.0% and 8.4% of BPTB and HT autograft patients, respectively (P = .36). There were no significant differences in any patient-reported outcomes between groups within any study. CONCLUSIONS: Patients undergoing ACLR with BPTB autograft or HT autograft can be expected to experience a similar incidence of postoperative knee OA at long-term follow-up. LEVEL OF EVIDENCE: Level II, systematic review of Level I and II studies.",2018
103,29191469,2018 Feb,2017 Dec 2,Orthop Traumatol Surg Res,['Lutz C'],Lutz C,Role of anterolateral reconstruction in patients undergoing anterior cruciate ligament reconstruction.,104,1S,S47-S53,['English'],101494830,,1877-0568,['Review'],PubMed - indexed for MEDLINE,ppublish+epublish,"['29191469', '10.1016/j.otsr.2017.03.031', 'S1877-0568(17)30332-8']",10.1016/j.otsr.2017.03.031,"['2017/01/08 00:00', '2017/02/27 00:00', '2017/03/06 00:00', '2017/12/02 06:00', '2019/09/19 06:00', '2017/12/02 06:00']",[],1,0,"Orthopaedics & traumatology, surgery & research : OTSR",doi: 10.1016/j.otsr.2017.03.031,2018 Feb;104(1S):S47-S53,"There is renewed interest in anterolateral reconstruction (ALR) for patients undergoing anterior cruciate ligament (ACL) reconstruction. This is the result of isolated ACL reconstruction and double-bundle reconstruction providing inadequate control over the pivot shift, and recent anatomical and biomechanical studies on the anterolateral ligament (ALL) and its role in the knee's rotational stability. From a technical point of view, ALR can be performed either as a continuity of the intra-articular ACL reconstruction or an independent procedure. The typical peripheral grafts (gracilis and semitendinosus tendons, iliotibial band) can be used. The femoral tunnel must be posterior and proximal to the lateral epicondyle, and the tibial tunnel on a line joining Gerdy's tubercle with the ALL's tibial insertion. Tensioning and fixation are done with the knee near full extension and the tibia in neutral rotation. The ALR complication rate reported in older studies (pain, hematoma, scar damage) has been reduced. Relative to isolated ACL reconstruction, ALR does not alter the infection or stiffness rate, and it reduces the re-injury rate and secondary meniscal damage rate. Analysis of the literature has not shown an increased rate of osteoarthritis after ALR. The objective and functional outcomes are equal to those after isolated ACL reconstruction. Control over rotation is improved by adding ALR and the return to pivot sports appears to be more successful. While the indications must still be refined, ALR can be proposed to young patients undergoing ACL reconstruction who participate in high-intensity pivot sports, have a high-grade pivot shift or who have a failed ACL reconstruction.",2018
104,29115973,2017 Nov 7,2017 Nov 7,J Orthop Surg Res,"['Chen H', 'Tie K', 'Qi Y', 'Li B', 'Chen B', 'Chen L']",Chen L,Anteromedial versus transtibial technique in single-bundle autologous hamstring ACL reconstruction: a meta-analysis of prospective randomized controlled trials.,12,1,167,['English'],101265112,,1749-799X,"['Comparative Study', 'Journal Article', 'Meta-Analysis', 'Review']",PubMed - indexed for MEDLINE,epublish,"['29115973', 'PMC5678560', 'pmc-id: PMC5678560;', '10.1186/s13018-017-0671-3', '10.1186/s13018-017-0671-3']",10.1186/s13018-017-0671-3,"['2017/09/14 00:00', '2017/10/28 00:00', '2017/11/09 06:00', '2017/11/09 06:00', '2018/07/03 06:00', '2017/11/07 00:00']",[],1,42,Journal of orthopaedic surgery and research,doi: 10.1186/s13018-017-0671-3,2017 Nov 7;12(1):167,"BACKGROUND: The aim of this study was to compare the clinical outcome and postoperative complication between single-bundle anterior cruciate ligament (ACL) reconstruction with an anteromedial (AM) technique and a transtibial (TT) technique. METHODS: The study includes clinical randomized controlled trials comparing the clinical outcomes of ACL reconstruction using the autologous hamstring tendon with an AM method and a TT method published up to September 2017 were retrieved from PubMed, Cochrane Library, and Embase databases. Relevant data were extracted and the Physiotherapy Evidence Database (PEDro) scale was used to assess the methodological quality. Stata/SE 12.0 was used to perform a meta-analysis of the clinical outcome. RESULTS: Five RCTs were included, with a total of 479 patients: 239 patients and 240 patients in the AM group and the TT group, respectively. Assessing postoperative stability, better results were found in the AM group for the negative rate of the Lachman test (P < 0.05), the negative rate of the pivot-shift test (P < 0.05) and the side-to-side difference (P < 0.05). Assessing postoperative functional outcome, the AM group yielded superior results in proportion with International Knee Documentation Committee (IKDC) grade A (P < 0.05) and the Lysholm scores (P < 0.05) but had a comparable IKDC score (P > 0.05). In terms of postoperative complication, no significant difference was found between the AM group and the TT group (P > 0.05). CONCLUSIONS: The outcome of single-bundle ACL reconstruction with the AM technique is better than that with the TT technique in terms of postoperative stability and functional recovery of the knee.",2017
105,28636429,2018 Jun,2017 Jun 21,Am J Sports Med,"['Belk JW', 'Kraeutler MJ', 'Purcell JM', 'McCarty EC']",McCarty EC,Autograft Versus Allograft for Posterior Cruciate Ligament Reconstruction: An Updated Systematic Review and Meta-analysis.,46,7,1752-1757,['English'],7609541,0363-5465,1552-3365,"['Journal Article', 'Meta-Analysis', 'Systematic Review']",PubMed - indexed for MEDLINE,ppublish+epublish,"['28636429', '10.1177/0363546517713164']",10.1177/0363546517713164,"['2017/06/22 06:00', '2019/09/24 06:00', '2017/06/22 06:00']",[],1,0,The American journal of sports medicine,doi: 10.1177/0363546517713164,2018 Jun;46(7):1752-1757,"BACKGROUND: Multiple studies have demonstrated a higher risk of graft failure after anterior cruciate ligament reconstruction with allograft, but limited data are available comparing outcomes of posterior cruciate ligament reconstruction (PCLR) with autograft versus allograft. PURPOSE: To compare the clinical outcomes of autograft versus allograft for primary PCLR. STUDY DESIGN: Systematic review. METHODS: A systematic review was performed by searching PubMed, the Cochrane Library, and EMBASE to locate studies (level of evidence I-III) comparing clinical outcomes of autograft versus allograft in patients undergoing primary PCLR with the conventional transtibial technique. Search terms used were ""posterior cruciate ligament,"" ""autograft,"" and ""allograft."" Patients were evaluated based on graft failure rate, examination of knee laxity, and patient-reported outcome scores (Lysholm, Tegner, subjective International Knee Documentation Committee [IKDC], and objective IKDC scores). RESULTS: Five studies (2 level II, 3 level III) were identified that met inclusion criteria, including a total of 132 patients undergoing PCLR with autograft (semitendinosus-gracilis or bone-patellar tendon-bone) and 110 patients with allograft (tibialis anterior, Achilles tendon, or bone-patellar tendon-bone). No patients experienced graft failure. Average anteroposterior (AP) knee laxity was significantly higher in allograft patients (3.8 mm) compared with autograft patients (3.1 mm) ( P < .01). Subjective IKDC, Lysholm, and Tegner scores improved for both groups across studies, without a significant difference in improvement between groups except in one study, in which Lysholm scores improved to a significantly greater extent in the autograft group ( P < .01). CONCLUSION: Patients undergoing primary PCLR with either autograft or allograft can be expected to experience improvement in clinical outcomes. Autograft patients experienced less AP knee laxity postoperatively, although the clinical significance of this is unclear and subjective outcomes improved substantially and to a similar degree in both groups.",2018
106,28444581,2017 Oct,2017 Apr 25,Clin Orthop Relat Res,['Gill TJ'],Gill TJ,"CORR Insights(®): Hamstring Autograft versus Patellar Tendon Autograft for ACL Reconstruction: Is There a Difference in Graft Failure Rate? A Meta-analysis of 47,613 Patients.",475,10,2469-2471,['English'],0075674,0009-921X,1528-1132,"['Journal Article', 'Comment']",PubMed - indexed for MEDLINE,ppublish+epublish,"['28444581', 'PMC5599388', 'pmc-id: PMC5599388;', '10.1007/s11999-017-5345-2', '10.1007/s11999-017-5345-2']",10.1007/s11999-017-5345-2,"['2017/03/08 00:00', '2017/04/03 00:00', '2017/04/27 06:00', '2018/07/31 06:00', '2017/04/27 06:00', '2018/10/01 00:00']",['Clin Orthop Relat Res. 2017 Oct;475(10):2459-2468. doi: 10.1007/s11999-017-5278-9. PMID: 28205075'],0,3,Clinical orthopaedics and related research,doi: 10.1007/s11999-017-5345-2,2017 Oct;475(10):2469-2471,,2017
107,28205075,2017 Oct,,Clin Orthop Relat Res,"['Samuelsen BT', 'Webster KE', 'Johnson NR', 'Hewett TE', 'Krych AJ']",Krych AJ,"Hamstring Autograft versus Patellar Tendon Autograft for ACL Reconstruction: Is There a Difference in Graft Failure Rate? A Meta-analysis of 47,613 Patients.",475,10,2459-2468,['English'],0075674,0009-921X,1528-1132,"['Journal Article', 'Meta-Analysis']",PubMed - indexed for MEDLINE,ppublish,"['28205075', 'PMC5599382', 'pmc-id: PMC5599382;', '10.1007/s11999-017-5278-9', '10.1007/s11999-017-5278-9']",10.1007/s11999-017-5278-9,"['2017/02/17 06:00', '2017/12/05 06:00', '2017/02/17 06:00', '2018/10/01 00:00']",['Clin Orthop Relat Res. 2017 Oct;475(10):2469-2471. doi: 10.1007/s11999-017-5345-2. PMID: 28444581'],1,48,Clinical orthopaedics and related research,doi: 10.1007/s11999-017-5278-9,2017 Oct;475(10):2459-2468,"BACKGROUND: Bone-patellar tendon-bone (bone-tendon-bone) and four-strand hamstring tendon grafts (hamstring) are the most commonly utilized autografts for primary anterior cruciate ligament (ACL) reconstruction. Existing clinical trials, registry studies, and meta-analyses offer conflicting opinions regarding the most favorable graft choice. QUESTIONS/PURPOSES: Which graft type for ACL reconstruction (bone-tendon-bone or hamstring) has a higher risk of (1) graft rupture and/or (2) graft laxity? METHODS: We performed a meta-analysis of randomized controlled trials (RCTs), prospective cohort studies, and high-quality national registry studies to compare the outcomes of primary ACL reconstruction with bone-tendon-bone autograft or hamstring autograft. Studies that compared these graft types were identified through a comprehensive search of electronic databases (PubMed, MEDLINE, EMBASE, and the Cochrane Library). Two independent reviewers utilized the Jadad scale for RCT study quality and the Modified Coleman Methodology Score for prospective comparative and registry study quality. The included studies were analyzed for the primary outcome measure of graft rupture with or without revision ACL surgery. In surviving grafts, secondary outcomes of graft laxity were quantified by KT1000/2000 testing, a positive pivot shift test, and a positive Lachman test. Meta-analysis was performed with Review Manager. A total of 47,613 ACL reconstructions (39,768 bone-tendon-bone and 7845 hamstring) from 14 RCTs, 10 prospective comparative studies, and one high-quality national registry study were included in this meta-analysis. Mean age was 28 years in both groups. Sixty-three percent of patients in the bone-tendon-bone cohort were men versus 57% of patients in the hamstring cohort. Mean followup was 68 +/- 55 months. RESULTS: Two hundred twelve of 7560 (2.80%) bone-tendon-bone grafts ruptured compared with 1123 of 39,510 (2.84%) in the hamstring group (odds ratio = 0.83, 95% confidence interval, 0.72-0.96; p = 0.01). The number needed to treat analysis found that 235 patients would need to be treated with a bone-tendon-bone graft over a hamstring tendon graft to prevent one graft rupture. Instrumented laxity analysis showed that 22% (318 of 1433) of patients in the bone-tendon-bone group had laxity compared with 18% (869 of 4783) in the hamstring tendon group (odds ratio = 0.86; p = 0.16). Pivot shift analysis showed a positive pivot shift in 19% (291 of 1508) of the bone-tendon-bone group compared with 17% (844 of 5062) in the hamstring group (odds ratio = 0.89; p = 0.51). Lachman testing showed a positive Lachman in 25% (71 of 280) of patients receiving bone-tendon-bone grafts compared with 25% (73 of 288) in the hamstring group (odds ratio = 0.96; p = 0.84). CONCLUSIONS: In this meta-analysis of short- to mid-term followup after primary ACL reconstruction, hamstring autografts failed at a higher rate than bone-tendon-bone autografts. However, failure rates were low in each group, the difference observed was small, and we observed few differences between graft types in terms of laxity. Both graft types remain viable options for primary ACL reconstruction, and the difference in failure rate should be one part of a larger conversation with each individual patient about graft selection that should also include potential differences in donor site morbidity, complication rates, and patient-reported outcome measures. Continued prospective collection of patient data will be important going forward as we attempt to further characterize the potential differences in outcomes attributable to graft selection. LEVEL OF EVIDENCE: Level III, therapeutic study.",2017
108,28068159,2017 Aug,2017 Jan 9,Am J Sports Med,"['Browning WM 3rd', 'Kluczynski MA', 'Curatolo C', 'Marzo JM']",Marzo JM,Suspensory Versus Aperture Fixation of a Quadrupled Hamstring Tendon Autograft in Anterior Cruciate Ligament Reconstruction: A Meta-analysis.,45,10,2418-2427,['English'],7609541,0363-5465,1552-3365,"['Journal Article', 'Meta-Analysis', 'Review']",PubMed - indexed for MEDLINE,ppublish+epublish,"['28068159', '10.1177/0363546516680995']",10.1177/0363546516680995,"['2017/01/10 06:00', '2018/03/13 06:00', '2017/01/10 06:00']",[],1,0,The American journal of sports medicine,doi: 10.1177/0363546516680995,2017 Aug;45(10):2418-2427,"BACKGROUND: Hamstring grafts have become a popular choice for anterior cruciate ligament (ACL) reconstruction; however, the most effective means of fixation of these soft tissue grafts is unknown. PURPOSE: To determine whether suspensory or aperture fixation of hamstring tendon autografts provides better stability and clinical outcomes in ACL reconstruction. STUDY DESIGN: Meta-analysis. METHODS: A literature search of studies reporting single-bundle ACL reconstructions using 4-stranded hamstring tendon autografts with aperture or suspensory fixation with a minimum 24-month follow-up was conducted. Stability and clinical outcomes were compared for aperture versus suspensory fixation. Knee stability was measured with the Lachman or pivot-shift test or KT-1000 arthrometer side-to-side difference (SSD), and outcomes were determined with the International Knee Documentation Committee (IKDC), Tegner, and Lysholm scores as well as graft failures. A random-effects model with a pooled estimate for the between-study variance was used to estimate proportions or means for each outcome and its corresponding 95% CI. RESULTS: Forty-one studies were included, of which 20 utilized suspensory fixation techniques and 21 utilized aperture fixation techniques. A >3-mm SSD was seen more often in the aperture group than the suspensory group, which was statistically significant ( P < .0001), but there was no significant difference between groups for a >5-mm SSD ( P = .53). The aperture group demonstrated significantly more graft ruptures than did the suspensory group ( P = .03). There were no statistically significant differences in Lachman grade 0 ( P = .76), grade 1 ( P = .89), and grade 2 ( P = .55) or pivot-shift grade 0 ( P = .72), grade 1 ( P = .97), and grade 2 ( P = .28). There was no statistically significant difference in mean continuous IKDC ( P = .80), Tegner ( P = .34), or Lysholm ( P = .84) scores. CONCLUSION: This meta-analysis demonstrated improved overall arthrometric stability and fewer graft ruptures using suspensory fixation compared with aperture fixation of a quadrupled hamstring tendon autograft in ACL reconstruction. There were no differences in IKDC, Lysholm, Lachman, and pivot-shift outcomes between suspensory and aperture fixation.",2017
109,28040335,2017 Feb,2016 Dec 28,Arthroscopy,"['Chee MY', 'Chen Y', 'Pearce CJ', 'Murphy DP', 'Krishna L', 'Hui JH', 'Wang WE', 'Tai BC', 'Salunke AA', 'Chen X', 'Chua ZK', 'Satkunanantham K']",Satkunanantham K,Outcome of Patellar Tendon Versus 4-Strand Hamstring Tendon Autografts for Anterior Cruciate Ligament Reconstruction: A Systematic Review and Meta-analysis of Prospective Randomized Trials.,33,2,450-463,['English'],8506498,0749-8063,1526-3231,"['Journal Article', 'Meta-Analysis', 'Systematic Review']",PubMed - indexed for MEDLINE,ppublish+epublish,"['28040335', '10.1016/j.arthro.2016.09.020', 'S0749-8063(16)30775-7']",10.1016/j.arthro.2016.09.020,"['2016/02/11 00:00', '2016/09/13 00:00', '2016/09/22 00:00', '2017/01/04 06:00', '2017/10/20 06:00', '2017/01/02 06:00']",[],1,0,Arthroscopy : the journal of arthroscopic & related surgery : official publication of the Arthroscopy Association of North America and the International Arthroscopy Association,doi: 10.1016/j.arthro.2016.09.020,2017 Feb;33(2):450-463,"PURPOSE: To compare clinical outcomes of anterior cruciate ligament (ACL) reconstruction and investigate whether the clinical results of 4-strand hamstring tendon (HT) reconstruction are still inferior to that of the patellar tendon (PT). METHODS: We performed a comprehensive systematic review and meta-analysis of the English literature on PubMed, Scopus, Web of Science, and the Cochrane register for papers that compared clinical outcomes of PT versus HT for ACL reconstruction. Outcome measures analyzed included rate of rerupture, KT-1000, International Knee Documentation Committee grade, Lachman, pivot shift, Lysholm score, Tegner Activity Scale, anterior knee pain, and discomfort on kneeling. RESULTS: We included 19 studies from an initial 1,168 abstracts for the systematic review, and, eventually, 19 studies were included in the meta-analysis. The study population consisted of a total of 1784 patients. The average follow-up duration was 58.8 months. We found significant differences in favor of the HT technique in the domains of anterior knee pain, kneeling pain, and restriction in the range of active extension (""extension deficit""). We found no differences between the PT and HT technique in terms of rerupture rate. There were no clinically significant differences for the outcomes of Lysholm score and Tegner Activity Scale as well as the KT-1000 side-to-side at maximum manual force. CONCLUSIONS: Contemporary 4-strand HT ACL reconstruction is comparable with the PT technique in terms of clinical stability and postoperative functional status across most parameters studied. The HT technique carries lower risk of postoperative complications such as anterior knee pain, kneeling discomfort, and extension deficit. Primary ACL reconstruction using the 4-strand HT technique achieves clinical results that are comparable with the PT technique with significantly less postoperative complications. LEVEL OF EVIDENCE: Level I, systemic review and meta-analysis of Level I studies.",2017
110,28005400,2017 Feb,2016 Dec 22,Am J Sports Med,"['Pennock AT', 'Ho B', 'Parvanta K', 'Edmonds EW', 'Chambers HG', 'Roocroft JH', 'Bastrom TP']",Bastrom TP,Does Allograft Augmentation of Small-Diameter Hamstring Autograft ACL Grafts Reduce the Incidence of Graft Retear?,45,2,334-338,['English'],7609541,0363-5465,1552-3365,['Journal Article'],PubMed - indexed for MEDLINE,ppublish+epublish,"['28005400', '10.1177/0363546516677545']",10.1177/0363546516677545,"['2016/12/23 06:00', '2017/09/16 06:00', '2016/12/23 06:00']",[],1,0,The American journal of sports medicine,doi: 10.1177/0363546516677545,2017 Feb;45(2):334-338,"BACKGROUND: Small-diameter hamstring tendons are frequently encountered during anterior cruciate ligament (ACL) reconstructions in patients with short stature or those who are skeletally immature. The role of augmenting these small-diameter autografts with allograft is unclear. PURPOSE: To assess clinical outcomes and failure rates in adolescent patients with small hamstring tendon autografts (<7 mm) that were either augmented with soft tissue allograft or accepted ""as is"" and not augmented. STUDY DESIGN: Cohort study; Level of evidence, 3. METHODS: A retrospective chart review of all primary ACL reconstructions performed with hamstring autografts identified 385 patients, of whom 50 (13%) had a quadrupled (semitendinosus-gracilis) graft size less than 7 mm. Patients were grouped based on the surgeon's preference either to augment these grafts with allograft (augmented group; n = 26) or to accept the smaller autograft (nonaugmented group; n = 24). Preoperative demographic, injury, and intraoperative data were documented. All patients were contacted to obtain information about outcome scores, subsequent procedures, and complications. Forty patients (20 in each group) were available for 2-year follow-up. RESULTS: The mean age of the entire cohort was 15.7 years (range, 12-18 years), and 38% were male. No between-group differences were found with respect to any of the preoperative or intraoperative variables except extremity side. The mean graft size for the augmented group was 8.9 mm and for the nonaugmented group was 6.4 mm. At a mean follow-up of 3 years, 6 (30%) of the patients in the augmented group had a graft failure, whereas only 1 (5%) in the nonaugmented group had a failure ( P = .04). Five of the 6 augmented failures occurred within 1 year of surgery, whereas the single failure in the nonaugmented group occurred 2.7years postoperatively. No differences were noted in the reported outcomes between patients in the augmented and nonaugmented groups who did not experience graft failure (Lysholm score, 88 vs 92; Tegner score, 6.4 vs 6.3; single-assessment numeric evaluation score, 86 vs 86; satisfaction, 8.4 vs 8.9, respectively). CONCLUSION: Adolescents undergoing an ACL reconstruction frequently have small hamstring tendon autograft size. The augmentation of these small grafts with allograft does not reduce graft failure rates and may in fact lead to higher retear rates, with earlier graft failure.",2017
111,27544274,2017 Feb,2016 Aug 20,Knee Surg Sports Traumatol Arthrosc,"['Kurz A', 'Evaniew N', 'Yeung M', 'Samuelsson K', 'Peterson D', 'Ayeni OR']",Ayeni OR,Credibility and quality of meta-analyses addressing graft choice in anterior cruciate ligament reconstruction: a systematic review.,25,2,538-551,['English'],9314730,0942-2056,1433-7347,"['Journal Article', 'Systematic Review']",PubMed - indexed for MEDLINE,ppublish+epublish,"['27544274', '10.1007/s00167-016-4282-z', '10.1007/s00167-016-4282-z']",10.1007/s00167-016-4282-z,"['2016/06/03 00:00', '2016/08/03 00:00', '2016/08/22 06:00', '2017/06/10 06:00', '2016/08/22 06:00']",[],1,0,"Knee surgery, sports traumatology, arthroscopy : official journal of the ESSKA",doi: 10.1007/s00167-016-4282-z,2017 Feb;25(2):538-551,"PURPOSE: This systematic review examined the methodological credibility and quality of reporting of all meta-analyses which have compared bone-patellar tendon-bone (BPTB) versus hamstring tendon (HT) for anterior cruciate ligament (ACL) reconstruction (ACLR). METHODS: EMBASE, MEDLINE, and The Cochrane Library were systematically searched, and two reviewers independently assessed eligibility, credibility according to the Users' Guide to medical literature, and completeness of reporting according to the preferred reporting items for systematic review and meta-analyses (PRISMA) checklist. Inter-rater agreement was quantified using Kappa, and we used Pearson's correlation coefficient to evaluate potential associations. RESULTS: Seventeen meta-analyses were identified comparing BPTB versus HT for ACLR. The majority of meta-analyses were published in 2011 (5; 29 %), and North America was the most common continent of publication (6; 35 %). The three most commonly reported outcomes were stability (82 %), complications (76 %), and function (return to sport, IKDC score) (71 %). The median number of satisfactorily reported items in the Users' Guide was three out of seven (IQR 2-4). The median number of satisfactorily reported items in PRISMA for the meta-analyses was 20 out of 27 (IQR 19-22). CONCLUSION: The credibility of the meta-analyses comparing BPTB versus HT autograft for ACLR although limited is improving with time. Earlier studies had limited methodological rigour; however, the more recent studies have shown promise in improved methodology. The study findings suggest that decisions should be made on a case-to-case basis with coordination of patient factors and preferences as well as surgeon experience on the background of the best available evidence. LEVEL OF EVIDENCE: IV.",2017
112,27450741,2016 Jul 24,2016 Jul 24,Cochrane Database Syst Rev,"['Debieux P', 'Franciozi CE', 'Lenza M', 'Tamaoki MJ', 'Magnussen RA', 'Faloppa F', 'Belloti JC']",Belloti JC,Bioabsorbable versus metallic interference screws for graft fixation in anterior cruciate ligament reconstruction.,7,7,CD009772,['English'],100909747,1361-6137,1469-493X,"['Journal Article', 'Meta-Analysis', ""Research Support, Non-U.S. Gov't"", 'Systematic Review']",PubMed - indexed for MEDLINE,epublish,"['27450741', 'PMC6458013', 'pmc-id: PMC6458013;', '10.1002/14651858.CD009772.pub2']",10.1002/14651858.CD009772.pub2,"['2016/07/25 06:00', '2016/07/28 06:00', '2016/09/23 06:00', '2017/07/24 00:00']",['doi: 10.1002/14651858.CD009772'],1,90,The Cochrane database of systematic reviews,doi: 10.1002/14651858.CD009772.pub2,2016 Jul 24;7(7):CD009772,"BACKGROUND: Anterior cruciate ligament (ACL) tears are frequently treated with surgical reconstruction with grafts, frequently patella tendon or hamstrings. Interference screws are often used to secure the graft in bone tunnels in the femur and tibia. This review examines whether bioabsorbable interference screws give better results than metal interference screws when used for graft fixation in ACL reconstruction. OBJECTIVES: To assess the effects (benefits and harms) of bioabsorbable versus metallic interference screws for graft fixation in ACL reconstruction. SEARCH METHODS: We searched the Cochrane Bone, Joint and Muscle Trauma Group Specialised Register, CENTRAL (the Cochrane Library), MEDLINE, Embase, LILACS, trial registers and reference lists of articles. Date of search: January 2016. SELECTION CRITERIA: We included randomised controlled trials and quasi-randomised trials comparing bioabsorbable with metallic interferences screws in ACL reconstruction. The main outcomes sought were subjective-rated knee function, failure of treatment, and activity level. DATA COLLECTION AND ANALYSIS: At least two review authors selected eligible trials, independently assessed risk of bias, and cross-checked data. Data were pooled whenever relevant and possible. Requests for further information were sent to the original study authors. MAIN RESULTS: We included 12 trials (11 randomised and one quasi-randomised) involving a total of 944 participants, and reporting follow-up results for 774. Participants in the 12 trials underwent ACL reconstruction with either hamstring tendon grafts (five trials) or patellar tendon grafts (seven trials). Trials participants were randomly allocated to bioabsorbable or metallic interference screws for graft fixation in both femur and tibia (seven trials); femur only (three trials); tibia only (one trial); location was not reported in the remaining trial. A variety of materials was used for the bioabsorbable screws, Poly-L-lactic acid (PLLA) being the most common. The metallic screws, where reported, were titanium.All trials were at high risk of bias, which invariably included performance bias. Seven trials were at high risk of attrition bias and eight at high risk of reporting bias. The quasi-randomised trial was assessed as being at high risk for selection bias. Based on these study limitations and insufficiency of the available data, we judged the quality of evidence for all outcomes was very low.The majority of the available data for patient-reported knee function was presented as Lysholm scores (0 to 100; higher scores = better function). There was very low quality but consistent evidence of no clinically important differences between the two groups in Lysholm scores at 12 months follow-up (mean difference (MD) -0.08, 95% confidence interval (CI) -1.48 to 1.32; three trials, 168 participants); 24 months (MD 0.35, 95% CI -1.27 to 1.98; three trials, 113 participants) or five or more years follow-up (MD 1.23, 95% CI -2.00 to 4.47; two trials, 71 participants). This lack of between-group differences was also reported for Lysholm scores in several trials that did not provide sufficient data for pooling as well as for other self-reported knee function scores reported in several trials.Treatment failure was represented by the summed data for implant breakage during surgery and major postoperative complications (implant failure, graft rupture, symptomatic foreign body reactions, effusion and treated arthrofibrosis and related conditions) that were usually described in the trial reports as requiring further substantive treatment. There is very low-quality evidence of greater treatment failure in the bioabsorbable screw group (60/451 versus 29/434; risk ratio (RR) 1.94 favouring metallic screw fixation, 95% CI 1.29 to 2.93; 885 participants, 11 studies). In a population with an assumed risk (based on the median control group risk) of 56 participants per 1000 having treatment failure after metallic screw fixation, this equates to 53 more (95% CI 17 to 108 more) per 1000 participants having treatment failure after bioabsorbable screw fixation. All 16 intraoperative complications in the bioabsorbable screw group were implant breakages upon screw insertion. Treatment failure defined as postoperative complications only still favoured the metallic screw group but the 95% CI also included the potential for a greater risk of treatment failure after metallic screw fixation: 44/451 versus 29/434; RR 1.44, 95% CI 0.93 to 2.23. Based on the assumed risk of 56 participants per 1000 having postoperative treatment failure after metallic screw fixation, this equates to 25 more (95% CI 4 fewer and 69 more) per 1000 participants having this outcome after bioabsorbable screw fixation.There was very low-quality evidence of very similar activity levels in the two groups at 12 and 24 months follow-up measured via the Tegner score (0 to 10; higher scores = greater activity): 12 months (MD 0.08, 95% CI -0.39 to 0.55; 122 participants, two studies); 24 months (MD 0.01, 95% CI -0.54 to 0.57; 72 participants, two studies). AUTHORS' CONCLUSIONS: There is very low-quality evidence of no difference in self-reported knee function and levels of activity between bioabsorbable and metallic interference screws for graft fixation in ACL reconstruction. There is very low-quality evidence that bioabsorbable screws may be associated with more overall treatment failures, including implant breakage during surgery. Further research does not appear to be a priority, but if undertaken, should also examine costs.",2016
113,25999439,2016 Apr,2015 May 21,Am J Sports Med,"['Gabler CM', 'Jacobs CA', 'Howard JS', 'Mattacola CG', 'Johnson DL']",Johnson DL,"Comparison of Graft Failure Rate Between Autografts Placed via an Anatomic Anterior Cruciate Ligament Reconstruction Technique: A Systematic Review, Meta-analysis, and Meta-regression.",44,4,1069-79,['English'],7609541,0363-5465,1552-3365,"['Journal Article', 'Meta-Analysis', 'Systematic Review']",PubMed - indexed for MEDLINE,ppublish+epublish,"['25999439', '10.1177/0363546515584043', '0363546515584043']",10.1177/0363546515584043,"['2015/05/23 06:00', '2015/05/23 06:00', '2016/11/04 06:00']",[],1,0,The American journal of sports medicine,doi: 10.1177/0363546515584043,2016 Apr;44(4):1069-79,"BACKGROUND: Recent data from the Danish anterior cruciate ligament (ACL) registry demonstrated increased reoperation rates for hamstring tendon autografts when an anatomic ACL reconstruction is performed. This is consistent with reports of greater time needed for hamstring tendon autografts to mature compared with other autografts. PURPOSE: To review the literature comparing graft failure rate between patellar and hamstring tendon autografts placed anatomically and to determine if there are differences in return to preinjury activity levels between autografts. STUDY DESIGN: Systematic review with meta-analysis and meta-regression. METHODS: The PubMed, MEDLINE, SPORTDiscus, and CINAHL databases were used to identify studies published from January 1, 2000, through March 7, 2014. To compare postoperative outcomes between patellar tendon and hamstring tendon autografts, summary event rates for graft failure and return to preinjury activity level were calculated. A meta-analysis was performed to calculate a summary odds ratio (OR) for graft failure between autografts using the studies that directly compared the 2 autografts. Meta-regression analyses were performed to assess the influence of postoperative follow-up time on graft failure rate. RESULTS: A total of 28 studies reported graft failures for patellar tendon (6 studies) and hamstring tendon (26 studies) autografts used with anatomic ACL reconstruction; 4 of the 28 were comparison studies. Graft failure rate was not significantly different between patellar tendon (7.0% [95% CI, 4.6%-10.5%]) and hamstring tendon autografts (3.9% [95% CI, 2.7%-5.6%]). The odds of graft failure were slightly higher for hamstring tendon autografts (OR, 1.21 [95% CI, 0.63-2.33]), but this difference was not significant (P = .57). The rate of patients returning to preinjury activity levels was not significantly different between patellar (n = 1 study; 58.1% [95% CI, 40.4%-73.9%]) and hamstring tendon autografts (n = 5 studies; 75.6% [95% CI, 43.7%-92.5%]). Overall graft failure rate was positively associated with postoperative follow-up time, but this effect was only significant with hamstring tendon autografts (P < .05). CONCLUSION: Differences in graft failure rate between patellar tendon and hamstring tendon autografts were not significant. Although follow-up time was only found to have a significant influence on hamstring tendon graft failure rates, this was likely due to the smaller sample of studies assessing patellar tendon graft failures. Differences in return to preinjury activity levels could not be determined due to the lack of studies assessing that outcome. Both patellar and hamstring tendon autografts demonstrate a low risk of failure and moderately high return to activity level after anatomic ACL reconstruction.",2016
114,25547048,2015 Mar,2014 Dec 11,Knee,"['Xie X', 'Liu X', 'Chen Z', 'Yu Y', 'Peng S', 'Li Q']",Li Q,A meta-analysis of bone-patellar tendon-bone autograft versus four-strand hamstring tendon autograft for anterior cruciate ligament reconstruction.,22,2,100-10,['English'],9430798,0968-0160,1873-5800,"['Journal Article', 'Meta-Analysis', 'Review']",PubMed - indexed for MEDLINE,ppublish+epublish,"['25547048', '10.1016/j.knee.2014.11.014', 'S0968-0160(14)00282-8']",10.1016/j.knee.2014.11.014,"['2014/07/14 00:00', '2014/10/14 00:00', '2014/11/24 00:00', '2014/12/31 06:00', '2014/12/31 06:00', '2015/12/19 06:00']",[],1,0,The Knee,doi: 10.1016/j.knee.2014.11.014,2015 Mar;22(2):100-10,"BACKGROUND: There is a lack of comprehensive studies comparing the clinical outcome of anterior cruciate ligament (ACL) reconstruction with either a bone-patellar tendon-bone (BPTB) or four-strand hamstring tendon (4SHT) autografts. The optimal choice of graft for anterior cruciate ligament reconstruction remains controversial. PURPOSE: The objective of this study was to evaluate the effectiveness of BPTB autografts versus 4SHT autografts for the reconstruction of ACL. METHODS: A systematical search of literature was performed in Pubmed, Embase, and the Cochrane library to identify published clinical prospective studies relevant to ACL reconstruction comparing BPTB and 4SHT autografts. The results of the eligible studies were analysed in terms of instrumented laxity measurements, Lachman test, pivot shift test, objective International Knee Documentation Committee (IKDC) scores, return to preinjury activity level, and morbidity of graft failure, anterior knee pain, kneeling pain, extension deficit, and flexion deficit. Study quality was assessed by using the Jadad scale for randomized clinical trial (RCT) and the Newcastle-Ottawa Scale (NOS) for prospective cohort study (PCS). Two reviewers independently assessed each study for quality and extracted data. Subgroup analysis of the primary outcomes was conducted according to the type of study design (RCT or PCS). RESULTS: Twenty-two studies, with 931 patients in the BPTB group and 999 patients in the 4SHT group, met the inclusion criteria. Fourteen studies were randomized controlled trials, and eight were prospective cohort studies. The results of the meta-analysis showed that there were no significant differences between BPTB and 4SHT in terms of instrumented laxity measurements (P=0.06), Lachman test (P=0.58), objective IKDC scores (P=0.31), graft failure (P=0.45), extension deficit (P=0.06) and flexion deficit (P=0.63). However, outcomes in favour of BPTB were found in terms of pivot shift test (P=0.01) and return to preinjury activity level (P=0.03); outcome measures that favours 4SHT included anterior knee pain (P<0.01) and kneeling pain (P<0.01). These findings were still robust during the sensitivity analysis. Results from subgroup analysis of the primary outcomes were consistent with the overall analysis. CONCLUSION: Based on the results above, ACL reconstruction with BPTB autografts might be superior in resuming rotation stability of the knee joint and allow patients to return to higher levels of activity in comparison with 4SHT autografts. Whereas, postoperative complications of the knee joint were lower for 4SHT autografts than for BPTB autografts. There was insufficient evidence to identify which of the two types of grafts was significantly better for ACL reconstruction considering the limitations of this study. More high-quality randomized controlled trials with strictly specified inclusion criteria are highly required before drawing a reliable conclusion.",2015
115,25269758,2014 Dec,2014 Oct 1,Musculoskelet Surg,"['Speziali A', 'Delcogliano M', 'Tei M', 'Placella G', 'Bartoli M', 'Menghi A', 'Cerulli G']",Cerulli G,Fixation techniques for the anterior cruciate ligament reconstruction: early follow-up. A systematic review of level I and II therapeutic studies.,98,3,179-87,['English'],101498346,,2035-5114,"['Journal Article', 'Systematic Review']",PubMed - indexed for MEDLINE,ppublish+epublish,"['25269758', '10.1007/s12306-014-0338-8']",10.1007/s12306-014-0338-8,"['2014/08/26 00:00', '2014/09/11 00:00', '2014/10/02 06:00', '2014/10/02 06:00', '2017/08/11 06:00']",[],1,0,Musculoskeletal surgery,doi: 10.1007/s12306-014-0338-8,2014 Dec;98(3):179-87,"The purpose of our study was that to systematically review the fixation techniques for the ACL reconstruction and associated clinical outcomes at the early follow-up. Systematic search on three electronic databases (Cochrane register, Medline and Embase) of fixation devices used for primary ACL reconstruction with doubled semitendinosus and gracilis and bone-patellar tendon-bone autografts in randomized clinical trials of level I and II of evidence published from January 2001 to December 2011. Therapeutic studies collected were with a minimum 12-month follow-up, and the clinical outcomes were evaluated by at least one of International Knee Documentation Committee, Lysholm and Tegner functional scales and at least one of the following knee stability tests: arthrometric AP tibial translation, Lachman test and pivot-shift test. Nineteen articles met the inclusion criteria. At the femoral side cross-pin, metallic interference screw, bioabsorbable interference screw, and suspensory device were used in 32.3, 27.3, 24.8, 15.5% of patients, respectively. At the tibial side fixation was achieved with metallic interference screw, bioabsorbable interference screw, screw and plastic sheath, screw post and cross-pin in 38.7, 31, 15.7, 12.8, and 1.7% of patients, respectively. Side-to-side anterior-posterior tibial translation was 1.9 +/- 0.9, 1.5 +/- 0.9, 1.5 +/- 0.8, 2.2 +/- 0.4 mm for metallic interference screw, bioabsorbable screw, cross-pin and suspensory device, respectively. At least two-third of all the patients achieved good-to-excellent clinical outcomes. Rate of failure was 6.1, 3.3, 1.7 and 1.2% for bioabsorbable interference screw, metallic interference screw, cross-pin and suspensory device, respectively. Clinical outcomes are good to excellent in almost two-third of the patients but several pitfalls that affect the current fixation techniques as graft tensioning such as graft-tunnel motion are still unaddressed.",2014
116,24037261,2014 Sep,2013 Sep 14,Knee Surg Sports Traumatol Arthrosc,"['Aldrian S', 'Valentin P', 'Wondrasch B', 'Krusche-Mandl I', 'Ostermann RC', 'Platzer P', 'Hofbauer M']",Hofbauer M,Gender differences following computer-navigated single- and double-bundle anterior cruciate ligament reconstruction.,22,9,2145-52,['English'],9314730,0942-2056,1433-7347,['Journal Article'],PubMed - indexed for MEDLINE,ppublish+epublish,"['24037261', '10.1007/s00167-013-2649-y']",10.1007/s00167-013-2649-y,"['2012/10/09 00:00', '2013/08/24 00:00', '2013/09/17 06:00', '2013/09/17 06:00', '2015/04/01 06:00']",[],1,0,"Knee surgery, sports traumatology, arthroscopy : official journal of the ESSKA",doi: 10.1007/s00167-013-2649-y,2014 Sep;22(9):2145-52,"PURPOSE: Female patients not only demonstrate an increased risk for injury, but also a poorer response following anterior cruciate ligament (ACL) rupture. However, no study has investigated gender-related differences between computer-navigated single-bundle (SB) and double-bundle (DB) ACL reconstruction. The aim of this study was to evaluate the effects of gender on the outcome of computer-navigated SB and DB ACL reconstruction and to present reference values. METHODS: A retrospective review of 55 consecutive patients who underwent SB (15 males, 12 females) and DB (18 males, 10 females) ACL reconstruction with autogenous hamstring tendon grafts and showed a minimum follow-up of 24 months was conducted. Intraoperatively, the anteroposterior and rotational laxity were measured and the follow-up examination included pivot-shift testing, KT-1000 arthrometer testing, International Knee Documentation Committee (IKDC) form, the Lysholm score and Tegner score. RESULTS: Pre-operatively, female patients showed a significant higher internal rotation in (p < 0.001) both the SB and DB group. Regarding the post-operative reduction in internal rotation, females in the SB group revealed a greater reduction compared to males (p < 0.001), whereas females in the DB group revealed a significantly greater post-operative reduction in anterior-posterior translation (p = 0.04). Female patients following DB ACL reconstruction presented a significant worse IKDC score, Lysholm score and Tegner score compared to male patients. All score values of the female DB group were worse than in the female SB group. In contrast, male patients showed better results of all examined clinical scores following DB procedure compared to SB technique. CONCLUSION: Female patients who underwent computer-navigated DB ACL reconstruction exhibited significantly worse outcome scores than males who underwent DB ACL reconstruction. The gender-based relationship between joint function and outcome after ACL reconstruction remains unclear and requires further investigation. LEVEL OF EVIDENCE: Retrospective case-control series, Level III.",2014
117,23928319,2014 Feb,2013 Aug 8,Am J Sports Med,"['Mariscalco MW', 'Magnussen RA', 'Mehta D', 'Hewett TE', 'Flanigan DC', 'Kaeding CC']",Kaeding CC,Autograft versus nonirradiated allograft tissue for anterior cruciate ligament reconstruction: a systematic review.,42,2,492-9,['English'],7609541,0363-5465,1552-3365,"['Journal Article', 'Systematic Review']",PubMed - indexed for MEDLINE,ppublish+epublish,"['23928319', 'NIHMS623538', 'PMC4163684', 'pmc-id: PMC4163684;manuscript-id: NIHMS623538;', '10.1177/0363546513497566', '0363546513497566']",10.1177/0363546513497566,"['2013/08/10 06:00', '2013/08/10 06:00', '2014/10/17 06:00', '2014/09/15 00:00']",[],1,42,The American journal of sports medicine,doi: 10.1177/0363546513497566,2014 Feb;42(2):492-9,"BACKGROUND: An autograft has traditionally been the gold standard for anterior cruciate ligament reconstruction (ACLR), but the use of allograft tissue has increased in recent years. While numerous studies have demonstrated that irradiated allografts are associated with increased failure rates, some report excellent results after ACLR with nonirradiated allografts. The purpose of this systematic review was to determine whether the use of nonirradiated allograft tissue is associated with poorer outcomes when compared with autografts. HYPOTHESIS: Patients undergoing ACLR with autografts versus nonirradiated allografts will demonstrate no significant differences in graft failure risk, laxity on postoperative physical examination, or differences in patient-oriented outcome scores. STUDY DESIGN: Systematic review. METHODS: A systematic review was performed to identify prospective or retrospective comparative studies (evidence level 1, 2, or 3) of autografts versus nonirradiated allografts for ACLR. Outcome data included graft failure based on clinical findings and instrumented laxity, postoperative laxity on physical examination, and patient-reported outcome scores. Studies were excluded if they did not specify whether the allograft had been irradiated. Quality assessment and data extraction were performed by 2 examiners. RESULTS: Nine studies comparing autografts and nonirradiated allografts were included. Six of the 9 studies compared bone-patellar tendon-bone (BPTB) autografts with BPTB allografts. Two studies compared hamstring tendon autografts to hamstring tendon allografts, and 1 study compared hamstring tendon autografts to tibialis anterior allografts. The mean patient age in 7 of 9 studies ranged from 24.5 to 32 years, with 1 study including only patients older than 40 years and another not reporting patient age. The mean follow-up duration was 24 to 94 months. Six of 9 studies reported clinical graft failure rates, 8 of 9 reported postoperative instrumented laxity measurements, 7 of 9 reported postoperative physical examination findings, and all studies reported patient-reported outcome scores. This review demonstrated no statistically significant difference between autografts and nonirradiated allografts in any outcome measure. CONCLUSION: No significant differences were found in graft failure rate, postoperative laxity, or patient-reported outcome scores when comparing ACLR with autografts to nonirradiated allografts in this systematic review. These findings apply to patients in their late 20s and early 30s. Caution is advised when considering extrapolation of these findings to younger, more active cohorts.",2014
118,23824520,2013 Aug,2013 Jul 4,Int Orthop,"['Saragaglia D', 'Pison A', 'Refaie R']",Refaie R,Lateral tenodesis combined with anterior cruciate ligament reconstruction using a unique semitendinosus and gracilis transplant.,37,8,1575-81,['English'],7705431,0341-2695,1432-5195,['Journal Article'],PubMed - indexed for MEDLINE,ppublish+epublish,"['23824520', 'PMC3728418', 'pmc-id: PMC3728418;', '10.1007/s00264-013-1957-7']",10.1007/s00264-013-1957-7,"['2013/02/10 00:00', '2013/05/22 00:00', '2013/07/05 06:00', '2013/07/05 06:00', '2014/05/13 06:00', '2014/08/01 00:00']",[],1,37,International orthopaedics,doi: 10.1007/s00264-013-1957-7,2013 Aug;37(8):1575-81,"PURPOSE: The aim of this study was to assess the anatomical results, functional results and the incidence of arthritis of a mixed intra- and extra-articular hamstring tendon based reconstruction for anterior instability of the knee. METHODS: This retrospective study consists of 100 knees in 99 patients (22 female and 77 male) operated upon between November 2003 and March 2006. The average age was 29.7 +/- 10.4 years and the average interval between injury and surgery was 26.6 +/- 41.8 months (2-240). In our technique, the semitendinosus and gracilis tendons were left attached to the tibia and by means of a lateral transcondylar tunnel posterior and inferior to the proximal attachment of the lateral collateral ligament were passed around the knee before being sutured to the fascia lata at the level of Gerdy's tubercle. RESULTS: Sixty-eight knees were re-examined at an average follow-up of 76 +/- 12 months. The average differential anterior drawer test at the last review was 2.5 +/- 3.4 mm (p < 0.0001). Of the patients 75 % had a negative pivot shift test, 21 % a gliding test and 4 % a clear positive test (p < 0.0001); 84 % of patients had an International Knee Documentation Committee (IKDC) score rated A or B. The average IKDC subjective score was 90 +/- 9 (60-100). CONCLUSIONS: Mixed intra- and extra-articular reconstructions using hamstring grafts allow the knee to be stabilised in the sagittal plane and the rotatory instability to be controlled in the majority of cases. Only very minor progression of arthritic changes at an average 76 +/- 12 months was seen.",2013
119,23595537,2014 May,2013 Apr 18,Knee Surg Sports Traumatol Arthrosc,"['Leiter JR', 'Gourlay R', 'McRae S', 'de Korompay N', 'MacDonald PB']",MacDonald PB,Long-term follow-up of ACL reconstruction with hamstring autograft.,22,5,1061-9,['English'],9314730,0942-2056,1433-7347,"['Journal Article', 'Review']",PubMed - indexed for MEDLINE,ppublish+epublish,"['23595537', '10.1007/s00167-013-2466-3']",10.1007/s00167-013-2466-3,"['2012/08/30 00:00', '2013/02/25 00:00', '2013/04/19 06:00', '2013/04/19 06:00', '2014/12/15 06:00']",[],1,0,"Knee surgery, sports traumatology, arthroscopy : official journal of the ESSKA",doi: 10.1007/s00167-013-2466-3,2014 May;22(5):1061-9,"PURPOSE: To investigate the differences in the incidence and severity of knee osteoarthritis (OA), joint space narrowing, knee laxity, and knee flexion and extension strength between an anterior cruciate ligament (ACL)-reconstructed knee and the contralateral non-reconstructed limb. METHODS: Retrospective case series of patients from a single surgeon that had an ACL reconstruction with a semitendinosus/gracilis autograft more than 12 years ago. Outcome measures included radiographic analysis, International Knee Documentation Committee Subjective Knee Evaluation Form (IKDC), KT-1000, Tegner Activity Level Scale, Lysholm Knee Score, ACL quality of life score (ACL-QOL) and knee flexor/extensor strength. RESULTS: Seventy-four patients consented and sixty-eight (43 male, 25 female) were included for analysis. Average age (SD) at the time of surgery was 31.2 (+/-9.1) years. At follow-up of 14.6 (1.9) years, 9% had re-ruptured their ACL, whereas 5% ruptured the contralateral ACL. Reconstructed knees had a greater incidence and severity of OA (P < 0.01). Medial meniscus surgery was a strong predictor of OA. Seventy-five per cent scored a normal or nearly normal knee on the IKDC. The mean Lysholm score was 75.8% and Tegner Activity Level Scale scores decreased (P < 0.001) from the time of surgery. Knee extension strength was greater in the contralateral knee at speeds of 60 degrees /s (P = 0.014) and 150 degrees /s (P = 0.012). CONCLUSIONS: Reconstructed knees have a greater incidence and severity of OA than non-reconstructed knees, which suggests degenerative changes are secondary to ACL rupture. Medial meniscus surgery is a strong predictor of OA. Despite this, 75% of patients reported good outcomes.",2014
120,23371473,2013 Mar,2013 Jan 31,Am J Sports Med,"['Goddard M', 'Bowman N', 'Salmon LJ', 'Waller A', 'Roe JP', 'Pinczewski LA']",Pinczewski LA,Endoscopic anterior cruciate ligament reconstruction in children using living donor hamstring tendon allografts.,41,3,567-74,['English'],7609541,0363-5465,1552-3365,['Journal Article'],PubMed - indexed for MEDLINE,ppublish+epublish,"['23371473', '10.1177/0363546512473576', '0363546512473576']",10.1177/0363546512473576,"['2013/02/02 06:00', '2013/02/02 06:00', '2013/08/24 06:00']",[],1,0,The American journal of sports medicine,doi: 10.1177/0363546512473576,2013 Mar;41(3):567-74,"BACKGROUND: The incidence of anterior cruciate ligament (ACL) injuries in children is increasing, but ACL reconstruction with traditional autograft sources is associated with high rates of further ACL injury when compared with adult populations. The outcome of ACL reconstruction using an alternative graft source, the living donor hamstring tendon (HT) allograft, has not been reported. PURPOSE: To determine the outcome of endoscopic transphyseal single-tunnel ACL reconstruction using living donor HT allografts. STUDY DESIGN: Case series; Level of evidence, 4. METHODS: Between 2007 and 2008, 32 children underwent endoscopic transphyseal single-tunnel ACL reconstruction using living donor HT allografts. The HT allograft was harvested from a parent. At a minimum 2 years' follow-up, full International Knee Documentation Committee (IKDC) knee ligament examination was performed on the children including instrumented testing using the KT-1000 arthrometer. Donors underwent subjective review at a minimum 2 years' follow-up. RESULTS: Thirty-one children (97%) were able to be contacted for review. Of these, 2 (6%) sustained an ACL graft rupture within 2 years after surgery. Twenty-nine children completed clinical and subjective review. The mean age at ACL reconstruction was 13 years (range, 8-16 years). The mean HT graft size was 7.2 mm (range, 6-8 mm). The mean IKDC subjective score was 97 (range, 84-100). Twenty-eight patients (97%) had a normal or nearly normal IKDC ligament grade. At 2 years after surgery, 27 patients (93%) reported regularly participating in very strenuous or strenuous activities. There were no cases of limb malalignment. Twenty eight (97%) of the donors reported that they would undergo the same procedure again under the same circumstances. CONCLUSION: Excellent clinical and subjective outcomes were achieved with high levels of return to desired activities. This technique allows a more predictable size of the HTs compared with an autograft from the child and maintains an intact neuromuscular hamstring structure in the child. Finally, the child's own HTs are reserved for future use. Anterior cruciate ligament reconstruction using living donor allografts should be considered a viable choice in children.",2013
121,22340342,2011 Dec,,Chin Med J (Engl),"['Shi DL', 'Yao ZJ']",Yao ZJ,Knee function after anterior cruciate ligament reconstruction with patellar or hamstring tendon: a meta-analysis.,124,23,4056-62,['English'],7513795,0366-6999,2542-5641,"['Journal Article', 'Meta-Analysis', ""Research Support, Non-U.S. Gov't""]",PubMed - indexed for MEDLINE,ppublish,['22340342'],,"['2012/02/21 06:00', '2012/02/22 06:00', '2012/06/14 06:00']",[],1,0,Chinese medical journal,,2011 Dec;124(23):4056-62,"BACKGROUND: There is currently no consensus regarding the best graft type for anterior cruciate ligament reconstruction. Therefore, the aim of this study was to investigate the effects of patellar and hamstring tendon grafts on long-term knee function after anterior cruciate ligament reconstruction. METHODS: This meta-analysis was conducted according to the methodological guidelines outlined by the Cochrane Collaboration. An electronic search of the literature was performed and all trials published between January 1966 and August 2011 comparing knee function after anterior cruciate ligament reconstruction using patellar tendon grafts with knee function after reconstruction with hamstring tendon grafts were pooled. Six studies were included in the final meta-analysis. RESULTS: Anterior cruciate ligament reconstruction using hamstring tendon grafts resulted in greater pain upon kneeling than reconstruction using patellar tendon grafts (P = 0.001). However, both grafts resulted in similar levels of anterior tibial translation, and similar results regarding isokinetic extension/flexion tests, Lysholm scores, and the stair-hop test (P > 0.05). CONCLUSION: Anterior cruciate ligament reconstruction using patellar or hamstring tendon grafts results in similar long-term knee function.",2011
122,21901700,2011 Sep 7,2011 Sep 7,Cochrane Database Syst Rev,"['Mohtadi NG', 'Chan DS', 'Dainty KN', 'Whelan DB']",Whelan DB,Patellar tendon versus hamstring tendon autograft for anterior cruciate ligament rupture in adults.,2011,9,CD005960,['English'],100909747,1361-6137,1469-493X,"['Comparative Study', 'Journal Article', 'Meta-Analysis', 'Systematic Review']",PubMed - indexed for MEDLINE,epublish,"['21901700', 'PMC6465162', 'pmc-id: PMC6465162;', '10.1002/14651858.CD005960.pub2']",10.1002/14651858.CD005960.pub2,"['2011/09/09 06:00', '2011/09/09 06:00', '2011/10/28 06:00', '2012/09/07 00:00']",['doi: 10.1002/14651858.CD005960'],1,79,The Cochrane database of systematic reviews,doi: 10.1002/14651858.CD005960.pub2,2011 Sep 7;2011(9):CD005960,"BACKGROUND: Reconstruction of the anterior cruciate ligament (ACL) commonly involves patellar tendon (PT) or hamstring tendon(s) (HT) autografts. There is no consensus with respect to the choice between these two grafts in ACL surgery. OBJECTIVES: This review compared the outcomes of ACL reconstruction using PT versus HT autografts in ACL deficient patients. SEARCH STRATEGY: We searched the Cochrane Bone, Joint and Muscle Trauma Group Specialised Register (April 2008), the Cochrane Central Register of Controlled Trials (2008, Issue 2), MEDLINE (1966 to April 10 2008), EMBASE (1980 to April 10 2008), conference proceedings and reference lists. No language restrictions were applied. SELECTION CRITERIA: Randomized and quasi-randomized controlled trials comparing outcomes (minimum two year follow-up) following ACL reconstruction using either PT or HT autografts in skeletally mature adults, irrespective of the number of bundles, fixation method or incision technique. DATA COLLECTION AND ANALYSIS: After independent study selection, the four authors independently assessed trial quality and risk of bias, and extracted data using pre-developed forms. Trial authors were contacted for additional data and information. Risk ratios with 95% confidence intervals were calculated for dichotomous outcomes, and mean differences and 95% confidence intervals for continuous outcomes. MAIN RESULTS: Nineteen trials providing outcome data for 1597 young to middle-aged adults were included. Many trials were at high risk of bias reflecting inadequate methods of randomization, lack of blinding and incomplete assessment of outcome.Pooled data for primary outcomes, reported in a minority of trials, showed no statistically significant differences between the two graft choices for functional assessment (single leg hop test), return to activity, Tegner and Lysholm scores, and subjective measures of outcome. There were also no differences found between the two interventions for re-rupture or International Knee Documentation Committee scores. There were inadequate long-term results, such as to assess the development of osteoarthritis.All tests (instrumental, Lachman, pivot shift) for static stability consistently showed that PT reconstruction resulted in a more statically stable knee compared with HT reconstruction. Conversely, patients experienced more anterior knee problems, especially with kneeling, after PT reconstruction. PT reconstructions resulted in a statistically significant loss of extension range of motion and a trend towards loss of knee extension strength. HT reconstructions demonstrated a trend towards loss of flexion range of motion and a statistically significant loss of knee flexion strength. The clinical importance of the above range of motion losses is unclear. AUTHORS' CONCLUSIONS: There is insufficient evidence to draw conclusions on differences between the two grafts for long-term functional outcome. While PT reconstructions are more likely to result in statically stable knees, they are also associated with more anterior knee problems.",2011
123,20734024,2010 Sep,,Orthopade,"['Teske W', 'Anastisiadis A', 'Lichtinger T', 'von Schulze Pellengahr C', 'von Engelhardt LV', 'Theodoridis T']",Theodoridis T,[Rupture of the anterior cruciate ligament. Diagnostics and therapy].,39,9,883-898; quiz 899,['German'],0331266,0085-4530,1433-0431,"['Journal Article', 'Review']",PubMed - indexed for MEDLINE,ppublish,"['20734024', '10.1007/s00132-010-1670-9']",10.1007/s00132-010-1670-9,"['2010/08/25 06:00', '2010/08/25 06:00', '2011/02/22 06:00']",[],1,0,Der Orthopade,doi: 10.1007/s00132-010-1670-9,2010 Sep;39(9):883-898; quiz 899,"Rupture of the anterior cruciate ligament (ACL) is the most common ligamentous knee injury. The knee is stabilized by the cruciate ligaments and the collateral ligaments. The ACL originates from the inner surface of the lateral condyle of the femur, runs in an anterior medial direction and inserts at the tibial plateau in the intercondyle area. The most common injury is an indirect knee trauma, typically a joint torsion in sports. Patients often describe a snapping noise followed by hemarthrosis. Concomitant injuries are lesions of the medial collateral ligament, the medial meniscus (unhappy triad) and chondral fractures. The age peak is between 15 and 30 years with a higher incidence in females. The cardinal symptom of the ACL rupture is the giving way phenomenon. The clinical diagnosis is provided by a positive Lachman test, a positive pivot shift test and the anterior drawer test. Fractures can be excluded by X-ray examination. Magnetic resonance imaging (MRI) allows the evaluation of the internal knee structures. ACL repair is carried out by arthroscopically assisted bone-tendon-bone or semitendinosus grafting techniques. Early rehabilitation is important for a good functional outcome.",2010
124,19956928,2010 Aug,2009 Dec 3,Knee Surg Sports Traumatol Arthrosc,"['Drogset JO', 'Strand T', 'Uppheim G', 'Odegård B', 'Bøe A', 'Grøntvedt T']",Grøntvedt T,Autologous patellar tendon and quadrupled hamstring grafts in anterior cruciate ligament reconstruction: a prospective randomized multicenter review of different fixation methods.,18,8,1085-93,['English'],9314730,0942-2056,1433-7347,"['Journal Article', 'Multicenter Study', 'Randomized Controlled Trial']",PubMed - indexed for MEDLINE,ppublish+epublish,"['19956928', '10.1007/s00167-009-0996-5']",10.1007/s00167-009-0996-5,"['2009/02/17 00:00', '2009/11/09 00:00', '2009/12/04 06:00', '2009/12/04 06:00', '2010/11/17 06:00']",[],1,0,"Knee surgery, sports traumatology, arthroscopy : official journal of the ESSKA",doi: 10.1007/s00167-009-0996-5,2010 Aug;18(8):1085-93,"ACL reconstruction with bone patellar tendon bone (BPTB) grafts has been shown to produce dependable results. Recently, reconstructions with double-looped semitendinosus gracilis (DLSG) grafts have become common. The prevailing opinion is that ACL reconstruction with patellar tendon graft produces a more stable knee with more anterior knee pain than DLSG grafts, while the functional results and knee scores are similar. The present study evaluates BPTB grafts fixed with metallic interference screws and DLSG grafts fixed with Bone Mulch Screw on the femur and WasherLoc fixation on the tibia. All else being the same, there is no difference in the outcome between the two grafts and fixation methods. This is a prospective randomized multicenter study. A total of 115 patients with isolated ACL ruptures were randomized to either reconstruction with BPTB grafts fixed with metal interference screws (58 patients) or DLSG grafts (57 patients) fixed with Bone Mulch Screws and WasherLoc Screws. Follow-up was at one and two years; the latter by an independent observer. At two years, one ACL revision had been performed in each group. Eight patients in the DLSG group and one in the BPTB group underwent meniscus surgery in the follow-up period (P = 0.014). Mean Lysholm score at the two year follow-up was 91 (SD +/- 10.3) in the DLSG group and also 91 (SD +/- 10.2) in the BPTB group. Mean KT-1000 at two years was 1.5 mm in the BPTB group and 1.8 mm in the DLSG group (n.s.). At two years, four patients in the BPTB group and three in the DLSG group had a Lachman test grade 2 or 3 (n.s.). More patients in the BPTB group had pain at the lower pole of the patella (P = 0.04). Peak flexion torque and total flexion work were lower in the DLSG group at one year (P = 0.003 and P = 0.000) and total flexion work also at two years (P = 0.05). BPTB ACL reconstruction fixed with interference screws and DLSG fixed with Bone Mulch Screws on the femur and WasherLoc Screws on the tibia produce satisfactory and nearly identical outcomes. Among our patients in the DLSG group, flexion strength was lower, and more patients underwent meniscus surgery in the follow-up period. The BPTB group has more anterior knee pain.",2010
125,19046696,2008 Dec,2008 Nov 13,Rev Chir Orthop Reparatrice Appar Mot,"['Condouret J', 'Cohn J', 'Ferret JM', 'Lemonsu A', 'Vasconcelos W', 'Dejour D', 'Potel JF', ""Société française d'arthroscopie""]",Potel JF,[Isokinetic assessment with two years follow-up of anterior cruciate ligament reconstruction with patellar tendon or hamstring tendons].,94,8 Suppl,375-82,['French'],1272427,0035-1040,1776-2553,"['Journal Article', 'Multicenter Study']",PubMed - indexed for MEDLINE,ppublish+epublish,"['19046696', '10.1016/j.rco.2008.09.006', 'S0035-1040(08)00642-9']",10.1016/j.rco.2008.09.006,"['2009/09/12 06:00', '2009/11/17 06:00', '2009/09/12 06:00']",[],1,0,Revue de chirurgie orthopedique et reparatrice de l'appareil moteur,doi: 10.1016/j.rco.2008.09.006,2008 Dec;94(8 Suppl):375-82,"This retrospective multicentric study was designed to assess the outcome of quadriceps and hamstrings muscles two years after Anterior Cruciate Ligament (ACL) reconstruction and compare muscles recovery depending on the type of graft and individual variables like age, gender, level of sport, but also in terms of discomfort, pain and functional score. The results focused on the subjective and objective IKDC scores, SF36, the existence or not of subjective disorders and their location. The review included isokinetic muscle tests concentric and eccentric extensors/flexors but also internal rotators/external rotators with analysis of mean work and mean power. One hundred and twenty-seven patients were included with an average age 29 years (+/-10). They all had an ACL reconstruction with patellar tendon or hamstring tendon with single or double bundles. In the serie, the average muscles deficit at two years was 10% for the flexors and extensors but with a significant dispersion. Significant differences were not noted in the mean values of all parameters in term of sex or age (over 30 years or not), neither the type of sport, nor of clinical assessment (Class A and B of objective IKDC score), nor the existence of anterior knee pain. There was a relationship between the level of extensor or flexor recovery and the quality of functional results with minimal muscle deficits close to 5% if the IKDC score was over 90 and deficits falling to 15% in the group with IKDC score less than 90. The type of reconstruction (patellar tendon versus hamstrings) had an influence on the muscle deficit. For extensors, the recovery was the same in the two groups, more than 90% at two years and the distribution of these two populations by level of deficit was quite the same. For flexors, residual deficits were significantly higher in the hamstrings group on the three studied parameters whatever the speed and the type of contraction (concentric or eccentric) with an average deficit of 14 to 18%, while, in the patellar tendon group, there was a dominance over the opposite side of 2 to 3% in concentric contraction. The hamstrings deficit appears to be ""harvest dependent"". For internal rotators, a significantly higher deficit is observed in eccentric contraction for the hamstrings group. The residual hamstrings deficits were related to the number of tendons harvested: -7% when there was no harvest, 7% with one tendon harvested and 17% with two tendons harvested. The relationship between the level of recovery of the quadriceps muscle and hamstrings at two years and the quality of functional results incite, regarding the significantly higher deficit of flexors in ACL reconstructions with hamstrings, to change the rehabilitation programs and especially on early rehabilitation of hamstrings in eccentric mode in the early weeks postoperative considering the harvest site as an equivalent of muscle tear.",2008
126,19709991,2009 Dec,2009 Aug 25,Am J Sports Med,"['Biau DJ', 'Katsahian S', 'Kartus J', 'Harilainen A', 'Feller JA', 'Sajovic M', 'Ejerhed L', 'Zaffagnini S', 'Röpke M', 'Nizard R']",Nizard R,Patellar tendon versus hamstring tendon autografts for reconstructing the anterior cruciate ligament: a meta-analysis based on individual patient data.,37,12,2470-8,['English'],7609541,0363-5465,1552-3365,"['Journal Article', 'Meta-Analysis']",PubMed - indexed for MEDLINE,ppublish+epublish,"['19709991', '10.1177/0363546509333006', '0363546509333006']",10.1177/0363546509333006,"['2009/08/28 09:00', '2009/08/28 09:00', '2010/03/24 06:00']",[],1,0,The American journal of sports medicine,doi: 10.1177/0363546509333006,2009 Dec;37(12):2470-8,"BACKGROUND: The best means of ensuring knee stability after anterior cruciate ligament (ACL) reconstruction remains a core debate in sports medicine. HYPOTHESIS: There is no difference between ACL reconstruction with patellar tendon or hamstring tendon autografts with regard to postoperative knee laxity and instability. STUDY DESIGN: Meta-analysis of individual patient data. METHODS: Pooled analysis of individual patient data from 6 published randomized clinical trials included 423 patients with symptomatic unilateral anterior cruciate ligament injury randomly assigned to reconstruction with patellar tendon or hamstring tendon autograft. Knee instability, defined as a positive pivot-shift test result, was the primary outcome, and knee laxity, defined as a positive Lachman test result, was the secondary outcome. Odds ratios were computed before and after adjustment for potential confounders and trial effect. Regression analyses were performed to look for effects of covariates on outcomes, and mixed-effects models were used to account for a trial effect. Sensitivity analyses were conducted to explore the effects of missing data and excluding each trial. RESULTS: Anterior cruciate ligament reconstruction with patellar tendon autograft was significantly associated with a decreased risk of a positive pivot-shift test result (adjusted odds ratio, 0.46; 95% confidence interval, 0.24-0.86; P = .016). The risk of having a positive Lachman test result was not significantly different between the 2 groups. The estimated treatment effect was not substantially changed by differences in handling missing data or exclusion of any of the trials. A positive pivot-shift test result was more common in female (P = .003) and younger patients (P = .017). CONCLUSION: Postoperative knee instability was less common after ACL reconstruction with patellar tendon autograft than with hamstring tendon autograft.",2009
127,18757764,2008 Oct,2008 Aug 29,Am J Sports Med,"['Lewis PB', 'Parameswaran AD', 'Rue JP', 'Bach BR Jr']",Bach BR Jr,Systematic review of single-bundle anterior cruciate ligament reconstruction outcomes: a baseline assessment for consideration of double-bundle techniques.,36,10,2028-36,['English'],7609541,0363-5465,1552-3365,"['Journal Article', 'Systematic Review']",PubMed - indexed for MEDLINE,ppublish+epublish,"['18757764', '10.1177/0363546508322892', '0363546508322892']",10.1177/0363546508322892,"['2008/09/02 09:00', '2009/01/22 09:00', '2008/09/02 09:00']",[],1,0,The American journal of sports medicine,doi: 10.1177/0363546508322892,2008 Oct;36(10):2028-36,"BACKGROUND: There is increasing interest in comparing the efficacy of single-bundle versus double-bundle anterior cruciate ligament reconstruction. Challenging this comparison, however, has been the lack of an established consensus on the success of single-bundle reconstruction. HYPOTHESIS: The current outcomes of single-bundle reconstruction can be clarified from a large unbiased body of evidence for future comparisons with double-bundle reconstructions. STUDY DESIGN: Systematic review. METHODS: A systematic review of 11 randomized, controlled trials comparing patellar tendon and hamstring tendon grafting is reported. The respective outcomes of each group were combined to assist the orthopaedic surgeon in assessing the current success of single-bundle reconstruction. The primary factors assessed were tibial subluxation and side-to-side differences in laxity. Secondary outcomes included concomitant injuries and treatments, complications, graft failure, range of motion, and radiographic evidence of degenerative changes. RESULTS: In this review of 1024 single-bundle anterior cruciate ligament reconstructions, 495 concomitant meniscal tears, 95 chondral injuries, and 2 posterior cruciate ligament tears were noted. The complication rate was 6%, and graft failure 4%. Reported pivot-shift test results were negative in 81% of cases; reported Lachman tests were negative in 59% cases; and KT-1000 arthrometer side-to-side differences were <or= 5 mm in 86% of cases. Flexion and extension deficits were reported in 9 of 11 studies through mean range of motion or deficit ranges. Radiographic changes of articular surface abnormalities were observed in 7% of the knees at follow-up investigation. CONCLUSION: Systematic review of a significant body of unbiased outcome data on single-bundle anterior cruciate ligament reconstruction demonstrates it to be a safe, consistent surgical procedure affording reliable results. CLINICAL RELEVANCE: These results may be used to assist orthopaedic surgeons in evaluating the benefit and practicality of pursuing new anterior cruciate ligament reconstruction techniques over standard single-bundle anterior cruciate ligament reconstruction.",2008
128,17645372,2007,,Sports Med,"['Muaidi QI', 'Nicholson LL', 'Refshauge KM', 'Herbert RD', 'Maher CG']",Maher CG,Prognosis of conservatively managed anterior cruciate ligament injury: a systematic review.,37,8,703-16,['English'],8412297,0112-1642,,"['Journal Article', ""Research Support, Non-U.S. Gov't"", 'Systematic Review']",PubMed - indexed for MEDLINE,ppublish,"['17645372', '10.2165/00007256-200737080-00004', '3784']",10.2165/00007256-200737080-00004,"['2007/07/25 09:00', '2007/11/07 09:00', '2007/07/25 09:00']",[],1,0,"Sports medicine (Auckland, N.Z.)",,2007;37(8):703-16,"Anterior cruciate ligament (ACL) rupture is a common sporting injury, often managed surgically with patella-tendon or hamstrings-gracilis autograft. Some people who sustain the injury, request information about their prognosis if they choose to forgo surgery and opt for conservative management. Numerous studies provide data on the prognosis of conservatively managed ACL injuries. These studies have not been systematically reviewed. Thus, the aims of this systematic review are to describe the natural history and clinical course of function and proprioception in the conservatively managed ACL-deficient knee, and to identify prognostic factors. We searched MEDLINE, CINAHL, EMBASE, SportDiscus, PEDro and the Cochrane Central Register of Clinical Trials without language restrictions from the earliest record available up to July 2006. We also searched the Science Citation Index, and iteratively searched bibliographies for prospective studies of outcomes (>6 months follow-up) of conservatively managed complete ACL tears. Six criteria were used to assess the methodological quality of included studies. The main outcome measures were self-reported measures of knee function, activity level, performance in functional tasks and knee proprioception. Fifteen studies of variable methodological quality were included in the review. On average, patients with mixed or isolated ACL-deficient knees reported good knee function (87/100 Lysholm knee scale) at follow-up duration of 12-66 months. On average, functional performance assessed with the hop-for-distance test, was in the normal range. From pre-injury to follow-up there was a reduction in Tegner activity level of 21.3%. According to the methods used in the assessed studies, conservatively managed ACL-deficient knees have a good short- to mid-term prognosis in terms of self-reported knee function and functional performance. However, subjects reduced their activity levels on average by 21% following injury.",2007
129,17611848,2007 Jun,,Acta Orthop,"['Poolman RW', 'Farrokhyar F', 'Bhandari M']",Bhandari M,Hamstring tendon autograft better than bone patellar-tendon bone autograft in ACL reconstruction: a cumulative meta-analysis and clinically relevant sensitivity analysis applied to a previously published analysis.,78,3,350-4,['English'],101231512,1745-3674,,"['Comparative Study', 'Journal Article']",PubMed - indexed for MEDLINE,ppublish,"['17611848', '10.1080/17453670710013915', '780347015']",10.1080/17453670710013915,"['2007/07/06 09:00', '2007/09/20 09:00', '2007/07/06 09:00']",['Acta Orthop. 2007 Oct;78(5):705-7; author reply 707-8. doi: 10.1080/17453670710014455. PMID: 17966035'],1,0,Acta orthopaedica,,2007 Jun;78(3):350-4,"BACKGROUND: Current debate on treatment options for anterior cruciate ligament (ACL) reconstruction complicate the choice between hamstring and bone-patellar tendon-bone autografts. We hypothesized a priori that cumulative meta-analysis (a form of sensitivity analysis) might show that the evidence for reduction of morbidity by hamstring grafts could have been reached at an earlier time. Furthermore, we hypothesized a priori that modern state-of-the-art hamstring graft fixation technique would give similar results regarding stability as bone-patellar tendon-bone autografts. METHODS: We performed a cumulative meta-analysis and sensitivity analysis based on femoral graft fixation techniques to compare hamstring autograft and bone-patellar tendon-bone autografts in ACL reconstruction derived from a previously published meta-analysis. RESULTS: Cumulatively, that hamstring autograft reduces anterior knee pain had already reached statistical significance in 2001 (relative risk 0.49 (95%CI: 0.32-0.76; p = 0.001, I2 = 0%)). The modern endobutton hamstring graft fixation technique (2 studies) yielded similar stability in the Lachman test as bone-patellar tendon-bone grafts, with a relative risk of 1.1 (95%CI: 0.82-1.5; p = 0.6, I2 = 0%). Exclusion of the endobutton group explains the increased laxity in the hamstring graft group. INTERPRETATION: Cumulative meta-analysis strengthens the evidence for reduced morbidity using hamstring tendon autograft for anterior cruciate ligament reconstruction. Sensitivity analysis focusing on state-of-the-art hamstring graft fixation techniques further weakens the evidence that bone-patellar tendon-bone autografts provide better stability.",2007
130,17027407,2006 Oct,,Arthroscopy,"['Kobayashi M', 'Nakagawa Y', 'Suzuki T', 'Okudaira S', 'Nakamura T']",Nakamura T,A retrospective review of bone tunnel enlargement after anterior cruciate ligament reconstruction with hamstring tendons fixed with a metal round cannulated interference screw in the femur.,22,10,1093-9,['English'],8506498,0749-8063,1526-3231,"['Evaluation Study', 'Journal Article']",PubMed - indexed for MEDLINE,ppublish,"['17027407', '10.1016/j.arthro.2006.05.017', 'S0749-8063(06)00744-4']",10.1016/j.arthro.2006.05.017,"['2005/08/30 00:00', '2006/05/08 00:00', '2006/05/08 00:00', '2006/10/10 09:00', '2006/11/10 09:00', '2006/10/10 09:00']",[],1,0,Arthroscopy : the journal of arthroscopic & related surgery : official publication of the Arthroscopy Association of North America and the International Arthroscopy Association,,2006 Oct;22(10):1093-9,"PURPOSE: To assess bone tunnel enlargement after anterior cruciate ligament (ACL) reconstruction with the use of hamstring tendons fixed with a round cannulated interference (RCI) screw in the femur. METHODS: A consecutive series of 30 ACL reconstructions performed with hamstring tendons fixed with an RCI screw in the femur and with staples via Leeds-Keio ligament in the tibia was retrospectively reviewed. The clinical outcome was evaluated through the Lysholm score. Anterior instability was tested by Telos-SE (Telos Japan, Tokyo, Japan) measurement. The location and angle of each femoral and tibial tunnel were measured with the use of plain radiographs, and bone tunnel enlargement greater than 2 mm detected any time 3, 6, 12, and 24 months postoperatively was defined as positive. Each factor (location and angle of the tunnels, sex, affected side, age, Lysholm score, and Telos-SE measurement) was compared between enlarged and nonenlarged groups. RESULTS: Positive enlargement of the bone tunnel (>2.0 mm) was observed in 36.7% (11 of 30) on the femoral side and 33.3% (10 of 30) on the tibial side, and in 6 knees of both sides. Half of patients (15 of 30) had an enlarged tunnel on the femoral or the tibial side until 1 year postoperatively. In most cases, enlargement reached maximum at 6 months postoperatively. Female patients tended to have an enlarged tunnel, especially on the femoral side (P < .05). Tunnel enlargement was not correlated with location and angle of the tunnels. Moreover, no difference was found in Lysholm score and Telos-SE measurement between enlarged and nonenlarged groups, although the nonenlarged group tended to exhibit higher Lysholm score and lesser instability. CONCLUSIONS: Bone tunnel enlargement of the femoral or tibial side was observed in half of patients (6 in both sides, 5 only in the femur, and 4 only in the tibia) after ACL reconstruction was performed with a hamstring tendon fixed with an RCI screw. Female patients had a greater chance for enlargement of the femoral tunnel than did males. This enlargement had no significant impact on patient activity and on anterior instability of the knee 1 year after surgery. LEVEL OF EVIDENCE: Level IV, Therapeutic case series.",2006
131,16878773,2005 Oct-Dec,,Chir Organi Mov,"['Iorio R', 'Ciardini R', 'Russo A', 'Conteduca F', 'Ferretti A']",Ferretti A,Reconstruction of the anterior cruciate ligament with the tendons of the semitendinosus and gracilis doubled: a comparison with reconstruction using the patellar tendon.,90,4,379-86,"['English', 'Italian']",0372573,0009-4749,,"['Comparative Study', 'Journal Article']",PubMed - indexed for MEDLINE,ppublish,['16878773'],,"['2006/08/02 09:00', '2006/09/29 09:00', '2006/08/02 09:00']",[],1,0,La Chirurgia degli organi di movimento,,2005 Oct-Dec;90(4):379-86,"A total of sixty consecutive cases of anterior chronic laxity of the knee the pre- and intraoperative features of which corresponded to the criteria of inclusion considered, hospitalized in our institute between September and December 1998 and submitted to reconstruction of the ACL were reviewed at a follow-up of 74 months. The series was made up of two groups that were homogeneous in terms of sex, age, degree of preoperative laxity and number and type of associated meniscal lesions; in the first group (20 cases) reconstruction was carried out using the patellar tendon (BPTB) and in the other (40 cases) the doubled semitendinosus and gracilis tendons (DGST) were used with the association in cases with greater rotatory laxity (20 cases) of peripheral reinforcement reconstruction. An accelerated rehabilitation protocol was used in the first group, a more prudent one with immobilization in extension for two weeks was used in the second group. The results, evaluated based on the IKDC form, appeared to be better in the DGST group, with a statistically significant difference; joint stability, evaluated at follow-up with a KT1000 arthrometer also proved to be better in the DGST group, with a difference that was not statistically significant. The present study seems to show that reconstruction of the ACL with DGST, a prudent rehabilitation protocol and peripheral reinforcement reconstruction in selected cases is capable of providing better long-term results as compared to standard reconstruction with the patellar tendon and accelerated rehabilitation protocol. Among methods used to reconstruct the anterior cruciate ligament (ACL), those that utilize the central third of the patellar tendon (BPTB) or the semitendinosus and gracilis tendons (DGST) continue to be those used most frequently. Although the debate between orthopedics is still going on as to which of the two methods is to be preferred, studies that compare the two methods do not seem to report essential differences in medium-term results. In a recent meta-analysis of the most important international literature, to this regard Freedman et al. concluded that despite a significant major presence of anterior pain reconstruction with BPTB is capable of guaranteeing better joint stability and patient satisfaction, with a minor incidence of transplant failure. Nonetheless, if methods of reconstruction with BPTB seem to be rather standardized in terms of the method used to obtain the specimen and that used for stabilization (with very few differences between interference screws and transverse stabilization), and in postoperative rehabilitation (so-called accelerated), when DGST is used there are many technical variables capable of influencing the final results (choice of methods of stabilization, postoperative rehabilitation in particular). For this reason we still cannot obtain an absolute comparison of the two methods, but can only compare reconstruction with BPTB and a particular method used with DGST. It is the purpose of this study to present the medium-term results not so much of ACL reconstruction with the semitendinosus and gracilis doubled, but as a more articulate approach to the pathology of the ACL, so that DGST is only one phase, even if it is the most important one. Because we wished to verify whether it is possible, even in terms of joint stability and patient satisfaction, to improve the results of the so-called gold standard for reconstruction of the ACL, reconstruction by BPTB with transverse femoral reconstruction and accelerated postoperative rehabilitation protocol was chosen as a term of paragon.",2005
132,16399466,2006 Jan,,Arthroscopy,"['Goradia VK', 'Grana WA', 'Pearson SE']",Pearson SE,Factors associated with decreased muscle strength after anterior cruciate ligament reconstruction with hamstring tendon grafts.,22,1,80,['English'],8506498,0749-8063,1526-3231,['Journal Article'],PubMed - indexed for MEDLINE,ppublish,"['16399466', '10.1016/j.arthro.2005.10.012', 'S0749-8063(05)01572-0']",10.1016/j.arthro.2005.10.012,"['2006/01/10 09:00', '2006/03/03 09:00', '2006/01/10 09:00']",[],1,0,Arthroscopy : the journal of arthroscopic & related surgery : official publication of the Arthroscopy Association of North America and the International Arthroscopy Association,,2006 Jan;22(1):80,"PURPOSE: To identify factors associated with decreased muscle strength and activity after anterior cruciate ligament (ACL) reconstruction with semitendinosus-gracilis tendon (ST-G) grafts. TYPE OF STUDY: Retrospective review. METHODS: Eighty-five patients who underwent ACL reconstruction with ST-G grafts were evaluated at a mean of 44.4 months after surgery. Patients underwent isokinetic testing, physical examination, radiographs, instrumented laxity testing, and Lysholm, Cincinnati, and International Knee Documentation Committee (IKDC) ratings. Cartilage and meniscal pathology at surgery was reviewed. Strength group 1 (n = 30) showed greater than 20% deficits in strength; strength group 2 (n = 55) had less than 20% strength deficits. Activity group 1 (n = 60) maintained their IKDC activity level at final follow-up relative to preinjury level; activity group 2 (n = 25) decreased activity by 1 or more levels. RESULTS: With all patients combined, there was less than a 4% difference in mean hamstring and quadriceps strength between the reconstructed and contralateral legs at follow-up. Knee flexion deficits were associated with decreased hamstring strength. Subjective giving way and squatting/kneeling discomfort were associated with decreased quadriceps strength. Patients in strength group 1 were more likely to have squatting/kneeling discomfort and lower Cincinnati Function scores. Activity group 2 had a longer interval from injury to surgery and more chondromalacia at surgery. At follow-up, activity group 2 had lower subjective scores and was more likely to have pain, swelling, giving way, and flexion deficits. Activity group 2 also had greater deficits in quadriceps strength. CONCLUSIONS: Articular cartilage injury and meniscal pathology were not associated with decreased muscle strength. ACL reconstruction with ST-G grafts has a 38% incidence of squatting/kneeling pain that occurs secondary to patellofemoral crepitus, harvest site symptoms, and tibial hardware sensitivity. LEVEL OF EVIDENCE: Level IV, therapeutic, case series, no control group.",2006
133,16084292,2005 Aug,,Arthroscopy,"['Salmon L', 'Russell V', 'Musgrove T', 'Pinczewski L', 'Refshauge K']",Refshauge K,Incidence and risk factors for graft rupture and contralateral rupture after anterior cruciate ligament reconstruction.,21,8,948-57,['English'],8506498,0749-8063,1526-3231,"['Comparative Study', 'Journal Article']",PubMed - indexed for MEDLINE,ppublish,"['16084292', '10.1016/j.arthro.2005.04.110', 'S0749-8063(05)00554-2']",10.1016/j.arthro.2005.04.110,"['2005/08/09 09:00', '2006/03/21 09:00', '2005/08/09 09:00']",[],1,0,Arthroscopy : the journal of arthroscopic & related surgery : official publication of the Arthroscopy Association of North America and the International Arthroscopy Association,,2005 Aug;21(8):948-57,"PURPOSE: The aim of this study was to determine the rates of contralateral anterior cruciate ligament (ACL) rupture and of ACL graft rupture after ACL reconstruction using either patellar tendon or hamstring tendon autograft, and to identify any patient characteristics that may increase this risk. TYPE OF STUDY: Case series. METHODS: Over a 2-year period, 760 endoscopic ACL reconstructions were performed in 743 patients. Bone-patellar tendon-bone autograft was used in 316 patients and 4-strand hamstring tendon in 427 patients. Those patients with a previous contralateral ACL rupture or those who underwent a simultaneous bilateral ACL reconstruction were excluded, leaving 675 knees (675 patients) for review. Persons not involved in the index operation or the care of the patient conducted follow-up assessment by telephone interview conducted 5 years after surgery. Patients were questioned about the incidence of ACL graft rupture, contralateral ACL rupture, symptoms of instability or significant injury, family history of ACL injury, and activity level according to the International Knee Documentation Committee scale. From our prospective database we obtained further information on graft source, meniscal or articular surface injury, and gender. Binary logistic regression was used to measure the relative association between the measured variables and the risk of graft rupture and contralateral ACL rupture. RESULTS: Five years after primary ACL reconstruction, 612 of the 675 patients (90.7%) were assessed. ACL graft rupture occurred in 39 patients (6%) and contralateral ACL rupture occurred in 35 patients (6%). Three patients suffered both a graft rupture and a contralateral ACL injury. The odds of ACL graft rupture were increased 3-fold by a contact mechanism of initial injury. Return to level 1 or 2 sports increased the risk of contralateral ACL injury by a factor of 10. The risk of sustaining an ACL graft rupture was greatest in the first 12 months after reconstruction. No other studied variable increased the risk of repeat ACL injury. CONCLUSIONS: After reconstruction, repeat ACL injury occurred in 12% of patients over 5 years. Twelve months after reconstruction, the ACL graft is at no greater risk than the contralateral ACL, suggesting that adequate graft and muscular function for most activities is achieved by this time. Risk factors for repeat ACL injury identified included a return to competitive side-stepping, pivoting, or jumping sports, and the contact mechanism of the index injury. Female patients were at no greater risk of repeat ACL injury than male patients and graft choice did not affect the rate of repeat ACL injury. LEVEL OF EVIDENCE: Level IV, case series.",2005
134,16012491,2005 Jul,,Arthroscopy,"['Goldblatt JP', 'Fitzsimmons SE', 'Balk E', 'Richmond JC']",Richmond JC,Reconstruction of the anterior cruciate ligament: meta-analysis of patellar tendon versus hamstring tendon autograft.,21,7,791-803,['English'],8506498,0749-8063,1526-3231,"['Comparative Study', 'Journal Article', 'Meta-Analysis', 'Systematic Review']",PubMed - indexed for MEDLINE,ppublish,"['16012491', '10.1016/j.arthro.2005.04.107', 'S0749806305005517']",10.1016/j.arthro.2005.04.107,"['2005/07/14 09:00', '2006/02/16 09:00', '2005/07/14 09:00']",[],1,0,Arthroscopy : the journal of arthroscopic & related surgery : official publication of the Arthroscopy Association of North America and the International Arthroscopy Association,,2005 Jul;21(7):791-803,"PURPOSE: No graft tissue has consistently shown superiority over others for reconstruction of the anterior cruciate ligament (ACL). Bone-patellar tendon-bone (BPTB) and doubled hamstring tendon (semitendinosus and gracilis) (HT) are the most commonly used autologous grafts. We performed a meta-analysis to compare the effectiveness of ACL reconstruction using either BPTB or HT grafts. TYPE OF STUDY: Systematic review and meta-analysis. METHODS: We searched the MEDLINE database (1966 to April 2003) for English-language randomized or prospective studies comparing BPTB and 3- or 4-strand HT grafts used for ACL reconstruction. For inclusion, studies were required to follow identical rehabilitation protocols within each study, and provide subjective or objective outcome data after a minimum average 2-year follow-up. Comparison data between BPTB and HT for each identified outcome measure were combined using a random-effects model meta-analysis. RESULTS: Eleven reports fulfilled the criteria for inclusion. Outcomes favoring BPTB were found in the following outcome measures: normal Lachman examination (relative risk [RR], 0.91; 95% confidence interval [CI], 0.83-0.99; P = .025), normal pivot-shift (RR, 0.94; 95% CI, 0.88-1.0; P = .067), KT-1000 manual-maximum side-to-side difference of < or = 3 mm (RR, 0.75; 95% CI, 0.55-1.01; P = .057), and fewer reconstructions resulting in flexion loss > 5 degrees (RR, 1.41; 95% CI, 1.01-1.96; P = .04). Intermediate level laxity was more common with the HT graft, as shown by higher rates of abnormal Lachman > 0 (RR, 1.22; 95% CI, 0.99-1.5; P = .06), pivot-shift > 0 (RR, 1.3; 95% CI, 0.96-1.75; P = .09), and KT-1000 manual-maximum side-to-side differences > 3 mm (RR, 1.64; 95% CI, 1.13-2.39; P = .01). Outcome measures that favored HT were absence of patellofemoral crepitance (RR, 1.08; 95% CI, 1.01-1.15; P = .03), fewer results with extension loss > 5 degrees (RR, 0.56; 95% CI, 0.3-1.03; P = .06), and kneeling pain. The incidence of instability, as defined by Lachman grade 2, pivot-shift grade 2, or KT-1000 manual-maximum side-to-side difference > 5 mm, was not significantly different between the 2 grafts. All other outcome measures were not significantly different. CONCLUSIONS: The data presented in this meta-analysis show that the incidence of instability is not significantly different between the BPTB and HT grafts. However, BPTB was more likely to result in reconstructions with normal Lachman, normal pivot-shift, KT-1000 manual-maximum side-to-side difference < 3 mm, and fewer results with significant flexion loss. In contrast, HT grafts had a reduced incidence of patellofemoral crepitance, kneeling pain, and extension loss. The choice of graft by the patient and surgeon must be individualized, and the results of this meta-analysis can aid in the decision by clarifying the risks and benefits of each surgical approach. LEVEL OF EVIDENCE: Level I.",2005
135,16002487,2005 Sep,2005 Jul 7,Am J Sports Med,"['Roe J', 'Pinczewski LA', 'Russell VJ', 'Salmon LJ', 'Kawamata T', 'Chew M']",Chew M,A 7-year follow-up of patellar tendon and hamstring tendon grafts for arthroscopic anterior cruciate ligament reconstruction: differences and similarities.,33,9,1337-45,['English'],7609541,0363-5465,,"['Comparative Study', 'Journal Article']",PubMed - indexed for MEDLINE,ppublish+epublish,"['16002487', '10.1177/0363546504274145', '0363546504274145']",10.1177/0363546504274145,"['2005/07/09 09:00', '2005/12/24 09:00', '2005/07/09 09:00']",[],1,0,The American journal of sports medicine,,2005 Sep;33(9):1337-45,"BACKGROUND: For arthroscopic anterior cruciate ligament reconstruction, the most commonly used graft constructs are either the hamstring tendon or patellar tendon. Well-controlled, long-term studies are needed to determine the differences between the 2 materials. HYPOTHESIS: There is a difference between hamstring and patellar tendon grafts in the clinical results of anterior cruciate ligament reconstructions at 7 years. STUDY DESIGN: Cohort study; Level of evidence, 2. METHODS: Two groups of 90 patients each, consecutively treated with hamstring or patellar tendon grafts, were followed and assessed at 1, 2, 5, and 7 years after surgery. RESULTS: At the 7-year review, abnormal radiographic findings were seen in 45% (24/53) of the patellar tendon group and in 14% (7/51) of the hamstring tendon group (P = .002). Although there was no significant difference between the groups in extension deficit (P = .22), the percentage of patients with an extension deficit increased significantly in the patellar tendon group from 8% at 1 year to 25% at 7 years (P = .02). No significant change was seen in the hamstring tendon group over time (P = .20). There was no significant difference in laxity between the groups on Lachman (P = .44), pivot-shift (P = .39), or instrumented (P = .44) testing. Graft rupture occurred in 4 patients from the patellar tendon group and in 9 patients from the hamstring tendon group (P = .15). Both autografts gave excellent subjective results, as evidenced by the International Knee Documentation Committee evaluation and Lysholm knee scores at 7 years. CONCLUSIONS: Both hamstring and patellar tendon grafts provided good subjective outcomes and objective stability at 7 years. No significant differences in the rate of graft rupture or contralateral anterior cruciate ligament rupture were identified. Patients with patellar tendon grafts had a greater prevalence of osteoarthritis at 7 years after surgery; therefore, the authors preferred hamstring tendons as the primary graft choice in anterior cruciate ligament reconstructions.",2005
136,15743847,2005 Mar,,J Bone Joint Surg Am,"['Williams RJ 3rd', 'Hyman J', 'Petrigliano F', 'Rozental T', 'Wickiewicz TL']",Wickiewicz TL,Anterior cruciate ligament reconstruction with a four-strand hamstring tendon autograft. Surgical technique.,87 Suppl 1,Pt 1,51-66,['English'],0014030,0021-9355,,"['Journal Article', ""Research Support, Non-U.S. Gov't"", 'Review']",PubMed - indexed for MEDLINE,ppublish,"['15743847', '10.2106/JBJS.D.02805', '87/1_suppl_1/51']",10.2106/JBJS.D.02805,"['2005/03/04 09:00', '2005/04/13 09:00', '2005/03/04 09:00']","['J Bone Joint Surg Am. 2007 Aug;89(8):1826', 'J Bone Joint Surg Am. 2005 Nov;87(11):2595. doi: 10.2106/JBJS.8711.ebo2. PMID: 16264144']",1,0,The Journal of bone and joint surgery. American volume,,2005 Mar;87 Suppl 1(Pt 1):51-66,"BACKGROUND: In this study, we analyzed the clinical outcomes at a minimum of two years following reconstruction of the anterior cruciate ligament with use of a four-strand hamstring tendon autograft in patients who had presented with a symptomatic torn anterior cruciate ligament. METHODS: One hundred and twenty-two consecutive patients who had an isolated, symptomatic anterior tibial subluxation associated with rupture of the anterior cruciate ligament were treated with reconstruction of the anterior cruciate ligament with a four-strand autologous semitendinosus-gracilis tendon graft. One surgeon performed all of the operations. Prior to surgery and at the follow-up examination, physical findings and functional scores were recorded and knee radiographs were analyzed. Following surgery, a six-month rehabilitation regimen was implemented. RESULTS: Eighty-five patients (70%) were available for follow-up, which included physical examination, scoring of function, KT-1000 arthrometric testing, and radiographs, at a mean of twenty-eight months. Seventy-six (89%) of the patients had negative Lachman and pivot shift tests. The mean Lysholm score improved from 55 points preoperatively to 91 points at the time of follow-up (p < 0.01). The mean Tegner score improved from 5 to 6 points (p < 0.01). Sixty-five patients had <3 mm of knee translation on arthrometric testing, but six patients with marked laxity were not tested. Three patients (4%) had a positive pivot shift test but had no history of additional trauma to the knee. Six patients (7%) had a traumatic rupture of the graft, occurring at a mean of 10.7 months postoperatively. Assessment of the follow-up radiographs demonstrated no evidence of progressive degenerative change compared with the appearance on the preoperative radiographs. However, tunnel expansion was noted in all patients. The tibial tunnel expanded a mean of 17% (range, 0% to 32%), and the femoral tunnel expanded a mean of 29% (range, 0% to 40%). CONCLUSIONS: Reconstruction of the anterior cruciate ligament with use of a four-strand hamstring tendon autograft eliminated anterior tibial subluxation in 89% of patients who were examined at a minimum of two years postoperatively. The overall rate of failure was 11%. The functional knee scores were significantly increased at the time of follow-up, but these results did not correlate with the results of knee arthrometric testing.",2005
137,15572332,2004 Dec,,Am J Sports Med,"['Spindler KP', 'Kuhn JE', 'Freedman KB', 'Matthews CE', 'Dittus RS', 'Harrell FE Jr']",Harrell FE Jr,Anterior cruciate ligament reconstruction autograft choice: bone-tendon-bone versus hamstring: does it really matter? A systematic review.,32,8,1986-95,['English'],7609541,0363-5465,,"['Journal Article', 'Systematic Review']",PubMed - indexed for MEDLINE,ppublish,"['15572332', '10.1177/0363546504271211']",10.1177/0363546504271211,"['2004/12/02 09:00', '2005/03/18 09:00', '2004/12/02 09:00']",[],1,0,The American journal of sports medicine,,2004 Dec;32(8):1986-95,"Anterior cruciate ligament graft choice is controversial, with no evidence-based consensus available to guide decision making. The study design was evidence-based medicine systematic review of randomized controlled trials evaluating patellar tendon versus hamstring tendon autografts. A literature review identified 9 randomized controlled trials comparing patellar tendon and hamstring tendon autografts. An evidence-based systematic review was performed. Objective and subjective outcomes of interest included surgical technique, rehabilitation, instrumented laxity, isokinetic strength, patellofemoral pain, return to preinjury activity, and Tegner, Lysholm, Cincinnati, and International Knee Documentation Committee-1991 scores. Additional surgery, graft failure, and complications were reviewed. Slight increased laxity on arthrometer testing was seen in the hamstring population in 3 of 7 studies. Pain with kneeling was greater for the patellar tendon population in 4 of 4 studies. Only 1 of 9 studies showed increased anterior knee pain in the patellar tendon group. Frequency of additional surgery seemed to be related to the fixation method and not graft type. No study reported a significant difference in graft failure between patellar tendon and hamstring tendon autografts. Objective differences (range of motion, isokinetic strength, arthrometer testing) were not detected between groups in the majority of studies, suggesting that their sensitivity to detect clinical outcomes may be limited. Increased kneeling pain in the patellar tendon group was seen consistently in the studies evaluated. Subjective differences in anterior knee pain or return-to-activity level were not consistently observed in these studies. With numbers available, failure rates were not significantly different between groups. These findings suggest that graft type may not be the primary determinant for successful outcomes after anterior cruciate ligament surgery.",2004
138,12860538,2003 Jul-Aug,,Am J Sports Med,"['Charlton WP', 'Randolph DA Jr', 'Lemos S', 'Shields CL Jr']",Shields CL Jr,Clinical outcome of anterior cruciate ligament reconstruction with quadrupled hamstring tendon graft and bioabsorbable interference screw fixation.,31,4,518-21,['English'],7609541,0363-5465,,"['Clinical Trial', 'Journal Article', ""Research Support, Non-U.S. Gov't""]",PubMed - indexed for MEDLINE,ppublish,"['12860538', '10.1177/03635465030310040701']",10.1177/03635465030310040701,"['2003/07/16 05:00', '2003/12/03 05:00', '2003/07/16 05:00']",[],1,0,The American journal of sports medicine,,2003 Jul-Aug;31(4):518-21,"BACKGROUND: To date, there has been no publication of clinical follow-up data on patients who have undergone quadrupled hamstring tendon autograft anterior cruciate ligament reconstruction with bioabsorbable screw fixation. PURPOSE: To report the results of quadrupled hamstring tendon autograft anterior cruciate ligament reconstruction with bioabsorbable interference screw fixation. STUDY DESIGN: Retrospective review. METHODS: Sixty-five patients (66 knees) were retrospectively identified by chart review as having undergone quadrupled hamstring tendon autograft anterior cruciate ligament reconstruction with bioabsorbable interference screw fixation with a minimum 2-year follow-up. RESULTS: Data were collected on 48 knees in 47 patients (73%) at an average 30.2 months (range, 24 to 43) after surgery. Thirty-six patients (37 knees) returned for clinical evaluation (56% return) and subjective follow-up only was obtained in 11 patients (17%). The mean Lysolm knee score was 91 (range, 45 to 98), with a mean of 97 for the uninvolved knee. The mean Tegner activity score was 5.7 (range, 3 to 7). The KT-1000 arthrometer mean side-to-side difference for manual maximum displacement was 2.03 mm (range, -1 to 8). The mean International Knee Documentation Committee knee score was 83 (range, 47 to 100). Patients who underwent associated partial meniscectomy or meniscal repair had significantly lower International Knee Documentation Committee scores than patients without associated procedures (P < 0.01). CONCLUSIONS: Quadrupled hamstring tendon autograft anterior cruciate ligament reconstruction with bioabsorbable interference screw fixation is comparable with other methods of anterior cruciate ligament reconstruction in terms of patient satisfaction, knee stability, and function.",2003
139,12735201,2003 Jan,,Orthop Clin North Am,"['Paessler HH', 'Mastrokalos DS']",Mastrokalos DS,"Anterior cruciate ligament reconstruction using semitendinosus and gracilis tendons, bone patellar tendon, or quadriceps tendon-graft with press-fit fixation without hardware. A new and innovative procedure.",34,1,49-64,['English'],0254463,0030-5898,,"['Journal Article', 'Review']",PubMed - indexed for MEDLINE,ppublish,"['12735201', '10.1016/s0030-5898(02)00070-6', 'S0030-5898(02)00070-6']",10.1016/s0030-5898(02)00070-6,"['2003/05/09 05:00', '2003/05/14 05:00', '2003/05/09 05:00']",[],1,0,The Orthopedic clinics of North America,,2003 Jan;34(1):49-64,"BONE--PATELLAR TENDON: The ""no hardware"" technique for ACL reconstruction is a new method that offers many advantages and is straightforward to perform. Its main innovative feature is that it does not require bone-block harvesting from the patella. This reduces donor site morbidity and prevents patellar fractures. The bone tunnels are made using tube harvesters and compaction drilling. This minimizes trauma and obviates the risk of bone necrosis. The articular entrance of the tibial tunnel is completely occupied by the grafts. This prevents a windshield-wiper effect and synovial fluid ingress into the tunnel, and enhances graft incorporation. The fact that no hardware is used with both patellar tendon or hamstring grafts significantly reduces the overall cost of the operation and facilitates revision surgery. The quadriceps tendon is also a very good graft. It is thick and has good biomechanical properties and low donor site morbidity. Its disadvantages are: weakness of quadriceps after the operation, an unsightly scar, and some difficulty in graft harvesting [58]. Also, postoperative MRI is not fraught with the problem of metal artifacts. It is difficult to decide which of the methods currently available for ACL reconstruction is the best because most of them give satisfactory results. In the future, assessments of knee ligament reconstruction techniques should look at long-term stability combined with low complication rates. Ease of revision surgery and low cost should also be taken into consideration, given the large annual volume of knee ligament reconstructions (50,000 in the United States alone) [59]. We believe that our technique addresses most of these issues, and that it constitutes a useful alternative method for ACL reconstruction. SEMITENDINOSUS--GRACILIS: This technique, which was used with 915 patients from June 1998 to February 2002, shows a particularly low rate of postoperative morbidity. The reason is probably to be found in the ""waterproofing"" of the bone tunnels, which lead to less postoperative bleeding and swelling. No drains were used. Rehabilitation follows the same protocol as used for the reconstruction using patellar tendon grafts (accelerated/functional). As expected, there was no widening of the femoral tunnels and little widening of the tibial tunnels. Interestingly, tibial tunnel enlargement was significantly less in a nonaccelarated rehabilitation group than in the accelerated group [60] without affecting stability. The measured internal torque of the hamstrings, as well as their flexion force, already had returned to normal 12 months postoperatively. In a prospective randomized (unpublished) study comparing this technique with ACL reconstruction with BPT grafts with medial or lateral third with only one bone plug (from the tibial tuberosity, see technique described above), we found no significant difference between both groups in subjective scores, stability, KT-1000 values, Tegner activity score, and IKDC at 1-year follow-up. Only the results of kneeling and knee walking testing were significantly better in the hamstring group [61]. In summary, the advantages of this presented technique are: (1) the knot of the graft is close proximally to the anatomic site of the insertion of the ACL, thus avoiding the Bungee effect.; (2) the press-fit tunnel fixation prevents synovial fluid entering the bone tunnels, windshield-wiper effect, and longitudinal motion within the tunnel; the intensive contact between the bony wall of the tunnel and graft collagen over a long distance without any suture material results in quick and complete graft incorporation; and (3) no fixation material means no hardware problems, facilitates revision surgery, and lowers overall costs.",2003
140,12531750,2003 Jan-Feb,,Am J Sports Med,"['Freedman KB', ""D'Amato MJ"", 'Nedeff DD', 'Kaz A', 'Bach BR Jr']",Bach BR Jr,Arthroscopic anterior cruciate ligament reconstruction: a metaanalysis comparing patellar tendon and hamstring tendon autografts.,31,1,2-11,['English'],7609541,0363-5465,,"['Journal Article', 'Meta-Analysis']",PubMed - indexed for MEDLINE,ppublish,"['12531750', '10.1177/03635465030310011501']",10.1177/03635465030310011501,"['2003/01/18 04:00', '2003/04/23 05:00', '2003/01/18 04:00']",[],1,0,The American journal of sports medicine,,2003 Jan-Feb;31(1):2-11,"BACKGROUND: The best choice of graft tissue for use in anterior cruciate ligament reconstruction has been the subject of debate. HYPOTHESIS: Anterior cruciate ligament reconstruction with patellar tendon autograft leads to greater knee stability than reconstruction with hamstring tendon autograft. STUDY DESIGN: Metaanalysis. METHODS: A Medline search identified articles published from January 1966 to May 2000 describing arthroscopic anterior cruciate ligament reconstruction with either patellar tendon or hamstring tendon autograft and with a minimum patient follow-up of 24 months. RESULTS: There were 1348 patients in the patellar tendon group (21 studies) and 628 patients in the hamstring tendon group (13 studies). The rate of graft failure in the patellar tendon group was significantly lower (1.9% versus 4.9%) and a significantly higher proportion of patients in the patellar tendon group had a side-to-side difference of less than 3 mm on KT-1000 arthrometer testing than in the hamstring tendon group (79% versus 73.8%). There was a higher rate of manipulation under anesthesia or lysis of adhesions (6.3% versus 3.3%) and of anterior knee pain in the patellar tendon group (17.4% versus 11.5%) and a higher incidence of hardware removal in the hamstring tendon group (5.5% versus 3.1%). CONCLUSIONS: Patellar tendon autografts had a significantly lower rate of graft failure and resulted in better static knee stability and increased patient satisfaction compared with hamstring tendon autografts. However, patellar tendon autograft reconstructions resulted in an increased rate of anterior knee pain.",2003
141,11877607,2002 Mar,,Arthroscopy,"['Colombet P', 'Allard M', 'Bousquet V', 'de Lavigne C', 'Flurin PH', 'Lachaud C']",Lachaud C,Anterior cruciate ligament reconstruction using four-strand semitendinosus and gracilis tendon grafts and metal interference screw fixation.,18,3,232-7,['English'],8506498,0749-8063,1526-3231,"['Clinical Trial', 'Journal Article']",PubMed - indexed for MEDLINE,ppublish,"['11877607', '10.1053/jars.2002.30637', 'S0749806302547939']",10.1053/jars.2002.30637,"['2002/03/06 10:00', '2002/04/03 10:01', '2002/03/06 10:00']",[],1,0,Arthroscopy : the journal of arthroscopic & related surgery : official publication of the Arthroscopy Association of North America and the International Arthroscopy Association,,2002 Mar;18(3):232-7,"PURPOSE: The purpose of this study was to determine the outcome of 200 anterior cruciate ligament (ACL) reconstructions using hamstring tendons. TYPE OF STUDY: This is a case series reporting on 200 endoscopic procedures for reconstruction of the ACL. METHODS: This study included patients over 18 years old with a healthy controlateral knee, intact posterior cruciate ligament, and without any peripheral surgical procedure or cartilage injury. Patients having undergone prior ligament reconstruction were excluded from the study. The minimum follow-up was 1 year. Clinical review allowed for documentation of International Knee Documentation Committee (IKDC), KT-1000 arthrometer laxity measurement, and isokinetic dynamometric analysis. RESULTS: Quadriceps and hamstring muscle strength loss was less than 17%. At review, overall IKDC evaluation found that 50% of patients graded A, 44% graded B, and 6% were C or D. The differential anterior laxity was graded A for 157 patients with a median of 1 mm. Of the 113 high-performance athletes, 98 (86%) had resumed a preinjury level of sporting activity. CONCLUSIONS: Endoscopic reconstruction using 4-strand hamstring autograft may be considered safe, reliable, and reproducible. Preliminary outcome is fulfilling and this technique corresponds completely to therapeutic fields regarding ACL reconstructions.",2002
142,11685356,2001 Sep,,Knee Surg Sports Traumatol Arthrosc,"['Feller JA', 'Webster KE', 'Gavin B']",Gavin B,Early post-operative morbidity following anterior cruciate ligament reconstruction: patellar tendon versus hamstring graft.,9,5,260-6,['English'],9314730,0942-2056,,"['Clinical Trial', 'Clinical Trial, Phase I', 'Comparative Study', 'Journal Article', 'Randomized Controlled Trial']",PubMed - indexed for MEDLINE,ppublish,"['11685356', '10.1007/s001670100216']",10.1007/s001670100216,"['2000/07/05 00:00', '2001/03/11 00:00', '2001/10/31 10:00', '2002/01/05 10:01', '2001/10/31 10:00']",[],1,0,"Knee surgery, sports traumatology, arthroscopy : official journal of the ESSKA",,2001 Sep;9(5):260-6,"This study documented postoperative morbidity during the first 4 months following anterior cruciate ligament (ACL) reconstruction using either patellar tendon or hamstring tendon autograft. Sixty-five patients undergoing primary arthroscopically assisted single-incision ACL reconstruction were randomized to have a central third bone patellar tendon bone autograft (PT) or a doubled semitendinosus/doubled gracilis autograft (HS). Postoperatively patients undertook a standard 'accelerated' rehabilitation protocol. Patients were reviewed after 2 weeks, 8 weeks, and 4 months. At each review the location and severity of general knee pain and the presence and severity of anterior knee pain (AKP) were recorded as were the presence and size of an effusion as well as the active and passive flexion and passive extension deficits compared to the contralateral limb. Pain on kneeling, KT-1000 measured side to side difference in anterior tibial displacement, isokinetic assessment of quadriceps and hamstring peak torque deficits, IKDC score and Cincinnati sports activity level were also recorded after 4 months. After 2 weeks more patients in the PT group complained of AKP and reported that the pain was more severe. After 8 weeks there was no significant difference between the groups for any variable. After 4 months the severity of general pain experienced and the incidence of pain on kneeling were greater in the PT group. The PT group also demonstrated a significantly greater quadriceps peak torque deficit at 240 degrees /s. IKDC scores were higher in the HS group, but Cincinnati sports activity scores were higher in the PT group. Although we observed a lower morbidity in the HS group, primarily related to pain, the severity of pain in both groups was relatively low and, in light of the higher mean sports activity level observed in the PT group at 4 months the clinical impact of the difference may not be significant.",2001
143,11239344,2001 Mar,,Arthroscopy,"['Yunes M', 'Richmond JC', 'Engels EA', 'Pinczewski LA']",Pinczewski LA,Patellar versus hamstring tendons in anterior cruciate ligament reconstruction: A meta-analysis.,17,3,248-257,['English'],8506498,0749-8063,1526-3231,['Journal Article'],PubMed,ppublish,"['11239344', '10.1053/jars.2001.21242', 'a0170248']",10.1053/jars.2001.21242,"['2001/03/10 10:00', '2001/03/10 10:01', '2001/03/10 10:00']",[],1,0,Arthroscopy : the journal of arthroscopic & related surgery : official publication of the Arthroscopy Association of North America and the International Arthroscopy Association,,2001 Mar;17(3):248-257,"PURPOSE: To compare the outcome of ACL reconstuction using patellar tendon (PAT) to that when using hamstring tendons. Type of Study: Meta-analysis of controlled trials of patellar tendon versus hamstring tendons for ACL reconstruction. METHODS: Meta-analysis is a systematic method for statistical analyses that allows compilation of combined data from various independent studies. This allows one to assess the potential benefits of various treatments when conclusions based on individual studies are difficult to assess. We conducted a meta-analyses (M-A) using controlled trials (CTs) to determine if there are differences between the 2 methods. Although both surgical techniques have potential for good results, we hypothesized that there are differences in outcomes between these techniques. We included CTs that used standard evaluation techniques with a minimum 2-year follow-up. Outcomes evaluated included: return to preinjury level of activity, KT testing, Lachman scores, pivot shift scores, range of motion (ROM) loss in flexion and extension, complications, and failures. Relative risks for each outcome were calculated for each study and pooled across studies using a fixed effects method. RESULTS: Four studies fulfilled our inclusion criteria. Relative risks with 95% confidence intervals and P values were obtained for each of the outcomes listed above. The results show significant differences between PAT and semitendinosus and gracilis tendon (ST&G) reconstructions. PAT patients have a greater chance of attaining a statically stable knee (as measured by KT) and nearly a 20% greater chance of returning to preinjury activity levels. CONCLUSIONS: Although both techniques, as performed in the late 1980s and early 1990s, yielded good results, PAT reconstuction led to higher postoperative activity levels and greater static stability than hamstring reconstruction. This is statistically significant based on this meta-analysis.",2001
144,10424213,1999 Jul-Aug,,Am J Sports Med,"['Corry IS', 'Webb JM', 'Clingeleffer AJ', 'Pinczewski LA']",Pinczewski LA,Arthroscopic reconstruction of the anterior cruciate ligament. A comparison of patellar tendon autograft and four-strand hamstring tendon autograft.,27,4,444-54,['English'],7609541,0363-5465,,"['Comparative Study', 'Journal Article', ""Research Support, Non-U.S. Gov't""]",PubMed - indexed for MEDLINE,ppublish,"['10424213', '10.1177/03635465990270040701']",10.1177/03635465990270040701,"['1999/07/29 00:00', '1999/07/29 00:01', '1999/07/29 00:00']",[],1,0,The American journal of sports medicine,,1999 Jul-Aug;27(4):444-54,"We compared the outcome of anterior cruciate ligament reconstruction using hamstring tendon autograft with outcome using patellar tendon autograft at 2 years after surgery. Patients had an isolated anterior cruciate ligament injury and, apart from the grafts, the arthroscopic surgical technique was identical. Prospective assessment was performed on 90 patients with isolated anterior cruciate ligament injury undergoing reconstruction with a patellar tendon autograft; 82 were available for follow-up. The hamstring tendon autograft group consisted of the next 90 consecutive patients fulfilling the same criteria; 85 were available for follow-up. Clinical review included the Lysholm and International Knee Documentation Committee scores, instrumented testing, thigh atrophy, and kneeling pain. These methods revealed no difference between the groups in terms of ligament stability, range of motion, and general symptoms. Thigh atrophy was significantly less in the hamstring tendon group at 1 year after surgery, a difference that had disappeared by 2 years. The KT-1000 arthrometer testing showed a slightly increased mean laxity in the female patients in the hamstring tendon graft group. Kneeling pain after reconstruction with the hamstring tendon autograft was significantly less common than with the patellar tendon autograft, suggesting lower donor-site morbidity with hamstring tendon harvest.",1999
145,9816658,1998,,Zentralbl Chir,"['Hoffmann F', 'Friebel H', 'Schiller M']",Schiller M,[The semitendinosus tendon as replacement for the anterior cruciate ligament].,123,9,994-1001,['German'],0413645,0044-409X,,"['Journal Article', 'Review']",PubMed - indexed for MEDLINE,ppublish,['9816658'],,"['1998/11/17 00:00', '1998/11/17 00:01', '1998/11/17 00:00']",[],1,0,Zentralblatt fur Chirurgie,,1998;123(9):994-1001,"This article describes the history, advantages, biomechanical properties, operative technique, and results of replacement of the anterior cruciate ligament using the semitendinosus tendon. After arthroscopic ACL replacement using the doubled semitendinosus tendon in combination with an extraarticular lateral repair in 65 consecutive patients (20 acute, 45 chronic instabilities) we found after 2 years in 51 patients (78%) an excellent or good result with less than 3 mm difference in the Lachman test measured with the KT-1000 arthrometer (MMD). After 6 years 40 out of the 45 patients with chronic instabilities could be examined again. Only 28 patients (70%) showed a difference in anterior translation of less than 3 mm. A positive pivot shift sign could be seen in 11% of the patients after 2 years and in 20% after 6 years. The Tegner score increased from 6.0 after 2 years to 6.2 after 6 years, the Lysholm score decreased from 93 to 91 in the same interval. 89% of the patients had a free range of knee motion after 2 years and 92.5% after 6 years. There were 10% normal, 50% nearly normal, 25% abnormal, and 15% severely abnormal knees in the IKDC evaluation after 6 years. In the last 4 years we are using the quadrupled semitendinosus tendon in an arthroscopic single incision technique for ACL replacement with femoral Endobutton fixation, because the doubled semitendinosus tendon seems to elongate over time. After 23 months on average (12-36 months) the preoperative anterior translation of 7.5 mm could be decreased to 1.9 mm in 35 patients.",1998
146,7866797,1995 Winter,,Am J Knee Surg,"['Barrett GR', 'Miller C', 'Richardson K']",Richardson K,Combined single-strand distal semitendinosus-iliotibial band tenodesis (Puddu) for anterior cruciate ligament augmentation.,8,1,13-8; discussion 18-9,['English'],8804841,0899-7403,,['Journal Article'],PubMed - indexed for MEDLINE,ppublish,['7866797'],,"['1995/01/01 00:00', '1995/01/01 00:01', '1995/01/01 00:00']",[],1,0,The American journal of knee surgery,,1995 Winter;8(1):13-8; discussion 18-9,"Anterior cruciate ligament (ACL) reconstruction using the semitendinosus tendon has seen renewed interest recently. Puddu described a procedure in which the tendon is harvested at its insertion on the tibia with a bone plug. This study evaluates the efficacy of this approach and examines the long-term results. Between 1982 and 1986, 77 patients underwent this type of procedure; 51 (66%) patients who were reexamined comprised the study group. Thirty-five patients had acute tears, and 16 patients had chronic tears. Follow-up was both objective and subjective with an average follow-up of 7 years and 3 months (range: 5.8 to 9.2 years). In the acute group, six patients (17%) had a 2+ Lachman and seven (22%) had a 1+ Lachman. Pivot shift was 2+ to 3+ in three patients (8.6%) and 1+ in seven patients (22%). KT-100 results were > 5 mm in eight patients (23.3%). In the chronic group, four patients (25%) had 2+ and four had a 1+ Lachman. Seven patients (44%) had a positive pivot shift test. Five patients had > 5 mm difference. Using regression analysis, the KT-1000 results correlated well with the Lachman and pivot shift tests. Chronicity and partial meniscectomy were associated with a poor result. Although this technique has undergone an evolution and improvement to a four-strand reconstruction in recent years, the results of this review indicate satisfactory results can be obtained, especially in the acute setting.",1995
147,1395249,1992 Oct,,Clin Orthop Relat Res,"['Gómez-Castresana FB', 'Bastos MN', 'Sacristán CG']",Sacristán CG,Semitendinosus Kennedy ligament augmentation device anterior cruciate ligament reconstruction.,,283,21-33,['English'],0075674,0009-921X,,"['Comparative Study', 'Journal Article', 'Review']",PubMed - indexed for MEDLINE,ppublish,['1395249'],,"['1992/10/01 00:00', '1992/10/01 00:01', '1992/10/01 00:00']",[],1,0,Clinical orthopaedics and related research,,1992 Oct;(283):21-33,"This is a prospective study of 78 chronic unilateral isolated anterior cruciate ligament (ACL) patients who were treated with an arthroscopically-assisted reconstruction technique using the semitendinosus tendon, occasionally associated with the gracilis, augmented with the Kennedy-ligament augmentation device (LAD). There was a minimum two-year follow-up period (mean, 34.3 months; range, 24-50 months). Ligamentous surgery was always restricted to the ACL intraarticular reconstruction. Preoperative, intraoperative, and postoperative examinations at three, six, 12, 18, and 24 months, and every year thereafter, including subjective and objective evaluation with KT 1000 arthrometer laxity measurements, were completed. Two-year examination data were available on 77 (98.7%) of the 78 patients compared with preoperative data. The pivot shift (side-to-side difference) improved from 49.3% with Grade 0-1 to 92.2% with Grade 0-1. KT 1000 20-pound anterior drawer (greater than 5 mm side-to-side difference) improved from 49.3% (mean, 6 mm) to 91.1% (mean, 0.55 mm). KT 1000 maximum manual anterior drawer (greater than 5 mm side-to-side difference) improved from 21.9% (mean, 7.8 mm) to 97.4% (mean, 0.55 mm). After ACL reconstruction, 89.6% of patients had a full range of motion and only 10.3% had flexion contractures of less than 5 degrees; 5.2% of patients had mild effusion. Functional Lysholm knee scoring of 100 points improved from 7.7% scoring over 85 points preoperatively (mean, 66.5) to 92.1% postoperatively (mean, 95.6). Instability was controlled in 89.4% of the patients, and 71.4% have been involved in sports after injury. Anterior cruciate ligament reconstruction reduces pathologic laxity, improves lower-leg function, and minimizes flexion contracture and effusion.",1992
148,2035034,1991 Feb,,Unfallchirurg,"['Kühne JH', 'Theermann R', 'Neumann R', 'Sagasser J']",Sagasser J,[Acute uncomplicated anterior knee instability. 2-5 year follow-up of surgical treatment].,94,2,81-7,['German'],8502736,0177-5537,,['Journal Article'],PubMed - indexed for MEDLINE,ppublish,['2035034'],,"['1991/02/01 00:00', '1991/02/01 00:01', '1991/02/01 00:00']",[],1,0,Der Unfallchirurg,,1991 Feb;94(2):81-7,"A retrospective review of 158 acute anterior cruciate ligament injuries without additional ligamentous lesions was conducted. The follow-up study included 127 patients (80%), 109 of whom were personally examined 2-5 years after surgery. In the largest group proximal ruptures were found and treated with reinsertion. The other group had intraligamentary ruptures which were augmented with semitendinosus tendon. A modified Ellison procedure was routinely performed. Postoperative treatment was cast-free and included immediate physiotherapy using a functional brace. Examination at follow-up included Lysholm score, Tegner activity scale, instrumented testing with a KT-100 arthrometer and measurement of isometric leg muscle strength in four different positions. Among other clinical manoeuvres, the Lachman test and pivot shift testing were performed. No significant differences were found between the two groups in subjective evaluation, stability, consecutive meniscal lesions or patella symptoms. The average anterior dislocation difference at 89 N was 2 mm in both groups. Pivot shift was definitely absent in 88% of one group and 90% of the other. Almost no meniscal problems were noted, but 15% of the patients complained of patellofemoral pain.",1991
