,,,,,,,,,,,,,,,,,,,,
,,DONE,478,,,Set Lachman and pivot shift at 1+,,,,,,,,,,,,,,
,,TODO,17,,,https://plotdigitizer.com/app,,,,,,,,,,,,,,
,,% COMPLETED,96.57%,,,,,,,,,,,,,,,,,
,id,,study,download,view,screening,subgroup,data_type,outcome,ni,xi,sdi,a,q1,m,q3,b,yi,sei,
5,1,☑,"Ageberg et al., 2009",https://raw.githubusercontent.com/d-wkim/phd/refs/heads/main/data/pdf/ageberg_2009.pdf,https://github.com/d-wkim/phd/blob/main/data/pdf/ageberg_2009.pdf,Included,patellar,continuous,tegner,16,4.17,1.41,2,,4,,7,,,
6,1,☑,"Ageberg et al., 2009",https://raw.githubusercontent.com/d-wkim/phd/refs/heads/main/data/pdf/ageberg_2009.pdf,https://github.com/d-wkim/phd/blob/main/data/pdf/ageberg_2009.pdf,Included,hamstring,continuous,tegner,20,3.15,1.34,1,,3,,6,,,
7,2,☑,"Aglietti et al., 2004",https://raw.githubusercontent.com/d-wkim/phd/refs/heads/main/data/pdf/aglietti_2004.pdf,https://github.com/d-wkim/phd/blob/main/data/pdf/aglietti_2004.pdf,Included,patellar,dichotomous,lachman,60,0,0.06,,,,,,,,
8,2,☑,"Aglietti et al., 2004",https://raw.githubusercontent.com/d-wkim/phd/refs/heads/main/data/pdf/aglietti_2004.pdf,https://github.com/d-wkim/phd/blob/main/data/pdf/aglietti_2004.pdf,Included,patellar,dichotomous,pivot shift,60,0,0.06,,,,,,,,
9,2,☑,"Aglietti et al., 2004",https://raw.githubusercontent.com/d-wkim/phd/refs/heads/main/data/pdf/aglietti_2004.pdf,https://github.com/d-wkim/phd/blob/main/data/pdf/aglietti_2004.pdf,Included,patellar,continuous,instrumental laxity,60,2.20,1.08,0,,,,5,,,
10,2,☑,"Aglietti et al., 2004",https://raw.githubusercontent.com/d-wkim/phd/refs/heads/main/data/pdf/aglietti_2004.pdf,https://github.com/d-wkim/phd/blob/main/data/pdf/aglietti_2004.pdf,Included,hamstring,dichotomous,lachman,60,0,0.06,,,,,,,,
11,2,☑,"Aglietti et al., 2004",https://raw.githubusercontent.com/d-wkim/phd/refs/heads/main/data/pdf/aglietti_2004.pdf,https://github.com/d-wkim/phd/blob/main/data/pdf/aglietti_2004.pdf,Included,hamstring,dichotomous,pivot shift,60,0,0.06,,,,,,,,
12,2,☑,"Aglietti et al., 2004",https://raw.githubusercontent.com/d-wkim/phd/refs/heads/main/data/pdf/aglietti_2004.pdf,https://github.com/d-wkim/phd/blob/main/data/pdf/aglietti_2004.pdf,Included,hamstring,continuous,instrumental laxity,60,1.95,1.30,-1,,,,5,,,
,3,☑,"Ahldén et al., 2009",https://raw.githubusercontent.com/d-wkim/phd/refs/heads/main/data/pdf/ahldén_2009.pdf,https://github.com/d-wkim/phd/blob/main/data/pdf/ahldén_2009.pdf,Excluded,patellar,continuous,ikdc,,,,,,,,,,,
14,3,☑,"Ahldén et al., 2009",https://raw.githubusercontent.com/d-wkim/phd/refs/heads/main/data/pdf/ahldén_2009.pdf,https://github.com/d-wkim/phd/blob/main/data/pdf/ahldén_2009.pdf,Included,patellar,continuous,lysholm,25,80.70,21.64,15,,89,,100,,,
15,3,☑,"Ahldén et al., 2009",https://raw.githubusercontent.com/d-wkim/phd/refs/heads/main/data/pdf/ahldén_2009.pdf,https://github.com/d-wkim/phd/blob/main/data/pdf/ahldén_2009.pdf,Included,patellar,continuous,tegner,25,4.87,2.29,0,,5,,9,,,
16,3,☑,"Ahldén et al., 2009",https://raw.githubusercontent.com/d-wkim/phd/refs/heads/main/data/pdf/ahldén_2009.pdf,https://github.com/d-wkim/phd/blob/main/data/pdf/ahldén_2009.pdf,Included,patellar,continuous,instrumental laxity,25,2.60,3.30,,,,,,,,
,3,☑,"Ahldén et al., 2009",https://raw.githubusercontent.com/d-wkim/phd/refs/heads/main/data/pdf/ahldén_2009.pdf,https://github.com/d-wkim/phd/blob/main/data/pdf/ahldén_2009.pdf,Excluded,hamstring,continuous,ikdc,,,,,,,,,,,
18,3,☑,"Ahldén et al., 2009",https://raw.githubusercontent.com/d-wkim/phd/refs/heads/main/data/pdf/ahldén_2009.pdf,https://github.com/d-wkim/phd/blob/main/data/pdf/ahldén_2009.pdf,Included,hamstring,continuous,lysholm,22,79.16,13.35,49,,81,,100,,,
19,3,☑,"Ahldén et al., 2009",https://raw.githubusercontent.com/d-wkim/phd/refs/heads/main/data/pdf/ahldén_2009.pdf,https://github.com/d-wkim/phd/blob/main/data/pdf/ahldén_2009.pdf,Included,hamstring,continuous,tegner,22,4.86,1.31,2,,5,,7,,,
20,3,☑,"Ahldén et al., 2009",https://raw.githubusercontent.com/d-wkim/phd/refs/heads/main/data/pdf/ahldén_2009.pdf,https://github.com/d-wkim/phd/blob/main/data/pdf/ahldén_2009.pdf,Included,hamstring,continuous,instrumental laxity,22,1.40,2.60,,,,,,,,
,4,☑,"Akelman et al., 2016",https://raw.githubusercontent.com/d-wkim/phd/refs/heads/main/data/pdf/akelman_2016.pdf,https://github.com/d-wkim/phd/blob/main/data/pdf/akelman_2016.pdf,Excluded,patellar,continuous,instrumental laxity,,,,,,,,,,,
,4,☑,"Akelman et al., 2016",https://raw.githubusercontent.com/d-wkim/phd/refs/heads/main/data/pdf/akelman_2016.pdf,https://github.com/d-wkim/phd/blob/main/data/pdf/akelman_2016.pdf,Excluded,hamstring,continuous,instrumental laxity,,,,,,,,,,,
,5,☑,"Anderson et al., 2001",https://raw.githubusercontent.com/d-wkim/phd/refs/heads/main/data/pdf/anderson_2001.pdf,https://github.com/d-wkim/phd/blob/main/data/pdf/anderson_2001.pdf,Excluded,patellar,continuous,ikdc,,,,,,,,,,,
24,5,☑,"Anderson et al., 2001",https://raw.githubusercontent.com/d-wkim/phd/refs/heads/main/data/pdf/anderson_2001.pdf,https://github.com/d-wkim/phd/blob/main/data/pdf/anderson_2001.pdf,Included,patellar,continuous,instrumental laxity,35,2.10,2.00,,,,,,,,
25,5,☑,"Anderson et al., 2001",https://raw.githubusercontent.com/d-wkim/phd/refs/heads/main/data/pdf/anderson_2001.pdf,https://github.com/d-wkim/phd/blob/main/data/pdf/anderson_2001.pdf,Included,patellar,dichotomous,pivot shift,35,7,1.58,,,,,,,,
,5,☑,"Anderson et al., 2001",https://raw.githubusercontent.com/d-wkim/phd/refs/heads/main/data/pdf/anderson_2001.pdf,https://github.com/d-wkim/phd/blob/main/data/pdf/anderson_2001.pdf,Excluded,hamstring,continuous,ikdc,,,,,,,,,,,
27,5,☑,"Anderson et al., 2001",https://raw.githubusercontent.com/d-wkim/phd/refs/heads/main/data/pdf/anderson_2001.pdf,https://github.com/d-wkim/phd/blob/main/data/pdf/anderson_2001.pdf,Included,hamstring,continuous,instrumental laxity,33,3.10,2.30,,,,,,,,
28,5,☑,"Anderson et al., 2001",https://raw.githubusercontent.com/d-wkim/phd/refs/heads/main/data/pdf/anderson_2001.pdf,https://github.com/d-wkim/phd/blob/main/data/pdf/anderson_2001.pdf,Included,hamstring,dichotomous,pivot shift,33,8,1.95,,,,,,,,
25,6,☑,"Anz et al., 2023",https://raw.githubusercontent.com/d-wkim/phd/refs/heads/main/data/pdf/anz_2023.pdf,https://github.com/d-wkim/phd/blob/main/data/pdf/anz_2023.pdf,Included,patellar,dichotomous,graft rupture,16,0,0.13,,,,,,,,
26,6,☑,"Anz et al., 2023",https://raw.githubusercontent.com/d-wkim/phd/refs/heads/main/data/pdf/anz_2023.pdf,https://github.com/d-wkim/phd/blob/main/data/pdf/anz_2023.pdf,Included,hamstring,dichotomous,graft rupture,16,0,0.13,,,,,,,,
31,7,☑,"Aune et al., 2001",https://raw.githubusercontent.com/d-wkim/phd/refs/heads/main/data/pdf/aune_2001.pdf,https://github.com/d-wkim/phd/blob/main/data/pdf/aune_2001.pdf,Included,patellar,continuous,instrumental laxity,32,3.30,2.60,,,,,,,,
32,7,☑,"Aune et al., 2001",https://raw.githubusercontent.com/d-wkim/phd/refs/heads/main/data/pdf/aune_2001.pdf,https://github.com/d-wkim/phd/blob/main/data/pdf/aune_2001.pdf,Included,hamstring,continuous,instrumental laxity,29,2.90,2.40,,,,,,,,
33,9,☑,"Barenius et al., 2010",https://raw.githubusercontent.com/d-wkim/phd/refs/heads/main/data/pdf/barenius_2010.pdf,https://github.com/d-wkim/phd/blob/main/data/pdf/barenius_2010.pdf,Included,patellar,continuous,tegner,78,5.80,1.87,0,,6,,9,,,
34,9,☑,"Barenius et al., 2010",https://raw.githubusercontent.com/d-wkim/phd/refs/heads/main/data/pdf/barenius_2010.pdf,https://github.com/d-wkim/phd/blob/main/data/pdf/barenius_2010.pdf,Included,patellar,continuous,lysholm,78,85.82,11.83,43,,88,,100,,,
,9,☑,"Barenius et al., 2010",https://raw.githubusercontent.com/d-wkim/phd/refs/heads/main/data/pdf/barenius_2010.pdf,https://github.com/d-wkim/phd/blob/main/data/pdf/barenius_2010.pdf,Excluded,patellar,dichotomous,lachman,,,,,,,,,,,
,9,☑,"Barenius et al., 2010",https://raw.githubusercontent.com/d-wkim/phd/refs/heads/main/data/pdf/barenius_2010.pdf,https://github.com/d-wkim/phd/blob/main/data/pdf/barenius_2010.pdf,Excluded,patellar,dichotomous,pivot shift,,,,,,,,,,,
,9,☑,"Barenius et al., 2010",https://raw.githubusercontent.com/d-wkim/phd/refs/heads/main/data/pdf/barenius_2010.pdf,https://github.com/d-wkim/phd/blob/main/data/pdf/barenius_2010.pdf,Excluded,patellar,continuous,instrumental laxity,,,,,,,,,,,
38,9,☑,"Barenius et al., 2010",https://raw.githubusercontent.com/d-wkim/phd/refs/heads/main/data/pdf/barenius_2010.pdf,https://github.com/d-wkim/phd/blob/main/data/pdf/barenius_2010.pdf,Included,hamstring,continuous,tegner,75,4.07,1.88,0,,4,,9,,,
39,9,☑,"Barenius et al., 2010",https://raw.githubusercontent.com/d-wkim/phd/refs/heads/main/data/pdf/barenius_2010.pdf,https://github.com/d-wkim/phd/blob/main/data/pdf/barenius_2010.pdf,Included,hamstring,continuous,lysholm,75,86.42,12.53,40,,89,,100,,,
,9,☑,"Barenius et al., 2010",https://raw.githubusercontent.com/d-wkim/phd/refs/heads/main/data/pdf/barenius_2010.pdf,https://github.com/d-wkim/phd/blob/main/data/pdf/barenius_2010.pdf,Excluded,hamstring,dichotomous,lachman,,,,,,,,,,,
,9,☑,"Barenius et al., 2010",https://raw.githubusercontent.com/d-wkim/phd/refs/heads/main/data/pdf/barenius_2010.pdf,https://github.com/d-wkim/phd/blob/main/data/pdf/barenius_2010.pdf,Excluded,hamstring,dichotomous,pivot shift,,,,,,,,,,,
,9,☑,"Barenius et al., 2010",https://raw.githubusercontent.com/d-wkim/phd/refs/heads/main/data/pdf/barenius_2010.pdf,https://github.com/d-wkim/phd/blob/main/data/pdf/barenius_2010.pdf,Excluded,hamstring,continuous,instrumental laxity,,,,,,,,,,,
43,10,☑,"Barié et al., 2020",https://raw.githubusercontent.com/d-wkim/phd/refs/heads/main/data/pdf/barié_2020.pdf,https://github.com/d-wkim/phd/blob/main/data/pdf/barié_2020.pdf,Included,patellar,continuous,ikdc,43,91.00,7.30,,,,,,,,
44,10,☑,"Barié et al., 2020",https://raw.githubusercontent.com/d-wkim/phd/refs/heads/main/data/pdf/barié_2020.pdf,https://github.com/d-wkim/phd/blob/main/data/pdf/barié_2020.pdf,Included,patellar,continuous,lysholm,43,95.20,6.60,,,,,,,,
45,10,☑,"Barié et al., 2020",https://raw.githubusercontent.com/d-wkim/phd/refs/heads/main/data/pdf/barié_2020.pdf,https://github.com/d-wkim/phd/blob/main/data/pdf/barié_2020.pdf,Included,patellar,continuous,tegner,43,6.10,1.14,4,,6,,9,,,
46,10,☑,"Barié et al., 2020",https://raw.githubusercontent.com/d-wkim/phd/refs/heads/main/data/pdf/barié_2020.pdf,https://github.com/d-wkim/phd/blob/main/data/pdf/barié_2020.pdf,Included,patellar,continuous,instrumental laxity,43,1.05,1.36,,,,,,,,
47,10,☑,"Barié et al., 2020",https://raw.githubusercontent.com/d-wkim/phd/refs/heads/main/data/pdf/barié_2020.pdf,https://github.com/d-wkim/phd/blob/main/data/pdf/barié_2020.pdf,Included,quadriceps,continuous,ikdc,43,92.00,11.50,,,,,,,,
48,10,☑,"Barié et al., 2020",https://raw.githubusercontent.com/d-wkim/phd/refs/heads/main/data/pdf/barié_2020.pdf,https://github.com/d-wkim/phd/blob/main/data/pdf/barié_2020.pdf,Included,quadriceps,continuous,lysholm,43,95.60,7.80,,,,,,,,
49,10,☑,"Barié et al., 2020",https://raw.githubusercontent.com/d-wkim/phd/refs/heads/main/data/pdf/barié_2020.pdf,https://github.com/d-wkim/phd/blob/main/data/pdf/barié_2020.pdf,Included,quadriceps,continuous,tegner,43,6.10,1.14,4,,6,,9,,,
50,10,☑,"Barié et al., 2020",https://raw.githubusercontent.com/d-wkim/phd/refs/heads/main/data/pdf/barié_2020.pdf,https://github.com/d-wkim/phd/blob/main/data/pdf/barié_2020.pdf,Included,quadriceps,continuous,instrumental laxity,43,1.00,1.10,,,,,,,,
,11,☑,"Beynnon et al., 2002",https://raw.githubusercontent.com/d-wkim/phd/refs/heads/main/data/pdf/beynnon_2002.pdf,https://github.com/d-wkim/phd/blob/main/data/pdf/beynnon_2002.pdf,Excluded,patellar,continuous,ikdc,,,,,,,,,,,
,11,☑,"Beynnon et al., 2002",https://raw.githubusercontent.com/d-wkim/phd/refs/heads/main/data/pdf/beynnon_2002.pdf,https://github.com/d-wkim/phd/blob/main/data/pdf/beynnon_2002.pdf,Excluded,patellar,continuous,tegner,,,,,,,,,,,
,11,☑,"Beynnon et al., 2002",https://raw.githubusercontent.com/d-wkim/phd/refs/heads/main/data/pdf/beynnon_2002.pdf,https://github.com/d-wkim/phd/blob/main/data/pdf/beynnon_2002.pdf,Excluded,patellar,continuous,instrumental laxity,,,,,,,,,,,
54,11,☑,"Beynnon et al., 2002",https://raw.githubusercontent.com/d-wkim/phd/refs/heads/main/data/pdf/beynnon_2002.pdf,https://github.com/d-wkim/phd/blob/main/data/pdf/beynnon_2002.pdf,Included,patellar,dichotomous,pivot shift,22,0,0.11,,,,,,,,
55,11,☑,"Beynnon et al., 2002",https://raw.githubusercontent.com/d-wkim/phd/refs/heads/main/data/pdf/beynnon_2002.pdf,https://github.com/d-wkim/phd/blob/main/data/pdf/beynnon_2002.pdf,Included,patellar,dichotomous,lachman,22,2,0.59,,,,,,,,
,11,☑,"Beynnon et al., 2002",https://raw.githubusercontent.com/d-wkim/phd/refs/heads/main/data/pdf/beynnon_2002.pdf,https://github.com/d-wkim/phd/blob/main/data/pdf/beynnon_2002.pdf,Excluded,hamstring,continuous,ikdc,,,,,,,,,,,
,11,☑,"Beynnon et al., 2002",https://raw.githubusercontent.com/d-wkim/phd/refs/heads/main/data/pdf/beynnon_2002.pdf,https://github.com/d-wkim/phd/blob/main/data/pdf/beynnon_2002.pdf,Excluded,hamstring,continuous,tegner,,,,,,,,,,,
,11,☑,"Beynnon et al., 2002",https://raw.githubusercontent.com/d-wkim/phd/refs/heads/main/data/pdf/beynnon_2002.pdf,https://github.com/d-wkim/phd/blob/main/data/pdf/beynnon_2002.pdf,Excluded,hamstring,continuous,instrumental laxity,,,,,,,,,,,
59,11,☑,"Beynnon et al., 2002",https://raw.githubusercontent.com/d-wkim/phd/refs/heads/main/data/pdf/beynnon_2002.pdf,https://github.com/d-wkim/phd/blob/main/data/pdf/beynnon_2002.pdf,Included,hamstring,dichotomous,pivot shift,22,6,1.91,,,,,,,,
60,11,☑,"Beynnon et al., 2002",https://raw.githubusercontent.com/d-wkim/phd/refs/heads/main/data/pdf/beynnon_2002.pdf,https://github.com/d-wkim/phd/blob/main/data/pdf/beynnon_2002.pdf,Included,hamstring,dichotomous,lachman,22,13,7.04,,,,,,,,
61,12,☑,"Bi et al., 2018",https://raw.githubusercontent.com/d-wkim/phd/refs/heads/main/data/pdf/bi_2018.pdf,https://github.com/d-wkim/phd/blob/main/data/pdf/bi_2018.pdf,Included,hamstring,continuous,ikdc,62,90.40,7.10,,,,,,,,
62,12,☑,"Bi et al., 2018",https://raw.githubusercontent.com/d-wkim/phd/refs/heads/main/data/pdf/bi_2018.pdf,https://github.com/d-wkim/phd/blob/main/data/pdf/bi_2018.pdf,Included,hamstring,continuous,instrumental laxity,62,1.71,0.57,,,,,,,,
63,12,☑,"Bi et al., 2018",https://raw.githubusercontent.com/d-wkim/phd/refs/heads/main/data/pdf/bi_2018.pdf,https://github.com/d-wkim/phd/blob/main/data/pdf/bi_2018.pdf,Included,hamstring,dichotomous,pivot shift,62,0,0.06,,,,,,,,
62,12,☑,"Bi et al., 2018",https://raw.githubusercontent.com/d-wkim/phd/refs/heads/main/data/pdf/bi_2018.pdf,https://github.com/d-wkim/phd/blob/main/data/pdf/bi_2018.pdf,Excluded,hamstring,dichotomous,graft rupture,,,,,,,,,,,
65,12,☑,"Bi et al., 2018",https://raw.githubusercontent.com/d-wkim/phd/refs/heads/main/data/pdf/bi_2018.pdf,https://github.com/d-wkim/phd/blob/main/data/pdf/bi_2018.pdf,Included,peroneus,continuous,ikdc,62,89.30,8.40,,,,,,,,
66,12,☑,"Bi et al., 2018",https://raw.githubusercontent.com/d-wkim/phd/refs/heads/main/data/pdf/bi_2018.pdf,https://github.com/d-wkim/phd/blob/main/data/pdf/bi_2018.pdf,Included,peroneus,continuous,instrumental laxity,62,1.85,0.77,,,,,,,,
67,12,☑,"Bi et al., 2018",https://raw.githubusercontent.com/d-wkim/phd/refs/heads/main/data/pdf/bi_2018.pdf,https://github.com/d-wkim/phd/blob/main/data/pdf/bi_2018.pdf,Included,peroneus,dichotomous,pivot shift,62,0,0.06,,,,,,,,
66,12,☑,"Bi et al., 2018",https://raw.githubusercontent.com/d-wkim/phd/refs/heads/main/data/pdf/bi_2018.pdf,https://github.com/d-wkim/phd/blob/main/data/pdf/bi_2018.pdf,Excluded,peroneus,dichotomous,graft rupture,,,,,,,,,,,
,13,☑,"Björnsson et al., 2016",https://raw.githubusercontent.com/d-wkim/phd/refs/heads/main/data/pdf/björnsson_2016.pdf,https://github.com/d-wkim/phd/blob/main/data/pdf/björnsson_2016.pdf,Excluded,patellar,continuous,instrumental laxity,,,,,,,,,,,
70,13,☑,"Björnsson et al., 2016",https://raw.githubusercontent.com/d-wkim/phd/refs/heads/main/data/pdf/björnsson_2016.pdf,https://github.com/d-wkim/phd/blob/main/data/pdf/björnsson_2016.pdf,Included,patellar,dichotomous,lachman,61,7,1.08,,,,,,,,
71,13,☑,"Björnsson et al., 2016",https://raw.githubusercontent.com/d-wkim/phd/refs/heads/main/data/pdf/björnsson_2016.pdf,https://github.com/d-wkim/phd/blob/main/data/pdf/björnsson_2016.pdf,Included,patellar,dichotomous,pivot shift,61,12,1.99,,,,,,,,
72,13,☑,"Björnsson et al., 2016",https://raw.githubusercontent.com/d-wkim/phd/refs/heads/main/data/pdf/björnsson_2016.pdf,https://github.com/d-wkim/phd/blob/main/data/pdf/björnsson_2016.pdf,Included,patellar,continuous,ikdc,61,67.30,20.80,,,,,,,,
73,13,☑,"Björnsson et al., 2016",https://raw.githubusercontent.com/d-wkim/phd/refs/heads/main/data/pdf/björnsson_2016.pdf,https://github.com/d-wkim/phd/blob/main/data/pdf/björnsson_2016.pdf,Included,patellar,continuous,tegner,61,4.10,1.70,,,,,,,,
74,13,☑,"Björnsson et al., 2016",https://raw.githubusercontent.com/d-wkim/phd/refs/heads/main/data/pdf/björnsson_2016.pdf,https://github.com/d-wkim/phd/blob/main/data/pdf/björnsson_2016.pdf,Included,patellar,continuous,lysholm,61,79.40,16.90,,,,,,,,
,13,☑,"Björnsson et al., 2016",https://raw.githubusercontent.com/d-wkim/phd/refs/heads/main/data/pdf/björnsson_2016.pdf,https://github.com/d-wkim/phd/blob/main/data/pdf/björnsson_2016.pdf,Excluded,hamstring,continuous,instrumental laxity,,,,,,,,,,,
76,13,☑,"Björnsson et al., 2016",https://raw.githubusercontent.com/d-wkim/phd/refs/heads/main/data/pdf/björnsson_2016.pdf,https://github.com/d-wkim/phd/blob/main/data/pdf/björnsson_2016.pdf,Included,hamstring,dichotomous,lachman,86,20,2.88,,,,,,,,
77,13,☑,"Björnsson et al., 2016",https://raw.githubusercontent.com/d-wkim/phd/refs/heads/main/data/pdf/björnsson_2016.pdf,https://github.com/d-wkim/phd/blob/main/data/pdf/björnsson_2016.pdf,Included,hamstring,dichotomous,pivot shift,86,13,1.71,,,,,,,,
78,13,☑,"Björnsson et al., 2016",https://raw.githubusercontent.com/d-wkim/phd/refs/heads/main/data/pdf/björnsson_2016.pdf,https://github.com/d-wkim/phd/blob/main/data/pdf/björnsson_2016.pdf,Included,hamstring,continuous,ikdc,86,74.00,18.80,,,,,,,,
79,13,☑,"Björnsson et al., 2016",https://raw.githubusercontent.com/d-wkim/phd/refs/heads/main/data/pdf/björnsson_2016.pdf,https://github.com/d-wkim/phd/blob/main/data/pdf/björnsson_2016.pdf,Included,hamstring,continuous,tegner,86,4.00,1.70,,,,,,,,
80,13,☑,"Björnsson et al., 2016",https://raw.githubusercontent.com/d-wkim/phd/refs/heads/main/data/pdf/björnsson_2016.pdf,https://github.com/d-wkim/phd/blob/main/data/pdf/björnsson_2016.pdf,Included,hamstring,continuous,lysholm,86,80.70,15.30,,,,,,,,
81,14,☑,"Bottoni et al., 2015",https://raw.githubusercontent.com/d-wkim/phd/refs/heads/main/data/pdf/bottoni_2015.pdf,https://github.com/d-wkim/phd/blob/main/data/pdf/bottoni_2015.pdf,Included,hamstring,continuous,ikdc,44,79.50,24.70,,,,,,,,
82,14,☑,"Bottoni et al., 2015",https://raw.githubusercontent.com/d-wkim/phd/refs/heads/main/data/pdf/bottoni_2015.pdf,https://github.com/d-wkim/phd/blob/main/data/pdf/bottoni_2015.pdf,Included,hamstring,continuous,tegner,44,5.10,2.20,,,,,,,,
83,14,☑,"Bottoni et al., 2015",https://raw.githubusercontent.com/d-wkim/phd/refs/heads/main/data/pdf/bottoni_2015.pdf,https://github.com/d-wkim/phd/blob/main/data/pdf/bottoni_2015.pdf,Included,tibialis,continuous,ikdc,36,81.10,23.10,,,,,,,,
84,14,☑,"Bottoni et al., 2015",https://raw.githubusercontent.com/d-wkim/phd/refs/heads/main/data/pdf/bottoni_2015.pdf,https://github.com/d-wkim/phd/blob/main/data/pdf/bottoni_2015.pdf,Included,tibialis,continuous,tegner,36,5.10,2.00,,,,,,,,
,16,☑,"Breker et al., 2025",https://raw.githubusercontent.com/d-wkim/phd/refs/heads/main/data/pdf/breker_2025.pdf,https://github.com/d-wkim/phd/blob/main/data/pdf/breker_2025.pdf,Excluded,patellar,continuous,instrumental laxity,,,,,,,,,,,
,16,☑,"Breker et al., 2025",https://raw.githubusercontent.com/d-wkim/phd/refs/heads/main/data/pdf/breker_2025.pdf,https://github.com/d-wkim/phd/blob/main/data/pdf/breker_2025.pdf,Excluded,hamstring,continuous,instrumental laxity,,,,,,,,,,,
87,18,☑,"Butt et al., 2024",https://raw.githubusercontent.com/d-wkim/phd/refs/heads/main/data/pdf/butt_2024.pdf,https://github.com/d-wkim/phd/blob/main/data/pdf/butt_2024.pdf,Included,hamstring,continuous,lysholm,30,95.10,5.20,,,,,,,,
88,18,☑,"Butt et al., 2024",https://raw.githubusercontent.com/d-wkim/phd/refs/heads/main/data/pdf/butt_2024.pdf,https://github.com/d-wkim/phd/blob/main/data/pdf/butt_2024.pdf,Included,hamstring,continuous,ikdc,30,89.70,5.70,,,,,,,,
,18,☑,"Butt et al., 2024",https://raw.githubusercontent.com/d-wkim/phd/refs/heads/main/data/pdf/butt_2024.pdf,https://github.com/d-wkim/phd/blob/main/data/pdf/butt_2024.pdf,Excluded,hamstring,dichotomous,lachman,,,,,,,,,,,
,18,☑,"Butt et al., 2024",https://raw.githubusercontent.com/d-wkim/phd/refs/heads/main/data/pdf/butt_2024.pdf,https://github.com/d-wkim/phd/blob/main/data/pdf/butt_2024.pdf,Excluded,hamstring,dichotomous,pivot shift,,,,,,,,,,,
91,18,☑,"Butt et al., 2024",https://raw.githubusercontent.com/d-wkim/phd/refs/heads/main/data/pdf/butt_2024.pdf,https://github.com/d-wkim/phd/blob/main/data/pdf/butt_2024.pdf,Included,peroneus,continuous,lysholm,30,94.50,6.40,,,,,,,,
92,18,☑,"Butt et al., 2024",https://raw.githubusercontent.com/d-wkim/phd/refs/heads/main/data/pdf/butt_2024.pdf,https://github.com/d-wkim/phd/blob/main/data/pdf/butt_2024.pdf,Included,peroneus,continuous,ikdc,30,89.90,9.80,,,,,,,,
,18,☑,"Butt et al., 2024",https://raw.githubusercontent.com/d-wkim/phd/refs/heads/main/data/pdf/butt_2024.pdf,https://github.com/d-wkim/phd/blob/main/data/pdf/butt_2024.pdf,Excluded,peroneus,dichotomous,lachman,,,,,,,,,,,
,18,☑,"Butt et al., 2024",https://raw.githubusercontent.com/d-wkim/phd/refs/heads/main/data/pdf/butt_2024.pdf,https://github.com/d-wkim/phd/blob/main/data/pdf/butt_2024.pdf,Excluded,peroneus,dichotomous,pivot shift,,,,,,,,,,,
95,19,☑,"Calvert et al., 2025",https://raw.githubusercontent.com/d-wkim/phd/refs/heads/main/data/pdf/calvert_2025.pdf,https://github.com/d-wkim/phd/blob/main/data/pdf/calvert_2025.pdf,Included,hamstring,continuous,ikdc,92,92.00,8.00,,,,,,,,
96,19,☑,"Calvert et al., 2025",https://raw.githubusercontent.com/d-wkim/phd/refs/heads/main/data/pdf/calvert_2025.pdf,https://github.com/d-wkim/phd/blob/main/data/pdf/calvert_2025.pdf,Included,hamstring,continuous,lysholm,92,94.00,7,,,,,,,,
97,19,☑,"Calvert et al., 2025",https://raw.githubusercontent.com/d-wkim/phd/refs/heads/main/data/pdf/calvert_2025.pdf,https://github.com/d-wkim/phd/blob/main/data/pdf/calvert_2025.pdf,Included,quadriceps,continuous,ikdc,89,89.00,10.00,,,,,,,,
98,19,☑,"Calvert et al., 2025",https://raw.githubusercontent.com/d-wkim/phd/refs/heads/main/data/pdf/calvert_2025.pdf,https://github.com/d-wkim/phd/blob/main/data/pdf/calvert_2025.pdf,Included,quadriceps,continuous,lysholm,89,93.00,8.00,,,,,,,,
93,22,☐,"Cruz et al., 2022",https://raw.githubusercontent.com/d-wkim/phd/refs/heads/main/data/pdf/cruz_2022.pdf,https://github.com/d-wkim/phd/blob/main/data/pdf/cruz_2022.pdf,Included,hamstring,dichotomous,graft rupture,,,,,,,,,,,
94,22,☐,"Cruz et al., 2022",https://raw.githubusercontent.com/d-wkim/phd/refs/heads/main/data/pdf/cruz_2022.pdf,https://github.com/d-wkim/phd/blob/main/data/pdf/cruz_2022.pdf,Included,tibialis,dichotomous,graft rupture,,,,,,,,,,,
101,23,☑,"Ejerhed et al., 2003",https://raw.githubusercontent.com/d-wkim/phd/refs/heads/main/data/pdf/ejerhed_2003.pdf,https://github.com/d-wkim/phd/blob/main/data/pdf/ejerhed_2003.pdf,Included,patellar,continuous,tegner,32,5.77,1.94,1,,6,,9,,,
102,23,☑,"Ejerhed et al., 2003",https://raw.githubusercontent.com/d-wkim/phd/refs/heads/main/data/pdf/ejerhed_2003.pdf,https://github.com/d-wkim/phd/blob/main/data/pdf/ejerhed_2003.pdf,Included,patellar,continuous,lysholm,32,89.96,13.06,46,,95,,100,,,
103,23,☑,"Ejerhed et al., 2003",https://raw.githubusercontent.com/d-wkim/phd/refs/heads/main/data/pdf/ejerhed_2003.pdf,https://github.com/d-wkim/phd/blob/main/data/pdf/ejerhed_2003.pdf,Included,patellar,continuous,instrumental laxity,32,2.29,3.99,-5,,2,,11.5,,,
104,23,☑,"Ejerhed et al., 2003",https://raw.githubusercontent.com/d-wkim/phd/refs/heads/main/data/pdf/ejerhed_2003.pdf,https://github.com/d-wkim/phd/blob/main/data/pdf/ejerhed_2003.pdf,Included,patellar,dichotomous,lachman,32,15,5.16,,,,,,,,
105,23,☑,"Ejerhed et al., 2003",https://raw.githubusercontent.com/d-wkim/phd/refs/heads/main/data/pdf/ejerhed_2003.pdf,https://github.com/d-wkim/phd/blob/main/data/pdf/ejerhed_2003.pdf,Included,hamstring,continuous,tegner,34,6.39,1.43,3,,6.5,,9,,,
106,23,☑,"Ejerhed et al., 2003",https://raw.githubusercontent.com/d-wkim/phd/refs/heads/main/data/pdf/ejerhed_2003.pdf,https://github.com/d-wkim/phd/blob/main/data/pdf/ejerhed_2003.pdf,Included,hamstring,continuous,lysholm,34,86.79,11.71,51,,90,,100,,,
107,23,☑,"Ejerhed et al., 2003",https://raw.githubusercontent.com/d-wkim/phd/refs/heads/main/data/pdf/ejerhed_2003.pdf,https://github.com/d-wkim/phd/blob/main/data/pdf/ejerhed_2003.pdf,Included,hamstring,continuous,instrumental laxity,34,2.47,3.47,-4,,2.25,,10.5,,,
108,23,☑,"Ejerhed et al., 2003",https://raw.githubusercontent.com/d-wkim/phd/refs/heads/main/data/pdf/ejerhed_2003.pdf,https://github.com/d-wkim/phd/blob/main/data/pdf/ejerhed_2003.pdf,Included,hamstring,dichotomous,lachman,34,14,4.23,,,,,,,,
109,25,☑,"Eriksson et al., 2006",https://raw.githubusercontent.com/d-wkim/phd/refs/heads/main/data/pdf/eriksson_2006.pdf,https://github.com/d-wkim/phd/blob/main/data/pdf/eriksson_2006.pdf,Included,patellar,continuous,instrumental laxity,42,0.95,0.91,,,,,,,,
110,25,☑,"Eriksson et al., 2006",https://raw.githubusercontent.com/d-wkim/phd/refs/heads/main/data/pdf/eriksson_2006.pdf,https://github.com/d-wkim/phd/blob/main/data/pdf/eriksson_2006.pdf,Included,patellar,dichotomous,pivot shift,42,2,0.41,,,,,,,,
111,25,☑,"Eriksson et al., 2006",https://raw.githubusercontent.com/d-wkim/phd/refs/heads/main/data/pdf/eriksson_2006.pdf,https://github.com/d-wkim/phd/blob/main/data/pdf/eriksson_2006.pdf,Included,hamstring,continuous,instrumental laxity,47,1.10,0.95,,,,,,,,
112,25,☑,"Eriksson et al., 2006",https://raw.githubusercontent.com/d-wkim/phd/refs/heads/main/data/pdf/eriksson_2006.pdf,https://github.com/d-wkim/phd/blob/main/data/pdf/eriksson_2006.pdf,Included,hamstring,dichotomous,pivot shift,47,9,1.71,,,,,,,,
,26,☑,"Feller & Webster, 2003",https://raw.githubusercontent.com/d-wkim/phd/refs/heads/main/data/pdf/feller_webster_2003.pdf,https://github.com/d-wkim/phd/blob/main/data/pdf/feller_webster_2003.pdf,Excluded,patellar,continuous,ikdc,,,,,,,,,,,
114,26,☑,"Feller & Webster, 2003",https://raw.githubusercontent.com/d-wkim/phd/refs/heads/main/data/pdf/feller_webster_2003.pdf,https://github.com/d-wkim/phd/blob/main/data/pdf/feller_webster_2003.pdf,Included,patellar,continuous,instrumental laxity,27,0.50,1.00,,,,,,,,
115,26,☑,"Feller & Webster, 2003",https://raw.githubusercontent.com/d-wkim/phd/refs/heads/main/data/pdf/feller_webster_2003.pdf,https://github.com/d-wkim/phd/blob/main/data/pdf/feller_webster_2003.pdf,Included,patellar,dichotomous,pivot shift,27,0,0.10,,,,,,,,
116,26,☑,"Feller & Webster, 2003",https://raw.githubusercontent.com/d-wkim/phd/refs/heads/main/data/pdf/feller_webster_2003.pdf,https://github.com/d-wkim/phd/blob/main/data/pdf/feller_webster_2003.pdf,Included,patellar,dichotomous,lachman,27,1,0.30,,,,,,,,
,26,☑,"Feller & Webster, 2003",https://raw.githubusercontent.com/d-wkim/phd/refs/heads/main/data/pdf/feller_webster_2003.pdf,https://github.com/d-wkim/phd/blob/main/data/pdf/feller_webster_2003.pdf,Excluded,hamstring,continuous,ikdc,,,,,,,,,,,
118,26,☑,"Feller & Webster, 2003",https://raw.githubusercontent.com/d-wkim/phd/refs/heads/main/data/pdf/feller_webster_2003.pdf,https://github.com/d-wkim/phd/blob/main/data/pdf/feller_webster_2003.pdf,Included,hamstring,continuous,instrumental laxity,21,1.10,1.20,,,,,,,,
119,26,☑,"Feller & Webster, 2003",https://raw.githubusercontent.com/d-wkim/phd/refs/heads/main/data/pdf/feller_webster_2003.pdf,https://github.com/d-wkim/phd/blob/main/data/pdf/feller_webster_2003.pdf,Included,hamstring,dichotomous,pivot shift,21,5,1.58,,,,,,,,
120,26,☑,"Feller & Webster, 2003",https://raw.githubusercontent.com/d-wkim/phd/refs/heads/main/data/pdf/feller_webster_2003.pdf,https://github.com/d-wkim/phd/blob/main/data/pdf/feller_webster_2003.pdf,Included,hamstring,dichotomous,lachman,21,0,0.11,,,,,,,,
,28,☑,"Gerber et al., 2007",https://raw.githubusercontent.com/d-wkim/phd/refs/heads/main/data/pdf/gerber_2007.pdf,https://github.com/d-wkim/phd/blob/main/data/pdf/gerber_2007.pdf,Excluded,patellar,continuous,instrumental laxity,,,,,,,,,,,
,28,☑,"Gerber et al., 2007",https://raw.githubusercontent.com/d-wkim/phd/refs/heads/main/data/pdf/gerber_2007.pdf,https://github.com/d-wkim/phd/blob/main/data/pdf/gerber_2007.pdf,Excluded,hamstring,continuous,instrumental laxity,,,,,,,,,,,
,30,☑,"Gifstad et al., 2013",https://raw.githubusercontent.com/d-wkim/phd/refs/heads/main/data/pdf/gifstad_2013.pdf,https://github.com/d-wkim/phd/blob/main/data/pdf/gifstad_2013.pdf,Excluded,patellar,continuous,tegner,,,,,,,,,,,
,30,☑,"Gifstad et al., 2013",https://raw.githubusercontent.com/d-wkim/phd/refs/heads/main/data/pdf/gifstad_2013.pdf,https://github.com/d-wkim/phd/blob/main/data/pdf/gifstad_2013.pdf,Excluded,patellar,continuous,lysholm,,,,,,,,,,,
125,30,☑,"Gifstad et al., 2013",https://raw.githubusercontent.com/d-wkim/phd/refs/heads/main/data/pdf/gifstad_2013.pdf,https://github.com/d-wkim/phd/blob/main/data/pdf/gifstad_2013.pdf,Included,patellar,continuous,instrumental laxity,41,1.40,1.80,,,,,,,,
126,30,☑,"Gifstad et al., 2013",https://raw.githubusercontent.com/d-wkim/phd/refs/heads/main/data/pdf/gifstad_2013.pdf,https://github.com/d-wkim/phd/blob/main/data/pdf/gifstad_2013.pdf,Included,patellar,dichotomous,lachman,41,1,0.24,,,,,,,,
,30,☑,"Gifstad et al., 2013",https://raw.githubusercontent.com/d-wkim/phd/refs/heads/main/data/pdf/gifstad_2013.pdf,https://github.com/d-wkim/phd/blob/main/data/pdf/gifstad_2013.pdf,Excluded,hamstring,continuous,tegner,,,,,,,,,,,
,30,☑,"Gifstad et al., 2013",https://raw.githubusercontent.com/d-wkim/phd/refs/heads/main/data/pdf/gifstad_2013.pdf,https://github.com/d-wkim/phd/blob/main/data/pdf/gifstad_2013.pdf,Excluded,hamstring,continuous,lysholm,,,,,,,,,,,
129,30,☑,"Gifstad et al., 2013",https://raw.githubusercontent.com/d-wkim/phd/refs/heads/main/data/pdf/gifstad_2013.pdf,https://github.com/d-wkim/phd/blob/main/data/pdf/gifstad_2013.pdf,Included,hamstring,continuous,instrumental laxity,36,1.40,1.40,,,,,,,,
130,30,☑,"Gifstad et al., 2013",https://raw.githubusercontent.com/d-wkim/phd/refs/heads/main/data/pdf/gifstad_2013.pdf,https://github.com/d-wkim/phd/blob/main/data/pdf/gifstad_2013.pdf,Included,hamstring,dichotomous,lachman,36,1,0.26,,,,,,,,
,31,☑,"Gobbi & Francisco, 2006",https://raw.githubusercontent.com/d-wkim/phd/refs/heads/main/data/pdf/gobbi_francisco_2006.pdf,https://github.com/d-wkim/phd/blob/main/data/pdf/gobbi_francisco_2006.pdf,Excluded,patellar,continuous,ikdc,,,,,,,,,,,
,31,☑,"Gobbi & Francisco, 2006",https://raw.githubusercontent.com/d-wkim/phd/refs/heads/main/data/pdf/gobbi_francisco_2006.pdf,https://github.com/d-wkim/phd/blob/main/data/pdf/gobbi_francisco_2006.pdf,Excluded,patellar,continuous,tegner,,,,,,,,,,,
,31,☑,"Gobbi & Francisco, 2006",https://raw.githubusercontent.com/d-wkim/phd/refs/heads/main/data/pdf/gobbi_francisco_2006.pdf,https://github.com/d-wkim/phd/blob/main/data/pdf/gobbi_francisco_2006.pdf,Excluded,patellar,continuous,lysholm,,,,,,,,,,,
,31,☑,"Gobbi & Francisco, 2006",https://raw.githubusercontent.com/d-wkim/phd/refs/heads/main/data/pdf/gobbi_francisco_2006.pdf,https://github.com/d-wkim/phd/blob/main/data/pdf/gobbi_francisco_2006.pdf,Excluded,patellar,continuous,instrumental laxity,,,,,,,,,,,
,31,☑,"Gobbi & Francisco, 2006",https://raw.githubusercontent.com/d-wkim/phd/refs/heads/main/data/pdf/gobbi_francisco_2006.pdf,https://github.com/d-wkim/phd/blob/main/data/pdf/gobbi_francisco_2006.pdf,Excluded,hamstring,continuous,ikdc,,,,,,,,,,,
,31,☑,"Gobbi & Francisco, 2006",https://raw.githubusercontent.com/d-wkim/phd/refs/heads/main/data/pdf/gobbi_francisco_2006.pdf,https://github.com/d-wkim/phd/blob/main/data/pdf/gobbi_francisco_2006.pdf,Excluded,hamstring,continuous,tegner,,,,,,,,,,,
,31,☑,"Gobbi & Francisco, 2006",https://raw.githubusercontent.com/d-wkim/phd/refs/heads/main/data/pdf/gobbi_francisco_2006.pdf,https://github.com/d-wkim/phd/blob/main/data/pdf/gobbi_francisco_2006.pdf,Excluded,hamstring,continuous,lysholm,,,,,,,,,,,
,31,☑,"Gobbi & Francisco, 2006",https://raw.githubusercontent.com/d-wkim/phd/refs/heads/main/data/pdf/gobbi_francisco_2006.pdf,https://github.com/d-wkim/phd/blob/main/data/pdf/gobbi_francisco_2006.pdf,Excluded,hamstring,continuous,instrumental laxity,,,,,,,,,,,
139,32,☑,"Guglielmetti et al., 2021",https://raw.githubusercontent.com/d-wkim/phd/refs/heads/main/data/pdf/guglielmetti_2021.pdf,https://github.com/d-wkim/phd/blob/main/data/pdf/guglielmetti_2021.pdf,Included,patellar,continuous,ikdc,31,88.75,9.27,,,,,,,,
140,32,☑,"Guglielmetti et al., 2021",https://raw.githubusercontent.com/d-wkim/phd/refs/heads/main/data/pdf/guglielmetti_2021.pdf,https://github.com/d-wkim/phd/blob/main/data/pdf/guglielmetti_2021.pdf,Included,patellar,continuous,lysholm,31,89.87,9.17,,,,,,,,
141,32,☑,"Guglielmetti et al., 2021",https://raw.githubusercontent.com/d-wkim/phd/refs/heads/main/data/pdf/guglielmetti_2021.pdf,https://github.com/d-wkim/phd/blob/main/data/pdf/guglielmetti_2021.pdf,Included,patellar,dichotomous,pivot shift,31,2,0.48,,,,,,,,
142,32,☑,"Guglielmetti et al., 2021",https://raw.githubusercontent.com/d-wkim/phd/refs/heads/main/data/pdf/guglielmetti_2021.pdf,https://github.com/d-wkim/phd/blob/main/data/pdf/guglielmetti_2021.pdf,Included,patellar,dichotomous,lachman,31,2,0.48,,,,,,,,
143,32,☑,"Guglielmetti et al., 2021",https://raw.githubusercontent.com/d-wkim/phd/refs/heads/main/data/pdf/guglielmetti_2021.pdf,https://github.com/d-wkim/phd/blob/main/data/pdf/guglielmetti_2021.pdf,Included,hamstring,continuous,ikdc,31,91.00,9.07,,,,,,,,
144,32,☑,"Guglielmetti et al., 2021",https://raw.githubusercontent.com/d-wkim/phd/refs/heads/main/data/pdf/guglielmetti_2021.pdf,https://github.com/d-wkim/phd/blob/main/data/pdf/guglielmetti_2021.pdf,Included,hamstring,continuous,lysholm,31,91.26,9.36,,,,,,,,
145,32,☑,"Guglielmetti et al., 2021",https://raw.githubusercontent.com/d-wkim/phd/refs/heads/main/data/pdf/guglielmetti_2021.pdf,https://github.com/d-wkim/phd/blob/main/data/pdf/guglielmetti_2021.pdf,Included,hamstring,dichotomous,pivot shift,31,3,0.70,,,,,,,,
146,32,☑,"Guglielmetti et al., 2021",https://raw.githubusercontent.com/d-wkim/phd/refs/heads/main/data/pdf/guglielmetti_2021.pdf,https://github.com/d-wkim/phd/blob/main/data/pdf/guglielmetti_2021.pdf,Included,hamstring,dichotomous,lachman,31,3,0.70,,,,,,,,
,33,☑,"Harilainen et al., 2006",https://raw.githubusercontent.com/d-wkim/phd/refs/heads/main/data/pdf/harilainen_2006.pdf,https://github.com/d-wkim/phd/blob/main/data/pdf/harilainen_2006.pdf,Excluded,patellar,continuous,ikdc,,,,,,,,,,,
148,33,☑,"Harilainen et al., 2006",https://raw.githubusercontent.com/d-wkim/phd/refs/heads/main/data/pdf/harilainen_2006.pdf,https://github.com/d-wkim/phd/blob/main/data/pdf/harilainen_2006.pdf,Included,patellar,continuous,tegner,37,5.89,2.12,1,,6,,10,,,
,,☑,"Harilainen et al., 2006",https://raw.githubusercontent.com/d-wkim/phd/refs/heads/main/data/pdf/harilainen_2006.pdf,https://github.com/d-wkim/phd/blob/main/data/pdf/harilainen_2006.pdf,Included,patellar,continuous,lysholm,37,89.11,15.53,34,,95,,100,,,
150,33,☑,"Harilainen et al., 2006",https://raw.githubusercontent.com/d-wkim/phd/refs/heads/main/data/pdf/harilainen_2006.pdf,https://github.com/d-wkim/phd/blob/main/data/pdf/harilainen_2006.pdf,Included,patellar,continuous,instrumental laxity,37,1.50,3.00,,,,,,,,
151,33,☑,"Harilainen et al., 2006",https://raw.githubusercontent.com/d-wkim/phd/refs/heads/main/data/pdf/harilainen_2006.pdf,https://github.com/d-wkim/phd/blob/main/data/pdf/harilainen_2006.pdf,Included,patellar,dichotomous,pivot shift,37,0,0.08,,,,,,,,
152,33,☑,"Harilainen et al., 2006",https://raw.githubusercontent.com/d-wkim/phd/refs/heads/main/data/pdf/harilainen_2006.pdf,https://github.com/d-wkim/phd/blob/main/data/pdf/harilainen_2006.pdf,Included,patellar,dichotomous,lachman,37,0,0.08,,,,,,,,
,33,☑,"Harilainen et al., 2006",https://raw.githubusercontent.com/d-wkim/phd/refs/heads/main/data/pdf/harilainen_2006.pdf,https://github.com/d-wkim/phd/blob/main/data/pdf/harilainen_2006.pdf,Excluded,hamstring,continuous,ikdc,,,,,,,,,,,
,,☑,"Harilainen et al., 2006",https://raw.githubusercontent.com/d-wkim/phd/refs/heads/main/data/pdf/harilainen_2006.pdf,https://github.com/d-wkim/phd/blob/main/data/pdf/harilainen_2006.pdf,Included,hamstring,continuous,lysholm,37,95.00,15.53,34,,95,,100,,,
155,33,☑,"Harilainen et al., 2006",https://raw.githubusercontent.com/d-wkim/phd/refs/heads/main/data/pdf/harilainen_2006.pdf,https://github.com/d-wkim/phd/blob/main/data/pdf/harilainen_2006.pdf,Included,hamstring,continuous,tegner,37,6.00,1.41,3,,6,,9,,,
156,33,☑,"Harilainen et al., 2006",https://raw.githubusercontent.com/d-wkim/phd/refs/heads/main/data/pdf/harilainen_2006.pdf,https://github.com/d-wkim/phd/blob/main/data/pdf/harilainen_2006.pdf,Included,hamstring,continuous,instrumental laxity,37,1.20,3.90,,,,,,,,
157,33,☑,"Harilainen et al., 2006",https://raw.githubusercontent.com/d-wkim/phd/refs/heads/main/data/pdf/harilainen_2006.pdf,https://github.com/d-wkim/phd/blob/main/data/pdf/harilainen_2006.pdf,Included,hamstring,dichotomous,pivot shift,37,1,0.25,,,,,,,,
158,33,☑,"Harilainen et al., 2006",https://raw.githubusercontent.com/d-wkim/phd/refs/heads/main/data/pdf/harilainen_2006.pdf,https://github.com/d-wkim/phd/blob/main/data/pdf/harilainen_2006.pdf,Included,hamstring,dichotomous,lachman,37,1,0.25,,,,,,,,
159,34,☑,"Heijne & Werner, 2010",https://raw.githubusercontent.com/d-wkim/phd/refs/heads/main/data/pdf/heijne_werner_2010.pdf,https://github.com/d-wkim/phd/blob/main/data/pdf/heijne_werner_2010.pdf,Included,patellar,continuous,tegner,30,6.64,2.21,1,,7,,10,,,
,34,☑,"Heijne & Werner, 2010",https://raw.githubusercontent.com/d-wkim/phd/refs/heads/main/data/pdf/heijne_werner_2010.pdf,https://github.com/d-wkim/phd/blob/main/data/pdf/heijne_werner_2010.pdf,Excluded,patellar,continuous,instrumental laxity,,,,,,,,,,,
161,34,☑,"Heijne & Werner, 2010",https://raw.githubusercontent.com/d-wkim/phd/refs/heads/main/data/pdf/heijne_werner_2010.pdf,https://github.com/d-wkim/phd/blob/main/data/pdf/heijne_werner_2010.pdf,Included,patellar,dichotomous,pivot shift,30,3,0.71,,,,,,,,
162,34,☑,"Heijne & Werner, 2010",https://raw.githubusercontent.com/d-wkim/phd/refs/heads/main/data/pdf/heijne_werner_2010.pdf,https://github.com/d-wkim/phd/blob/main/data/pdf/heijne_werner_2010.pdf,Included,hamstring,continuous,tegner,29,5.00,1.48,2,,5,,8,,,
,34,☑,"Heijne & Werner, 2010",https://raw.githubusercontent.com/d-wkim/phd/refs/heads/main/data/pdf/heijne_werner_2010.pdf,https://github.com/d-wkim/phd/blob/main/data/pdf/heijne_werner_2010.pdf,Excluded,hamstring,continuous,instrumental laxity,,,,,,,,,,,
164,34,☑,"Heijne & Werner, 2010",https://raw.githubusercontent.com/d-wkim/phd/refs/heads/main/data/pdf/heijne_werner_2010.pdf,https://github.com/d-wkim/phd/blob/main/data/pdf/heijne_werner_2010.pdf,Included,hamstring,dichotomous,pivot shift,29,8,2.18,,,,,,,,
165,35,☑,"Holm et al., 2010",https://raw.githubusercontent.com/d-wkim/phd/refs/heads/main/data/pdf/holm_2010.pdf,https://github.com/d-wkim/phd/blob/main/data/pdf/holm_2010.pdf,Included,patellar,continuous,instrumental laxity,28,3.00,3.20,,,,,,,,
166,35,☑,"Holm et al., 2010",https://raw.githubusercontent.com/d-wkim/phd/refs/heads/main/data/pdf/holm_2010.pdf,https://github.com/d-wkim/phd/blob/main/data/pdf/holm_2010.pdf,Included,patellar,continuous,lysholm,28,84.20,15.40,,,,,,,,
167,35,☑,"Holm et al., 2010",https://raw.githubusercontent.com/d-wkim/phd/refs/heads/main/data/pdf/holm_2010.pdf,https://github.com/d-wkim/phd/blob/main/data/pdf/holm_2010.pdf,Included,hamstring,continuous,instrumental laxity,29,2.00,3.50,,,,,,,,
168,35,☑,"Holm et al., 2010",https://raw.githubusercontent.com/d-wkim/phd/refs/heads/main/data/pdf/holm_2010.pdf,https://github.com/d-wkim/phd/blob/main/data/pdf/holm_2010.pdf,Included,hamstring,continuous,lysholm,29,86.10,15.10,,,,,,,,
169,36,☑,"Horstmann et al., 2022",https://raw.githubusercontent.com/d-wkim/phd/refs/heads/main/data/pdf/horstmann_2022.pdf,https://github.com/d-wkim/phd/blob/main/data/pdf/horstmann_2022.pdf,Included,hamstring,continuous,ikdc,26,83.70,12.70,,,,,,,,
170,36,☑,"Horstmann et al., 2022",https://raw.githubusercontent.com/d-wkim/phd/refs/heads/main/data/pdf/horstmann_2022.pdf,https://github.com/d-wkim/phd/blob/main/data/pdf/horstmann_2022.pdf,Included,hamstring,continuous,lysholm,26,83.50,17.40,,,,,,,,
171,36,☑,"Horstmann et al., 2022",https://raw.githubusercontent.com/d-wkim/phd/refs/heads/main/data/pdf/horstmann_2022.pdf,https://github.com/d-wkim/phd/blob/main/data/pdf/horstmann_2022.pdf,Included,hamstring,continuous,instrumental laxity,26,0.20,2.20,,,,,,,,
172,36,☑,"Horstmann et al., 2022",https://raw.githubusercontent.com/d-wkim/phd/refs/heads/main/data/pdf/horstmann_2022.pdf,https://github.com/d-wkim/phd/blob/main/data/pdf/horstmann_2022.pdf,Included,hamstring,dichotomous,pivot shift,26,0,0.10,,,,,,,,
173,36,☑,"Horstmann et al., 2022",https://raw.githubusercontent.com/d-wkim/phd/refs/heads/main/data/pdf/horstmann_2022.pdf,https://github.com/d-wkim/phd/blob/main/data/pdf/horstmann_2022.pdf,Included,quadriceps,continuous,ikdc,23,89.30,12.20,,,,,,,,
174,36,☑,"Horstmann et al., 2022",https://raw.githubusercontent.com/d-wkim/phd/refs/heads/main/data/pdf/horstmann_2022.pdf,https://github.com/d-wkim/phd/blob/main/data/pdf/horstmann_2022.pdf,Included,quadriceps,continuous,lysholm,23,90.40,11.90,,,,,,,,
175,36,☑,"Horstmann et al., 2022",https://raw.githubusercontent.com/d-wkim/phd/refs/heads/main/data/pdf/horstmann_2022.pdf,https://github.com/d-wkim/phd/blob/main/data/pdf/horstmann_2022.pdf,Included,quadriceps,continuous,instrumental laxity,23,0.70,1.10,,,,,,,,
176,36,☑,"Horstmann et al., 2022",https://raw.githubusercontent.com/d-wkim/phd/refs/heads/main/data/pdf/horstmann_2022.pdf,https://github.com/d-wkim/phd/blob/main/data/pdf/horstmann_2022.pdf,Included,quadriceps,dichotomous,pivot shift,23,0,0.10,,,,,,,,
177,37,☑,"Ibrahim et al., 2005",https://raw.githubusercontent.com/d-wkim/phd/refs/heads/main/data/pdf/ibrahim_2005.pdf,https://github.com/d-wkim/phd/blob/main/data/pdf/ibrahim_2005.pdf,Included,patellar,dichotomous,lachman,40,5,0.99,,,,,,,,
178,37,☑,"Ibrahim et al., 2005",https://raw.githubusercontent.com/d-wkim/phd/refs/heads/main/data/pdf/ibrahim_2005.pdf,https://github.com/d-wkim/phd/blob/main/data/pdf/ibrahim_2005.pdf,Included,patellar,continuous,lysholm,40,91.60,3.94,79,,,,96,,,
,37,☑,"Ibrahim et al., 2005",https://raw.githubusercontent.com/d-wkim/phd/refs/heads/main/data/pdf/ibrahim_2005.pdf,https://github.com/d-wkim/phd/blob/main/data/pdf/ibrahim_2005.pdf,Excluded,patellar,continuous,instrumental laxity,,,,,,,,,,,
180,37,☑,"Ibrahim et al., 2005",https://raw.githubusercontent.com/d-wkim/phd/refs/heads/main/data/pdf/ibrahim_2005.pdf,https://github.com/d-wkim/phd/blob/main/data/pdf/ibrahim_2005.pdf,Included,patellar,dichotomous,pivot shift,40,5,0.99,,,,,,,,
181,37,☑,"Ibrahim et al., 2005",https://raw.githubusercontent.com/d-wkim/phd/refs/heads/main/data/pdf/ibrahim_2005.pdf,https://github.com/d-wkim/phd/blob/main/data/pdf/ibrahim_2005.pdf,Included,hamstring,dichotomous,lachman,46,7,1.30,,,,,,,,
182,37,☑,"Ibrahim et al., 2005",https://raw.githubusercontent.com/d-wkim/phd/refs/heads/main/data/pdf/ibrahim_2005.pdf,https://github.com/d-wkim/phd/blob/main/data/pdf/ibrahim_2005.pdf,Included,hamstring,continuous,lysholm,46,92.70,3.62,81,,,,97,,,
,37,☑,"Ibrahim et al., 2005",https://raw.githubusercontent.com/d-wkim/phd/refs/heads/main/data/pdf/ibrahim_2005.pdf,https://github.com/d-wkim/phd/blob/main/data/pdf/ibrahim_2005.pdf,Excluded,hamstring,continuous,instrumental laxity,,,,,,,,,,,
184,37,☑,"Ibrahim et al., 2005",https://raw.githubusercontent.com/d-wkim/phd/refs/heads/main/data/pdf/ibrahim_2005.pdf,https://github.com/d-wkim/phd/blob/main/data/pdf/ibrahim_2005.pdf,Included,hamstring,dichotomous,pivot shift,45,8,1.54,,,,,,,,
185,38,☑,"Iliopoulos et al., 2017",https://raw.githubusercontent.com/d-wkim/phd/refs/heads/main/data/pdf/iliopoulos_2017.pdf,https://github.com/d-wkim/phd/blob/main/data/pdf/iliopoulos_2017.pdf,Included,patellar,continuous,ikdc,45,83.20,2.80,,,,,,,,
186,38,☑,"Iliopoulos et al., 2017",https://raw.githubusercontent.com/d-wkim/phd/refs/heads/main/data/pdf/iliopoulos_2017.pdf,https://github.com/d-wkim/phd/blob/main/data/pdf/iliopoulos_2017.pdf,Included,patellar,continuous,lysholm,45,95.80,2.40,,,,,,,,
,38,☑,"Iliopoulos et al., 2017",https://raw.githubusercontent.com/d-wkim/phd/refs/heads/main/data/pdf/iliopoulos_2017.pdf,https://github.com/d-wkim/phd/blob/main/data/pdf/iliopoulos_2017.pdf,Excluded,patellar,dichotomous,pivot shift,,,,,,,,,,,Did not report as separate subgroups.
,38,☑,"Iliopoulos et al., 2017",https://raw.githubusercontent.com/d-wkim/phd/refs/heads/main/data/pdf/iliopoulos_2017.pdf,https://github.com/d-wkim/phd/blob/main/data/pdf/iliopoulos_2017.pdf,Excluded,patellar,dichotomous,lachman,,,,,,,,,,,Did not report as separate subgroups.
189,38,☑,"Iliopoulos et al., 2017",https://raw.githubusercontent.com/d-wkim/phd/refs/heads/main/data/pdf/iliopoulos_2017.pdf,https://github.com/d-wkim/phd/blob/main/data/pdf/iliopoulos_2017.pdf,Included,hamstring,continuous,ikdc,45,82.78,2.80,,,,,,,,
190,38,☑,"Iliopoulos et al., 2017",https://raw.githubusercontent.com/d-wkim/phd/refs/heads/main/data/pdf/iliopoulos_2017.pdf,https://github.com/d-wkim/phd/blob/main/data/pdf/iliopoulos_2017.pdf,Included,hamstring,continuous,lysholm,45,94.00,3.60,,,,,,,,
,38,☑,"Iliopoulos et al., 2017",https://raw.githubusercontent.com/d-wkim/phd/refs/heads/main/data/pdf/iliopoulos_2017.pdf,https://github.com/d-wkim/phd/blob/main/data/pdf/iliopoulos_2017.pdf,Excluded,hamstring,dichotomous,pivot shift,,,,,,,,,,,Did not report as separate subgroups.
,38,☑,"Iliopoulos et al., 2017",https://raw.githubusercontent.com/d-wkim/phd/refs/heads/main/data/pdf/iliopoulos_2017.pdf,https://github.com/d-wkim/phd/blob/main/data/pdf/iliopoulos_2017.pdf,Excluded,hamstring,dichotomous,lachman,,,,,,,,,,,Did not report as separate subgroups.
193,41,☑,"Jansson et al., 2003",https://raw.githubusercontent.com/d-wkim/phd/refs/heads/main/data/pdf/jansson_2003.pdf,https://github.com/d-wkim/phd/blob/main/data/pdf/jansson_2003.pdf,Included,patellar,dichotomous,lachman,43,8,1.59,,,,,,,,
194,41,☑,"Jansson et al., 2003",https://raw.githubusercontent.com/d-wkim/phd/refs/heads/main/data/pdf/jansson_2003.pdf,https://github.com/d-wkim/phd/blob/main/data/pdf/jansson_2003.pdf,Included,patellar,dichotomous,pivot shift,43,3,0.57,,,,,,,,
195,41,☑,"Jansson et al., 2003",https://raw.githubusercontent.com/d-wkim/phd/refs/heads/main/data/pdf/jansson_2003.pdf,https://github.com/d-wkim/phd/blob/main/data/pdf/jansson_2003.pdf,Included,patellar,continuous,instrumental laxity,43,1.70,2.63,-3.7,,,,7.8,,,
,41,☑,"Jansson et al., 2003",https://raw.githubusercontent.com/d-wkim/phd/refs/heads/main/data/pdf/jansson_2003.pdf,https://github.com/d-wkim/phd/blob/main/data/pdf/jansson_2003.pdf,Excluded,patellar,continuous,lysholm,,,,,,,,,,,
197,41,☑,"Jansson et al., 2003",https://raw.githubusercontent.com/d-wkim/phd/refs/heads/main/data/pdf/jansson_2003.pdf,https://github.com/d-wkim/phd/blob/main/data/pdf/jansson_2003.pdf,Included,patellar,continuous,tegner,43,5.98,1.60,2,,6.1,,9,,,
198,41,☑,"Jansson et al., 2003",https://raw.githubusercontent.com/d-wkim/phd/refs/heads/main/data/pdf/jansson_2003.pdf,https://github.com/d-wkim/phd/blob/main/data/pdf/jansson_2003.pdf,Included,hamstring,dichotomous,lachman,46,8,1.52,,,,,,,,
199,41,☑,"Jansson et al., 2003",https://raw.githubusercontent.com/d-wkim/phd/refs/heads/main/data/pdf/jansson_2003.pdf,https://github.com/d-wkim/phd/blob/main/data/pdf/jansson_2003.pdf,Included,hamstring,dichotomous,pivot shift,46,3,0.55,,,,,,,,
200,41,☑,"Jansson et al., 2003",https://raw.githubusercontent.com/d-wkim/phd/refs/heads/main/data/pdf/jansson_2003.pdf,https://github.com/d-wkim/phd/blob/main/data/pdf/jansson_2003.pdf,Included,hamstring,continuous,instrumental laxity,46,1.20,2.65,-4.3,,,,7.4,,,
,41,☑,"Jansson et al., 2003",https://raw.githubusercontent.com/d-wkim/phd/refs/heads/main/data/pdf/jansson_2003.pdf,https://github.com/d-wkim/phd/blob/main/data/pdf/jansson_2003.pdf,Excluded,hamstring,continuous,lysholm,,,,,,,,,,,
202,41,☑,"Jansson et al., 2003",https://raw.githubusercontent.com/d-wkim/phd/refs/heads/main/data/pdf/jansson_2003.pdf,https://github.com/d-wkim/phd/blob/main/data/pdf/jansson_2003.pdf,Included,hamstring,continuous,tegner,46,5.82,2.26,0,,6,,10,,,
203,43,☑,"Kautzner et al., 2015",https://raw.githubusercontent.com/d-wkim/phd/refs/heads/main/data/pdf/kautzner_2015.pdf,https://github.com/d-wkim/phd/blob/main/data/pdf/kautzner_2015.pdf,Included,patellar,continuous,lysholm,74,88.00,7.50,,,,,,,,
204,43,☑,"Kautzner et al., 2015",https://raw.githubusercontent.com/d-wkim/phd/refs/heads/main/data/pdf/kautzner_2015.pdf,https://github.com/d-wkim/phd/blob/main/data/pdf/kautzner_2015.pdf,Included,patellar,continuous,instrumental laxity,74,0.60,0.21,0,,,,1,,,
,,☑,"Kautzner et al., 2015",https://raw.githubusercontent.com/d-wkim/phd/refs/heads/main/data/pdf/kautzner_2015.pdf,https://github.com/d-wkim/phd/blob/main/data/pdf/kautzner_2015.pdf,Included,patellar,dichotomous,graft rupture,74,0,0.06,,,,,,,,
206,43,☑,"Kautzner et al., 2015",https://raw.githubusercontent.com/d-wkim/phd/refs/heads/main/data/pdf/kautzner_2015.pdf,https://github.com/d-wkim/phd/blob/main/data/pdf/kautzner_2015.pdf,Included,hamstring,continuous,lysholm,73,90.00,7.60,,,,,,,,
207,43,☑,"Kautzner et al., 2015",https://raw.githubusercontent.com/d-wkim/phd/refs/heads/main/data/pdf/kautzner_2015.pdf,https://github.com/d-wkim/phd/blob/main/data/pdf/kautzner_2015.pdf,Included,hamstring,continuous,instrumental laxity,73,0.50,0.42,0,,,,2,,,
,,☑,"Kautzner et al., 2015",https://raw.githubusercontent.com/d-wkim/phd/refs/heads/main/data/pdf/kautzner_2015.pdf,https://github.com/d-wkim/phd/blob/main/data/pdf/kautzner_2015.pdf,Included,hamstring,dichotomous,graft rupture,73,2,0.30,,,,,,,,
209,44,☑,"Komzak et al., 2022",https://raw.githubusercontent.com/d-wkim/phd/refs/heads/main/data/pdf/komzak_2022.pdf,https://github.com/d-wkim/phd/blob/main/data/pdf/komzak_2022.pdf,Included,patellar,continuous,ikdc,36,74.20,10.20,,,,,,,,
210,44,☑,"Komzak et al., 2022",https://raw.githubusercontent.com/d-wkim/phd/refs/heads/main/data/pdf/komzak_2022.pdf,https://github.com/d-wkim/phd/blob/main/data/pdf/komzak_2022.pdf,Included,patellar,continuous,lysholm,36,93.40,9.60,,,,,,,,
211,44,☑,"Komzak et al., 2022",https://raw.githubusercontent.com/d-wkim/phd/refs/heads/main/data/pdf/komzak_2022.pdf,https://github.com/d-wkim/phd/blob/main/data/pdf/komzak_2022.pdf,Included,quadriceps,continuous,ikdc,36,78.30,10.50,,,,,,,,
212,44,☑,"Komzak et al., 2022",https://raw.githubusercontent.com/d-wkim/phd/refs/heads/main/data/pdf/komzak_2022.pdf,https://github.com/d-wkim/phd/blob/main/data/pdf/komzak_2022.pdf,Included,quadriceps,continuous,lysholm,36,90.10,6.70,,,,,,,,
213,45,☑,"Konrads et al., 2016",https://raw.githubusercontent.com/d-wkim/phd/refs/heads/main/data/pdf/konrads_2016.pdf,https://github.com/d-wkim/phd/blob/main/data/pdf/konrads_2016.pdf,Included,patellar,continuous,instrumental laxity,24,1.80,0.51,1,,,,3,,,
,45,☑,"Konrads et al., 2016",https://raw.githubusercontent.com/d-wkim/phd/refs/heads/main/data/pdf/konrads_2016.pdf,https://github.com/d-wkim/phd/blob/main/data/pdf/konrads_2016.pdf,Excluded,patellar,dichotomous,pivot shift,,,,,,,,,,,
215,45,☑,"Konrads et al., 2016",https://raw.githubusercontent.com/d-wkim/phd/refs/heads/main/data/pdf/konrads_2016.pdf,https://github.com/d-wkim/phd/blob/main/data/pdf/konrads_2016.pdf,Included,patellar,dichotomous,lachman,24,8,2.60,,,,,,,,
,45,☑,"Konrads et al., 2016",https://raw.githubusercontent.com/d-wkim/phd/refs/heads/main/data/pdf/konrads_2016.pdf,https://github.com/d-wkim/phd/blob/main/data/pdf/konrads_2016.pdf,Excluded,patellar,continuous,ikdc,,,,,,,,,,,
217,45,☑,"Konrads et al., 2016",https://raw.githubusercontent.com/d-wkim/phd/refs/heads/main/data/pdf/konrads_2016.pdf,https://github.com/d-wkim/phd/blob/main/data/pdf/konrads_2016.pdf,Included,patellar,continuous,tegner,24,5.90,1.28,4,,,,9,,,
218,45,☑,"Konrads et al., 2016",https://raw.githubusercontent.com/d-wkim/phd/refs/heads/main/data/pdf/konrads_2016.pdf,https://github.com/d-wkim/phd/blob/main/data/pdf/konrads_2016.pdf,Included,patellar,continuous,lysholm,24,92.00,8.99,63,,,,98,,,
219,45,☑,"Konrads et al., 2016",https://raw.githubusercontent.com/d-wkim/phd/refs/heads/main/data/pdf/konrads_2016.pdf,https://github.com/d-wkim/phd/blob/main/data/pdf/konrads_2016.pdf,Included,hamstring,continuous,instrumental laxity,23,2.20,0.78,1,,,,4,,,
,45,☑,"Konrads et al., 2016",https://raw.githubusercontent.com/d-wkim/phd/refs/heads/main/data/pdf/konrads_2016.pdf,https://github.com/d-wkim/phd/blob/main/data/pdf/konrads_2016.pdf,Excluded,hamstring,dichotomous,pivot shift,,,,,,,,,,,
221,45,☑,"Konrads et al., 2016",https://raw.githubusercontent.com/d-wkim/phd/refs/heads/main/data/pdf/konrads_2016.pdf,https://github.com/d-wkim/phd/blob/main/data/pdf/konrads_2016.pdf,Included,hamstring,dichotomous,lachman,23,11,4.60,,,,,,,,
,45,☑,"Konrads et al., 2016",https://raw.githubusercontent.com/d-wkim/phd/refs/heads/main/data/pdf/konrads_2016.pdf,https://github.com/d-wkim/phd/blob/main/data/pdf/konrads_2016.pdf,Excluded,hamstring,continuous,ikdc,,,,,,,,,,,
223,45,☑,"Konrads et al., 2016",https://raw.githubusercontent.com/d-wkim/phd/refs/heads/main/data/pdf/konrads_2016.pdf,https://github.com/d-wkim/phd/blob/main/data/pdf/konrads_2016.pdf,Included,hamstring,continuous,tegner,23,5.10,1.04,3,,,,7,,,
224,45,☑,"Konrads et al., 2016",https://raw.githubusercontent.com/d-wkim/phd/refs/heads/main/data/pdf/konrads_2016.pdf,https://github.com/d-wkim/phd/blob/main/data/pdf/konrads_2016.pdf,Included,hamstring,continuous,lysholm,23,91.80,9.33,62,,,,98,,,
225,46,☑,"Laoruengthana et al., 2009",https://raw.githubusercontent.com/d-wkim/phd/refs/heads/main/data/pdf/laoruengthana_2009.pdf,https://github.com/d-wkim/phd/blob/main/data/pdf/laoruengthana_2009.pdf,Included,patellar,continuous,instrumental laxity,15,1.22,0.69,0.3,,,,2.7,,,
226,46,☑,"Laoruengthana et al., 2009",https://raw.githubusercontent.com/d-wkim/phd/refs/heads/main/data/pdf/laoruengthana_2009.pdf,https://github.com/d-wkim/phd/blob/main/data/pdf/laoruengthana_2009.pdf,Included,patellar,dichotomous,pivot shift,15,2,0.74,,,,,,,,
,46,☑,"Laoruengthana et al., 2009",https://raw.githubusercontent.com/d-wkim/phd/refs/heads/main/data/pdf/laoruengthana_2009.pdf,https://github.com/d-wkim/phd/blob/main/data/pdf/laoruengthana_2009.pdf,Excluded,patellar,continuous,ikdc,,,,,,,,,,,
,46,☑,"Laoruengthana et al., 2009",https://raw.githubusercontent.com/d-wkim/phd/refs/heads/main/data/pdf/laoruengthana_2009.pdf,https://github.com/d-wkim/phd/blob/main/data/pdf/laoruengthana_2009.pdf,Excluded,patellar,continuous,lysholm,,,,,,,,,,,
229,46,☑,"Laoruengthana et al., 2009",https://raw.githubusercontent.com/d-wkim/phd/refs/heads/main/data/pdf/laoruengthana_2009.pdf,https://github.com/d-wkim/phd/blob/main/data/pdf/laoruengthana_2009.pdf,Included,hamstring,continuous,instrumental laxity,13,0.96,0.42,0.2,,,,1.6,,,
230,46,☑,"Laoruengthana et al., 2009",https://raw.githubusercontent.com/d-wkim/phd/refs/heads/main/data/pdf/laoruengthana_2009.pdf,https://github.com/d-wkim/phd/blob/main/data/pdf/laoruengthana_2009.pdf,Included,hamstring,dichotomous,pivot shift,13,2,0.82,,,,,,,,
,46,☑,"Laoruengthana et al., 2009",https://raw.githubusercontent.com/d-wkim/phd/refs/heads/main/data/pdf/laoruengthana_2009.pdf,https://github.com/d-wkim/phd/blob/main/data/pdf/laoruengthana_2009.pdf,Excluded,hamstring,continuous,ikdc,,,,,,,,,,,
,46,☑,"Laoruengthana et al., 2009",https://raw.githubusercontent.com/d-wkim/phd/refs/heads/main/data/pdf/laoruengthana_2009.pdf,https://github.com/d-wkim/phd/blob/main/data/pdf/laoruengthana_2009.pdf,Excluded,hamstring,continuous,lysholm,,,,,,,,,,,
,47,☑,"Lawhorn et al., 2012",https://raw.githubusercontent.com/d-wkim/phd/refs/heads/main/data/pdf/lawhorn_2012.pdf,https://github.com/d-wkim/phd/blob/main/data/pdf/lawhorn_2012.pdf,Excluded,hamstring,continuous,ikdc,,,,,,,,,,,
,47,☑,"Lawhorn et al., 2012",https://raw.githubusercontent.com/d-wkim/phd/refs/heads/main/data/pdf/lawhorn_2012.pdf,https://github.com/d-wkim/phd/blob/main/data/pdf/lawhorn_2012.pdf,Excluded,hamstring,continuous,instrumental laxity,,,,,,,,,,,
235,47,☑,"Lawhorn et al., 2012",https://raw.githubusercontent.com/d-wkim/phd/refs/heads/main/data/pdf/lawhorn_2012.pdf,https://github.com/d-wkim/phd/blob/main/data/pdf/lawhorn_2012.pdf,Included,hamstring,dichotomous,pivot shift,48,6,1.07,,,,,,,,
,47,☑,"Lawhorn et al., 2012",https://raw.githubusercontent.com/d-wkim/phd/refs/heads/main/data/pdf/lawhorn_2012.pdf,https://github.com/d-wkim/phd/blob/main/data/pdf/lawhorn_2012.pdf,Excluded,tibialis,continuous,ikdc,,,,,,,,,,,
,47,☑,"Lawhorn et al., 2012",https://raw.githubusercontent.com/d-wkim/phd/refs/heads/main/data/pdf/lawhorn_2012.pdf,https://github.com/d-wkim/phd/blob/main/data/pdf/lawhorn_2012.pdf,Excluded,tibialis,continuous,instrumental laxity,,,,,,,,,,,
238,47,☑,"Lawhorn et al., 2012",https://raw.githubusercontent.com/d-wkim/phd/refs/heads/main/data/pdf/lawhorn_2012.pdf,https://github.com/d-wkim/phd/blob/main/data/pdf/lawhorn_2012.pdf,Included,tibialis,dichotomous,pivot shift,44,4,0.75,,,,,,,,
,49,☑,"Laxdal et al., 2005",https://raw.githubusercontent.com/d-wkim/phd/refs/heads/main/data/pdf/laxdal_2005.pdf,https://github.com/d-wkim/phd/blob/main/data/pdf/laxdal_2005.pdf,Excluded,patellar,continuous,ikdc,,,,,,,,,,,
240,49,☑,"Laxdal et al., 2005",https://raw.githubusercontent.com/d-wkim/phd/refs/heads/main/data/pdf/laxdal_2005.pdf,https://github.com/d-wkim/phd/blob/main/data/pdf/laxdal_2005.pdf,Included,patellar,continuous,tegner,40,6.00,1.85,2,,,,10,,,
241,49,☑,"Laxdal et al., 2005",https://raw.githubusercontent.com/d-wkim/phd/refs/heads/main/data/pdf/laxdal_2005.pdf,https://github.com/d-wkim/phd/blob/main/data/pdf/laxdal_2005.pdf,Included,patellar,continuous,lysholm,40,94.00,18.09,22,,,,100,,,
242,49,☑,"Laxdal et al., 2005",https://raw.githubusercontent.com/d-wkim/phd/refs/heads/main/data/pdf/laxdal_2005.pdf,https://github.com/d-wkim/phd/blob/main/data/pdf/laxdal_2005.pdf,Included,patellar,continuous,instrumental laxity,40,1.00,3.01,-5,,,,8,,,
243,49,☑,"Laxdal et al., 2005",https://raw.githubusercontent.com/d-wkim/phd/refs/heads/main/data/pdf/laxdal_2005.pdf,https://github.com/d-wkim/phd/blob/main/data/pdf/laxdal_2005.pdf,Included,patellar,dichotomous,graft rupture,40,1,0.24,,,,,,,,
,49,☑,"Laxdal et al., 2005",https://raw.githubusercontent.com/d-wkim/phd/refs/heads/main/data/pdf/laxdal_2005.pdf,https://github.com/d-wkim/phd/blob/main/data/pdf/laxdal_2005.pdf,Excluded,hamstring,continuous,ikdc,,,,,,,,,,,
245,49,☑,"Laxdal et al., 2005",https://raw.githubusercontent.com/d-wkim/phd/refs/heads/main/data/pdf/laxdal_2005.pdf,https://github.com/d-wkim/phd/blob/main/data/pdf/laxdal_2005.pdf,Included,hamstring,continuous,tegner,39,4.00,1.86,0,,,,8,,,
246,49,☑,"Laxdal et al., 2005",https://raw.githubusercontent.com/d-wkim/phd/refs/heads/main/data/pdf/laxdal_2005.pdf,https://github.com/d-wkim/phd/blob/main/data/pdf/laxdal_2005.pdf,Included,hamstring,continuous,lysholm,39,89.00,11.88,49,,,,100,,,
247,49,☑,"Laxdal et al., 2005",https://raw.githubusercontent.com/d-wkim/phd/refs/heads/main/data/pdf/laxdal_2005.pdf,https://github.com/d-wkim/phd/blob/main/data/pdf/laxdal_2005.pdf,Included,hamstring,continuous,instrumental laxity,39,2.00,3.03,-4,,,,9,,,
248,49,☑,"Laxdal et al., 2005",https://raw.githubusercontent.com/d-wkim/phd/refs/heads/main/data/pdf/laxdal_2005.pdf,https://github.com/d-wkim/phd/blob/main/data/pdf/laxdal_2005.pdf,Included,hamstring,dichotomous,graft rupture,39,2,0.42,,,,,,,,
,,☑,"Laxdal et al., 2005",https://raw.githubusercontent.com/d-wkim/phd/refs/heads/main/data/pdf/laxdal_2005.pdf,https://github.com/d-wkim/phd/blob/main/data/pdf/laxdal_2005.pdf,Excluded,hamstring,continuous,ikdc,,,,,,,,,,,
,,☑,"Laxdal et al., 2005",https://raw.githubusercontent.com/d-wkim/phd/refs/heads/main/data/pdf/laxdal_2005.pdf,https://github.com/d-wkim/phd/blob/main/data/pdf/laxdal_2005.pdf,Included,hamstring,continuous,tegner,39,4.00,1.40,2,,,,8,,,
,,☑,"Laxdal et al., 2005",https://raw.githubusercontent.com/d-wkim/phd/refs/heads/main/data/pdf/laxdal_2005.pdf,https://github.com/d-wkim/phd/blob/main/data/pdf/laxdal_2005.pdf,Included,hamstring,continuous,lysholm,39,95.00,14.21,39,,,,100,,,
,,☑,"Laxdal et al., 2005",https://raw.githubusercontent.com/d-wkim/phd/refs/heads/main/data/pdf/laxdal_2005.pdf,https://github.com/d-wkim/phd/blob/main/data/pdf/laxdal_2005.pdf,Included,hamstring,continuous,instrumental laxity,39,1.00,3.14,-5.5,,,,8,,,
,,☑,"Laxdal et al., 2005",https://raw.githubusercontent.com/d-wkim/phd/refs/heads/main/data/pdf/laxdal_2005.pdf,https://github.com/d-wkim/phd/blob/main/data/pdf/laxdal_2005.pdf,Included,hamstring,dichotomous,graft rupture,39,2,0.42,,,,,,,,
,50,☑,"Leitgeb et al., 2014",https://raw.githubusercontent.com/d-wkim/phd/refs/heads/main/data/pdf/leitgeb_2014.pdf,https://github.com/d-wkim/phd/blob/main/data/pdf/leitgeb_2014.pdf,Excluded,patellar,dichotomous,lachman,,,,,,,,,,,
,50,☑,"Leitgeb et al., 2014",https://raw.githubusercontent.com/d-wkim/phd/refs/heads/main/data/pdf/leitgeb_2014.pdf,https://github.com/d-wkim/phd/blob/main/data/pdf/leitgeb_2014.pdf,Excluded,patellar,continuous,instrumental laxity,,,,,,,,,,,
,50,☑,"Leitgeb et al., 2014",https://raw.githubusercontent.com/d-wkim/phd/refs/heads/main/data/pdf/leitgeb_2014.pdf,https://github.com/d-wkim/phd/blob/main/data/pdf/leitgeb_2014.pdf,Excluded,hamstring,dichotomous,lachman,,,,,,,,,,,
,50,☑,"Leitgeb et al., 2014",https://raw.githubusercontent.com/d-wkim/phd/refs/heads/main/data/pdf/leitgeb_2014.pdf,https://github.com/d-wkim/phd/blob/main/data/pdf/leitgeb_2014.pdf,Excluded,hamstring,continuous,instrumental laxity,,,,,,,,,,,
258,51,☑,"Li et al., 2015",https://raw.githubusercontent.com/d-wkim/phd/refs/heads/main/data/pdf/li_2015.pdf,https://github.com/d-wkim/phd/blob/main/data/pdf/li_2015.pdf,Included,hamstring,continuous,instrumental laxity,32,2.10,1.60,,,,,,,,
259,51,☑,"Li et al., 2015",https://raw.githubusercontent.com/d-wkim/phd/refs/heads/main/data/pdf/li_2015.pdf,https://github.com/d-wkim/phd/blob/main/data/pdf/li_2015.pdf,Included,hamstring,dichotomous,pivot shift,32,4,0.91,,,,,,,,
260,51,☑,"Li et al., 2015",https://raw.githubusercontent.com/d-wkim/phd/refs/heads/main/data/pdf/li_2015.pdf,https://github.com/d-wkim/phd/blob/main/data/pdf/li_2015.pdf,Included,hamstring,dichotomous,lachman,32,6,1.41,,,,,,,,
261,51,☑,"Li et al., 2015",https://raw.githubusercontent.com/d-wkim/phd/refs/heads/main/data/pdf/li_2015.pdf,https://github.com/d-wkim/phd/blob/main/data/pdf/li_2015.pdf,Included,hamstring,continuous,ikdc,32,87.50,3.20,,,,,,,,
262,51,☑,"Li et al., 2015",https://raw.githubusercontent.com/d-wkim/phd/refs/heads/main/data/pdf/li_2015.pdf,https://github.com/d-wkim/phd/blob/main/data/pdf/li_2015.pdf,Included,hamstring,continuous,tegner,32,7.30,1.30,,,,,,,,
263,51,☑,"Li et al., 2015",https://raw.githubusercontent.com/d-wkim/phd/refs/heads/main/data/pdf/li_2015.pdf,https://github.com/d-wkim/phd/blob/main/data/pdf/li_2015.pdf,Included,hamstring,continuous,lysholm,32,91.30,11.50,,,,,,,,
264,51,☑,"Li et al., 2015",https://raw.githubusercontent.com/d-wkim/phd/refs/heads/main/data/pdf/li_2015.pdf,https://github.com/d-wkim/phd/blob/main/data/pdf/li_2015.pdf,Included,tibialis,continuous,instrumental laxity,32,3.50,1.20,,,,,,,,
265,51,☑,"Li et al., 2015",https://raw.githubusercontent.com/d-wkim/phd/refs/heads/main/data/pdf/li_2015.pdf,https://github.com/d-wkim/phd/blob/main/data/pdf/li_2015.pdf,Included,tibialis,dichotomous,pivot shift,32,9,2.34,,,,,,,,
266,51,☑,"Li et al., 2015",https://raw.githubusercontent.com/d-wkim/phd/refs/heads/main/data/pdf/li_2015.pdf,https://github.com/d-wkim/phd/blob/main/data/pdf/li_2015.pdf,Included,tibialis,dichotomous,lachman,32,13,4.02,,,,,,,,
267,51,☑,"Li et al., 2015",https://raw.githubusercontent.com/d-wkim/phd/refs/heads/main/data/pdf/li_2015.pdf,https://github.com/d-wkim/phd/blob/main/data/pdf/li_2015.pdf,Included,tibialis,continuous,ikdc,32,83.80,6.90,,,,,,,,
268,51,☑,"Li et al., 2015",https://raw.githubusercontent.com/d-wkim/phd/refs/heads/main/data/pdf/li_2015.pdf,https://github.com/d-wkim/phd/blob/main/data/pdf/li_2015.pdf,Included,tibialis,continuous,tegner,32,7.00,2.10,,,,,,,,
269,51,☑,"Li et al., 2015",https://raw.githubusercontent.com/d-wkim/phd/refs/heads/main/data/pdf/li_2015.pdf,https://github.com/d-wkim/phd/blob/main/data/pdf/li_2015.pdf,Included,tibialis,continuous,lysholm,32,88.70,8.60,,,,,,,,
,52,☑,"Lidén et al., 2007",https://raw.githubusercontent.com/d-wkim/phd/refs/heads/main/data/pdf/lidén_2007.pdf,https://github.com/d-wkim/phd/blob/main/data/pdf/lidén_2007.pdf,Excluded,patellar,continuous,ikdc,,,,,,,,,,,
271,52,☑,"Lidén et al., 2007",https://raw.githubusercontent.com/d-wkim/phd/refs/heads/main/data/pdf/lidén_2007.pdf,https://github.com/d-wkim/phd/blob/main/data/pdf/lidén_2007.pdf,Included,patellar,continuous,tegner,30,5.00,1.72,0,,,,7,,,
272,52,☑,"Lidén et al., 2007",https://raw.githubusercontent.com/d-wkim/phd/refs/heads/main/data/pdf/lidén_2007.pdf,https://github.com/d-wkim/phd/blob/main/data/pdf/lidén_2007.pdf,Included,patellar,continuous,lysholm,30,81.00,18.38,25,,,,100,,,
273,52,☑,"Lidén et al., 2007",https://raw.githubusercontent.com/d-wkim/phd/refs/heads/main/data/pdf/lidén_2007.pdf,https://github.com/d-wkim/phd/blob/main/data/pdf/lidén_2007.pdf,Included,patellar,continuous,instrumental laxity,30,2.30,3.06,-3.5,,,,9,,,
274,52,☑,"Lidén et al., 2007",https://raw.githubusercontent.com/d-wkim/phd/refs/heads/main/data/pdf/lidén_2007.pdf,https://github.com/d-wkim/phd/blob/main/data/pdf/lidén_2007.pdf,Included,patellar,dichotomous,lachman,30,22,15.40,,,,,,,,
,52,☑,"Lidén et al., 2007",https://raw.githubusercontent.com/d-wkim/phd/refs/heads/main/data/pdf/lidén_2007.pdf,https://github.com/d-wkim/phd/blob/main/data/pdf/lidén_2007.pdf,Excluded,hamstring,continuous,ikdc,,,,,,,,,,,
276,52,☑,"Lidén et al., 2007",https://raw.githubusercontent.com/d-wkim/phd/refs/heads/main/data/pdf/lidén_2007.pdf,https://github.com/d-wkim/phd/blob/main/data/pdf/lidén_2007.pdf,Included,hamstring,continuous,tegner,32,6.00,1.69,2,,,,9,,,
277,52,☑,"Lidén et al., 2007",https://raw.githubusercontent.com/d-wkim/phd/refs/heads/main/data/pdf/lidén_2007.pdf,https://github.com/d-wkim/phd/blob/main/data/pdf/lidén_2007.pdf,Included,hamstring,continuous,lysholm,32,90.00,12.10,50,,,,100,,,
278,52,☑,"Lidén et al., 2007",https://raw.githubusercontent.com/d-wkim/phd/refs/heads/main/data/pdf/lidén_2007.pdf,https://github.com/d-wkim/phd/blob/main/data/pdf/lidén_2007.pdf,Included,hamstring,continuous,instrumental laxity,32,2.70,3.39,-4.5,,,,9.5,,,
279,52,☑,"Lidén et al., 2007",https://raw.githubusercontent.com/d-wkim/phd/refs/heads/main/data/pdf/lidén_2007.pdf,https://github.com/d-wkim/phd/blob/main/data/pdf/lidén_2007.pdf,Included,hamstring,dichotomous,lachman,32,25,20.61,,,,,,,,
280,53,☑,"Lind et al., 2020",https://raw.githubusercontent.com/d-wkim/phd/refs/heads/main/data/pdf/lind_2020.pdf,https://github.com/d-wkim/phd/blob/main/data/pdf/lind_2020.pdf,Included,hamstring,continuous,ikdc,49,78.00,18.00,,,,,,,,
281,53,☑,"Lind et al., 2020",https://raw.githubusercontent.com/d-wkim/phd/refs/heads/main/data/pdf/lind_2020.pdf,https://github.com/d-wkim/phd/blob/main/data/pdf/lind_2020.pdf,Included,hamstring,continuous,tegner,49,5.90,1.30,,,,,,,,
282,53,☑,"Lind et al., 2020",https://raw.githubusercontent.com/d-wkim/phd/refs/heads/main/data/pdf/lind_2020.pdf,https://github.com/d-wkim/phd/blob/main/data/pdf/lind_2020.pdf,Included,hamstring,continuous,instrumental laxity,49,1.90,1.70,,,,,,,,
283,53,☑,"Lind et al., 2020",https://raw.githubusercontent.com/d-wkim/phd/refs/heads/main/data/pdf/lind_2020.pdf,https://github.com/d-wkim/phd/blob/main/data/pdf/lind_2020.pdf,Included,hamstring,dichotomous,pivot shift,49,11,2.12,,,,,,,,
284,53,☑,"Lind et al., 2020",https://raw.githubusercontent.com/d-wkim/phd/refs/heads/main/data/pdf/lind_2020.pdf,https://github.com/d-wkim/phd/blob/main/data/pdf/lind_2020.pdf,Included,quadriceps,continuous,ikdc,47,82.00,14.00,,,,,,,,
285,53,☑,"Lind et al., 2020",https://raw.githubusercontent.com/d-wkim/phd/refs/heads/main/data/pdf/lind_2020.pdf,https://github.com/d-wkim/phd/blob/main/data/pdf/lind_2020.pdf,Included,quadriceps,continuous,tegner,47,6.00,1.50,,,,,,,,
286,53,☑,"Lind et al., 2020",https://raw.githubusercontent.com/d-wkim/phd/refs/heads/main/data/pdf/lind_2020.pdf,https://github.com/d-wkim/phd/blob/main/data/pdf/lind_2020.pdf,Included,quadriceps,continuous,instrumental laxity,47,1.80,1.00,,,,,,,,
287,53,☑,"Lind et al., 2020",https://raw.githubusercontent.com/d-wkim/phd/refs/heads/main/data/pdf/lind_2020.pdf,https://github.com/d-wkim/phd/blob/main/data/pdf/lind_2020.pdf,Included,quadriceps,dichotomous,pivot shift,47,8,1.49,,,,,,,,
288,54,☑,"Lucidi et al., 2025",https://raw.githubusercontent.com/d-wkim/phd/refs/heads/main/data/pdf/lucidi_2025.pdf,https://github.com/d-wkim/phd/blob/main/data/pdf/lucidi_2025.pdf,Included,patellar,continuous,ikdc,19,78.40,13.70,,,,,,,,
289,54,☑,"Lucidi et al., 2025",https://raw.githubusercontent.com/d-wkim/phd/refs/heads/main/data/pdf/lucidi_2025.pdf,https://github.com/d-wkim/phd/blob/main/data/pdf/lucidi_2025.pdf,Included,patellar,continuous,tegner,19,3.00,1.08,1,,,,5,,,
290,54,☑,"Lucidi et al., 2025",https://raw.githubusercontent.com/d-wkim/phd/refs/heads/main/data/pdf/lucidi_2025.pdf,https://github.com/d-wkim/phd/blob/main/data/pdf/lucidi_2025.pdf,Included,patellar,continuous,lysholm,19,84.80,10.30,,,,,,,,
291,54,☑,"Lucidi et al., 2025",https://raw.githubusercontent.com/d-wkim/phd/refs/heads/main/data/pdf/lucidi_2025.pdf,https://github.com/d-wkim/phd/blob/main/data/pdf/lucidi_2025.pdf,Included,patellar,continuous,instrumental laxity,19,-0.10,1.60,,,,,,,,
292,54,☑,"Lucidi et al., 2025",https://raw.githubusercontent.com/d-wkim/phd/refs/heads/main/data/pdf/lucidi_2025.pdf,https://github.com/d-wkim/phd/blob/main/data/pdf/lucidi_2025.pdf,Included,patellar,dichotomous,pivot shift,19,7,2.72,,,,,,,,
274,54,☑,"Lucidi et al., 2025",https://raw.githubusercontent.com/d-wkim/phd/refs/heads/main/data/pdf/lucidi_2025.pdf,https://github.com/d-wkim/phd/blob/main/data/pdf/lucidi_2025.pdf,Included,patellar,dichotomous,graft rupture,19,7,2.72,,,,,,,,
294,54,☑,"Lucidi et al., 2025",https://raw.githubusercontent.com/d-wkim/phd/refs/heads/main/data/pdf/lucidi_2025.pdf,https://github.com/d-wkim/phd/blob/main/data/pdf/lucidi_2025.pdf,Included,hamstring,continuous,ikdc,20,81.60,11.90,,,,,,,,
295,54,☑,"Lucidi et al., 2025",https://raw.githubusercontent.com/d-wkim/phd/refs/heads/main/data/pdf/lucidi_2025.pdf,https://github.com/d-wkim/phd/blob/main/data/pdf/lucidi_2025.pdf,Included,hamstring,continuous,tegner,20,4.00,0.80,3,,,,6,,,
296,54,☑,"Lucidi et al., 2025",https://raw.githubusercontent.com/d-wkim/phd/refs/heads/main/data/pdf/lucidi_2025.pdf,https://github.com/d-wkim/phd/blob/main/data/pdf/lucidi_2025.pdf,Included,hamstring,continuous,lysholm,20,88.60,8.30,,,,,,,,
297,54,☑,"Lucidi et al., 2025",https://raw.githubusercontent.com/d-wkim/phd/refs/heads/main/data/pdf/lucidi_2025.pdf,https://github.com/d-wkim/phd/blob/main/data/pdf/lucidi_2025.pdf,Included,hamstring,continuous,instrumental laxity,20,1.50,1.20,,,,,,,,
298,54,☑,"Lucidi et al., 2025",https://raw.githubusercontent.com/d-wkim/phd/refs/heads/main/data/pdf/lucidi_2025.pdf,https://github.com/d-wkim/phd/blob/main/data/pdf/lucidi_2025.pdf,Included,hamstring,dichotomous,pivot shift,20,5,1.64,,,,,,,,
280,54,☑,"Lucidi et al., 2025",https://raw.githubusercontent.com/d-wkim/phd/refs/heads/main/data/pdf/lucidi_2025.pdf,https://github.com/d-wkim/phd/blob/main/data/pdf/lucidi_2025.pdf,Included,hamstring,dichotomous,graft rupture,20,3,0.92,,,,,,,,
300,55,☑,"Lui et al., 2012",https://raw.githubusercontent.com/d-wkim/phd/refs/heads/main/data/pdf/lui_2012.pdf,https://github.com/d-wkim/phd/blob/main/data/pdf/lui_2012.pdf,Included,patellar,continuous,ikdc,14,71.90,15.20,,,,,,,,
301,55,☑,"Lui et al., 2012",https://raw.githubusercontent.com/d-wkim/phd/refs/heads/main/data/pdf/lui_2012.pdf,https://github.com/d-wkim/phd/blob/main/data/pdf/lui_2012.pdf,Included,patellar,continuous,lysholm,14,84.00,13.47,54,,,,100,,,
302,55,☑,"Lui et al., 2012",https://raw.githubusercontent.com/d-wkim/phd/refs/heads/main/data/pdf/lui_2012.pdf,https://github.com/d-wkim/phd/blob/main/data/pdf/lui_2012.pdf,Included,patellar,continuous,instrumental laxity,14,3.70,1.40,,,,,,,,
303,55,☑,"Lui et al., 2012",https://raw.githubusercontent.com/d-wkim/phd/refs/heads/main/data/pdf/lui_2012.pdf,https://github.com/d-wkim/phd/blob/main/data/pdf/lui_2012.pdf,Included,patellar,dichotomous,lachman,14,4,1.68,,,,,,,,
304,55,☑,"Lui et al., 2012",https://raw.githubusercontent.com/d-wkim/phd/refs/heads/main/data/pdf/lui_2012.pdf,https://github.com/d-wkim/phd/blob/main/data/pdf/lui_2012.pdf,Included,hamstring,continuous,ikdc,17,73.10,12.30,,,,,,,,
305,55,☑,"Lui et al., 2012",https://raw.githubusercontent.com/d-wkim/phd/refs/heads/main/data/pdf/lui_2012.pdf,https://github.com/d-wkim/phd/blob/main/data/pdf/lui_2012.pdf,Included,hamstring,continuous,lysholm,17,80.00,15.59,43,,,,99,,,
306,55,☑,"Lui et al., 2012",https://raw.githubusercontent.com/d-wkim/phd/refs/heads/main/data/pdf/lui_2012.pdf,https://github.com/d-wkim/phd/blob/main/data/pdf/lui_2012.pdf,Included,hamstring,continuous,instrumental laxity,17,3.10,1.60,,,,,,,,
307,55,☑,"Lui et al., 2012",https://raw.githubusercontent.com/d-wkim/phd/refs/heads/main/data/pdf/lui_2012.pdf,https://github.com/d-wkim/phd/blob/main/data/pdf/lui_2012.pdf,Included,hamstring,dichotomous,lachman,17,3,1.03,,,,,,,,
308,56,☑,"Lund et al., 2014",https://raw.githubusercontent.com/d-wkim/phd/refs/heads/main/data/pdf/lund_2014.pdf,https://github.com/d-wkim/phd/blob/main/data/pdf/lund_2014.pdf,Included,patellar,continuous,instrumental laxity,18,1.10,1.40,,,,,,,,
309,56,☑,"Lund et al., 2014",https://raw.githubusercontent.com/d-wkim/phd/refs/heads/main/data/pdf/lund_2014.pdf,https://github.com/d-wkim/phd/blob/main/data/pdf/lund_2014.pdf,Included,patellar,dichotomous,pivot shift,18,3,0.99,,,,,,,,
310,56,☑,"Lund et al., 2014",https://raw.githubusercontent.com/d-wkim/phd/refs/heads/main/data/pdf/lund_2014.pdf,https://github.com/d-wkim/phd/blob/main/data/pdf/lund_2014.pdf,Included,patellar,continuous,ikdc,18,75.00,13.00,,,,,,,,
311,56,☑,"Lund et al., 2014",https://raw.githubusercontent.com/d-wkim/phd/refs/heads/main/data/pdf/lund_2014.pdf,https://github.com/d-wkim/phd/blob/main/data/pdf/lund_2014.pdf,Included,quadriceps,continuous,instrumental laxity,21,0.80,1.70,,,,,,,,
312,56,☑,"Lund et al., 2014",https://raw.githubusercontent.com/d-wkim/phd/refs/heads/main/data/pdf/lund_2014.pdf,https://github.com/d-wkim/phd/blob/main/data/pdf/lund_2014.pdf,Included,quadriceps,dichotomous,pivot shift,21,8,3.00,,,,,,,,
313,56,☑,"Lund et al., 2014",https://raw.githubusercontent.com/d-wkim/phd/refs/heads/main/data/pdf/lund_2014.pdf,https://github.com/d-wkim/phd/blob/main/data/pdf/lund_2014.pdf,Included,quadriceps,continuous,ikdc,21,76.00,16.00,,,,,,,,
,57,☑,"Maletis et al., 2007",https://raw.githubusercontent.com/d-wkim/phd/refs/heads/main/data/pdf/maletis_2007.pdf,https://github.com/d-wkim/phd/blob/main/data/pdf/maletis_2007.pdf,Excluded,patellar,continuous,ikdc,,,,,,,,,,,
,57,☑,"Maletis et al., 2007",https://raw.githubusercontent.com/d-wkim/phd/refs/heads/main/data/pdf/maletis_2007.pdf,https://github.com/d-wkim/phd/blob/main/data/pdf/maletis_2007.pdf,Excluded,patellar,continuous,tegner,,,,,,,,,,,
,57,☑,"Maletis et al., 2007",https://raw.githubusercontent.com/d-wkim/phd/refs/heads/main/data/pdf/maletis_2007.pdf,https://github.com/d-wkim/phd/blob/main/data/pdf/maletis_2007.pdf,Excluded,patellar,continuous,lysholm,,,,,,,,,,,
,57,☑,"Maletis et al., 2007",https://raw.githubusercontent.com/d-wkim/phd/refs/heads/main/data/pdf/maletis_2007.pdf,https://github.com/d-wkim/phd/blob/main/data/pdf/maletis_2007.pdf,Excluded,patellar,continuous,instrumental laxity,,,,,,,,,,,
,57,☑,"Maletis et al., 2007",https://raw.githubusercontent.com/d-wkim/phd/refs/heads/main/data/pdf/maletis_2007.pdf,https://github.com/d-wkim/phd/blob/main/data/pdf/maletis_2007.pdf,Excluded,hamstring,continuous,ikdc,,,,,,,,,,,
,57,☑,"Maletis et al., 2007",https://raw.githubusercontent.com/d-wkim/phd/refs/heads/main/data/pdf/maletis_2007.pdf,https://github.com/d-wkim/phd/blob/main/data/pdf/maletis_2007.pdf,Excluded,hamstring,continuous,tegner,,,,,,,,,,,
,57,☑,"Maletis et al., 2007",https://raw.githubusercontent.com/d-wkim/phd/refs/heads/main/data/pdf/maletis_2007.pdf,https://github.com/d-wkim/phd/blob/main/data/pdf/maletis_2007.pdf,Excluded,hamstring,continuous,lysholm,,,,,,,,,,,
,57,☑,"Maletis et al., 2007",https://raw.githubusercontent.com/d-wkim/phd/refs/heads/main/data/pdf/maletis_2007.pdf,https://github.com/d-wkim/phd/blob/main/data/pdf/maletis_2007.pdf,Excluded,hamstring,continuous,instrumental laxity,,,,,,,,,,,
322,58,☑,"Malik et al., 2026",https://raw.githubusercontent.com/d-wkim/phd/refs/heads/main/data/pdf/malik_2026.pdf,https://github.com/d-wkim/phd/blob/main/data/pdf/malik_2026.pdf,Included,hamstring,continuous,ikdc,25,78.90,7.40,,,,,,,,
323,58,☑,"Malik et al., 2026",https://raw.githubusercontent.com/d-wkim/phd/refs/heads/main/data/pdf/malik_2026.pdf,https://github.com/d-wkim/phd/blob/main/data/pdf/malik_2026.pdf,Included,hamstring,continuous,lysholm,25,85.10,6.40,,,,,,,,
324,58,☑,"Malik et al., 2026",https://raw.githubusercontent.com/d-wkim/phd/refs/heads/main/data/pdf/malik_2026.pdf,https://github.com/d-wkim/phd/blob/main/data/pdf/malik_2026.pdf,Included,hamstring,continuous,tegner,25,5.10,1.00,,,,,,,,
325,58,☑,"Malik et al., 2026",https://raw.githubusercontent.com/d-wkim/phd/refs/heads/main/data/pdf/malik_2026.pdf,https://github.com/d-wkim/phd/blob/main/data/pdf/malik_2026.pdf,Included,hamstring,dichotomous,pivot shift,25,4,1.07,,,,,,,,
326,58,☑,"Malik et al., 2026",https://raw.githubusercontent.com/d-wkim/phd/refs/heads/main/data/pdf/malik_2026.pdf,https://github.com/d-wkim/phd/blob/main/data/pdf/malik_2026.pdf,Included,hamstring,dichotomous,lachman,25,3,0.80,,,,,,,,
327,58,☑,"Malik et al., 2026",https://raw.githubusercontent.com/d-wkim/phd/refs/heads/main/data/pdf/malik_2026.pdf,https://github.com/d-wkim/phd/blob/main/data/pdf/malik_2026.pdf,Included,hamstring,continuous,instrumental laxity,25,2.10,1.00,,,,,,,,
328,58,☑,"Malik et al., 2026",https://raw.githubusercontent.com/d-wkim/phd/refs/heads/main/data/pdf/malik_2026.pdf,https://github.com/d-wkim/phd/blob/main/data/pdf/malik_2026.pdf,Included,peroneus,continuous,ikdc,25,82.60,6.30,,,,,,,,
329,58,☑,"Malik et al., 2026",https://raw.githubusercontent.com/d-wkim/phd/refs/heads/main/data/pdf/malik_2026.pdf,https://github.com/d-wkim/phd/blob/main/data/pdf/malik_2026.pdf,Included,peroneus,continuous,lysholm,25,89.40,5.80,,,,,,,,
330,58,☑,"Malik et al., 2026",https://raw.githubusercontent.com/d-wkim/phd/refs/heads/main/data/pdf/malik_2026.pdf,https://github.com/d-wkim/phd/blob/main/data/pdf/malik_2026.pdf,Included,peroneus,continuous,tegner,25,5.60,0.90,,,,,,,,
331,58,☑,"Malik et al., 2026",https://raw.githubusercontent.com/d-wkim/phd/refs/heads/main/data/pdf/malik_2026.pdf,https://github.com/d-wkim/phd/blob/main/data/pdf/malik_2026.pdf,Included,peroneus,dichotomous,pivot shift,25,3,0.80,,,,,,,,
332,58,☑,"Malik et al., 2026",https://raw.githubusercontent.com/d-wkim/phd/refs/heads/main/data/pdf/malik_2026.pdf,https://github.com/d-wkim/phd/blob/main/data/pdf/malik_2026.pdf,Included,peroneus,dichotomous,lachman,25,2,0.54,,,,,,,,
333,58,☑,"Malik et al., 2026",https://raw.githubusercontent.com/d-wkim/phd/refs/heads/main/data/pdf/malik_2026.pdf,https://github.com/d-wkim/phd/blob/main/data/pdf/malik_2026.pdf,Included,peroneus,continuous,instrumental laxity,25,1.80,0.90,,,,,,,,
334,62,☑,"Matsumoto et al., 2006",https://raw.githubusercontent.com/d-wkim/phd/refs/heads/main/data/pdf/matsumoto_2006.pdf,https://github.com/d-wkim/phd/blob/main/data/pdf/matsumoto_2006.pdf,Included,patellar,continuous,ikdc,37,84.30,11.00,,,,,,,,
335,62,☑,"Matsumoto et al., 2006",https://raw.githubusercontent.com/d-wkim/phd/refs/heads/main/data/pdf/matsumoto_2006.pdf,https://github.com/d-wkim/phd/blob/main/data/pdf/matsumoto_2006.pdf,Included,patellar,continuous,instrumental laxity,37,1.20,2.10,,,,,,,,
336,62,☑,"Matsumoto et al., 2006",https://raw.githubusercontent.com/d-wkim/phd/refs/heads/main/data/pdf/matsumoto_2006.pdf,https://github.com/d-wkim/phd/blob/main/data/pdf/matsumoto_2006.pdf,Included,hamstring,continuous,ikdc,35,86.80,8.30,,,,,,,,
337,62,☑,"Matsumoto et al., 2006",https://raw.githubusercontent.com/d-wkim/phd/refs/heads/main/data/pdf/matsumoto_2006.pdf,https://github.com/d-wkim/phd/blob/main/data/pdf/matsumoto_2006.pdf,Included,hamstring,continuous,instrumental laxity,35,1.70,1.40,,,,,,,,
,66,☑,"Mohtadi et al., 2016",https://raw.githubusercontent.com/d-wkim/phd/refs/heads/main/data/pdf/mohtadi_2016a.pdf,https://github.com/d-wkim/phd/blob/main/data/pdf/mohtadi_2016a.pdf,Excluded,patellar,continuous,instrumental laxity,,,,,,,,,,,
,66,☑,"Mohtadi et al., 2016",https://raw.githubusercontent.com/d-wkim/phd/refs/heads/main/data/pdf/mohtadi_2016a.pdf,https://github.com/d-wkim/phd/blob/main/data/pdf/mohtadi_2016a.pdf,Excluded,patellar,dichotomous,lachman,,,,,,,,,,,
319,66,☑,"Mohtadi et al., 2016",https://raw.githubusercontent.com/d-wkim/phd/refs/heads/main/data/pdf/mohtadi_2016a.pdf,https://github.com/d-wkim/phd/blob/main/data/pdf/mohtadi_2016a.pdf,Included,patellar,dichotomous,graft rupture,110,19,2.25,,,,,,,,
,66,☑,"Mohtadi et al., 2016",https://raw.githubusercontent.com/d-wkim/phd/refs/heads/main/data/pdf/mohtadi_2016a.pdf,https://github.com/d-wkim/phd/blob/main/data/pdf/mohtadi_2016a.pdf,Excluded,hamstring,continuous,instrumental laxity,,,,,,,,,,,
,66,☑,"Mohtadi et al., 2016",https://raw.githubusercontent.com/d-wkim/phd/refs/heads/main/data/pdf/mohtadi_2016a.pdf,https://github.com/d-wkim/phd/blob/main/data/pdf/mohtadi_2016a.pdf,Excluded,hamstring,dichotomous,lachman,,,,,,,,,,,
322,66,☑,"Mohtadi et al., 2016",https://raw.githubusercontent.com/d-wkim/phd/refs/heads/main/data/pdf/mohtadi_2016a.pdf,https://github.com/d-wkim/phd/blob/main/data/pdf/mohtadi_2016a.pdf,Included,hamstring,dichotomous,graft rupture,110,24,2.99,,,,,,,,
,67,☑,"Mohtadi & Chan, 2019",https://raw.githubusercontent.com/d-wkim/phd/refs/heads/main/data/pdf/mohtadi_chan_2019.pdf,https://github.com/d-wkim/phd/blob/main/data/pdf/mohtadi_chan_2019.pdf,Excluded,patellar,continuous,ikdc,,,,,,,,,,,
,67,☑,"Mohtadi & Chan, 2019",https://raw.githubusercontent.com/d-wkim/phd/refs/heads/main/data/pdf/mohtadi_chan_2019.pdf,https://github.com/d-wkim/phd/blob/main/data/pdf/mohtadi_chan_2019.pdf,Excluded,patellar,dichotomous,pivot shift,,,,,,,,,,,
,67,☑,"Mohtadi & Chan, 2019",https://raw.githubusercontent.com/d-wkim/phd/refs/heads/main/data/pdf/mohtadi_chan_2019.pdf,https://github.com/d-wkim/phd/blob/main/data/pdf/mohtadi_chan_2019.pdf,Excluded,patellar,dichotomous,lachman,,,,,,,,,,,
,67,☑,"Mohtadi & Chan, 2019",https://raw.githubusercontent.com/d-wkim/phd/refs/heads/main/data/pdf/mohtadi_chan_2019.pdf,https://github.com/d-wkim/phd/blob/main/data/pdf/mohtadi_chan_2019.pdf,Excluded,patellar,continuous,instrumental laxity,,,,,,,,,,,
327,67,☑,"Mohtadi & Chan, 2019",https://raw.githubusercontent.com/d-wkim/phd/refs/heads/main/data/pdf/mohtadi_chan_2019.pdf,https://github.com/d-wkim/phd/blob/main/data/pdf/mohtadi_chan_2019.pdf,Excluded,patellar,dichotomous,graft rupture,,,,,,,,,,,
,67,☑,"Mohtadi & Chan, 2019",https://raw.githubusercontent.com/d-wkim/phd/refs/heads/main/data/pdf/mohtadi_chan_2019.pdf,https://github.com/d-wkim/phd/blob/main/data/pdf/mohtadi_chan_2019.pdf,Excluded,hamstring,continuous,ikdc,,,,,,,,,,,
,67,☑,"Mohtadi & Chan, 2019",https://raw.githubusercontent.com/d-wkim/phd/refs/heads/main/data/pdf/mohtadi_chan_2019.pdf,https://github.com/d-wkim/phd/blob/main/data/pdf/mohtadi_chan_2019.pdf,Excluded,hamstring,dichotomous,pivot shift,,,,,,,,,,,
,67,☑,"Mohtadi & Chan, 2019",https://raw.githubusercontent.com/d-wkim/phd/refs/heads/main/data/pdf/mohtadi_chan_2019.pdf,https://github.com/d-wkim/phd/blob/main/data/pdf/mohtadi_chan_2019.pdf,Excluded,hamstring,dichotomous,lachman,,,,,,,,,,,
,67,☑,"Mohtadi & Chan, 2019",https://raw.githubusercontent.com/d-wkim/phd/refs/heads/main/data/pdf/mohtadi_chan_2019.pdf,https://github.com/d-wkim/phd/blob/main/data/pdf/mohtadi_chan_2019.pdf,Excluded,hamstring,continuous,instrumental laxity,,,,,,,,,,,
332,67,☑,"Mohtadi & Chan, 2019",https://raw.githubusercontent.com/d-wkim/phd/refs/heads/main/data/pdf/mohtadi_chan_2019.pdf,https://github.com/d-wkim/phd/blob/main/data/pdf/mohtadi_chan_2019.pdf,Excluded,hamstring,dichotomous,graft rupture,,,,,,,,,,,
354,68,☑,"Moraiti et al., 2010",https://raw.githubusercontent.com/d-wkim/phd/refs/heads/main/data/pdf/moraiti_2010.pdf,https://github.com/d-wkim/phd/blob/main/data/pdf/moraiti_2010.pdf,Included,patellar,continuous,ikdc,6,92.00,7.00,,,,,,,,
,68,☑,"Moraiti et al., 2010",https://raw.githubusercontent.com/d-wkim/phd/refs/heads/main/data/pdf/moraiti_2010.pdf,https://github.com/d-wkim/phd/blob/main/data/pdf/moraiti_2010.pdf,Excluded,patellar,continuous,tegner,,,,,,,,,,,
356,68,☑,"Moraiti et al., 2010",https://raw.githubusercontent.com/d-wkim/phd/refs/heads/main/data/pdf/moraiti_2010.pdf,https://github.com/d-wkim/phd/blob/main/data/pdf/moraiti_2010.pdf,Included,patellar,continuous,lysholm,6,96.00,3.00,,,,,,,,
,68,☑,"Moraiti et al., 2010",https://raw.githubusercontent.com/d-wkim/phd/refs/heads/main/data/pdf/moraiti_2010.pdf,https://github.com/d-wkim/phd/blob/main/data/pdf/moraiti_2010.pdf,Excluded,patellar,continuous,instrumental laxity,,,,,,,,,,,
,68,☑,"Moraiti et al., 2010",https://raw.githubusercontent.com/d-wkim/phd/refs/heads/main/data/pdf/moraiti_2010.pdf,https://github.com/d-wkim/phd/blob/main/data/pdf/moraiti_2010.pdf,Excluded,patellar,dichotomous,lachman,,,,,,,,,,,
338,68,☑,"Moraiti et al., 2010",https://raw.githubusercontent.com/d-wkim/phd/refs/heads/main/data/pdf/moraiti_2010.pdf,https://github.com/d-wkim/phd/blob/main/data/pdf/moraiti_2010.pdf,Excluded,patellar,dichotomous,graft rupture,,,,,,,,,,,
360,68,☑,"Moraiti et al., 2010",https://raw.githubusercontent.com/d-wkim/phd/refs/heads/main/data/pdf/moraiti_2010.pdf,https://github.com/d-wkim/phd/blob/main/data/pdf/moraiti_2010.pdf,Included,hamstring,continuous,ikdc,6,90.00,10.00,,,,,,,,
,68,☑,"Moraiti et al., 2010",https://raw.githubusercontent.com/d-wkim/phd/refs/heads/main/data/pdf/moraiti_2010.pdf,https://github.com/d-wkim/phd/blob/main/data/pdf/moraiti_2010.pdf,Excluded,hamstring,continuous,tegner,,,,,,,,,,,
362,68,☑,"Moraiti et al., 2010",https://raw.githubusercontent.com/d-wkim/phd/refs/heads/main/data/pdf/moraiti_2010.pdf,https://github.com/d-wkim/phd/blob/main/data/pdf/moraiti_2010.pdf,Included,hamstring,continuous,lysholm,6,95.00,5.00,,,,,,,,
,68,☑,"Moraiti et al., 2010",https://raw.githubusercontent.com/d-wkim/phd/refs/heads/main/data/pdf/moraiti_2010.pdf,https://github.com/d-wkim/phd/blob/main/data/pdf/moraiti_2010.pdf,Excluded,hamstring,continuous,instrumental laxity,,,,,,,,,,,
,68,☑,"Moraiti et al., 2010",https://raw.githubusercontent.com/d-wkim/phd/refs/heads/main/data/pdf/moraiti_2010.pdf,https://github.com/d-wkim/phd/blob/main/data/pdf/moraiti_2010.pdf,Excluded,hamstring,dichotomous,lachman,,,,,,,,,,,
344,68,☑,"Moraiti et al., 2010",https://raw.githubusercontent.com/d-wkim/phd/refs/heads/main/data/pdf/moraiti_2010.pdf,https://github.com/d-wkim/phd/blob/main/data/pdf/moraiti_2010.pdf,Excluded,hamstring,dichotomous,graft rupture,,,,,,,,,,,
366,70,☑,"Noh et al., 2011",https://raw.githubusercontent.com/d-wkim/phd/refs/heads/main/data/pdf/noh_2011.pdf,https://github.com/d-wkim/phd/blob/main/data/pdf/noh_2011.pdf,Included,hamstring,dichotomous,lachman,33,6,1.38,,,,,,,,
,70,☑,"Noh et al., 2011",https://raw.githubusercontent.com/d-wkim/phd/refs/heads/main/data/pdf/noh_2011.pdf,https://github.com/d-wkim/phd/blob/main/data/pdf/noh_2011.pdf,Excluded,hamstring,continuous,ikdc,,,,,,,,,,,
368,70,☑,"Noh et al., 2011",https://raw.githubusercontent.com/d-wkim/phd/refs/heads/main/data/pdf/noh_2011.pdf,https://github.com/d-wkim/phd/blob/main/data/pdf/noh_2011.pdf,Included,hamstring,continuous,tegner,33,6.00,0.96,5,,,,9,,,
369,70,☑,"Noh et al., 2011",https://raw.githubusercontent.com/d-wkim/phd/refs/heads/main/data/pdf/noh_2011.pdf,https://github.com/d-wkim/phd/blob/main/data/pdf/noh_2011.pdf,Included,hamstring,continuous,lysholm,33,98.00,3.61,85,,,,100,,,
,70,☑,"Noh et al., 2011",https://raw.githubusercontent.com/d-wkim/phd/refs/heads/main/data/pdf/noh_2011.pdf,https://github.com/d-wkim/phd/blob/main/data/pdf/noh_2011.pdf,Excluded,hamstring,continuous,instrumental laxity,,,,,,,,,,,
371,70,☑,"Noh et al., 2011",https://raw.githubusercontent.com/d-wkim/phd/refs/heads/main/data/pdf/noh_2011.pdf,https://github.com/d-wkim/phd/blob/main/data/pdf/noh_2011.pdf,Included,hamstring,dichotomous,pivot shift,33,6,1.38,,,,,,,,
351,70,☑,"Noh et al., 2011",https://raw.githubusercontent.com/d-wkim/phd/refs/heads/main/data/pdf/noh_2011.pdf,https://github.com/d-wkim/phd/blob/main/data/pdf/noh_2011.pdf,Excluded,hamstring,dichotomous,graft rupture,,,,,,,,,,,
373,70,☑,"Noh et al., 2011",https://raw.githubusercontent.com/d-wkim/phd/refs/heads/main/data/pdf/noh_2011.pdf,https://github.com/d-wkim/phd/blob/main/data/pdf/noh_2011.pdf,Included,Achilles,dichotomous,lachman,32,11,3.10,,,,,,,,
,70,☑,"Noh et al., 2011",https://raw.githubusercontent.com/d-wkim/phd/refs/heads/main/data/pdf/noh_2011.pdf,https://github.com/d-wkim/phd/blob/main/data/pdf/noh_2011.pdf,Excluded,Achilles,continuous,ikdc,,,,,,,,,,,
375,70,☑,"Noh et al., 2011",https://raw.githubusercontent.com/d-wkim/phd/refs/heads/main/data/pdf/noh_2011.pdf,https://github.com/d-wkim/phd/blob/main/data/pdf/noh_2011.pdf,Included,Achilles,continuous,tegner,32,6.00,1.21,4,,,,9,,,
376,70,☑,"Noh et al., 2011",https://raw.githubusercontent.com/d-wkim/phd/refs/heads/main/data/pdf/noh_2011.pdf,https://github.com/d-wkim/phd/blob/main/data/pdf/noh_2011.pdf,Included,Achilles,continuous,lysholm,32,99.00,3.63,85,,,,100,,,
,70,☑,"Noh et al., 2011",https://raw.githubusercontent.com/d-wkim/phd/refs/heads/main/data/pdf/noh_2011.pdf,https://github.com/d-wkim/phd/blob/main/data/pdf/noh_2011.pdf,Excluded,Achilles,continuous,instrumental laxity,,,,,,,,,,,
378,70,☑,"Noh et al., 2011",https://raw.githubusercontent.com/d-wkim/phd/refs/heads/main/data/pdf/noh_2011.pdf,https://github.com/d-wkim/phd/blob/main/data/pdf/noh_2011.pdf,Included,Achilles,dichotomous,pivot shift,32,6,1.41,,,,,,,,
358,70,☑,"Noh et al., 2011",https://raw.githubusercontent.com/d-wkim/phd/refs/heads/main/data/pdf/noh_2011.pdf,https://github.com/d-wkim/phd/blob/main/data/pdf/noh_2011.pdf,Excluded,Achilles,dichotomous,graft rupture,,,,,,,,,,,
,72,☑,"Oneill et al., 1996",https://raw.githubusercontent.com/d-wkim/phd/refs/heads/main/data/pdf/oneill_1996.pdf,https://github.com/d-wkim/phd/blob/main/data/pdf/oneill_1996.pdf,Excluded,patellar,continuous,ikdc,,,,,,,,,,,Did not report any measure of dispersion.
,72,☑,"Oneill et al., 1996",https://raw.githubusercontent.com/d-wkim/phd/refs/heads/main/data/pdf/oneill_1996.pdf,https://github.com/d-wkim/phd/blob/main/data/pdf/oneill_1996.pdf,Excluded,patellar,continuous,lysholm,,,,,,,,,,,Did not report any measure of dispersion.
,72,☑,"Oneill et al., 1996",https://raw.githubusercontent.com/d-wkim/phd/refs/heads/main/data/pdf/oneill_1996.pdf,https://github.com/d-wkim/phd/blob/main/data/pdf/oneill_1996.pdf,Excluded,patellar,continuous,instrumental laxity,,,,,,,,,,,Did not report any measure of dispersion.
,72,☑,"Oneill et al., 1996",https://raw.githubusercontent.com/d-wkim/phd/refs/heads/main/data/pdf/oneill_1996.pdf,https://github.com/d-wkim/phd/blob/main/data/pdf/oneill_1996.pdf,Excluded,hamstring,continuous,ikdc,,,,,,,,,,,Did not report any measure of dispersion.
,72,☑,"Oneill et al., 1996",https://raw.githubusercontent.com/d-wkim/phd/refs/heads/main/data/pdf/oneill_1996.pdf,https://github.com/d-wkim/phd/blob/main/data/pdf/oneill_1996.pdf,Excluded,hamstring,continuous,lysholm,,,,,,,,,,,Did not report any measure of dispersion.
,72,☑,"Oneill et al., 1996",https://raw.githubusercontent.com/d-wkim/phd/refs/heads/main/data/pdf/oneill_1996.pdf,https://github.com/d-wkim/phd/blob/main/data/pdf/oneill_1996.pdf,Excluded,hamstring,continuous,instrumental laxity,,,,,,,,,,,Did not report any measure of dispersion.
386,73,☑,"Papalia et al., 2015",https://raw.githubusercontent.com/d-wkim/phd/refs/heads/main/data/pdf/papalia_2015.pdf,https://github.com/d-wkim/phd/blob/main/data/pdf/papalia_2015.pdf,Included,patellar,continuous,ikdc,20,86.90,11.70,,,,,,,,
387,73,☑,"Papalia et al., 2015",https://raw.githubusercontent.com/d-wkim/phd/refs/heads/main/data/pdf/papalia_2015.pdf,https://github.com/d-wkim/phd/blob/main/data/pdf/papalia_2015.pdf,Included,patellar,continuous,lysholm,20,87.40,13.80,,,,,,,,
388,73,☑,"Papalia et al., 2015",https://raw.githubusercontent.com/d-wkim/phd/refs/heads/main/data/pdf/papalia_2015.pdf,https://github.com/d-wkim/phd/blob/main/data/pdf/papalia_2015.pdf,Included,hamstring,continuous,ikdc,20,90.97,5.10,,,,,,,,
389,73,☑,"Papalia et al., 2015",https://raw.githubusercontent.com/d-wkim/phd/refs/heads/main/data/pdf/papalia_2015.pdf,https://github.com/d-wkim/phd/blob/main/data/pdf/papalia_2015.pdf,Included,hamstring,continuous,lysholm,20,93.17,10.30,,,,,,,,
390,76,☐,"Pinczewski et al., 2007",https://raw.githubusercontent.com/d-wkim/phd/refs/heads/main/data/pdf/pinczewski_2007.pdf,https://github.com/d-wkim/phd/blob/main/data/pdf/pinczewski_2007.pdf,Included,patellar,continuous,ikdc,,,,,,,,,,,
391,76,☐,"Pinczewski et al., 2007",https://raw.githubusercontent.com/d-wkim/phd/refs/heads/main/data/pdf/pinczewski_2007.pdf,https://github.com/d-wkim/phd/blob/main/data/pdf/pinczewski_2007.pdf,Included,patellar,continuous,lysholm,,,,,,,,,,,
392,76,☐,"Pinczewski et al., 2007",https://raw.githubusercontent.com/d-wkim/phd/refs/heads/main/data/pdf/pinczewski_2007.pdf,https://github.com/d-wkim/phd/blob/main/data/pdf/pinczewski_2007.pdf,Included,patellar,dichotomous,lachman,,,,,,,,,,,
393,76,☐,"Pinczewski et al., 2007",https://raw.githubusercontent.com/d-wkim/phd/refs/heads/main/data/pdf/pinczewski_2007.pdf,https://github.com/d-wkim/phd/blob/main/data/pdf/pinczewski_2007.pdf,Included,patellar,dichotomous,pivot shift,,,,,,,,,,,
394,76,☐,"Pinczewski et al., 2007",https://raw.githubusercontent.com/d-wkim/phd/refs/heads/main/data/pdf/pinczewski_2007.pdf,https://github.com/d-wkim/phd/blob/main/data/pdf/pinczewski_2007.pdf,Included,patellar,continuous,instrumental laxity,,,,,,,,,,,
395,76,☐,"Pinczewski et al., 2007",https://raw.githubusercontent.com/d-wkim/phd/refs/heads/main/data/pdf/pinczewski_2007.pdf,https://github.com/d-wkim/phd/blob/main/data/pdf/pinczewski_2007.pdf,Included,hamstring,continuous,ikdc,,,,,,,,,,,
396,76,☐,"Pinczewski et al., 2007",https://raw.githubusercontent.com/d-wkim/phd/refs/heads/main/data/pdf/pinczewski_2007.pdf,https://github.com/d-wkim/phd/blob/main/data/pdf/pinczewski_2007.pdf,Included,hamstring,continuous,lysholm,,,,,,,,,,,
397,76,☐,"Pinczewski et al., 2007",https://raw.githubusercontent.com/d-wkim/phd/refs/heads/main/data/pdf/pinczewski_2007.pdf,https://github.com/d-wkim/phd/blob/main/data/pdf/pinczewski_2007.pdf,Included,hamstring,dichotomous,lachman,,,,,,,,,,,
398,76,☐,"Pinczewski et al., 2007",https://raw.githubusercontent.com/d-wkim/phd/refs/heads/main/data/pdf/pinczewski_2007.pdf,https://github.com/d-wkim/phd/blob/main/data/pdf/pinczewski_2007.pdf,Included,hamstring,dichotomous,pivot shift,,,,,,,,,,,
399,76,☐,"Pinczewski et al., 2007",https://raw.githubusercontent.com/d-wkim/phd/refs/heads/main/data/pdf/pinczewski_2007.pdf,https://github.com/d-wkim/phd/blob/main/data/pdf/pinczewski_2007.pdf,Included,hamstring,continuous,instrumental laxity,,,,,,,,,,,
400,77,☑,"Popovic et al., 2024",https://raw.githubusercontent.com/d-wkim/phd/refs/heads/main/data/pdf/popovic_2024.pdf,https://github.com/d-wkim/phd/blob/main/data/pdf/popovic_2024.pdf,Included,patellar,continuous,lysholm,38,82.00,15.45,34,,,,100,,,
401,77,☑,"Popovic et al., 2024",https://raw.githubusercontent.com/d-wkim/phd/refs/heads/main/data/pdf/popovic_2024.pdf,https://github.com/d-wkim/phd/blob/main/data/pdf/popovic_2024.pdf,Included,patellar,continuous,tegner,38,4.00,1.64,0,,,,7,,,
402,77,☑,"Popovic et al., 2024",https://raw.githubusercontent.com/d-wkim/phd/refs/heads/main/data/pdf/popovic_2024.pdf,https://github.com/d-wkim/phd/blob/main/data/pdf/popovic_2024.pdf,Included,patellar,continuous,instrumental laxity,38,1.30,2.20,-3,,,,5,,,
403,77,☑,"Popovic et al., 2024",https://raw.githubusercontent.com/d-wkim/phd/refs/heads/main/data/pdf/popovic_2024.pdf,https://github.com/d-wkim/phd/blob/main/data/pdf/popovic_2024.pdf,Included,patellar,dichotomous,pivot shift,38,3,0.62,,,,,,,,
404,77,☐,"Popovic et al., 2024",https://raw.githubusercontent.com/d-wkim/phd/refs/heads/main/data/pdf/popovic_2024.pdf,https://github.com/d-wkim/phd/blob/main/data/pdf/popovic_2024.pdf,Included,patellar,dichotomous,lachman,38,,0.08,,,,,,,,
405,77,☐,"Popovic et al., 2024",https://raw.githubusercontent.com/d-wkim/phd/refs/heads/main/data/pdf/popovic_2024.pdf,https://github.com/d-wkim/phd/blob/main/data/pdf/popovic_2024.pdf,Included,patellar,dichotomous,graft rupture,38,,0.08,,,,,,,,
406,77,☑,"Popovic et al., 2024",https://raw.githubusercontent.com/d-wkim/phd/refs/heads/main/data/pdf/popovic_2024.pdf,https://github.com/d-wkim/phd/blob/main/data/pdf/popovic_2024.pdf,Included,hamstring,continuous,lysholm,33,85.00,14.67,39,,,,100,,,
407,77,☑,"Popovic et al., 2024",https://raw.githubusercontent.com/d-wkim/phd/refs/heads/main/data/pdf/popovic_2024.pdf,https://github.com/d-wkim/phd/blob/main/data/pdf/popovic_2024.pdf,Included,hamstring,continuous,tegner,33,5.00,2.16,0,,,,9,,,
408,77,☑,"Popovic et al., 2024",https://raw.githubusercontent.com/d-wkim/phd/refs/heads/main/data/pdf/popovic_2024.pdf,https://github.com/d-wkim/phd/blob/main/data/pdf/popovic_2024.pdf,Included,hamstring,continuous,instrumental laxity,33,1.50,3.30,-3,,,,12,,,
409,77,☐,"Popovic et al., 2024",https://raw.githubusercontent.com/d-wkim/phd/refs/heads/main/data/pdf/popovic_2024.pdf,https://github.com/d-wkim/phd/blob/main/data/pdf/popovic_2024.pdf,Included,hamstring,dichotomous,pivot shift,33,,0.09,,,,,,,,
410,77,☐,"Popovic et al., 2024",https://raw.githubusercontent.com/d-wkim/phd/refs/heads/main/data/pdf/popovic_2024.pdf,https://github.com/d-wkim/phd/blob/main/data/pdf/popovic_2024.pdf,Included,hamstring,dichotomous,lachman,33,,0.09,,,,,,,,
411,77,☐,"Popovic et al., 2024",https://raw.githubusercontent.com/d-wkim/phd/refs/heads/main/data/pdf/popovic_2024.pdf,https://github.com/d-wkim/phd/blob/main/data/pdf/popovic_2024.pdf,Included,hamstring,dichotomous,graft rupture,33,,0.09,,,,,,,,
,82,☑,"Sajovic et al., 2018",https://raw.githubusercontent.com/d-wkim/phd/refs/heads/main/data/pdf/sajovic_2018.pdf,https://github.com/d-wkim/phd/blob/main/data/pdf/sajovic_2018.pdf,Excluded,patellar,continuous,ikdc,,,,,,,,,,,
413,82,☑,"Sajovic et al., 2018",https://raw.githubusercontent.com/d-wkim/phd/refs/heads/main/data/pdf/sajovic_2018.pdf,https://github.com/d-wkim/phd/blob/main/data/pdf/sajovic_2018.pdf,Included,patellar,dichotomous,lachman,24,5,1.42,,,,,,,,
414,82,☑,"Sajovic et al., 2018",https://raw.githubusercontent.com/d-wkim/phd/refs/heads/main/data/pdf/sajovic_2018.pdf,https://github.com/d-wkim/phd/blob/main/data/pdf/sajovic_2018.pdf,Included,patellar,dichotomous,pivot shift,24,6,1.77,,,,,,,,
,82,☑,"Sajovic et al., 2018",https://raw.githubusercontent.com/d-wkim/phd/refs/heads/main/data/pdf/sajovic_2018.pdf,https://github.com/d-wkim/phd/blob/main/data/pdf/sajovic_2018.pdf,Excluded,hamstring,continuous,ikdc,,,,,,,,,,,
416,82,☑,"Sajovic et al., 2018",https://raw.githubusercontent.com/d-wkim/phd/refs/heads/main/data/pdf/sajovic_2018.pdf,https://github.com/d-wkim/phd/blob/main/data/pdf/sajovic_2018.pdf,Included,hamstring,dichotomous,lachman,24,5,1.42,,,,,,,,
417,82,☑,"Sajovic et al., 2018",https://raw.githubusercontent.com/d-wkim/phd/refs/heads/main/data/pdf/sajovic_2018.pdf,https://github.com/d-wkim/phd/blob/main/data/pdf/sajovic_2018.pdf,Included,hamstring,dichotomous,pivot shift,24,5,1.42,,,,,,,,
418,84,☑,"Sinding et al., 2020",https://raw.githubusercontent.com/d-wkim/phd/refs/heads/main/data/pdf/sinding_2020.pdf,https://github.com/d-wkim/phd/blob/main/data/pdf/sinding_2020.pdf,Included,hamstring,continuous,ikdc,43,76.00,15.00,,,,,,,,
419,84,☑,"Sinding et al., 2020",https://raw.githubusercontent.com/d-wkim/phd/refs/heads/main/data/pdf/sinding_2020.pdf,https://github.com/d-wkim/phd/blob/main/data/pdf/sinding_2020.pdf,Included,quadriceps,continuous,ikdc,42,76.00,17.00,,,,,,,,
420,85,☑,"Smith et al., 2020",https://raw.githubusercontent.com/d-wkim/phd/refs/heads/main/data/pdf/smith_2020.pdf,https://github.com/d-wkim/phd/blob/main/data/pdf/smith_2020.pdf,Included,patellar,continuous,ikdc,32,89.40,9.20,,,,,,,,
421,85,☑,"Smith et al., 2020",https://raw.githubusercontent.com/d-wkim/phd/refs/heads/main/data/pdf/smith_2020.pdf,https://github.com/d-wkim/phd/blob/main/data/pdf/smith_2020.pdf,Included,patellar,continuous,instrumental laxity,32,0.00,0.80,,,,,,,,
403,85,☑,"Smith et al., 2020",https://raw.githubusercontent.com/d-wkim/phd/refs/heads/main/data/pdf/smith_2020.pdf,https://github.com/d-wkim/phd/blob/main/data/pdf/smith_2020.pdf,Included,patellar,dichotomous,graft rupture,32,0,0.09,,,,,,,,
423,85,☑,"Smith et al., 2020",https://raw.githubusercontent.com/d-wkim/phd/refs/heads/main/data/pdf/smith_2020.pdf,https://github.com/d-wkim/phd/blob/main/data/pdf/smith_2020.pdf,Included,hamstring,continuous,ikdc,32,94.80,6.40,,,,,,,,
424,85,☑,"Smith et al., 2020",https://raw.githubusercontent.com/d-wkim/phd/refs/heads/main/data/pdf/smith_2020.pdf,https://github.com/d-wkim/phd/blob/main/data/pdf/smith_2020.pdf,Included,hamstring,continuous,instrumental laxity,32,0.30,0.70,,,,,,,,
406,85,☑,"Smith et al., 2020",https://raw.githubusercontent.com/d-wkim/phd/refs/heads/main/data/pdf/smith_2020.pdf,https://github.com/d-wkim/phd/blob/main/data/pdf/smith_2020.pdf,Included,hamstring,dichotomous,graft rupture,32,2,0.47,,,,,,,,
426,87,☑,"Sonnery-cottet et al., 2026",https://raw.githubusercontent.com/d-wkim/phd/refs/heads/main/data/pdf/sonnery-cottet_2026.pdf,https://github.com/d-wkim/phd/blob/main/data/pdf/sonnery-cottet_2026.pdf,Included,patellar,continuous,ikdc,296,89.40,10.90,,,,,,,,
427,87,☑,"Sonnery-cottet et al., 2026",https://raw.githubusercontent.com/d-wkim/phd/refs/heads/main/data/pdf/sonnery-cottet_2026.pdf,https://github.com/d-wkim/phd/blob/main/data/pdf/sonnery-cottet_2026.pdf,Included,patellar,continuous,lysholm,296,89.00,12.40,,,,,,,,
428,87,☑,"Sonnery-cottet et al., 2026",https://raw.githubusercontent.com/d-wkim/phd/refs/heads/main/data/pdf/sonnery-cottet_2026.pdf,https://github.com/d-wkim/phd/blob/main/data/pdf/sonnery-cottet_2026.pdf,Included,patellar,continuous,tegner,296,6.60,1.60,,,,,,,,
429,87,☑,"Sonnery-cottet et al., 2026",https://raw.githubusercontent.com/d-wkim/phd/refs/heads/main/data/pdf/sonnery-cottet_2026.pdf,https://github.com/d-wkim/phd/blob/main/data/pdf/sonnery-cottet_2026.pdf,Included,patellar,continuous,instrumental laxity,296,1.20,1.40,,,,,,,,
427,87,☑,"Sonnery-cottet et al., 2026",https://raw.githubusercontent.com/d-wkim/phd/refs/heads/main/data/pdf/sonnery-cottet_2026.pdf,https://github.com/d-wkim/phd/blob/main/data/pdf/sonnery-cottet_2026.pdf,Included,patellar,dichotomous,graft rupture,273,12,0.79,,,,,,,,
431,87,☑,"Sonnery-cottet et al., 2026",https://raw.githubusercontent.com/d-wkim/phd/refs/heads/main/data/pdf/sonnery-cottet_2026.pdf,https://github.com/d-wkim/phd/blob/main/data/pdf/sonnery-cottet_2026.pdf,Included,hamstring,continuous,ikdc,297,91.00,10.30,,,,,,,,
432,87,☑,"Sonnery-cottet et al., 2026",https://raw.githubusercontent.com/d-wkim/phd/refs/heads/main/data/pdf/sonnery-cottet_2026.pdf,https://github.com/d-wkim/phd/blob/main/data/pdf/sonnery-cottet_2026.pdf,Included,hamstring,continuous,lysholm,297,91.10,11.90,,,,,,,,
433,87,☑,"Sonnery-cottet et al., 2026",https://raw.githubusercontent.com/d-wkim/phd/refs/heads/main/data/pdf/sonnery-cottet_2026.pdf,https://github.com/d-wkim/phd/blob/main/data/pdf/sonnery-cottet_2026.pdf,Included,hamstring,continuous,tegner,297,6.70,1.70,,,,,,,,
434,87,☑,"Sonnery-cottet et al., 2026",https://raw.githubusercontent.com/d-wkim/phd/refs/heads/main/data/pdf/sonnery-cottet_2026.pdf,https://github.com/d-wkim/phd/blob/main/data/pdf/sonnery-cottet_2026.pdf,Included,hamstring,continuous,instrumental laxity,297,0.90,1.00,,,,,,,,
433,87,☑,"Sonnery-cottet et al., 2026",https://raw.githubusercontent.com/d-wkim/phd/refs/heads/main/data/pdf/sonnery-cottet_2026.pdf,https://github.com/d-wkim/phd/blob/main/data/pdf/sonnery-cottet_2026.pdf,Included,hamstring,dichotomous,graft rupture,283,12,0.78,,,,,,,,
436,89,☑,"Tang et al., 2023",https://raw.githubusercontent.com/d-wkim/phd/refs/heads/main/data/pdf/tang_2023.pdf,https://github.com/d-wkim/phd/blob/main/data/pdf/tang_2023.pdf,Included,hamstring,continuous,ikdc,16,90.13,6.99,,,92.5,,,,,
437,89,☑,"Tang et al., 2023",https://raw.githubusercontent.com/d-wkim/phd/refs/heads/main/data/pdf/tang_2023.pdf,https://github.com/d-wkim/phd/blob/main/data/pdf/tang_2023.pdf,Included,hamstring,continuous,lysholm,16,90.06,7.33,,,,,,,,
,89,☑,"Tang et al., 2023",https://raw.githubusercontent.com/d-wkim/phd/refs/heads/main/data/pdf/tang_2023.pdf,https://github.com/d-wkim/phd/blob/main/data/pdf/tang_2023.pdf,Excluded,hamstring,continuous,instrumental laxity,,,,,,,,,,,Reported side-to-side difference (SSD) in Lachman and anterior drawer ?
439,89,☑,"Tang et al., 2023",https://raw.githubusercontent.com/d-wkim/phd/refs/heads/main/data/pdf/tang_2023.pdf,https://github.com/d-wkim/phd/blob/main/data/pdf/tang_2023.pdf,Included,quadriceps,continuous,ikdc,17,87.12,6.61,,,90,,,,,
440,89,☑,"Tang et al., 2023",https://raw.githubusercontent.com/d-wkim/phd/refs/heads/main/data/pdf/tang_2023.pdf,https://github.com/d-wkim/phd/blob/main/data/pdf/tang_2023.pdf,Included,quadriceps,continuous,lysholm,17,90.00,4.26,,,,,,,,
,89,☑,"Tang et al., 2023",https://raw.githubusercontent.com/d-wkim/phd/refs/heads/main/data/pdf/tang_2023.pdf,https://github.com/d-wkim/phd/blob/main/data/pdf/tang_2023.pdf,Excluded,quadriceps,continuous,instrumental laxity,,,,,,,,,,,Reported side-to-side difference (SSD) in Lachman and anterior drawer? (contact authors for clarification).
,90,☑,"Taylor et al., 2009",https://raw.githubusercontent.com/d-wkim/phd/refs/heads/main/data/pdf/taylor_2009.pdf,https://github.com/d-wkim/phd/blob/main/data/pdf/taylor_2009.pdf,Excluded,patellar,continuous,ikdc,,,,,,,,,,,IKDC subjective was reported as part of IKDC objective.
443,90,☑,"Taylor et al., 2009",https://raw.githubusercontent.com/d-wkim/phd/refs/heads/main/data/pdf/taylor_2009.pdf,https://github.com/d-wkim/phd/blob/main/data/pdf/taylor_2009.pdf,Included,patellar,continuous,tegner,20,6.80,3.27,,,,,,,,SD was estimated using p-value transformation methods from Cochrane handbook.
444,90,☑,"Taylor et al., 2009",https://raw.githubusercontent.com/d-wkim/phd/refs/heads/main/data/pdf/taylor_2009.pdf,https://github.com/d-wkim/phd/blob/main/data/pdf/taylor_2009.pdf,Included,patellar,continuous,lysholm,21,90.30,12.19,,,,,,,,SD was estimated using CI and p-value transformation methods from Cochrane handbook. Lesser value of the two methods was recorded.
,90,☑,"Taylor et al., 2009",https://raw.githubusercontent.com/d-wkim/phd/refs/heads/main/data/pdf/taylor_2009.pdf,https://github.com/d-wkim/phd/blob/main/data/pdf/taylor_2009.pdf,Excluded,patellar,continuous,instrumental laxity,,,,,,,,,,,
446,90,☑,"Taylor et al., 2009",https://raw.githubusercontent.com/d-wkim/phd/refs/heads/main/data/pdf/taylor_2009.pdf,https://github.com/d-wkim/phd/blob/main/data/pdf/taylor_2009.pdf,Included,patellar,dichotomous,graft rupture,32,3,0.68,,,,,,,,
,90,☑,"Taylor et al., 2009",https://raw.githubusercontent.com/d-wkim/phd/refs/heads/main/data/pdf/taylor_2009.pdf,https://github.com/d-wkim/phd/blob/main/data/pdf/taylor_2009.pdf,Excluded,hamstring,continuous,ikdc,,,,,,,,,,,IKDC subjective was reported as part of IKDC objective.
448,90,☑,"Taylor et al., 2009",https://raw.githubusercontent.com/d-wkim/phd/refs/heads/main/data/pdf/taylor_2009.pdf,https://github.com/d-wkim/phd/blob/main/data/pdf/taylor_2009.pdf,Included,hamstring,continuous,tegner,24,5.30,3.58,,,,,,,,SD was estimated using p-value transformation methods from Cochrane handbook.
449,90,☑,"Taylor et al., 2009",https://raw.githubusercontent.com/d-wkim/phd/refs/heads/main/data/pdf/taylor_2009.pdf,https://github.com/d-wkim/phd/blob/main/data/pdf/taylor_2009.pdf,Included,hamstring,continuous,lysholm,23,90.40,12.75,,,,,,,,SD was estimated using CI and p-value transformation methods from Cochrane handbook. Lesser value of the two methods was recorded.
,90,☑,"Taylor et al., 2009",https://raw.githubusercontent.com/d-wkim/phd/refs/heads/main/data/pdf/taylor_2009.pdf,https://github.com/d-wkim/phd/blob/main/data/pdf/taylor_2009.pdf,Excluded,hamstring,continuous,instrumental laxity,,,,,,,,,,,
451,90,☑,"Taylor et al., 2009",https://raw.githubusercontent.com/d-wkim/phd/refs/heads/main/data/pdf/taylor_2009.pdf,https://github.com/d-wkim/phd/blob/main/data/pdf/taylor_2009.pdf,Included,hamstring,dichotomous,graft rupture,32,4,0.91,,,,,,,,
452,93,☑,"Vilchez-cavazos et al., 2020",https://raw.githubusercontent.com/d-wkim/phd/refs/heads/main/data/pdf/vilchez-cavazos_2020.pdf,https://github.com/d-wkim/phd/blob/main/data/pdf/vilchez-cavazos_2020.pdf,Included,patellar,continuous,ikdc,14,90,1.76,,87,90.00,93,,,,
453,93,☑,"Vilchez-cavazos et al., 2020",https://raw.githubusercontent.com/d-wkim/phd/refs/heads/main/data/pdf/vilchez-cavazos_2020.pdf,https://github.com/d-wkim/phd/blob/main/data/pdf/vilchez-cavazos_2020.pdf,Included,patellar,continuous,lysholm,14,96,2.93,,90,98.00,100,,,,
,93,☑,"Vilchez-cavazos et al., 2020",https://raw.githubusercontent.com/d-wkim/phd/refs/heads/main/data/pdf/vilchez-cavazos_2020.pdf,https://github.com/d-wkim/phd/blob/main/data/pdf/vilchez-cavazos_2020.pdf,Excluded,patellar,continuous,tegner,,,,,,,,,,,
,93,☑,"Vilchez-cavazos et al., 2020",https://raw.githubusercontent.com/d-wkim/phd/refs/heads/main/data/pdf/vilchez-cavazos_2020.pdf,https://github.com/d-wkim/phd/blob/main/data/pdf/vilchez-cavazos_2020.pdf,Excluded,patellar,continuous,instrumental laxity,,,,,,,,,,,
456,93,☑,"Vilchez-cavazos et al., 2020",https://raw.githubusercontent.com/d-wkim/phd/refs/heads/main/data/pdf/vilchez-cavazos_2020.pdf,https://github.com/d-wkim/phd/blob/main/data/pdf/vilchez-cavazos_2020.pdf,Included,quadriceps,continuous,ikdc,14,88.17,2.49,,83,90.00,91.5,,,,
457,93,☑,"Vilchez-cavazos et al., 2020",https://raw.githubusercontent.com/d-wkim/phd/refs/heads/main/data/pdf/vilchez-cavazos_2020.pdf,https://github.com/d-wkim/phd/blob/main/data/pdf/vilchez-cavazos_2020.pdf,Included,quadriceps,continuous,lysholm,14,95.33,2.64,,91,95.00,100,,,,
,93,☑,"Vilchez-cavazos et al., 2020",https://raw.githubusercontent.com/d-wkim/phd/refs/heads/main/data/pdf/vilchez-cavazos_2020.pdf,https://github.com/d-wkim/phd/blob/main/data/pdf/vilchez-cavazos_2020.pdf,Excluded,quadriceps,continuous,tegner,,,,,,,,,,,
,93,☑,"Vilchez-cavazos et al., 2020",https://raw.githubusercontent.com/d-wkim/phd/refs/heads/main/data/pdf/vilchez-cavazos_2020.pdf,https://github.com/d-wkim/phd/blob/main/data/pdf/vilchez-cavazos_2020.pdf,Excluded,quadriceps,continuous,instrumental laxity,,,,,,,,,,,
,95,☑,"Webster et al., 2001",https://raw.githubusercontent.com/d-wkim/phd/refs/heads/main/data/pdf/webster_2001.pdf,https://github.com/d-wkim/phd/blob/main/data/pdf/webster_2001.pdf,Excluded,patellar,continuous,ikdc,,,,,,,,,,,IKDC objective reported.
461,95,☑,"Webster et al., 2001",https://raw.githubusercontent.com/d-wkim/phd/refs/heads/main/data/pdf/webster_2001.pdf,https://github.com/d-wkim/phd/blob/main/data/pdf/webster_2001.pdf,Included,patellar,continuous,instrumental laxity,23,1.10,0.65,1,,,,3.5,,,
,95,☑,"Webster et al., 2001",https://raw.githubusercontent.com/d-wkim/phd/refs/heads/main/data/pdf/webster_2001.pdf,https://github.com/d-wkim/phd/blob/main/data/pdf/webster_2001.pdf,Excluded,hamstring,continuous,ikdc,,,,,,,,,,,IKDC objective reported.
463,95,☑,"Webster et al., 2001",https://raw.githubusercontent.com/d-wkim/phd/refs/heads/main/data/pdf/webster_2001.pdf,https://github.com/d-wkim/phd/blob/main/data/pdf/webster_2001.pdf,Included,hamstring,continuous,instrumental laxity,31,1.70,0.97,0,,,,4,,,
464,96,☑,"Wipfler et al., 2011",https://raw.githubusercontent.com/d-wkim/phd/refs/heads/main/data/pdf/wipfler_2011.pdf,https://github.com/d-wkim/phd/blob/main/data/pdf/wipfler_2011.pdf,Included,patellar,continuous,ikdc,29,86.72,2.27,,,,,,,,
465,96,☑,"Wipfler et al., 2011",https://raw.githubusercontent.com/d-wkim/phd/refs/heads/main/data/pdf/wipfler_2011.pdf,https://github.com/d-wkim/phd/blob/main/data/pdf/wipfler_2011.pdf,Included,patellar,continuous,lysholm,29,87.28,1.76,,,,,,,,
466,96,☑,"Wipfler et al., 2011",https://raw.githubusercontent.com/d-wkim/phd/refs/heads/main/data/pdf/wipfler_2011.pdf,https://github.com/d-wkim/phd/blob/main/data/pdf/wipfler_2011.pdf,Included,patellar,continuous,tegner,29,6.20,0.35,,,,,,,,
467,96,☑,"Wipfler et al., 2011",https://raw.githubusercontent.com/d-wkim/phd/refs/heads/main/data/pdf/wipfler_2011.pdf,https://github.com/d-wkim/phd/blob/main/data/pdf/wipfler_2011.pdf,Included,patellar,continuous,instrumental laxity,29,0.90,0.27,,,,,,,,
,96,☑,"Wipfler et al., 2011",https://raw.githubusercontent.com/d-wkim/phd/refs/heads/main/data/pdf/wipfler_2011.pdf,https://github.com/d-wkim/phd/blob/main/data/pdf/wipfler_2011.pdf,Excluded,patellar,dichotomous,pivot shift,29,,0.09,,,,,,,,Reported only as % change over time.
,96,☑,"Wipfler et al., 2011",https://raw.githubusercontent.com/d-wkim/phd/refs/heads/main/data/pdf/wipfler_2011.pdf,https://github.com/d-wkim/phd/blob/main/data/pdf/wipfler_2011.pdf,Excluded,patellar,dichotomous,lachman,29,,0.09,,,,,,,,Reported only as % change over time.
464,96,☑,"Wipfler et al., 2011",https://raw.githubusercontent.com/d-wkim/phd/refs/heads/main/data/pdf/wipfler_2011.pdf,https://github.com/d-wkim/phd/blob/main/data/pdf/wipfler_2011.pdf,Included,patellar,dichotomous,graft rupture,29,3,0.72,,,,,,,,
471,96,☑,"Wipfler et al., 2011",https://raw.githubusercontent.com/d-wkim/phd/refs/heads/main/data/pdf/wipfler_2011.pdf,https://github.com/d-wkim/phd/blob/main/data/pdf/wipfler_2011.pdf,Included,hamstring,continuous,ikdc,25,92.95,1.99,,,,,,,,
472,96,☑,"Wipfler et al., 2011",https://raw.githubusercontent.com/d-wkim/phd/refs/heads/main/data/pdf/wipfler_2011.pdf,https://github.com/d-wkim/phd/blob/main/data/pdf/wipfler_2011.pdf,Included,hamstring,continuous,lysholm,25,91.82,1.71,,,,,,,,
473,96,☑,"Wipfler et al., 2011",https://raw.githubusercontent.com/d-wkim/phd/refs/heads/main/data/pdf/wipfler_2011.pdf,https://github.com/d-wkim/phd/blob/main/data/pdf/wipfler_2011.pdf,Included,hamstring,continuous,tegner,25,6.14,0.37,,,,,,,,
474,96,☑,"Wipfler et al., 2011",https://raw.githubusercontent.com/d-wkim/phd/refs/heads/main/data/pdf/wipfler_2011.pdf,https://github.com/d-wkim/phd/blob/main/data/pdf/wipfler_2011.pdf,Included,hamstring,continuous,instrumental laxity,25,0.64,0.36,,,,,,,,
,96,☑,"Wipfler et al., 2011",https://raw.githubusercontent.com/d-wkim/phd/refs/heads/main/data/pdf/wipfler_2011.pdf,https://github.com/d-wkim/phd/blob/main/data/pdf/wipfler_2011.pdf,Excluded,hamstring,dichotomous,pivot shift,25,,0.10,,,,,,,,Reported only as % change over time.
,96,☑,"Wipfler et al., 2011",https://raw.githubusercontent.com/d-wkim/phd/refs/heads/main/data/pdf/wipfler_2011.pdf,https://github.com/d-wkim/phd/blob/main/data/pdf/wipfler_2011.pdf,Excluded,hamstring,dichotomous,lachman,25,,0.10,,,,,,,,Reported only as % change over time.
471,96,☑,"Wipfler et al., 2011",https://raw.githubusercontent.com/d-wkim/phd/refs/heads/main/data/pdf/wipfler_2011.pdf,https://github.com/d-wkim/phd/blob/main/data/pdf/wipfler_2011.pdf,Included,hamstring,dichotomous,graft rupture,25,3,0.80,,,,,,,,
478,97,☑,"Yadav et al., 2025",https://raw.githubusercontent.com/d-wkim/phd/refs/heads/main/data/pdf/yadav_2025.pdf,https://github.com/d-wkim/phd/blob/main/data/pdf/yadav_2025.pdf,Included,hamstring,continuous,lysholm,36,92.40,0.00,,,,,,,,
479,97,☑,"Yadav et al., 2025",https://raw.githubusercontent.com/d-wkim/phd/refs/heads/main/data/pdf/yadav_2025.pdf,https://github.com/d-wkim/phd/blob/main/data/pdf/yadav_2025.pdf,Included,hamstring,continuous,instrumental laxity,36,3.77,2.01,,,,,,,,
480,97,☑,"Yadav et al., 2025",https://raw.githubusercontent.com/d-wkim/phd/refs/heads/main/data/pdf/yadav_2025.pdf,https://github.com/d-wkim/phd/blob/main/data/pdf/yadav_2025.pdf,Included,hamstring,dichotomous,pivot shift,36,5,1.06,,,,,,,,
481,97,☑,"Yadav et al., 2025",https://raw.githubusercontent.com/d-wkim/phd/refs/heads/main/data/pdf/yadav_2025.pdf,https://github.com/d-wkim/phd/blob/main/data/pdf/yadav_2025.pdf,Included,hamstring,dichotomous,graft rupture,36,1,0.26,,,,,,,,
482,97,☑,"Yadav et al., 2025",https://raw.githubusercontent.com/d-wkim/phd/refs/heads/main/data/pdf/yadav_2025.pdf,https://github.com/d-wkim/phd/blob/main/data/pdf/yadav_2025.pdf,Included,quadriceps,continuous,lysholm,33,88.20,0.00,,,,,,,,
483,97,☑,"Yadav et al., 2025",https://raw.githubusercontent.com/d-wkim/phd/refs/heads/main/data/pdf/yadav_2025.pdf,https://github.com/d-wkim/phd/blob/main/data/pdf/yadav_2025.pdf,Included,quadriceps,continuous,instrumental laxity,33,2.73,1.64,,,,,,,,
484,97,☑,"Yadav et al., 2025",https://raw.githubusercontent.com/d-wkim/phd/refs/heads/main/data/pdf/yadav_2025.pdf,https://github.com/d-wkim/phd/blob/main/data/pdf/yadav_2025.pdf,Included,quadriceps,dichotomous,pivot shift,33,0,0.09,,,,,,,,
485,97,☑,"Yadav et al., 2025",https://raw.githubusercontent.com/d-wkim/phd/refs/heads/main/data/pdf/yadav_2025.pdf,https://github.com/d-wkim/phd/blob/main/data/pdf/yadav_2025.pdf,Included,quadriceps,dichotomous,graft rupture,33,0,0.09,,,,,,,,
486,98,☑,"Yoo et al., 2017",https://raw.githubusercontent.com/d-wkim/phd/refs/heads/main/data/pdf/yoo_2017.pdf,https://github.com/d-wkim/phd/blob/main/data/pdf/yoo_2017.pdf,Included,hamstring,continuous,tegner,68,5.00,1.48,2,,,,9,,,
487,98,☑,"Yoo et al., 2017",https://raw.githubusercontent.com/d-wkim/phd/refs/heads/main/data/pdf/yoo_2017.pdf,https://github.com/d-wkim/phd/blob/main/data/pdf/yoo_2017.pdf,Included,hamstring,continuous,lysholm,68,96.00,6.99,67,,,,100,,,
488,98,☑,"Yoo et al., 2017",https://raw.githubusercontent.com/d-wkim/phd/refs/heads/main/data/pdf/yoo_2017.pdf,https://github.com/d-wkim/phd/blob/main/data/pdf/yoo_2017.pdf,Included,hamstring,continuous,instrumental laxity,68,2.20,0.00,,,,,,,,
489,98,☑,"Yoo et al., 2017",https://raw.githubusercontent.com/d-wkim/phd/refs/heads/main/data/pdf/yoo_2017.pdf,https://github.com/d-wkim/phd/blob/main/data/pdf/yoo_2017.pdf,Included,hamstring,dichotomous,pivot shift,68,2,0.31,,,,,,,,
490,98,☑,"Yoo et al., 2017",https://raw.githubusercontent.com/d-wkim/phd/refs/heads/main/data/pdf/yoo_2017.pdf,https://github.com/d-wkim/phd/blob/main/data/pdf/yoo_2017.pdf,Included,hamstring,dichotomous,lachman,68,4,0.58,,,,,,,,
491,98,☑,"Yoo et al., 2017",https://raw.githubusercontent.com/d-wkim/phd/refs/heads/main/data/pdf/yoo_2017.pdf,https://github.com/d-wkim/phd/blob/main/data/pdf/yoo_2017.pdf,Included,tibialis,continuous,tegner,64,5.00,1.07,3,,,,8,,,
492,98,☑,"Yoo et al., 2017",https://raw.githubusercontent.com/d-wkim/phd/refs/heads/main/data/pdf/yoo_2017.pdf,https://github.com/d-wkim/phd/blob/main/data/pdf/yoo_2017.pdf,Included,tibialis,continuous,lysholm,64,93.00,5.78,73,,,,100,,,
493,98,☑,"Yoo et al., 2017",https://raw.githubusercontent.com/d-wkim/phd/refs/heads/main/data/pdf/yoo_2017.pdf,https://github.com/d-wkim/phd/blob/main/data/pdf/yoo_2017.pdf,Included,tibialis,continuous,instrumental laxity,64,2.50,0.00,,,,,,,,
494,98,☑,"Yoo et al., 2017",https://raw.githubusercontent.com/d-wkim/phd/refs/heads/main/data/pdf/yoo_2017.pdf,https://github.com/d-wkim/phd/blob/main/data/pdf/yoo_2017.pdf,Included,tibialis,dichotomous,pivot shift,64,3,0.46,,,,,,,,
495,98,☑,"Yoo et al., 2017",https://raw.githubusercontent.com/d-wkim/phd/refs/heads/main/data/pdf/yoo_2017.pdf,https://github.com/d-wkim/phd/blob/main/data/pdf/yoo_2017.pdf,Included,tibialis,dichotomous,lachman,64,6,0.90,,,,,,,,
496,100,☑,"Zaffagnini et al., 2011",https://raw.githubusercontent.com/d-wkim/phd/refs/heads/main/data/pdf/zaffagnini_2011.pdf,https://github.com/d-wkim/phd/blob/main/data/pdf/zaffagnini_2011.pdf,Included,patellar,continuous,ikdc,40,82.00,20.00,,,,,,,,
497,100,☑,"Zaffagnini et al., 2011",https://raw.githubusercontent.com/d-wkim/phd/refs/heads/main/data/pdf/zaffagnini_2011.pdf,https://github.com/d-wkim/phd/blob/main/data/pdf/zaffagnini_2011.pdf,Included,patellar,continuous,instrumental laxity,40,0.40,0.60,,,,,,,,
498,100,☑,"Zaffagnini et al., 2011",https://raw.githubusercontent.com/d-wkim/phd/refs/heads/main/data/pdf/zaffagnini_2011.pdf,https://github.com/d-wkim/phd/blob/main/data/pdf/zaffagnini_2011.pdf,Included,hamstring,continuous,ikdc,39,88.00,9.00,,,,,,,,
499,100,☑,"Zaffagnini et al., 2011",https://raw.githubusercontent.com/d-wkim/phd/refs/heads/main/data/pdf/zaffagnini_2011.pdf,https://github.com/d-wkim/phd/blob/main/data/pdf/zaffagnini_2011.pdf,Included,hamstring,continuous,instrumental laxity,39,1.10,1.90,,,,,,,,