Unnamed: 0,id,source_id,study,subgroup,authors,first_author,title,short_title,abstract,year,language,journal,source,doi,doi_url,pmid,pmid_url,title+author+year,title+year
35,36,36,Iamaroon (2016),BPTB,"Iamaroon A, Tamrongchote S, Sirivanasandha B, Halilamien P, Lertwanich P, Surachetpong S, Rungwattanakit P",Iamaroon,Femoral Nerve Block versus Intra-Articular Infiltration: A Preliminary Study of Analgesic Effects and Quadriceps Strength in Patients Undergoing Arthroscopic Anterior Cruciate Ligament Reconstruction.,femoralnerveblockversusintraarticularinfiltration:aprelimina,"BACKGROUND: Adequate analgesia and early rehabilitation is necessary for arthroscopic anterior cruciate ligament reconstruction (A CLR) surgery. OBJECTIVE: To compare analgesia and quadriceps strength after femoral nerve block (FNB) with intra-articular infiltration (IA) using 0.25% bupivacaine for ACLR with patella tendon graft. MATERIAL AND METHOD: Forty patients were randomized to receive FNB under ultrasound guidance with 20 mL of bupivacaine or IA with 15 mL of bupivacaine into the knee joint and 5 mL infiltrated along the incision sites including portal sites at the end of surgery. All patients received intravenous ketorolac at wound closure. Data regarding demographic, time to first pain, time to first morphine requirement, morphine usage, pain scores and quadriceps strength were recorded. RESULTS: Significant difference in quadriceps strength was shown. Ninety percent of patients in Group IA and fifty-five percent of patients in Group FNB had good ability to extend knee at 24 hours after surgery (p = 0.013). No differences were found in demographic data, time to first pain, time to first morphine requirement, post operative pain scores and morphine consumption, CONCLUSION: The preliminary results demonstrated that IA has an effect on quadriceps strength less than FNB while provide comparable postoperative analgesia after patellar tendon graft ACLR.",2016,English,Journal of the medical association of thailand = chotmaihet thangphaet,pubmed,,,27501614.0,https://pubmed.ncbi.nlm.nih.gov/27501614/,Iamaroon+femoralnerveblockversusintraarticularinfiltration:aprelimina+2016,femoralnerveblockversusintraarticularinfiltration:aprelimina+2016
49,50,50,Iamaroon (2014),BPTB,"Iamaroon A, Tangwiwat S, Sirivanasandha B, Halilamien P, Lertpenmetha Y, Sirimaneewattana S, Surachetpong S, Puangchan S",Iamaroon,Femoral nerve block using 0.25% or 0.5% bupivacaine for analgesia after arthroscopic anterior cruciate ligament reconstruction.,femoralnerveblockusing025%or05%bupivacaineforanalgesiaaftera,"BACKGROUND: Femoral nerve block (FNB) with varying concentrations of bupivacaine is often used for postoperative analgesia after anterior cruciate ligament (ACL) reconstruction. OBJECTIVE: To determine whether FNB using 0.25% or 0.5% bupivacaine provided better analgesia with less effect on quadriceps strengths after ACL reconstruction. MATERIAL AND METHOD: One hundred patients were randomized to receive FNB with 20 mL of 0.25% or 0.5% bupivacaine. Data regarding demographic, effectiveness of FNB, time to first pain, time to first analgesic, pain scores, morphine use, and recovery of sensory and motor function were recorded. RESULTS: Median time to first morphine requirement was 12 hours in 0.5% bupivacaine group and 10 hours in 0.25% bupivacaine group (p = 0.048). Pain score at 18 hours was lower in 0.5% bupivacaine group compared with 0.25% bupivacaine group (p = 0.001). When specify to the patellar tendon graft subgroup, the patients requiring morphine were 70% in 0.5% bupivacaine group and 90% in 0.25% bupivacaine group (p = 0.03). No differences were found in demographic data, effectiveness of FNB, time to first pain, morphine consumption, and recovery of sensorimotor function. CONCLUSION: FNB with 0.5% bupivacaine provided longer time to first analgesic and lower narcotic requirements after patellar tendon graft ACL reconstruction when compared to 0.25% bupivacaine. Both concentrations showed similar effect on quadriceps strengths.",2014,English,Journal of the medical association of thailand = chotmaihet thangphaet,pubmed,,,25265770.0,https://pubmed.ncbi.nlm.nih.gov/25265770/,Iamaroon+femoralnerveblockusing025%or05%bupivacaineforanalgesiaaftera+2014,femoralnerveblockusing025%or05%bupivacaineforanalgesiaaftera+2014
66,67,67,Cappellino (2012),BPTB,"Cappellino F, Paolucci T, Zangrando F, Iosa M, Adriani E, Mancini P, Bellelli A, Saraceni VM",Cappellino,Neurocognitive rehabilitative approach effectiveness after anterior cruciate ligament reconstruction with patellar tendon. A randomized controlled trial.,neurocognitiverehabilitativeapproacheffectivenessafteranteri,"BACKGROUND: A proper knee rehabilitation after a surgical reconstruction of the anterior cruciate ligament (ACL) should start immediately after the injury and it should be focused on recovery of symmetry, proprioception, swelling reduction, gait training, hyperextension exercises, and even mental preparation. AIM: Aim of this study was to test a neurocognitive rehabilitative approach based on proprioceptive exercises and proper motor strategy choices, compared with conventional rehabilitation, assessing baropodometric, gait and clinical changes. DESIGN: Randomized controlled trial. SETTING: Ambulatory University Centre. POPULATION: Fourteen subjects (27.9+/-5.2 years) underwent to a surgical reconstruction of ACL were divided into the two groups. METHODS: The subjects were randomly assigned into a group who received a specific neurocognitive and perceptive rehabilitation treatment (TG), and into a control group who received the common physical therapy (CG). The following outcome measures were assessed pre-intervention, one, three and six months later: static and dynamic baropodometry, Visual Analog Scale for pain, Short Form SF-36, Range of Motion, trophism of thigh region, edema, Manual Muscle Test, magneto-resonance imaging assessment. RESULTS: Lower impairment was observed in TG in respect of CG in terms of load asymmetry during static baropodometry (from 7% to 3% vs. from 10% to 7%, interaction time per treatment: P=0.037), less wide steps during gait (effect size=1.05 vs. 0.38 for CG), swelling (treatment effect: P=0.012). A significantly higher improvement (from 35% to 100%) in terms of SF-36 was recorded only in TG for physical activity (P=0.027). CG showed a quite higher walking speed (treatment effect: P=0.049). CONCLUSION: Even if further studies are needed on larger samples, the obtained results showed that a neurocognitive rehabilitative approach could be an effective treatment after ACL-reconstruction: in TG we observed a more rapid load symmetrization, the reduction of step width and a more rapid resolution of edema. CLINICAL REHABILITATION IMPACT: Posture, gait, clinical features and quality of life could benefit from a neurocognitive rehabilitation after ACL surgical reconstruction.",2012,English,European journal of physical and rehabilitation medicine,pubmed,,,22543555.0,https://pubmed.ncbi.nlm.nih.gov/22543555/,Cappellino+neurocognitiverehabilitativeapproacheffectivenessafteranteri+2012,neurocognitiverehabilitativeapproacheffectivenessafteranteri+2012
82,83,83,Tian (2010),BPTB,"Tian S, Zhang J, Wang Y, Sun K, Xia C, Yu T, Zhang C",Tian,[A prospective study on anterior cruciate ligament reconstruction with patellar tendon autograft versus gamma irradiated allograft].,aprospectivestudyonanteriorcruciateligamentreconstructionwit,"OBJECTIVE: To analyze the stability and clinical outcomes of arthroscopic anterior cruciate ligament (ACL) reconstruction with gamma irradiated patellar tendon allograft compared with autograft. METHODS: From January 2004 to October 2007, 69 patients undergoing arthroscopic ACL reconstruction were prospectively randomized consecutively into two groups: group A (autograft, n=36) and group B (gamma irradiated allograft, n=33). In group A, there were 30 males and 6 females with an average age of 30.1 years, including 30 cases of simple ACL rupture and 6 cases of ACL rupture with medial accessory ligament injury; ACL rupture was caused by sports in 28 cases, by traffic accident in 5 cases, and by others in 3 cases; and the time from injury to operation was 1.4 months on average. In group B, there were 26 males and 7 females with an average age of 32.5 years, including 27 cases of simple ACL rupture and 6 cases of ACL rupture with medial accessory ligament injury; ACL rupture was caused by sports in 27 cases, by traffic accident in 4 cases, and by others in 2 cases; and the time from injury to operation was 1.5 months on average. There were no significant differences in general data between two groups (P > 0.05). The same arthroscopic technique was used in all ACL reconstructions done by the same surgeon. The clinical outcome was evaluated and compared by general conditions, pivot shift test, Lachman test, KT-2000 arthrometer testing, Daniel's one-leg hop test, International Knee Documental Committee (IKDC) scoring, Lysholm knee scoring scale, and Tegner activity score. RESULTS: All patients were followed up for 39.5 months (group A) and 37.6 months (group B). In group A, patella fracture occurred in 1 case and anterior knee pain in 2 cases postoperatively. No complication occurred in group B. The hospitalization times in groups A and B were (15.6 +/- 2.4) days and (15.5 +/- 1.5) days, respectively, showing no significant difference (P > 0.05). The operation time of group A was longer than that of group B and the fever time of group A was shorter than that of group B, showing significant differences (P < 0.05). At the final follow-up, there were significant differences (P < 0.05) in Lachman test and the pivot shift test between two groups, between pre- and post-operation; there. were no significant differences (P > 0.05) in Daniel's one-leg hop test, the IKDC, Lysholm, and Tegner activity scores between two groups, however, there was a decreased trend in the functional and activity levels in group B. And there was significant difference between pre- and post-operation (P < 0.05). At the final follow-up, the differences between normal side and affected side were (2.4 +/- 0.6) mm in group A and (5.5 +/- 3.6) mm in group B, showing significant difference (P < 0.05). There was significant difference in tibial advancement between pre- and post-operation (P < 0.05). CONCLUSION: The functional and activity level of the knee after ACL reconstruction with autograft and gamma irradiated patellar tendon allograft were similar, but anterior and rotational stability of the involved knee decreases significantly in the group with gamma irradiated patellar tendon allograft.",2010,Chinese,Zhongguo xiu fu chong jian wai ke za zhi = zhongguo xiufu chongjian waike zazhi = chinese journal of reparative and reconstructive surgery,pubmed,,,20369525.0,https://pubmed.ncbi.nlm.nih.gov/20369525/,Tian+aprospectivestudyonanteriorcruciateligamentreconstructionwit+2010,aprospectivestudyonanteriorcruciateligamentreconstructionwit+2010
93,94,94,Laoruengthana (2009),BPTB,"Laoruengthana A, Pattayakorn S, Chotanaputhi T, Kosiyatrakul A",Laoruengthana,"Clinical comparison between six-strand hamstring tendon and patellar tendon autograft in arthroscopic anterior cruciate ligament reconstruction: a prospective, randomized clinical trial.",clinicalcomparisonbetweensixstrandhamstringtendonandpatellar,"OBJECTIVE: Many randomized clinical trials demonstrated that 4-strand hamstring tendon grafts have comparable results both subjectively and objectively with the patellar tendon grafts. The authors hypothesized that the increment of hamstring tendons strength with 6-strand graft could improve the knee stability compared to the result from using the gold standard patellar tendon. MATERIAL AND METHOD: Thirty-four patients were prospectively randomized into two groups for arthroscopic anterior cruciate ligament reconstruction. Seventeen patients underwent reconstruction with 6-strand hamstring tendons and the remaining seventeen were treated with bone-patellar tendon-bone graft. Patients were followed-up under the similar rehabilitation protocol for at least 12 months. At the time of final follow-up, all the patients in both groups were evaluated in terms of patient's satisfaction, activity level, and knee stability. RESULTS: Fifteen patients in bone-patellar tendon-bone graft (two lost to follow-up) and thirteen patients used 6-strand hamstring tendons (four were converted to 4-strand hamstring tendons) were evaluated at a mean of 19 months (range 12-31 months). The mean of KT-2000 side-to-side laxity measurement in 6-strand hamstring group (0.96 mm) is less than BPTB group (1.22 mm) significantly (p < 0.05). Eleven of 13 patients (84.62%) that received the 6-strand hamstring tendons could return to sport activities compared to 10 of 15 patients (66.67%) that received BPTB graft. Hamstring group have a lower prevalence of donor-site morbidity resulting in less difficult in kneeling. CONCLUSION: The authors concluded that using 6-strand hamstring tendons could improve knee stability in the early clinical outcomes. With no difference in subjective assessment, anterior cruciate ligament reconstruction used hamstring tendons have less donor-site morbidity, which is more compatible to Asian life-style.",2009,English,Journal of the medical association of thailand = chotmaihet thangphaet,pubmed,,,19374299.0,https://pubmed.ncbi.nlm.nih.gov/19374299/,Laoruengthana+clinicalcomparisonbetweensixstrandhamstringtendonandpatellar+2009,clinicalcomparisonbetweensixstrandhamstringtendonandpatellar+2009
96,97,97,Rosenthal (2009),BPTB,"Rosenthal MD, Moore JH, Stoneman PD, DeBerardino TM",Rosenthal,Neuromuscular excitability changes in the vastus medialis following anterior cruciate ligament reconstruction.,neuromuscularexcitabilitychangesinthevastusmedialisfollowing,"PURPOSE: Quadriceps weakness following anterior cruciate ligament reconstruction (ACLR) is prevalent despite intensive rehabilitation. Diminished neuromuscular excitability is one potential factor that may limit muscular recovery following injury or surgery. The H-reflex provides a measure of alpha motorneuron (neuromuscular) excitability in the sensory-motor pathway of the respective muscle and nerve. To date the vastus medialis (VM) and soleus (SOL) H-reflexes have been examined primarily in control subjects with induced knee joint effusion. This prospective, randomized clinical trial evaluated the affect of ACLR, utilizing hamsting (HS) or bone-patellar tendon-bone (BTB) autograft, on VM and SOL H-reflex latency and amplitude in twenty subjects. METHODS: Preoperatively bilateral VM and SOL H-reflex tests were conducted. VM and SOL H-reflexes were subsequently conducted on the involved lower extremity at 1 and 3 months post surgery. At each test session subjects completed visual analog scales and knee girth was measured. RESULTS: The VM H-reflex amplitude increased in the HS group at 3 months compared to 1-month post surgery (p<.05). Significant changes over time were also noted in the visual analog pain and functional scales and the mid-patella girth. CONCLUSIONS: The increased VM H-reflex amplitude at 3 months following HS autograft ACLR demonstrates an increase in VM neuromuscular excitability. Increased VM neuromuscular excitability was not evident in patients following BTB reconstruction. The increased neuromuscular excitability, observed only in the HS group, warrants consideration when selecting graft type for patients with extensive preoperative quadriceps dysfunction.",2009,English,Electromyography and clinical neurophysiology,pubmed,,,19280799.0,https://pubmed.ncbi.nlm.nih.gov/19280799/,Rosenthal+neuromuscularexcitabilitychangesinthevastusmedialisfollowing+2009,neuromuscularexcitabilitychangesinthevastusmedialisfollowing+2009
125,126,126,Pigozzi (2004),BPTB,"Pigozzi F, Di Salvo V, Parisi A, Giombini A, Fagnani F, Magini W, Franceschi F, Denaro E",Pigozzi,Isokinetic evaluation of anterior cruciate ligament reconstruction: quadriceps tendon versus patellar tendon.,isokineticevaluationofanteriorcruciateligamentreconstruction,"AIM: The goal of this prospective randomized study was to compare the isokinetic recovery of thigh strength after anterior cruciate ligament (ACL) reconstruction by using patellar or quadriceps tendon as graft at the 6th month follow-up. METHODS: The authors evaluated 48 patients who underwent arthroscopic ACL reconstruction using patellar tendon (PT group) or quadriceps tendon (QT group) as autograft after a 6 months follow-up undergoing the following tests: the Ergojump Bosco System springboard and Universal's FITNET computerized isokinetic system. RESULTS: The counter movement jump (CMJ) test showed a 24% (p<0.01) strength deficit in patients operated with patellar tendon and 11% in the quadriceps tendon group. Also in the leg press test the greater differences in strength (p<0.05) were verified in the patellar tendon group, above all the peak torque (PT) test carried out at 3 repetitions (15%). CONCLUSIONS: The strength deficit found in the subjects operated with quadriceps tendon were statistically lower in comparison to that verified in the patellar tendon group. A good recovery in thigh strength after 6 months in patients operated with quadriceps tendon could encourage the use of this kind of graft in order to achieve an easier rehabilitation and a faster release of the patient to daily and sports activity.",2004,English,The journal of sports medicine and physical fitness,pubmed,,,15756168.0,https://pubmed.ncbi.nlm.nih.gov/15756168/,Pigozzi+isokineticevaluationofanteriorcruciateligamentreconstruction+2004,isokineticevaluationofanteriorcruciateligamentreconstruction+2004
131,132,132,Aglietti (2004),BPTB,"Aglietti P, Giron F, Buzzi R, Biddau F, Sasso F",Aglietti,"Anterior cruciate ligament reconstruction: bone-patellar tendon-bone compared with double semitendinosus and gracilis tendon grafts. A prospective, randomized clinical trial.",anteriorcruciateligamentreconstruction:bonepatellartendonbon,"BACKGROUND: The choice of graft for anterior cruciate ligament reconstruction is a matter of debate, with patellar and hamstring tendons being the two most popular autologous graft options. The objective of this study was to determine in a prospective, randomized clinical trial whether two grafts (bone-patellar tendon-bone or doubled hamstring tendons) fixed with modern devices affect the two-year minimum clinical and radiographic outcomes of anterior cruciate ligament reconstruction. METHODS: One hundred and twenty patients with a chronic unilateral rupture of the anterior cruciate ligament underwent arthroscopically assisted reconstruction with use of either autologous bone-patellar tendon-bone or doubled hamstring tendon grafts, in a strictly alternating manner. Both groups were comparable with regard to demographic data, preoperative activity level, mechanism of injury, interval between the injury and the operation, and the amount of knee laxity present preoperatively. The same well-proven surgical technique and aggressive controlled rehabilitation was used. An independent observer, who was blinded with regard to the involved leg and the type of graft, performed the outcome assessment with use of a visual analog scale, the new International Knee Documentation Committee form, the Knee Injury and Osteoarthritis Outcome Score, the Functional Knee Score for Anterior Knee Pain, and an arthrometric and an isokinetic dynamometric evaluation. Radiographs were also made. RESULTS: At the two-year follow-up evaluation, no differences were found in terms of the visual analog score, the Knee Injury and Osteoarthritis Outcome Score, the new International Knee Documentation Committee subjective and objective evaluation scores, the KT-1000 side-to-side laxity measurements, the Functional Knee Score for Anterior Knee Pain, muscle strength recovery, or return to sports activities. In the bone-patellar tendon-bone group, we found a higher prevalence of postoperative kneeling discomfort (p < 0.01) and an increased area of decreased skin sensitivity (p < 0.001). In the hamstring tendon group, we recorded a higher prevalence of femoral tunnel widening (p < 0.01). In this group, a correlation was also found between medial meniscectomy and an increased prevalence of pivot-shift glide (p = 0.035). CONCLUSIONS: We believe that, with use of accurate and proven surgical and rehabilitation techniques, both grafts are an equivalent option for anterior cruciate ligament reconstruction.",2004,English,The journal of bone and joint surgery. american volume,pubmed,,,15466722.0,https://pubmed.ncbi.nlm.nih.gov/15466722/,Aglietti+anteriorcruciateligamentreconstruction:bonepatellartendonbon+2004,anteriorcruciateligamentreconstruction:bonepatellartendonbon+2004
132,133,133,Sun (2004),BPTB,"Sun K, Tang JW, Xu Q, Liu XY, Zhou LG, Hao YQ, Wang L, Sun YJ",Sun,[A prospective study of the anterior cruciate ligament reconstruction: allograft versus autograft].,aprospectivestudyoftheanteriorcruciateligamentreconstruction,"OBJECTIVE: To compare the clinical outcomes and differences of arthroscopic anterior cruciate ligament (ACL) reconstruction by using allografts and autografts. METHODS: Fifty-three patients with grade III ACL injuries were divided randomly into 2 groups. Twenty-five cases of group A with autografts of patellar bone-tendon-bone (B-PT-B;n = 15) and 4 strands of semitendinosus/gracilis (n = 10); 28 patients of group B with allografts of B-PT-B (n = 18), 4 strands of semitendinosus/2 strands of gracilis tendons (n = 6) and double tibialis posterior (n = 4) as well as Achilles bone-tendon (n = 2). All procedures were performed endoscopically by some surgeons. All patients were followed up for 12 to 31 months, average 19 months. RESULTS: There were statistically significant differences revealed in physical examination. IKDC and Lysholm-Tegner Score as well as KT-2000 testing was used preoperation and postoperation for both group, but there were no significant differences between the two groups except that group B had less time in operation and longer time in postoperative fever comparing with group A. (2-sample t test, P < 0.05). The KT-2000 side to side difference less than 3 mm were 88% and 86% and more than 5 mm were 4% and 7.1% respectively. The infection rates were 0% and 3.5% for the two groups. CONCLUSION: The clinical outcomes of the allografts and autografts in ACL reconstruction is almost the same. Allografts are a reasonably alternative choice for ACL reconstruction in patients over middle ages and for multiple ligament surgery as well as revision procedures.",2004,Chinese,Zhonghua wai ke za zhi chinese journal of surgery,pubmed,,,15363236.0,https://pubmed.ncbi.nlm.nih.gov/15363236/,Sun+aprospectivestudyoftheanteriorcruciateligamentreconstruction+2004,aprospectivestudyoftheanteriorcruciateligamentreconstruction+2004
135,136,136,Acquitter (2003),BPTB,"Acquitter Y, Hulet C, Locker B, Delbarre JC, Jambou S, Vielpeau C",Acquitter,[Patellar tendon-bone autograft reconstruction of the anterior cruciate ligament for advanced-stage chronic anterior laxity: is an extra-articular plasty necessary? A prospective randomized study of 100 patients with five year follow-up].,patellartendonboneautograftreconstructionoftheanteriorcrucia,"PURPOSE OF THE STUDY: This prospective randomized study was conducted to analyze the anatomic and functional impact of an extra-articular lateral plasty associated with patellar tendon-bone autograft in anterior cruciate ligament reconstruction. MATERIAL AND METHODS: A consecutive series of 100 patients with grade II (Noyes classification) chronic anterior laxity confirmed on stress x-rays were included in the study. All patients had a positive Trillat-Lachman test, a direct anterior drawer at 90 degrees flexion confirmed on the lateral x-ray, and an instrumental differential laxity greater than 5 mm (manual arthrometry, Medmetric KT1000). Mean patient age was 27 years (range 16-29 years) and time from the accident to ligamentoplasty was 29 months (range 3-156 months). In the operating theater, the patients were assigned at random to two groups. Group 1 (50 patients) underwent arthroscopic free patellar tendon-bone autograft reconstruction of the anterior cruciate ligament. In the second group (50 patients) the same reconstruction was further supported by a lateral extra-articular plasty using the quadriceps tendon. All patients were followed prospectively. At 58 months follow-up (none of the patients were lost to follow-up) residual laxity (Medmetric KT1000) was noted and functional outcome was assessed using the IKDC criteria. The Aglietti method was used to assess the position of the drill holes. RESULTS: The two groups were strictly identical at inclusion. At last follow-up, the statistical analysis did not reveal any significant difference between the groups for subjective outcome, joint motion, instrumental residual laxity, meniscal stock, or radiological changes. The overall IKDC score was A or B in 80% of the patients in group 1 and 88% of the patients in group 2. Delay to resumed sports activities (about 12 months) was also equivalent in the two groups with a trend towards lower intensity and sports producing less stress on the knee. A minimally positive pivot test with no effect on stability was observed in 4 patients in group 1 (intra-articular plasty alone) and in 2 patients in group 2 (intra- and extra-articular plasty). 16% of the insufficient results (IKDC C and D) were related to repeated tears (n=8, 6 patients in group 1 and 2 patients in group 2, p=0.268), and failure (n=8, 4 in each group) due to defective motion and pain. Repeated tears were strongly correlated with incorrect drill hole position in the tibia (p=0.01) or femur (p=0.024). Despite the stabilization, radiological remodeling was observed in 31% of the patients in both groups. DISCUSSION: The results in this consecutive series of patients demonstrated the good results obtained with intra-articular ligamentoplasy using the mid third of the patellar tendon. The rate of repeated tears or minimally positive pivot tests was higher in group 1 with intra-articular plasty alone but did not reach statistical significance and was generally related to a technical error in positioning the autograft, making it difficult to draw any conclusion concerning the anatomic superiority of mixed plasty. CONCLUSION: At the current follow-up of 5 years, this study was unable to demonstrate any advantage of systematic conjunction of an extra-articular lateral support for advanced chronic anterior laxity of the knee treated by a free patellar tendon graft.",2003,French,Revue de chirurgie orthopedique et reparatrice de lappareil moteur,pubmed,,,13679741.0,https://pubmed.ncbi.nlm.nih.gov/13679741/,Acquitter+patellartendonboneautograftreconstructionoftheanteriorcrucia+2003,patellartendonboneautograftreconstructionoftheanteriorcrucia+2003
161,162,162,Eriksson (2001),BPTB,"Eriksson K, Anderberg P, Hamberg P, Olerud P, Wredmark T",Eriksson,There are differences in early morbidity after ACL reconstruction when comparing patellar tendon and semitendinosus tendon graft. A prospective randomized study of 107 patients.,therearedifferencesinearlymorbidityafteraclreconstructionwhe,"The main objective of this study was to study solely early postoperative morbidity following anterior cruciate ligament (ACL) reconstruction by comparing the gold standard procedure, the bone-patellar tendon-bone graft (BTB), and one of the most common alternatives, the semitendinosus tendon graft (ST). The prospective study included 107 randomized patients (50 BTB and 57 ST). The follow-up period was set to 20-35 weeks postoperatively (mean 26.8 +/- 3.5 weeks). One patient suffered early graft rupture and 89 (84%) of the remaining 106 patients were able to attend the follow-up within the given time limit. There were no differences in sick leave between the groups. The Lysholm score, Tegner activity level score and Visual Analog Scales (VAS) with the questions ""How does your knee function?"" and ""How does your knee affect your activity level?"" revealed no differences between the groups. Subjective patellofemoral pain, patellofemoral compartment findings and donor site morbidity were more common in the BTB group, P < 0.05. Lachman test grade 1+ was more common in the ST group, P < 0.05, but there was no significant difference in instrumented Lachman side-to-side comparison. The ST group scored better in the one-leg hop test than the BTB group, P < 0.05. No correlations between these clinical and functional findings and subjective knee function scores were found. In conclusion, ACL reconstruction with ST tendon graft presented fewer short-term postoperative problems as compared to reconstruction with BTB.",2001,English,Scandinavian journal of medicine & science in sports,pubmed,,,11374431.0,https://pubmed.ncbi.nlm.nih.gov/11374431/,Eriksson+therearedifferencesinearlymorbidityafteraclreconstructionwhe+2001,therearedifferencesinearlymorbidityafteraclreconstructionwhe+2001
166,167,167,DuMontier (2001),BPTB,"DuMontier TA, Metcalf MH, Simonian PT, Larson RV",DuMontier,Patella fracture after anterior cruciate ligament reconstruction with the patellar tendon: a comparison between different shaped bone block excisions.,patellafractureafteranteriorcruciateligamentreconstructionwi,"Tensile failure of a patella after anterior cruciate ligament (ACL) reconstruction with autogenous patellar tendon graft is an uncommon but serious complication. One factor that may affect post-harvest patella strength is the shape of the bony defect. The effect of patella defect shape on ultimate tensile strength and mode of failure of the extensor mechanism has not been studied using physiologic moments. Twelve matched pair knee specimens were randomly distributed within three groups comparing rectangular versus triangular, rectangular versus circular, and circular versus triangular shaped patella defects. Specimens were loaded in tension to failure using physiologic moments. Patella fracture occurred in 21 of 24 specimens. Mean ultimate strength for all patellae with a circular defect was 2540 N (+/-651), rectangular defect was 3267 N (+/-920), and triangular defect was 3009 N (+/-1057). There was no significant difference in mean ultimate tensile strength between defect shapes or between matched pairs within the groups. Mode of failure also was similar in all three groups. No defect shape was found to be superior in this investigation comparing ultimate tensile strength or mode of failure between different shaped patella defects.",2001,English,The american journal of knee surgery,pubmed,,,11216725.0,https://pubmed.ncbi.nlm.nih.gov/11216725/,DuMontier+patellafractureafteranteriorcruciateligamentreconstructionwi+2001,patellafractureafteranteriorcruciateligamentreconstructionwi+2001
182,183,183,Fischer (1998),BPTB,"Fischer DA, Tewes DP, Boyd JL, Smith JP, Quick DC",Fischer,Home based rehabilitation for anterior cruciate ligament reconstruction.,homebasedrehabilitationforanteriorcruciateligamentreconstruc,"Fifty-four patients who underwent arthroscopically assisted anterior cruciate ligament reconstruction with bone-patellar tendon-bone autograft or allograft were studied prospectively to compare a postoperative home based rehabilitation program with a clinic based program. Fifty-four patients (mean age, 30 years) were assigned randomly to the home based program (27 patients) or the clinic based program (27 patients). The home based schedule featured six physical therapy visits during a 6-month postoperative study period, whereas the clinic based schedule specified 24 physical therapy visits during those 6 months. All patients entered in the study met strict selection criteria: age older than 15 years, no previous ligament repair or reconstruction, no complicating medical conditions, no collegiate or professional athletes, reconstruction at least 6 weeks after injury, and informed consent. At the 6-month followup, no significant statistical differences were found between the two groups in range of motion, thigh atrophy, anterior drawer compliance, hopping tests, Lysholm scores, or subjective health status scores. Thus, the authors conclude that in a selected group of patients who have undergone anterior cruciate ligament reconstruction, a home based postoperative rehabilitation program is feasible, safe, and effective.",1998,English,Clinical orthopaedics and related research,pubmed,,,9520889.0,https://pubmed.ncbi.nlm.nih.gov/9520889/,Fischer+homebasedrehabilitationforanteriorcruciateligamentreconstruc+1998,homebasedrehabilitationforanteriorcruciateligamentreconstruc+1998
183,184,184,Reat (1997),BPTB,"Reat JF, Lintner DM",Reat,"One-versus two-incision ACL reconstruction. A prospective, randomized study.",oneversustwoincisionaclreconstructionaprospectiverandomizeds,This study compares the early functional outcomes of anterior cruciate ligament (ACL) reconstruction using a one-incision endoscopic technique versus a two-incision arthroscopically assisted technique. Thirty patients with chronic ACL-deficient knees were randomly assigned to either group 1 (one-incision technique; 15 patients) or group 2 (two-incision technique; 15 patients). Middle third ipsilateral patellar tendon was used in all reconstructions. All patients followed the same home-based accelerated rehabilitation protocol. The International Knee Documentation Committee scoring system was used to assess pre- and postoperative knee function. The mean length of follow-up was 17 months for group 1 and 15 months for group 2. Three patients were lost to follow-up in group 2. Patients in group 1 achieved a mean one-leg hop value of 89% of the uninjured side while group 2 patients averaged 92%. The mean side-to-side difference in anterior tibial translation was 2 mm in both groups at manual maximum translation. The mean isokinetic quadriceps strength at 300 degrees/second of the operated side 1 year after surgery was 83% of normal for group 1 versus 73% for group 2. Both groups achieved maximum range of motion within 3 months. There was no statistically significant difference between the outcomes of the one- and two-incision techniques for ACL reconstruction. All patients in both groups had improved stability and function of their operative knees compared with their preoperative condition.,1997,English,The american journal of knee surgery,pubmed,,,9421595.0,https://pubmed.ncbi.nlm.nih.gov/9421595/,Reat+oneversustwoincisionaclreconstructionaprospectiverandomizeds+1997,oneversustwoincisionaclreconstructionaprospectiverandomizeds+1997
188,189,189,Grøntvedt (1996),BPTB,"Grøntvedt T, Engebretsen L, Bredland T",Grøntvedt,Arthroscopic reconstruction of the anterior cruciate ligament using bone-patellar tendon-bone grafts with and without augmentation. A prospective randomised study.,arthroscopicreconstructionoftheanteriorcruciateligamentusing,"In 100 consecutive patients with chronic deficiency of the anterior cruciate ligament we reconstructed the ligament using a bone-patellar tendon-bone autograft either with or without a Kennedy ligament augmentation device. The patients had an aggressive rehabilitation programme supervised by two physiotherapists. They were followed prospectively for at least two years by one surgeon, and assessed after six months and at one and two years. No significant functional or clinical difference was found between the two groups and the stability of the knees did not deteriorate with time in either group. The addition of a Kennedy ligament augmentation device gave no better results than the bone-patellar tendon-bone technique alone.",1996,English,The journal of bone and joint surgery. british volume,pubmed,,,8836079.0,https://pubmed.ncbi.nlm.nih.gov/8836079/,Grøntvedt+arthroscopicreconstructionoftheanteriorcruciateligamentusing+1996,arthroscopicreconstructionoftheanteriorcruciateligamentusing+1996
198,199,199,Engström (1993),BPTB,"Engström B, Wredmark T, Westblad P",Engström,Patellar tendon or Leeds-Keio graft in the surgical treatment of anterior cruciate ligament ruptures. Intermediate results.,patellartendonorleedskeiograftinthesurgicaltreatmentofanteri,"In a prospective randomized study, 60 patients with unilateral chronic anterior cruciate ligament (ACL) rupture were allocated to surgical reconstruction using an autogenous patellar tendon graft (PT) or a synthetic Leeds-Keio graft (LK). Fifty-five patients (26 PT, 29 LK), 32 men, 23 women, fulfilled the criteria to be further tested. The mean time from surgery to follow up was 28 months. Laxity was tested by pivot shift and an instrumented anterior laxity test. Subjective knee function was classified using the Lysholm score, Tegner activity score, and IKDC grading. Muscle performance was analyzed in 49 patients (23 PT, 26 LK. There was no difference between the two groups in anthropometry, activity levels (before trauma; present; desired activity), time from trauma to surgery, or time from surgery to follow-up evaluation. Neither the concentric and eccentric knee extensor peak torque ratio nor the knee extensor endurance and the one-leg hop test differed between the two groups. However, both the pivotshift and the anterior laxity were significantly greater for the LK group. On the other hand, significantly more patients in the PT group had an extensor lag. Although the results are only intermediate, the Leeds-Keio ligament does not fulfill the requirements for a satisfactory result in ACL reconstructive surgery with regard to knee-joint stability.",1993,English,Clinical orthopaedics and related research,pubmed,,,8403647.0,https://pubmed.ncbi.nlm.nih.gov/8403647/,Engström+patellartendonorleedskeiograftinthesurgicaltreatmentofanteri+1993,patellartendonorleedskeiograftinthesurgicaltreatmentofanteri+1993
202,203,203,Kohn (1990),BPTB,Kohn D,Kohn,"Arthroscopic evaluation of anterior cruciate ligament reconstruction using a free patellar tendon autograft. A prospective, randomized study.",arthroscopicevaluationofanteriorcruciateligamentreconstructi,"In a prospective study, follow-up arthroscopy was performed (with the informed consent of the patient) after anterior cruciate ligament reconstruction using a free patellar tendon autograft. Nineteen of 21 consecutive patients agreed to arthroscopy. Time between operation and arthroscopy ranged from six to 25 months (average, 15 months) and was distributed at random among the patients. In evaluating knee stability and functional performance, the arthroscopic findings were disappointing. The Lysholm score improved from 68 +/- 8 points preoperatively to 84 +/- 8 points postoperatively. KT-1000 measurement on the day before follow-up arthroscopy showed only a slightly increased anterior laxity of 6.2 mm compared to 4.7 mm on the uninjured side. When the arthroscopic results were graded from 0 (ruptured) to 3 (excellent), four patients had a Grade 3 result, ten patients had a Grade 2 (moderate) result, and five patients had a Grade 1 (poor) result. No graft was ruptured. These findings indicate that, in the majority of patients, reconstruction of the anterior cruciate ligament using a free patellar tendon autograft will not result in an arthroscopically normal substitute for the anterior cruciate ligament.",1990,English,Clinical orthopaedics and related research,pubmed,,,2323135.0,https://pubmed.ncbi.nlm.nih.gov/2323135/,Kohn+arthroscopicevaluationofanteriorcruciateligamentreconstructi+1990,arthroscopicevaluationofanteriorcruciateligamentreconstructi+1990
222,223,223,Lan (2023),HT,"Lan X, Huang J, Tian F, Wang S, Liu C, Wang J",Lan,Application of 3D-Printed Personalized Guide for Lateral Femoral Positioning in Anterior Cruciate Ligament Reconstruction of the Knee.,applicationof3dprintedpersonalizedguideforlateralfemoralposi,"OBJECTIVE: This research aims to investigate the effectiveness of 3D computer-assisted customized guided positioning of the lateral femoral tunnel compared to conventional methods for Anterior Cruciate Ligament (ACL) reconstruction surgery. METHODS: A total of 80 patients with a complete ACL tear who underwent arthroscopic reconstruction with autologous tendon transplantation (semitendinosus-gracilis tendon) were included in this study. The patients were admitted to our hospital between March 2020 and January 2022 and were randomly divided into two groups: the conventional group (n = 40) and the personalized guide group (n = 40), based on the positioning method. The conventional group underwent ACL restoration using standard surgical techniques, while the personalized guide group opted for the more precise computer-assisted personalized guide method. The lateral femoral tunnel times were compared between both groups. Additionally, the International Knee Documentation Committee (IKDC) and Lysholm scores were assessed, and the lateral femoral location was evaluated using X-ray imaging at 2 weeks postoperatively. RESULTS: After surgery, both groups showed a statistically significant increase (P < .05) in Lysholm and IKDC scores compared to their pre-surgery scores. However, the two groups had no evident difference (P > .05). X-ray evaluation at 2 weeks post-surgery revealed no significant difference between the two groups in NL/ML, AL/BL, alpha, and beta angles (P > .05). The preparation time for the femoral tunnel was significantly shorter in the personalized guide group (6.18 +/- 0.92 min) compared to the traditional group (15.94 +/- 3.12 min) (P < .05). CONCLUSIONS: The computer-assisted 3D personalized guide positioning method is more effective in locating the lateral femoral tunnel for ACL reconstruction of the knee and can substantially reduce the positioning time. This study provides valuable insights for clinicians when selecting surgical methods.",2023,English,Alternative therapies in health and medicine,pubmed,,,37499157.0,https://pubmed.ncbi.nlm.nih.gov/37499157/,Lan+applicationof3dprintedpersonalizedguideforlateralfemoralposi+2023,applicationof3dprintedpersonalizedguideforlateralfemoralposi+2023
235,236,236,Kasl (2022),HT,"Kasl J, Zeman P, Pavelka T, Cibulková J, Pilný J, Matějka J",Kasl,[Clinical Outcomes of the Application of Platelet-Rich Fibrin during Anatomic Anterior Cruciate Ligament Reconstruction: Results of Prospective Randomised Study].,clinicaloutcomesoftheapplicationofplateletrichfibrinduringan,"PURPOSE OF THE STUDY It was a prospective, randomised, unblinded study. Effects of the application of platelet-rich fibrin (PRF) on the anatomic anterior ligament reconstruction were examined. MATERIAL AND METHODS A total of 40 patients who underwent a surgery between 2012 and 2014 were enrolled in the study. The patients were randomised into two groups: the group with PRF application (n=20) and the group without PRF application (n=20, control group). The study included 11 women and 29 men, with the mean age at the time of inclusion into the study 29.1 years. Vivostat (R) PRF was obtained perioperatively from the patient s blood and applied intraoperatively to the hamstring tendon graft. The ACL graft healing was assessed through magnetic resonance (MRI) at 6 and 12 months postoperatively. The clinical outcomes (the Lysholm score and the IKDC Subjective score, return to pre-injury sport levels, Pivot-shift test, graft failure) as well as standardised laxity measurements using GenouRob arthrometer were performed preoperatively and 12 months after surgery. RESULTS The study was completed by thirty-three (33) patients (17 in the PRF group and 16 in the control group). In two cases, postoperative graft failure was reported (both cases in the control group). No significant differences were found in the process of graft ligamentization evaluated through MRI (p=0.07). No significant difference between the groups was identified with respect to return to pre-injury sport levels (p=0.232), or the Lysholm score and IKDC Subjective score (p=0.259, and p=0.364 respectively). The postoperative knee laxity measurement using Genourob arthrometer did not reveal any significant differences between the PRF group and the control group. DISCUSSION Results similar to those arrived at by our study have recently been published also by other authors worldwide. We can therefore assume that the application of PRF can be of benefit, especially at the early stage of healing. The results still need to be verified on a larger study group, the study design should focus on the development in the early postoperative period. CONCLUSIONS In our study group, no significant difference was observed in the evaluated subjective and objective clinical parameters. Only the parameter regarding the ACL graft failure fell just short of statistical significance, namely to the disadvantage of the group without the PRF application. Key words: anterior cruciate ligament, arthroscopy, anatomic ACL reconstruction, magnetic resonance imaging of the graft, platelet-rich fibrin, graft healing, MRI signal intensity of the graft.",2022,Czech,Acta chirurgiae orthopaedicae et traumatologiae cechoslovaca,pubmed,,,36055668.0,https://pubmed.ncbi.nlm.nih.gov/36055668/,Kasl+clinicaloutcomesoftheapplicationofplateletrichfibrinduringan+2022,clinicaloutcomesoftheapplicationofplateletrichfibrinduringan+2022
308,309,309,Iorio (2013),HT,"Iorio R, Di Sanzo V, Vadalà A, Conteduca J, Mazza D, Redler A, Bolle G, Conteduca F, Ferretti A",Iorio,ACL reconstruction with hamstrings: how different technique and fixation devices influence bone tunnel enlargement.,aclreconstructionwithhamstrings:howdifferenttechniqueandfixa,"BACKGROUND: Bone tunnel enlargement after anterior cruciate ligament (ACL) reconstruction is well documented in the literature. The cause of this tunnel enlargement is unclear, but is thought to be multifactorial, with mechanical and biological factors playing a role. AIM: The aim of this prospective study was to evaluate how the different techniques may affect the bone tunnel enlargement and clinical outcome. PATIENTS AND METHODS: Forty-five consecutive patients undergoing ACL reconstruction with autologous doubled semitendinosus and gracilis tendons entered this study. They were randomly assigned to enter group A (In-Out technique, with cortical fixation and Interference screw) and group B (Out-In technique, metal cortical fixation on the femour and tibia). At a mean follow-up of 10 months, all the patients underwent CT scan exam to evaluate the post-operative diameters of both femoral and they underwent tibial tunnels clinical examination after 24 months. RESULTS: The mean femoral tunnel diameter increased significantly from 9.05+/-0.3 mm to 10.01+/-2.3 mm in group A and from 9.04+/-0.8 mm to 9.3+/-1.12 mm in group B. The mean increase in femoral tunnel diameters observed in group A was significantly higher than that observed in group B (p < 0.05) The mean tibial tunnel diameter increased significantly from 9.03+/-0.04 mm to 10.68+/-2.5 mm in group A and from 9.04+/-0.03 mm to 10.+/-0.78 mm in group B. The mean increase in tibial tunnel diameters observed in group A was significantly higher than that observed in group B (p < 0.05). No clinical differences were found between two groups and no correlations between clinical and radiological results were found in any patients of both groups. CONCLUSIONS: Results of the study suggest that different mechanical fixation devices could influence tunnel widening. The lower stiffness of the fixation devices is probably responsible of the tunnel widening through the fixation devices's micromotions in the femoral and tibial tunnels.",2013,English,European review for medical and pharmacological sciences,pubmed,,,24254567.0,https://pubmed.ncbi.nlm.nih.gov/24254567/,Iorio+aclreconstructionwithhamstrings:howdifferenttechniqueandfixa+2013,aclreconstructionwithhamstrings:howdifferenttechniqueandfixa+2013
322,323,323,Demirağ (2012),HT,"Demirağ B, Ermutlu C, Aydemir F, Durak K",Demirağ,A comparison of clinical outcome of augmentation and standard reconstruction techniques for partial anterior cruciate ligament tears.,acomparisonofclinicaloutcomeofaugmentationandstandardreconst,"OBJECTIVES: This study aims to compare the clinical outcome and possible complications of augmentation technique and standard reconstruction for the treatment of partial anterior cruciate ligament (ACL) tears. PATIENTS AND METHODS: Forty patients (36 males, 4 females; mean age 30 years; range 19 to 40 years) who underwent surgery due to ACL tear were included in this prospective randomized study. The patients were randomly divided into two groups, including 20 patients in each group. The patients in the group 1 underwent standard single bundle ACL reconstruction with hamstring tendon autografts, while those in the group 2 underwent augmentation where the remaining remnant ACL was not sacrificed, but instead augmented with hamstring tendon autograft as in the standard reconstruction technique. The mean follow-up was 24.3 months (range; 21-28 months). Clinical outcomes were evaluated using International Knee Documentation Committee (IKDC), Lysholm scores, physical instability tests and patient satisfaction questionnaires. The complication rates of both groups were compared. Tibial and femoral tunnel widening were assessed using lateral and anteroposterior radiographs. RESULTS: No significant differences were found between the groups in terms of IKDC, Lysholm scores, physical instability tests, patient satisfaction questionnaires and incidences of Cyclops lesions and arthrofibrosis. Tibial and femoral tunnel widening was less in the augmentation group. This difference was more significant on the tibial side. CONCLUSION: In the repair of partial ACL tears, augmentation technique is as effective as the standard technique, leading to, less tunnel widening evidently in the tibial tunnel, particularly.",2012,English,Eklem hastaliklari ve cerrahisi = joint diseases & related surgery,pubmed,,,23145756.0,https://pubmed.ncbi.nlm.nih.gov/23145756/,Demirağ+acomparisonofclinicaloutcomeofaugmentationandstandardreconst+2012,acomparisonofclinicaloutcomeofaugmentationandstandardreconst+2012
350,351,351,Laoruengthana (2009),HT,"Laoruengthana A, Pattayakorn S, Chotanaputhi T, Kosiyatrakul A",Laoruengthana,"Clinical comparison between six-strand hamstring tendon and patellar tendon autograft in arthroscopic anterior cruciate ligament reconstruction: a prospective, randomized clinical trial.",clinicalcomparisonbetweensixstrandhamstringtendonandpatellar,"OBJECTIVE: Many randomized clinical trials demonstrated that 4-strand hamstring tendon grafts have comparable results both subjectively and objectively with the patellar tendon grafts. The authors hypothesized that the increment of hamstring tendons strength with 6-strand graft could improve the knee stability compared to the result from using the gold standard patellar tendon. MATERIAL AND METHOD: Thirty-four patients were prospectively randomized into two groups for arthroscopic anterior cruciate ligament reconstruction. Seventeen patients underwent reconstruction with 6-strand hamstring tendons and the remaining seventeen were treated with bone-patellar tendon-bone graft. Patients were followed-up under the similar rehabilitation protocol for at least 12 months. At the time of final follow-up, all the patients in both groups were evaluated in terms of patient's satisfaction, activity level, and knee stability. RESULTS: Fifteen patients in bone-patellar tendon-bone graft (two lost to follow-up) and thirteen patients used 6-strand hamstring tendons (four were converted to 4-strand hamstring tendons) were evaluated at a mean of 19 months (range 12-31 months). The mean of KT-2000 side-to-side laxity measurement in 6-strand hamstring group (0.96 mm) is less than BPTB group (1.22 mm) significantly (p < 0.05). Eleven of 13 patients (84.62%) that received the 6-strand hamstring tendons could return to sport activities compared to 10 of 15 patients (66.67%) that received BPTB graft. Hamstring group have a lower prevalence of donor-site morbidity resulting in less difficult in kneeling. CONCLUSION: The authors concluded that using 6-strand hamstring tendons could improve knee stability in the early clinical outcomes. With no difference in subjective assessment, anterior cruciate ligament reconstruction used hamstring tendons have less donor-site morbidity, which is more compatible to Asian life-style.",2009,English,Journal of the medical association of thailand = chotmaihet thangphaet,pubmed,,,19374299.0,https://pubmed.ncbi.nlm.nih.gov/19374299/,Laoruengthana+clinicalcomparisonbetweensixstrandhamstringtendonandpatellar+2009,clinicalcomparisonbetweensixstrandhamstringtendonandpatellar+2009
351,352,352,Wang (2009),HT,"Wang JQ, Ao YF, Yu CL, Liu P, Xu Y, Chen LX",Wang,"Clinical evaluation of double-bundle anterior cruciate ligament reconstruction procedure using hamstring tendon grafts: a prospective, randomized and controlled study.",clinicalevaluationofdoublebundleanteriorcruciateligamentreco,"BACKGROUND: In clinical studies there is still a lot of controversy about the increased anterior and rotational stability between double-bundle (DB) and single-bundle (SB) anterior cruciate ligament (ACL) reconstruction. The aim of this study was to evaluate the clinical results of four-tunnel DB ACL reconstruction. METHODS: Sixty-four consecutive patients with ACL ruptures from May 2005 to May 2006 were randomly assigned into two groups: 32 cases for SB ACL reconstruction and 32 cases for DB ACL reconstruction. Clinical data, including KT 2000, Biodex test, Lysholm score, Tegner score and IKDC score, were prospectively collected until at least 10 months post-operative. RESULTS: The average values of KT 2000 were (1.47 +/- 1.17) mm and (1.68 +/- 1.14) mm for the SB and DB ACL reconstruction groups at 30 degrees of knee flexion (P > 0.05), and were (1.04 +/- 0.98) mm and (1.13 +/- 0.98) mm at 90 degrees of knee flexion (P > 0.05). There were also no significant differences in Lysholm score, Tegner score, IKDC score and Biodex test scores between the two groups (P > 0.05). The operation time of DB ACL reconstruction was 20 minutes longer than the SB ACL reconstruction (P < 0.05). CONCLUSION: Double bundle ACL reconstructions have no obvious clinical advantages over single bundle ACL reconstructions.",2009,English,Chinese medical journal,pubmed,,,19323939.0,https://pubmed.ncbi.nlm.nih.gov/19323939/,Wang+clinicalevaluationofdoublebundleanteriorcruciateligamentreco+2009,clinicalevaluationofdoublebundleanteriorcruciateligamentreco+2009
352,353,353,Liu (2008),HT,"Liu HG, Chen SX, Zhao CD, Ding LJ, Situ J",Liu,[Comparative study on reconstruction of anterior cruciate ligaments with allografts and hamstring tendon under arthroscopy].,comparativestudyonreconstructionofanteriorcruciateligamentsw,"OBJECTIVE: To evaluate the effect of reconstruction of anterior cruciate ligaments (ACL) with allogeneic tendon or autologous hamstring tendon under arthroscopy. METHODS: Thirty-two cases of ACL injury (3 cases compound with PCL injury) were reviewed. All the patients were divided into two groups randomly. Fifteen cases were reconstructed with hamstring tendon, including 12 male and 3 female with the age ranging from 23 to 61 years. Seventeen cases were reconstructed with allograft, including 11 male and 6 female with the age ranging from 17 to 57 years. The tendons were fixed with absorbable or Ti screws. All patients were recorded symptoms,physical signs and Lysholm Scores two weeks after operation,and functional rehabilitation of knee six months after operation. RESULTS: All cases were followed up from 6 to 8 months. Pain and clinical symptoms disappeared and the function of knee joint was improved in all patients. Five patients of allograft with positive Lachman test result,one with severe graft rejection was found complete absorption of allograft under arthroscopy. No significant differences were seen in Lysholm Score between the two groups,average (88.5 +/- 7.2), (93.2 +/- 8.5) after operation (P > 0.05). CONCLUSION: The effects of reconstruction of cruciate ligaments with allogeneic tendon or autologous hamstring tendon under arthroscopy are more satisfying. But there are more symptoms and obvious individual differences in the earlier stage of rehabilitation. So reconstruction of cruciate ligaments under arthroscopy using autologous hamstring tendon should be performed as far as possible.",2008,Chinese,Zhongguo gu shang = china journal of orthopaedics and traumatology,pubmed,,,19102185.0,https://pubmed.ncbi.nlm.nih.gov/19102185/,Liu+comparativestudyonreconstructionofanteriorcruciateligamentsw+2008,comparativestudyonreconstructionofanteriorcruciateligamentsw+2008
367,368,368,Musil (2007),HT,"Musil D, Sadovský P, Stehlík J",Musil,[Intra-articular analgesia after anterior cruciate ligament reconstruction].,intraarticularanalgesiaafteranteriorcruciateligamentreconstr,"PURPOSE OF THE STUDY: In this double-blind prospective study, pain after reconstruction of the anterior cruciate ligament (ACL) was evaluated using the visual analogue scale (VAS). Comparisons were made between patients administered an intra-articular analgesic mixture of adrenaline, morphine and bupivacaine (Marcaine) and those without it, between patients surgically treated by the BTB technique and those undergoing hamstring tendon ACL reconstruction, and between men and women undergoing the same procedure. MATERIAL: Eighty-five randomly selected patients were allocated by five groups according to the surgery performed: 1. ACL reconstruction by the BTB technique, without administration of the analgesic mixture (20 patients); 2. hamstring tendon ACL reconstruction, without the analgesic mixture (20 patients); 3. ACL BTB technique with intra-operative, intra-articular analgesia (20 patients); 4. hamstring tendon ACL reconstruction, with intra-operative, intra-articular analgesia (20 patients), 5. ACL reconstruction using a cadaver graft, without intra-operative analgesia (5 patients). METHODS: ACL reconstruction was carried out, in tourniquet-induced ischemia, by one of the standard techniques mentioned above. An analgesic mixture of adrenaline (1 ml/1 mg), morphine (1 ml/10 mg) and Marcaine (0.5 %/20 ml) was administered into the joint under arthroscopic control before the procedure was terminated. In all cases, the drain was released at 30 min. after the end of surgery. The limb was immobilized in a brace and the joint was cooled with ice. When requested, intramuscular analgesics (Dolmina and Dipidolor) were given.VAS pain scores were recorded at 30 min, 1, 2, 4, 8, 12 and 24 h after surgery. The range was from 0 (no pain) to 10 (maximum pain) scores. In addition, the amount of intramuscular analgesics and the time of their administration after surgery were noted. RESULTS: VAS pain scores were lowest in the patients with ACL reconstruction by cadaver BTB grafting, the highest scores were reported by the patients with autologous BTB graft reconstruction. Women perceived the operation as more painful than men. When the intra-operative analgesic mixture was used, the amount of post-operative opiate analgesics was reduced by 29 % and 46 % in group 3 and group 4 patients, respectively, and in group 3 its administration was postponed (first administration after an interval 1.7-times longer than in group 4). The number of patients not requiring any opiate drugs increased markedly in both these groups. Intra-operative analgesia resulted in only a slight decrease in VAS pain scores, more in group 3 than group 4. DISCUSSION: Several analgesics are used for intra-articular administration in order to alleviate post-operative pain. The most frequently used drugs include bupivacaine, morphine or epinephrine, but their mixtures are more effective than any of the drug administered alone. The most apparent evidence of the effect was the reduced amount of opiate drugs required after surgery, which was significant in all patients treated with intra-articular analgesia (groups 3 and 4) and particularly in men. However, VAS pain scores in the two groups decreased only slightly. Since maximum pain is experienced at the graft donor site, the effect of the evaluated mixture is regarded as complementary and multi-modal analgesic therapy is recommended. CONCLUSIONS: The use of intra-articular analgesia has a significant effect on the reduction of opiate amounts administered to patients during the 24-hour post-operative period after ACL reconstruction, regardless of the surgical technique used. These patients also reported slightly lower perception of pain, as assessed by the VAS pain score. The effect was higher in men than in women.",2007,Czech,Acta chirurgiae orthopaedicae et traumatologiae cechoslovaca,pubmed,,,17623606.0,https://pubmed.ncbi.nlm.nih.gov/17623606/,Musil+intraarticularanalgesiaafteranteriorcruciateligamentreconstr+2007,intraarticularanalgesiaafteranteriorcruciateligamentreconstr+2007
396,397,397,Aglietti (2004),HT,"Aglietti P, Giron F, Buzzi R, Biddau F, Sasso F",Aglietti,"Anterior cruciate ligament reconstruction: bone-patellar tendon-bone compared with double semitendinosus and gracilis tendon grafts. A prospective, randomized clinical trial.",anteriorcruciateligamentreconstruction:bonepatellartendonbon,"BACKGROUND: The choice of graft for anterior cruciate ligament reconstruction is a matter of debate, with patellar and hamstring tendons being the two most popular autologous graft options. The objective of this study was to determine in a prospective, randomized clinical trial whether two grafts (bone-patellar tendon-bone or doubled hamstring tendons) fixed with modern devices affect the two-year minimum clinical and radiographic outcomes of anterior cruciate ligament reconstruction. METHODS: One hundred and twenty patients with a chronic unilateral rupture of the anterior cruciate ligament underwent arthroscopically assisted reconstruction with use of either autologous bone-patellar tendon-bone or doubled hamstring tendon grafts, in a strictly alternating manner. Both groups were comparable with regard to demographic data, preoperative activity level, mechanism of injury, interval between the injury and the operation, and the amount of knee laxity present preoperatively. The same well-proven surgical technique and aggressive controlled rehabilitation was used. An independent observer, who was blinded with regard to the involved leg and the type of graft, performed the outcome assessment with use of a visual analog scale, the new International Knee Documentation Committee form, the Knee Injury and Osteoarthritis Outcome Score, the Functional Knee Score for Anterior Knee Pain, and an arthrometric and an isokinetic dynamometric evaluation. Radiographs were also made. RESULTS: At the two-year follow-up evaluation, no differences were found in terms of the visual analog score, the Knee Injury and Osteoarthritis Outcome Score, the new International Knee Documentation Committee subjective and objective evaluation scores, the KT-1000 side-to-side laxity measurements, the Functional Knee Score for Anterior Knee Pain, muscle strength recovery, or return to sports activities. In the bone-patellar tendon-bone group, we found a higher prevalence of postoperative kneeling discomfort (p < 0.01) and an increased area of decreased skin sensitivity (p < 0.001). In the hamstring tendon group, we recorded a higher prevalence of femoral tunnel widening (p < 0.01). In this group, a correlation was also found between medial meniscectomy and an increased prevalence of pivot-shift glide (p = 0.035). CONCLUSIONS: We believe that, with use of accurate and proven surgical and rehabilitation techniques, both grafts are an equivalent option for anterior cruciate ligament reconstruction.",2004,English,The journal of bone and joint surgery. american volume,pubmed,,,15466722.0,https://pubmed.ncbi.nlm.nih.gov/15466722/,Aglietti+anteriorcruciateligamentreconstruction:bonepatellartendonbon+2004,anteriorcruciateligamentreconstruction:bonepatellartendonbon+2004
397,398,398,Sun (2004),HT,"Sun K, Tang JW, Xu Q, Liu XY, Zhou LG, Hao YQ, Wang L, Sun YJ",Sun,[A prospective study of the anterior cruciate ligament reconstruction: allograft versus autograft].,aprospectivestudyoftheanteriorcruciateligamentreconstruction,"OBJECTIVE: To compare the clinical outcomes and differences of arthroscopic anterior cruciate ligament (ACL) reconstruction by using allografts and autografts. METHODS: Fifty-three patients with grade III ACL injuries were divided randomly into 2 groups. Twenty-five cases of group A with autografts of patellar bone-tendon-bone (B-PT-B;n = 15) and 4 strands of semitendinosus/gracilis (n = 10); 28 patients of group B with allografts of B-PT-B (n = 18), 4 strands of semitendinosus/2 strands of gracilis tendons (n = 6) and double tibialis posterior (n = 4) as well as Achilles bone-tendon (n = 2). All procedures were performed endoscopically by some surgeons. All patients were followed up for 12 to 31 months, average 19 months. RESULTS: There were statistically significant differences revealed in physical examination. IKDC and Lysholm-Tegner Score as well as KT-2000 testing was used preoperation and postoperation for both group, but there were no significant differences between the two groups except that group B had less time in operation and longer time in postoperative fever comparing with group A. (2-sample t test, P < 0.05). The KT-2000 side to side difference less than 3 mm were 88% and 86% and more than 5 mm were 4% and 7.1% respectively. The infection rates were 0% and 3.5% for the two groups. CONCLUSION: The clinical outcomes of the allografts and autografts in ACL reconstruction is almost the same. Allografts are a reasonably alternative choice for ACL reconstruction in patients over middle ages and for multiple ligament surgery as well as revision procedures.",2004,Chinese,Zhonghua wai ke za zhi chinese journal of surgery,pubmed,,,15363236.0,https://pubmed.ncbi.nlm.nih.gov/15363236/,Sun+aprospectivestudyoftheanteriorcruciateligamentreconstruction+2004,aprospectivestudyoftheanteriorcruciateligamentreconstruction+2004
413,414,414,Eriksson (2001),HT,"Eriksson K, Anderberg P, Hamberg P, Olerud P, Wredmark T",Eriksson,There are differences in early morbidity after ACL reconstruction when comparing patellar tendon and semitendinosus tendon graft. A prospective randomized study of 107 patients.,therearedifferencesinearlymorbidityafteraclreconstructionwhe,"The main objective of this study was to study solely early postoperative morbidity following anterior cruciate ligament (ACL) reconstruction by comparing the gold standard procedure, the bone-patellar tendon-bone graft (BTB), and one of the most common alternatives, the semitendinosus tendon graft (ST). The prospective study included 107 randomized patients (50 BTB and 57 ST). The follow-up period was set to 20-35 weeks postoperatively (mean 26.8 +/- 3.5 weeks). One patient suffered early graft rupture and 89 (84%) of the remaining 106 patients were able to attend the follow-up within the given time limit. There were no differences in sick leave between the groups. The Lysholm score, Tegner activity level score and Visual Analog Scales (VAS) with the questions ""How does your knee function?"" and ""How does your knee affect your activity level?"" revealed no differences between the groups. Subjective patellofemoral pain, patellofemoral compartment findings and donor site morbidity were more common in the BTB group, P < 0.05. Lachman test grade 1+ was more common in the ST group, P < 0.05, but there was no significant difference in instrumented Lachman side-to-side comparison. The ST group scored better in the one-leg hop test than the BTB group, P < 0.05. No correlations between these clinical and functional findings and subjective knee function scores were found. In conclusion, ACL reconstruction with ST tendon graft presented fewer short-term postoperative problems as compared to reconstruction with BTB.",2001,English,Scandinavian journal of medicine & science in sports,pubmed,,,11374431.0,https://pubmed.ncbi.nlm.nih.gov/11374431/,Eriksson+therearedifferencesinearlymorbidityafteraclreconstructionwhe+2001,therearedifferencesinearlymorbidityafteraclreconstructionwhe+2001
422,423,423,"""ONeill (1996)",HT,"""ONeill DB""","""ONeill",Arthroscopically assisted reconstruction of the anterior cruciate ligament. A prospective randomized analysis of three techniques.,arthroscopicallyassistedreconstructionoftheanteriorcruciatel,"One hundred and twenty-seven patients who had a rupture of the anterior cruciate ligament agreed to participate in a prospective, randomized study of three arthroscopically assisted reconstruction techniques. One hundred and twenty-five patients (125 reconstructions) were evaluated after a mean duration of follow-up of forty-two months (range, two to five years). Group I included forty patients who had a two-incision reconstruction with use of an autogenous semitendinosus-gracilis graft, group II consisted of forty patients who had a two-incision reconstruction with use of an autogenous patellar-ligament graft, and group III included forty-five patients who had a single-incision reconstruction (endoscopic technique) with use of an autogenous patellar-ligament graft. The male-female ratio, age range, level of athletic activity, interval between the injury and the reconstruction, previous operative procedures, and associated injuries were similar in all three groups. The same postoperative rehabilitation protocol was followed for all patients. Testing with a KT-2000 arthrometer at maximum manual force was done at the follow-up evaluation; the difference in laxity between the involved knee and the contralateral knee was three millimeters or less in thirty-three patients (83 per cent) in group I, thirty-seven patients (93 per cent) in group II, and thirty-nine patients (87 per cent) in group III. A difference of two millimeters or less was found in thirty patients (75 per cent) in group I, thirty-one patients (78 per cent) in group II, and thirty-five patients (78 per cent) in group III. Thirty-five patients (88 per cent) in group I, thirty-eight patients (95 per cent) in group II, and forty patients (89 per cent) in group III returned to at least the same level of athletic activity. Four grafts (two in group I and two in group II) failed as a result of trauma. There was one additional failure in groups I and III, as evidenced by a difference of nine and seven millimeters, respectively, on instrumented testing of laxity. The significant findings were that no knee was rated D according to the system of the International Knee Documentation Committee (p < 0.002, 94 per cent confidence level) and that fewer additional operative procedures were done on patients in group III (p < 0.08). Also, it was found that the patients in group II returned to a greater level of athletic activity (p < 0.02) and that a higher percentage of the patients in this group had a difference of three millimeters or less on testing with the KT-2000 arthrometer than in the other two groups (p < 0.08). However, with the numbers available, there were no significant differences in the over-all outcome among the three groups (p > 0.1). Importantly, the rate of failure was not greater and the outcomes were not less satisfactory for the late reconstructions than they were for the acute reconstructions (those performed less than three weeks after the injury), including those done with an autogenous semitendinosus-gracilis graft in a chronically unstable knee.",1996,English,The journal of bone and joint surgery. american volume,pubmed,,,8666597.0,https://pubmed.ncbi.nlm.nih.gov/8666597/,"""ONeill+arthroscopicallyassistedreconstructionoftheanteriorcruciatel+1996",arthroscopicallyassistedreconstructionoftheanteriorcruciatel+1996
424,425,425,Goertzen (1994),HT,"Goertzen M, Schulitz KP",Goertzen,[Isolated intraarticular plasty of the semitendinosus or combined intra- and extra-articular plasty in chronic anterior laxity of the knee].,isolatedintraarticularplastyofthesemitendinosusorcombinedint,"MATERIAL AND METHODS: In a prospective study we examined 32 athletes with arthroscopic implantation of a double loop of semitendinosus tendon for intra-articular anterior cruciate ligament reconstruction combined with an iliotibial band tenodesis for extra-articular augmentation. They were compared to 26 athletes operated by isolated intra-articular semitendinosus reconstruction. RESULTS: The Lysholm-Score, clinical and radiological findings, KT-1000 stability values and isokinetic tests were evaluated monthly over a year. The data suggests that while both procedures under standardized rehabilitation conditions may obtain excellent functional results, adding the iliotibial band tenodesis to an intra-articular reconstruction significantly improves stability and muscular strength. Patients were able to resume all activities without a pivot shift following combined intra- and extra-articular stabilization.",1994,French,Revue de chirurgie orthopedique et reparatrice de lappareil moteur,pubmed,,,7899626.0,https://pubmed.ncbi.nlm.nih.gov/7899626/,Goertzen+isolatedintraarticularplastyofthesemitendinosusorcombinedint+1994,isolatedintraarticularplastyofthesemitendinosusorcombinedint+1994
519,520,520,Kijkunasathian (2017),QT,"Kijkunasathian C, Limitlaohaphan C, Saengpetch N, Chanasit P, Sundarathiti P, Waratanarat P",Kijkunasathian,A Comparison between Modified Robert Jones Bandage and Intermittent Cold Pack in Arthroscopic Anterior Cruciate Ligament Reconstruction: A Prospective Randomized Controlled Trial.,acomparisonbetweenmodifiedrobertjonesbandageandintermittentc,"BACKGROUND: Modified Robert Jones bandage and intermittent cold pack are commonly used for postoperative care in arthroscopic anterior cruciate ligament reconstruction (ACLR). However, no study has been done to compare the postoperative pain and functional outcome of both methods in ACLR. OBJECTIVE: To compare the postoperative pain and functional outcome of a modified Robert Jones bandage and intermittent cold pack in ACLR. MATERIAL AND METHOD: Forty patients scheduled for ACLR were included. Computer-generated randomization allocated patients into either modified Robert Jones bandage group (MRJ) or intermittent cold pack group (ICT). Visual analog scale and morphine usage were assessed postoperatively. Blinded assessors assessed functional outcome, knee swelling, and patient's satisfaction. RESULTS: There were 19 patients in each group. Two groups were well comparable for the prognostic variables. The postoperative VAS and total morphine usage in both groups were not statistically different. Postoperative knee swelling increment was significantly lower in ICT than MRJ group (p-value = 0.04). The patient's satisfaction and positive quadriceps set test were significantly higher in the ICT group than the MRJ group (p-value <0.01). CONCLUSION: Intermittent cold pack has not demonstrated the benefit of pain reduction or morphine usage when compared to the modified Robert Jones bandage, but it had significantly less knee swelling, a significantly higher patient's satisfaction and trend to have better functional outcome. We recommend intermittent cold pack for postoperative care in ACLR.",2017,English,Journal of the medical association of thailand = chotmaihet thangphaet,pubmed,,,29911785.0,https://pubmed.ncbi.nlm.nih.gov/29911785/,Kijkunasathian+acomparisonbetweenmodifiedrobertjonesbandageandintermittentc+2017,acomparisonbetweenmodifiedrobertjonesbandageandintermittentc+2017
525,526,526,Iamaroon (2016),QT,"Iamaroon A, Tamrongchote S, Sirivanasandha B, Halilamien P, Lertwanich P, Surachetpong S, Rungwattanakit P",Iamaroon,Femoral Nerve Block versus Intra-Articular Infiltration: A Preliminary Study of Analgesic Effects and Quadriceps Strength in Patients Undergoing Arthroscopic Anterior Cruciate Ligament Reconstruction.,femoralnerveblockversusintraarticularinfiltration:aprelimina,"BACKGROUND: Adequate analgesia and early rehabilitation is necessary for arthroscopic anterior cruciate ligament reconstruction (A CLR) surgery. OBJECTIVE: To compare analgesia and quadriceps strength after femoral nerve block (FNB) with intra-articular infiltration (IA) using 0.25% bupivacaine for ACLR with patella tendon graft. MATERIAL AND METHOD: Forty patients were randomized to receive FNB under ultrasound guidance with 20 mL of bupivacaine or IA with 15 mL of bupivacaine into the knee joint and 5 mL infiltrated along the incision sites including portal sites at the end of surgery. All patients received intravenous ketorolac at wound closure. Data regarding demographic, time to first pain, time to first morphine requirement, morphine usage, pain scores and quadriceps strength were recorded. RESULTS: Significant difference in quadriceps strength was shown. Ninety percent of patients in Group IA and fifty-five percent of patients in Group FNB had good ability to extend knee at 24 hours after surgery (p = 0.013). No differences were found in demographic data, time to first pain, time to first morphine requirement, post operative pain scores and morphine consumption, CONCLUSION: The preliminary results demonstrated that IA has an effect on quadriceps strength less than FNB while provide comparable postoperative analgesia after patellar tendon graft ACLR.",2016,English,Journal of the medical association of thailand = chotmaihet thangphaet,pubmed,,,27501614.0,https://pubmed.ncbi.nlm.nih.gov/27501614/,Iamaroon+femoralnerveblockversusintraarticularinfiltration:aprelimina+2016,femoralnerveblockversusintraarticularinfiltration:aprelimina+2016
531,532,532,Ouyang (2016),QT,"Ouyang X, Hong SD, Xin F, Wang L, Yang XW, Wang JR, Wang Q, Cui WD, Zhang AJ, Zhao ZX",Ouyang,The curative efficacy of arthroscopic therapy in treating anterior cruciate ligament rupture with secondary osteoarthritis.,thecurativeefficacyofarthroscopictherapyintreatinganteriorcr,"OBJECTIVE: To compare and analyze the clinical effects of arthroscopic therapy and drug therapy in treating anterior cruciate ligament (ACL) rupture with secondary osteoarthritis (OA). PATIENTS AND METHODS: A total of 68 patients that were diagnosed as ACL rupture with secondary OA in our hospital from February 2014 to February 2015 were enrolled in our study. All of the patients were randomly divided into control group (n = 30) and observation group (n = 38) according to the order of admission. The patients in the control group were given analgesic, anti-inflammatory drugs + functional rehabilitation training whereas the patients in the observation group were given ACL reconstruction + OA debridement and functional rehabilitation training under arthroscopy. RESULTS: The success rate of the observation group was 92.1%. After 3-month follow-up, the clinical total effective rate of the observation group was significantly higher than that of the control group, the prevalence of complications in the observation group was significantly lower than in the control group, and differences were statistically significant (p < 0.05). Lysholm scale scoring of observation group was significantly higher than of the control group, modified McGill pain scale score was significantly lower than that of the control group, and differences were statistically significant (p < 0.05). Quadriceps muscle peak torque, average power, and the optimal single work at 60 degrees /s, 120 degrees /s, and 180 degrees /s were significantly higher than those of the control group, and differences were statistically significant (p < 0.05). CONCLUSIONS: Arthroscopic operative therapy was safe and effective for the treatment of ACL with secondary OA. Compared with drug therapy, it can significantly improve the movement function of the knee joint, so it was worthy of clinical application.",2016,English,European review for medical and pharmacological sciences,pubmed,,,26875887.0,https://pubmed.ncbi.nlm.nih.gov/26875887/,Ouyang+thecurativeefficacyofarthroscopictherapyintreatinganteriorcr+2016,thecurativeefficacyofarthroscopictherapyintreatinganteriorcr+2016
533,534,534,Grapar (2016),QT,"Grapar Zargi T, Drobnic M, Jkoder J, Strazar K, Kacin A",Grapar,The effects of preconditioning with ischemic exercise on quadriceps femoris muscle atrophy following anterior cruciate ligament reconstruction: a quasi-randomized controlled trial.,theeffectsofpreconditioningwithischemicexerciseonquadricepsf,"BACKGROUND: The degree of quadriceps femoris muscle (QF) atrophy is recognized as one of the key factors of poor knee function and patient's outcome, despite successful reconstruction of anterior cruciate ligament (ACL). AIM: The study assessed whether muscle preconditioning with ischemic exercise can attenuate loss of QF volume, strength, and function after ACL reconstruction. DESIGN: Prospective, single-centre, quasi-randomized, controlled trial with sham intervention. SETTING: University Medical Centre and Laboratory of Physiotherapy Research. POPULATION: Patients with total ACL rupture elected for reconstructive surgery. METHODS: Twenty subjects undergoing ACL reconstruction performed 5 exercise sessions during the last 10 days before surgery. They were assigned into two groups performing either low-load ischemic knee-extension exercise (ISHEMIC group), or standard knee-extension exercise (SHAM group). QF volume, maximal voluntary isometric contraction torque and single-leg anterior reach distance were assessed prior to preconditioning and at 4 and 12 weeks postsurgery. RESULTS: There were no significant differences between the groups in any of the variables prior to, or after surgery. The deficit in QF vastii volume increased (P<0.001) to 20+/-5 % in ISCHEMIC and 23+/-10 % in SHAM group at 4 weeks and persisted (P<0.001) at 16+/-4 % in ISCHEMIC and 20+/-11 % in SHAM group at 12 weeks postsurgery. Deficit in QF maximal isometric torque persisted (P<0.05) at 15+/-15 % in ISCHEMIC and 22+/-16 % in SHAM group at 12 weeks postsurgery. There were no significant differences in single-leg anterior reach distance between the groups at any time point. CONCLUSIONS: Short-term preconditioning with low-load ischemic exercise exhibited no different effect on QF muscle mass, isometric strength, or knee functional loss than comparable standard exercise in patients undergoing ACL reconstruction. CLINICAL REHABILITATION IMPACT: Preconditioning with ischemic exercise of five training sessions or shorter does not have any clinically important effect on preservation of quadriceps femoris muscle mass and function in patients after arthroscopic ACL reconstruction.",2016,English,European journal of physical and rehabilitation medicine,pubmed,,,26799572.0,https://pubmed.ncbi.nlm.nih.gov/26799572/,Grapar+theeffectsofpreconditioningwithischemicexerciseonquadricepsf+2016,theeffectsofpreconditioningwithischemicexerciseonquadricepsf+2016
539,540,540,Iamaroon (2014),QT,"Iamaroon A, Tangwiwat S, Sirivanasandha B, Halilamien P, Lertpenmetha Y, Sirimaneewattana S, Surachetpong S, Puangchan S",Iamaroon,Femoral nerve block using 0.25% or 0.5% bupivacaine for analgesia after arthroscopic anterior cruciate ligament reconstruction.,femoralnerveblockusing025%or05%bupivacaineforanalgesiaaftera,"BACKGROUND: Femoral nerve block (FNB) with varying concentrations of bupivacaine is often used for postoperative analgesia after anterior cruciate ligament (ACL) reconstruction. OBJECTIVE: To determine whether FNB using 0.25% or 0.5% bupivacaine provided better analgesia with less effect on quadriceps strengths after ACL reconstruction. MATERIAL AND METHOD: One hundred patients were randomized to receive FNB with 20 mL of 0.25% or 0.5% bupivacaine. Data regarding demographic, effectiveness of FNB, time to first pain, time to first analgesic, pain scores, morphine use, and recovery of sensory and motor function were recorded. RESULTS: Median time to first morphine requirement was 12 hours in 0.5% bupivacaine group and 10 hours in 0.25% bupivacaine group (p = 0.048). Pain score at 18 hours was lower in 0.5% bupivacaine group compared with 0.25% bupivacaine group (p = 0.001). When specify to the patellar tendon graft subgroup, the patients requiring morphine were 70% in 0.5% bupivacaine group and 90% in 0.25% bupivacaine group (p = 0.03). No differences were found in demographic data, effectiveness of FNB, time to first pain, morphine consumption, and recovery of sensorimotor function. CONCLUSION: FNB with 0.5% bupivacaine provided longer time to first analgesic and lower narcotic requirements after patellar tendon graft ACL reconstruction when compared to 0.25% bupivacaine. Both concentrations showed similar effect on quadriceps strengths.",2014,English,Journal of the medical association of thailand = chotmaihet thangphaet,pubmed,,,25265770.0,https://pubmed.ncbi.nlm.nih.gov/25265770/,Iamaroon+femoralnerveblockusing025%or05%bupivacaineforanalgesiaaftera+2014,femoralnerveblockusing025%or05%bupivacaineforanalgesiaaftera+2014
562,563,563,Rosenthal (2009),QT,"Rosenthal MD, Moore JH, Stoneman PD, DeBerardino TM",Rosenthal,Neuromuscular excitability changes in the vastus medialis following anterior cruciate ligament reconstruction.,neuromuscularexcitabilitychangesinthevastusmedialisfollowing,"PURPOSE: Quadriceps weakness following anterior cruciate ligament reconstruction (ACLR) is prevalent despite intensive rehabilitation. Diminished neuromuscular excitability is one potential factor that may limit muscular recovery following injury or surgery. The H-reflex provides a measure of alpha motorneuron (neuromuscular) excitability in the sensory-motor pathway of the respective muscle and nerve. To date the vastus medialis (VM) and soleus (SOL) H-reflexes have been examined primarily in control subjects with induced knee joint effusion. This prospective, randomized clinical trial evaluated the affect of ACLR, utilizing hamsting (HS) or bone-patellar tendon-bone (BTB) autograft, on VM and SOL H-reflex latency and amplitude in twenty subjects. METHODS: Preoperatively bilateral VM and SOL H-reflex tests were conducted. VM and SOL H-reflexes were subsequently conducted on the involved lower extremity at 1 and 3 months post surgery. At each test session subjects completed visual analog scales and knee girth was measured. RESULTS: The VM H-reflex amplitude increased in the HS group at 3 months compared to 1-month post surgery (p<.05). Significant changes over time were also noted in the visual analog pain and functional scales and the mid-patella girth. CONCLUSIONS: The increased VM H-reflex amplitude at 3 months following HS autograft ACLR demonstrates an increase in VM neuromuscular excitability. Increased VM neuromuscular excitability was not evident in patients following BTB reconstruction. The increased neuromuscular excitability, observed only in the HS group, warrants consideration when selecting graft type for patients with extensive preoperative quadriceps dysfunction.",2009,English,Electromyography and clinical neurophysiology,pubmed,,,19280799.0,https://pubmed.ncbi.nlm.nih.gov/19280799/,Rosenthal+neuromuscularexcitabilitychangesinthevastusmedialisfollowing+2009,neuromuscularexcitabilitychangesinthevastusmedialisfollowing+2009
575,576,576,Pigozzi (2004),QT,"Pigozzi F, Di Salvo V, Parisi A, Giombini A, Fagnani F, Magini W, Franceschi F, Denaro E",Pigozzi,Isokinetic evaluation of anterior cruciate ligament reconstruction: quadriceps tendon versus patellar tendon.,isokineticevaluationofanteriorcruciateligamentreconstruction,"AIM: The goal of this prospective randomized study was to compare the isokinetic recovery of thigh strength after anterior cruciate ligament (ACL) reconstruction by using patellar or quadriceps tendon as graft at the 6th month follow-up. METHODS: The authors evaluated 48 patients who underwent arthroscopic ACL reconstruction using patellar tendon (PT group) or quadriceps tendon (QT group) as autograft after a 6 months follow-up undergoing the following tests: the Ergojump Bosco System springboard and Universal's FITNET computerized isokinetic system. RESULTS: The counter movement jump (CMJ) test showed a 24% (p<0.01) strength deficit in patients operated with patellar tendon and 11% in the quadriceps tendon group. Also in the leg press test the greater differences in strength (p<0.05) were verified in the patellar tendon group, above all the peak torque (PT) test carried out at 3 repetitions (15%). CONCLUSIONS: The strength deficit found in the subjects operated with quadriceps tendon were statistically lower in comparison to that verified in the patellar tendon group. A good recovery in thigh strength after 6 months in patients operated with quadriceps tendon could encourage the use of this kind of graft in order to achieve an easier rehabilitation and a faster release of the patient to daily and sports activity.",2004,English,The journal of sports medicine and physical fitness,pubmed,,,15756168.0,https://pubmed.ncbi.nlm.nih.gov/15756168/,Pigozzi+isokineticevaluationofanteriorcruciateligamentreconstruction+2004,isokineticevaluationofanteriorcruciateligamentreconstruction+2004
580,581,581,Acquitter (2003),QT,"Acquitter Y, Hulet C, Locker B, Delbarre JC, Jambou S, Vielpeau C",Acquitter,[Patellar tendon-bone autograft reconstruction of the anterior cruciate ligament for advanced-stage chronic anterior laxity: is an extra-articular plasty necessary? A prospective randomized study of 100 patients with five year follow-up].,patellartendonboneautograftreconstructionoftheanteriorcrucia,"PURPOSE OF THE STUDY: This prospective randomized study was conducted to analyze the anatomic and functional impact of an extra-articular lateral plasty associated with patellar tendon-bone autograft in anterior cruciate ligament reconstruction. MATERIAL AND METHODS: A consecutive series of 100 patients with grade II (Noyes classification) chronic anterior laxity confirmed on stress x-rays were included in the study. All patients had a positive Trillat-Lachman test, a direct anterior drawer at 90 degrees flexion confirmed on the lateral x-ray, and an instrumental differential laxity greater than 5 mm (manual arthrometry, Medmetric KT1000). Mean patient age was 27 years (range 16-29 years) and time from the accident to ligamentoplasty was 29 months (range 3-156 months). In the operating theater, the patients were assigned at random to two groups. Group 1 (50 patients) underwent arthroscopic free patellar tendon-bone autograft reconstruction of the anterior cruciate ligament. In the second group (50 patients) the same reconstruction was further supported by a lateral extra-articular plasty using the quadriceps tendon. All patients were followed prospectively. At 58 months follow-up (none of the patients were lost to follow-up) residual laxity (Medmetric KT1000) was noted and functional outcome was assessed using the IKDC criteria. The Aglietti method was used to assess the position of the drill holes. RESULTS: The two groups were strictly identical at inclusion. At last follow-up, the statistical analysis did not reveal any significant difference between the groups for subjective outcome, joint motion, instrumental residual laxity, meniscal stock, or radiological changes. The overall IKDC score was A or B in 80% of the patients in group 1 and 88% of the patients in group 2. Delay to resumed sports activities (about 12 months) was also equivalent in the two groups with a trend towards lower intensity and sports producing less stress on the knee. A minimally positive pivot test with no effect on stability was observed in 4 patients in group 1 (intra-articular plasty alone) and in 2 patients in group 2 (intra- and extra-articular plasty). 16% of the insufficient results (IKDC C and D) were related to repeated tears (n=8, 6 patients in group 1 and 2 patients in group 2, p=0.268), and failure (n=8, 4 in each group) due to defective motion and pain. Repeated tears were strongly correlated with incorrect drill hole position in the tibia (p=0.01) or femur (p=0.024). Despite the stabilization, radiological remodeling was observed in 31% of the patients in both groups. DISCUSSION: The results in this consecutive series of patients demonstrated the good results obtained with intra-articular ligamentoplasy using the mid third of the patellar tendon. The rate of repeated tears or minimally positive pivot tests was higher in group 1 with intra-articular plasty alone but did not reach statistical significance and was generally related to a technical error in positioning the autograft, making it difficult to draw any conclusion concerning the anatomic superiority of mixed plasty. CONCLUSION: At the current follow-up of 5 years, this study was unable to demonstrate any advantage of systematic conjunction of an extra-articular lateral support for advanced chronic anterior laxity of the knee treated by a free patellar tendon graft.",2003,French,Revue de chirurgie orthopedique et reparatrice de lappareil moteur,pubmed,,,13679741.0,https://pubmed.ncbi.nlm.nih.gov/13679741/,Acquitter+patellartendonboneautograftreconstructionoftheanteriorcrucia+2003,patellartendonboneautograftreconstructionoftheanteriorcrucia+2003
592,593,593,Wojtys (2001),QT,"Wojtys EM, Huston LJ",Wojtys,"""Custom-fit"" versus ""off-the-shelf"" ACL functional braces.","""customfit""versus""offtheshelf""aclfunctionalbraces","Many sports medicine practitioners believe ""custom-fit"" functional braces are superior in performance to ""off-the-shelf"" braces for anterior cruciate ligament (ACL)-deficient knees. However, this is not well substantiated. This study compares a Donjoy custom-fit ACL brace (CE 2000), Donjoy off-the-shelf brace (Goldpoint), and an athletic taping technique to determine their role in our clinical practice. Five patients (3 men and 2 women) with isolated, unilateral, chronic ACL tears with an average age of 27 years (range: 19-35 years) were used to evaluate these three restraint systems. Anterior tibial laxity, quadriceps and hamstrings strength, endurance, standing long jump, brace migration with exercise, and pattern of muscle response to forced anterior tibial displacement were studied. Each patient was tested without a brace and then in each of the three test conditions (custom brace, off-the-shelf brace, and tape), with the order of testing randomized. The Donjoy custom-fit ACL functional brace did not reduce anterior laxity or improve standing long jump, muscle strength, endurance, or muscle response times significantly more than the off-the-shelf ACL brace. Both braces improved anterior stability over knee taping when the knee muscles were contracted under the low forces used in this study. After 1 hour of exercise, brace migration was significantly greater (P=.03) for the CE-2000 custom brace (18.6 mm) than for the Goldpoint off-the-shelf brace (4.5 mm). There appears to be no advantage to the more expensive custom-fit knee brace over the off-the-shelf brace.",2001,English,The american journal of knee surgery,pubmed,,,11491426.0,https://pubmed.ncbi.nlm.nih.gov/11491426/,"Wojtys+""customfit""versus""offtheshelf""aclfunctionalbraces+2001","""customfit""versus""offtheshelf""aclfunctionalbraces+2001"
595,596,596,Kokki (2000),QT,"Kokki H, Väätäinen U, Miettinen H, Parviainen A, Könönen M, Partanen J",Kokki,Tourniquet-induced enmg changes in arthroscopic anterior cruciate ligament reconstruction. A comparison of low and high-pressure tourniquet systems.,tourniquetinducedenmgchangesinarthroscopicanteriorcruciateli,"BACKGROUND AND AIMS: The use of a tourniquet during surgery is associated with a risk of neurological disorders. We compared whether a new tourniquet system using low pressure (250 mmHg) is safer than a standard tourniquet system using higher inflation pressure (350 mmHg). MATERIALS AND METHODS: Thirty-one patients (ASA I-II), ages 16-48 years, were studied with ENMG preoperatively and 3 weeks postoperatively following arthroscopic anterior cruciate ligament reconstruction. Tourniquet times varied between 30 and 146 min. RESULTS: Postoperative slowing of motor and sensory conduction was observed, as well as an increase of the minimum peroneal F-response and tibial H-reflex latencies. The sensory amplitude of the sural nerve decreased. Vastus medialis of the quadriceps femoris muscle showed a reduced interference pattern in ENMG in maximal voluntary effort postoperatively. No differences were found in measured results between the low and high pressure tourniquet systems. CONCLUSIONS: Slight postoperative ENMG alterations were demonstrated but the use of both tourniquet systems is safe within the limit of tourniquet times of less than 2 h.",2000,English,Annales chirurgiae et gynaecologiae,pubmed,,,11204965.0,https://pubmed.ncbi.nlm.nih.gov/11204965/,Kokki+tourniquetinducedenmgchangesinarthroscopicanteriorcruciateli+2000,tourniquetinducedenmgchangesinarthroscopicanteriorcruciateli+2000
598,599,599,Franceschi (1999),QT,"Franceschi JP, Rochwerger A, Benezet P, Bataille JF, Viton JM, Groulier P",Franceschi,[Isokinetic comparative study at the third postoperative month after surgery of the anterior cruciate ligament with arthroscopy or after mini-arthrotomy].,isokineticcomparativestudyatthethirdpostoperativemonthafters,"PURPOSE: A double blind prospective study was performed in 64 patients with a clinical and isokinetic assessment three months after anterior cruciate ligament (A.C.L.) reconstruction. MATERIAL AND METHODS: This work included 64 patients (47 males and 17 females), divided in two groups: 41 patients had an arthroscopically assisted bone-tendon-bone A.C.L. reconstruction, 17 had an open procedure. The isokinetic records concerned peak torque and muscular work at two different speeds. RESULTS: Three months after surgery there was no significant difference between both groups particularly what concerns the isokinetic assessment in muscular performances. Peak torque in hamstring averaged 151.4 Nm in the open procedure group and 149.2 Nm in the arthroscopically assisted group (p = 0.7), in quadriceps 156.10 Nm vs 149.3 Nm (p = 0.47). DISCUSSION: The advantages of arthroscopy in early muscular recovery are rarely admitted in medical literature. CONCLUSIONS: The favorable opinion of the authors to the arthroscopically assisted A.C.L. reconstruction concerning its rapid muscular recovery abilities is only based on subjective criterions.",1999,French,Revue de chirurgie orthopedique et reparatrice de lappareil moteur,pubmed,,,10612135.0,https://pubmed.ncbi.nlm.nih.gov/10612135/,Franceschi+isokineticcomparativestudyatthethirdpostoperativemonthafters+1999,isokineticcomparativestudyatthethirdpostoperativemonthafters+1999
601,602,602,Reat (1997),QT,"Reat JF, Lintner DM",Reat,"One-versus two-incision ACL reconstruction. A prospective, randomized study.",oneversustwoincisionaclreconstructionaprospectiverandomizeds,This study compares the early functional outcomes of anterior cruciate ligament (ACL) reconstruction using a one-incision endoscopic technique versus a two-incision arthroscopically assisted technique. Thirty patients with chronic ACL-deficient knees were randomly assigned to either group 1 (one-incision technique; 15 patients) or group 2 (two-incision technique; 15 patients). Middle third ipsilateral patellar tendon was used in all reconstructions. All patients followed the same home-based accelerated rehabilitation protocol. The International Knee Documentation Committee scoring system was used to assess pre- and postoperative knee function. The mean length of follow-up was 17 months for group 1 and 15 months for group 2. Three patients were lost to follow-up in group 2. Patients in group 1 achieved a mean one-leg hop value of 89% of the uninjured side while group 2 patients averaged 92%. The mean side-to-side difference in anterior tibial translation was 2 mm in both groups at manual maximum translation. The mean isokinetic quadriceps strength at 300 degrees/second of the operated side 1 year after surgery was 83% of normal for group 1 versus 73% for group 2. Both groups achieved maximum range of motion within 3 months. There was no statistically significant difference between the outcomes of the one- and two-incision techniques for ACL reconstruction. All patients in both groups had improved stability and function of their operative knees compared with their preoperative condition.,1997,English,The american journal of knee surgery,pubmed,,,9421595.0,https://pubmed.ncbi.nlm.nih.gov/9421595/,Reat+oneversustwoincisionaclreconstructionaprospectiverandomizeds+1997,oneversustwoincisionaclreconstructionaprospectiverandomizeds+1997
612,613,613,Jonsson (1994),QT,"Jonsson H, Elmqvist LG, Kärrholm J, Tegner Y",Jonsson,Over-the-top or tunnel reconstruction of the anterior cruciate ligament? A prospective randomised study of 54 patients.,overthetoportunnelreconstructionoftheanteriorcruciateligamen,"We report a review of 54 patients with chronic anterior cruciate ligament rupture treated by patellar-quadriceps tendon graft augmented with polypropylene braid (Kennedy-LAD). The femoral placement of the graft was randomised to either a modified over-the-top (OTT) or a tunnel position obtained by an isometric drill guide (ISO). At the two-year follow-up both procedures had resulted in improvement of subjective knee function and activity level. Stereoradiographic measurements showed reduction of anteroposterior laxity to near normal in about one-third of the patients, but muscle strength and objective functional performance showed little or no changes. The OTT group had better subjective knee function. We were unable to confirm the theoretical advantages of the use of the drill guide, partly because it provided a tibial tunnel which was too anterior.",1994,English,The journal of bone and joint surgery. british volume,pubmed,,,8300688.0,https://pubmed.ncbi.nlm.nih.gov/8300688/,Jonsson+overthetoportunnelreconstructionoftheanteriorcruciateligamen+1994,overthetoportunnelreconstructionoftheanteriorcruciateligamen+1994
613,614,614,Snyder-Mackler (1991),QT,"Snyder-Mackler L, Ladin Z, Schepsis AA, Young JC",Snyder-Mackler,Electrical stimulation of the thigh muscles after reconstruction of the anterior cruciate ligament. Effects of electrically elicited contraction of the quadriceps femoris and hamstring muscles on gait and on strength of the thigh muscles.,electricalstimulationofthethighmusclesafterreconstructionoft,"The effects of neuromuscular electrical stimulation on the strength of the thigh muscles and on gait were examined in ten patients after reconstruction of the anterior cruciate ligament. The patients were randomly assigned to one of two treatment groups: neuromuscular electrical stimulation and volitional exercise, or volitional exercise alone. A four-week course of electrically elicited co-contraction of the thigh muscles resulted in significant attenuation of the characteristic loss of strength of the quadriceps as compared with volitional exercise. There was no significant difference between groups in any measure of performance of the hamstring muscles. In the group that received neuromuscular electrical stimulation, the values for cadence, walking velocity, stance time of the involved limb, and flexion-excursion of the knee during stance were significantly different from those of the volitional exercise group. Flexion-excursion of the knee during stance was directly and significantly correlated with strength of the quadriceps femoris muscle. Flexion of the knee during stance was qualitatively different in the involved extremity as compared with the uninvolved extremity in all patients. There is a rapid flexion of the knee at weight acceptance that is maintained throughout stance and probably reflects stabilization of the joint by muscular coactivation to compensate for weakness of the quadriceps. The patients who received neuromuscular electrical stimulation had stronger quadriceps muscles and more normal gait patterns than those in the volitional exercise group.",1991,English,The journal of bone and joint surgery. american volume,pubmed,,,1874764.0,https://pubmed.ncbi.nlm.nih.gov/1874764/,Snyder-Mackler+electricalstimulationofthethighmusclesafterreconstructionoft+1991,electricalstimulationofthethighmusclesafterreconstructionoft+1991
615,616,616,Andersson (1991),QT,"Andersson C, Odensten M, Gillquist J",Andersson,Knee function after surgical or nonsurgical treatment of acute rupture of the anterior cruciate ligament: a randomized study with a long-term follow-up period.,kneefunctionaftersurgicalornonsurgicaltreatmentofacuteruptur,"One hundred fifty-six patients with a total rupture of the anterior cruciate ligament (ACL) were reexamined 41 to 80 months after injury. They were randomized to three treatment groups: (1) repair and augmentation of the ACL with an iliotibial strip, (2) repair without augmentation, and (3) nonsurgical ACL treatment. Associated injuries of menisci and other ligaments were treated in the same way for the three groups. Two-thirds of the patients in the nonsurgically treated group complained of instability and 17% had had a subsequent reconstruction of the ACL at the follow-up examination. The group treated with an augmented repair had a less abnormal laxity measured by a laxity-testing device. Sixty-three percent returned to competitive sports, as compared with 27% in the nonsurgical group and 32% in the only repair group. Relative strength of the quadriceps and hamstrings muscles were similar for all groups. The augmented-repair group had better hop tests, reflecting a superior stability, whereas running was not affected by treatment but was correlated with the activity level.",1991,English,Clinical orthopaedics and related research,pubmed,,,1997243.0,https://pubmed.ncbi.nlm.nih.gov/1997243/,Andersson+kneefunctionaftersurgicalornonsurgicaltreatmentofacuteruptur+1991,kneefunctionaftersurgicalornonsurgicaltreatmentofacuteruptur+1991
619,620,620,Noh (2016),AT,"Noh JH, Kyiung HS, Yoon KH, Roh YH",Noh,Supplementary tibial fixation in anterior cruciate ligament reconstruction - Direct cortical fixation using spiked washer screw vs. post-tie using washer screw.,supplementarytibialfixationinanteriorcruciateligamentreconst,"We compare clinical outcomes of two different supplementary tibial fixation in anterior cruciate ligament (ACL) reconstruction using free tendon Achilles allograft. Eighty subjects underwent ACL reconstruction using Endobutton CL for femoral fixation and Bio-interference screw for tibial fixation. Supplementary tibial fixation was performed as direct -cortical fixation using spiked washer screw (group I) or as post-tie using washer screw (group II). -Lachman test, pivot shift test, IKDC classification, Lysholm score, and side-to-side difference (SSD) were evaluated. Thirty six in group I and thirty five in group II could follow up for at least 2 years. At the last follow-up, 7 in group I and 1 in group II showed 2+ or 3+ in Lachman test (p = 0.027). Mean SSD was 2.4mm in group I and 1.4mm in group II (p = 0.048). Post-tie using washer screw was more effective than direct cortical fixation using spiked washer screw to restore stability. Level of evidence : Therapeutic Level I ; Randomized controlled clinical trial.",2016,English,Acta orthopaedica belgica,pubmed,,,27682300.0,https://pubmed.ncbi.nlm.nih.gov/27682300/,Noh+supplementarytibialfixationinanteriorcruciateligamentreconst+2016,supplementarytibialfixationinanteriorcruciateligamentreconst+2016
625,626,626,Sun (2004),AT,"Sun K, Tang JW, Xu Q, Liu XY, Zhou LG, Hao YQ, Wang L, Sun YJ",Sun,[A prospective study of the anterior cruciate ligament reconstruction: allograft versus autograft].,aprospectivestudyoftheanteriorcruciateligamentreconstruction,"OBJECTIVE: To compare the clinical outcomes and differences of arthroscopic anterior cruciate ligament (ACL) reconstruction by using allografts and autografts. METHODS: Fifty-three patients with grade III ACL injuries were divided randomly into 2 groups. Twenty-five cases of group A with autografts of patellar bone-tendon-bone (B-PT-B;n = 15) and 4 strands of semitendinosus/gracilis (n = 10); 28 patients of group B with allografts of B-PT-B (n = 18), 4 strands of semitendinosus/2 strands of gracilis tendons (n = 6) and double tibialis posterior (n = 4) as well as Achilles bone-tendon (n = 2). All procedures were performed endoscopically by some surgeons. All patients were followed up for 12 to 31 months, average 19 months. RESULTS: There were statistically significant differences revealed in physical examination. IKDC and Lysholm-Tegner Score as well as KT-2000 testing was used preoperation and postoperation for both group, but there were no significant differences between the two groups except that group B had less time in operation and longer time in postoperative fever comparing with group A. (2-sample t test, P < 0.05). The KT-2000 side to side difference less than 3 mm were 88% and 86% and more than 5 mm were 4% and 7.1% respectively. The infection rates were 0% and 3.5% for the two groups. CONCLUSION: The clinical outcomes of the allografts and autografts in ACL reconstruction is almost the same. Allografts are a reasonably alternative choice for ACL reconstruction in patients over middle ages and for multiple ligament surgery as well as revision procedures.",2004,Chinese,Zhonghua wai ke za zhi chinese journal of surgery,pubmed,,,15363236.0,https://pubmed.ncbi.nlm.nih.gov/15363236/,Sun+aprospectivestudyoftheanteriorcruciateligamentreconstruction+2004,aprospectivestudyoftheanteriorcruciateligamentreconstruction+2004
634,635,635,Sun (2004),TA,"Sun K, Tang JW, Xu Q, Liu XY, Zhou LG, Hao YQ, Wang L, Sun YJ",Sun,[A prospective study of the anterior cruciate ligament reconstruction: allograft versus autograft].,aprospectivestudyoftheanteriorcruciateligamentreconstruction,"OBJECTIVE: To compare the clinical outcomes and differences of arthroscopic anterior cruciate ligament (ACL) reconstruction by using allografts and autografts. METHODS: Fifty-three patients with grade III ACL injuries were divided randomly into 2 groups. Twenty-five cases of group A with autografts of patellar bone-tendon-bone (B-PT-B;n = 15) and 4 strands of semitendinosus/gracilis (n = 10); 28 patients of group B with allografts of B-PT-B (n = 18), 4 strands of semitendinosus/2 strands of gracilis tendons (n = 6) and double tibialis posterior (n = 4) as well as Achilles bone-tendon (n = 2). All procedures were performed endoscopically by some surgeons. All patients were followed up for 12 to 31 months, average 19 months. RESULTS: There were statistically significant differences revealed in physical examination. IKDC and Lysholm-Tegner Score as well as KT-2000 testing was used preoperation and postoperation for both group, but there were no significant differences between the two groups except that group B had less time in operation and longer time in postoperative fever comparing with group A. (2-sample t test, P < 0.05). The KT-2000 side to side difference less than 3 mm were 88% and 86% and more than 5 mm were 4% and 7.1% respectively. The infection rates were 0% and 3.5% for the two groups. CONCLUSION: The clinical outcomes of the allografts and autografts in ACL reconstruction is almost the same. Allografts are a reasonably alternative choice for ACL reconstruction in patients over middle ages and for multiple ligament surgery as well as revision procedures.",2004,Chinese,Zhonghua wai ke za zhi chinese journal of surgery,pubmed,,,15363236.0,https://pubmed.ncbi.nlm.nih.gov/15363236/,Sun+aprospectivestudyoftheanteriorcruciateligamentreconstruction+2004,aprospectivestudyoftheanteriorcruciateligamentreconstruction+2004
637,638,3,,BPTB,,,Extended Post-Operative Oral Tranexamic Acid Dosing After ACL Reconstruction: A Multicenter Randomized Controlled Trial,extendedpostoperativeoraltranexamicaciddosingafteraclreconst,"Brief SummaryThis is a prospective, multi-center, randomized, double-blind, placebo-controlled trial evaluating the efficacy of oral tranexamic acid (TXA) in improving postoperative outcomes following anterior cruciate ligament reconstruction (ACLR) using patellar tendon autograft in adolescent and young adult patients. A total of 100 patients, aged 14 to 22 years and undergoing eligible ACLR, will be enrolled across multiple participating sites. Eligible participants will be randomized 1:1 to receive either oral TXA (1.95 g per day, divided into three 650 mg capsules) or placebo (microcrystalline cellulose) once daily from postoperative day 1 to 10, in addition to standard intraoperative care. All participants will receive 1 g IV TXA prior to incision and 1 g IV TXA at closure, per standard surgical protocol. The primary outcome is improvement in postoperative pain, as measured by the Visual Analog Scale (VAS). Secondary outcomes are knee range of motion, quadriceps strength, isokinetic strength, time to straight leg raise, time to return to sport, International Knee Documentation Committee score, Lyshom score, and morphine milligram equivalents. Participants will be followed through routine postoperative visits at the participating institutions out to one year with a phone call for patient reported outcomes at 2 years.Detailed DescriptionThis multi-center, prospective, randomized, double-blind, placebo-controlled clinical trial is designed to evaluate the effect of oral tranexamic acid (TXA) on postoperative outcomes following anterior cruciate ligament reconstruction (ACLR) using bone-tendon-bone (BTB) autograft in adolescent and young adult patients. Background: Tranexamic acid is a synthetic antifibrinolytic agent that competitively inhibits plasminogen activation, helping to reduce bleeding. IV TXA is routinely used during orthopedic procedures, including ACLR, and has been shown to reduce intraoperative blood loss. However, the benefit of extending antifibrinolytic coverage with oral TXA in the early postoperative period has not been well studied in this population. This trial aims to investigate whether a 10-day postoperative course of oral TXA improves pain and recovery outcomes following ACLR. Study Design: Participants will be randomized in a 1:1 ratio to receive either oral TXA or a placebo. Randomization will be conducted using computer-generated allocation. Both the participants and the study team will remain blinded to group assignment. Group A (Placebo): Participants will receive 10 doses (30 capsules total) of microcrystalline cellulose (placebo), to be taken daily from postoperative day (POD) 1 through POD 10. Group B (Oral TXA): Participants will receive 10 doses (30 capsules total) of oral TXA, dosed at 1.95 g per day (650 mg per capsule, 3 capsules daily) from POD 1 through POD 10. All participants will receive standard intraoperative care, including 1 gram IV TXA prior to skin incision and an additional 1 gram IV TXA at surgical closure. Postoperative pain management will be administered per standard clinical practice and at the discretion of the treating surgical team. Patient Population: The study will enroll 100 patients aged 14 to 22 years undergoing isolated ACLR with a BTB autograft at Campbell Clinic Surgery Center and collaborating study sites. Study Procedures: Eligible patients will be identified via chart review and approached in clinic or via phone. Informed consent (and assent where applicable) will be obtained during a routine preoperative visit. Baseline data will be collected, including demographics and medical history. Participants will then be randomized and provided with study medication (oral TXA or placebo) to begin on POD 1. Outcomes: The primary outcome is improvement in postoperative pain, as measured by the Visual Analog Scale (VAS). Secondary outcomes are knee range of motion, quadriceps strength, isokinetic strength, time to straight leg raise, time to return to sport, International Knee Documentation Committee score, Lyshom score, and morphine milligram equivalents. Blinding and Allocation: All capsules will be identical in appearance and packaging to maintain blinding. Randomization will be performed centrally and allocation concealed. Study staff, treating physicians, and patients will remain blinded until data analysis. Safety Monitoring: Participants will be monitored for adverse events throughout the study period. TXA is generally well tolerated but may pose thrombotic risk in susceptible individuals; exclusion criteria are designed to minimize this risk. The study team will report any serious adverse events (SAEs) to the IRB per institutional guidelines. The study is powered to detect clinically meaningful differences in VAS scores, with a planned enrollment of 50 patients per group, allowing for a 20% loss to follow-up. This trial aims to clarify the role of extended postoperative oral TXA in reducing inflammation, pain, and bleeding in young ACLR patients, potentially offering a low-cost adjunct to current perioperative care.",2025,English,Clinicaltrials.gov,embase,,https://doi.org/,,,,extendedpostoperativeoraltranexamicaciddosingafteraclreconst+2025
643,644,9,,BPTB,,,Prospective Evaluation of Post-operative Pain Management Using Peripheral Nerve Blocks in the Pediatric Population,prospectiveevaluationofpostoperativepainmanagementusingperip,"Brief SummaryThe goal of this randomized clinical trial is to determine if single-shot ropivacaine peripheral nerve blocks (PNB - perineural injections) for anterior cruciate ligament (ACL) reconstruction procedures in pediatric orthopaedic sports medicine patients provides significant pain relief and decreased narcotic use. The main questions it aims to answer are: * Does ropivacaine significantly reduce Visual Analog Scale (VAS) pain scores and pain levels up to one week postoperatively? * Does ropivacaine significantly decrease narcotic use (number of pills taken) up to one week postoperatively? Researchers will compare the pain outcomes and narcotic use of participants who receive a single-shot ropivacaine peripheral nerve block to those of participants who do not receive a single-shot ropivacaine peripheral nerve block for their ACL reconstruction surgery. The goal is to understand if there is a significant difference in participant pain outcomes and narcotic use outside the first 24 hours postoperatively. Participants will: * receive either a single-shot ropivacaine peripheral nerve block intraoperatively or no peripheral nerve block during their ACL Quadriceps tendon graft or bone patellar tendon bone graft reconstruction surgery. * receive and complete questionnaires at postoperative days 1, 4, and 7 regarding their pain scores, levels, and outcomes, effective pain treatments, overall pain interference, narcotic use (number of pills taken), and overall pain treatment satisfaction * receive and complete secondary outcome measures of functional and psychological outcomes regarding their ACL reconstruction surgery at postoperative day 1Detailed DescriptionThis is a single institution, prospective, single-blinded (patient) randomized controlled trial to investigate the safety and pain-control efficacy and patient reported pain outcomes of PNBs in youth receiving ACLR. To be included, participants must be aged 13+ years at the time of surgery and present with an injury requiring an isolated ACL reconstruction with either a Bone-Patellar Tendon-Bone or Quadriceps tendon graft. Data will be collected from the patient's electronic medical record and from Oberd. Data collected will include age, height, weight, surgical information, diagnosis, and patient demographics. 160 participants (80 per treatment group) will be enrolled in the study with a minimum of 130 needed to complete the study. As ACLR procedures are a frequent and standardized procedure at this institution, choosing to exclusively study this population offers a homogenous and plentiful sample. Pain protocols will follow a standard outline used by all participating surgeons to reduce variability between patients. The randomization technique of this study is supported by the equipoise of this institution's physicians regarding peripheral nerve blocks and the quantity of patients who this study's results will affect. Patients will be approached pre-operatively for participation, after which the surgical team will be informed. Patients will be offered the choice to participate in the study and randomize their treatment group. If patients do not want their treatment to be randomized, they will not be included in the study. Data collection will involve the Wong-Baker Visual Analog Scale (VAS) and VAS 10-centimeter line 0-10 Numeric Pain Intensity Scale, and an institution specific pain questionnaire regarding analgesic medicine intake and complications daily from post-operative day one to post-operative day seven. Patients' medical records will also be reviewed for readmission, calls to their physician for pain, and other noted complications. Patients will receive the following anesthesia doses by body weight (BW): Pre-operatively: * Regardless of age: 0.5 mg Midalozam per kg BW (intravenous, 15 mg maximum) * If patient has history of PONV, 0.40 mg Emend per kg BW (pill), and 2 mg Midazolam (intravenous), and/or Scopolamine patch * If patient has history of anxiety or PTSD, or exhibits anxiety symptoms before surgery: 0.1 mg Valium per kg BW (maximum 10 mg) Intra-operatively: * Amounts discretionary by patient vitals 0.5-1.0 mg Lidocaine per kg BW (intravenous -- no maximum) 3-4 mg Propofol per kg BW (no maximum) 1-2 mcg Fentanyl per kg BW (no maximum) 0.35 mg Ketamine per kg BW (no maximum) 0.1 mg Dexamethasone per kg BW (no maximum) If necessary: 0.004 - 0.006 mg Hydromorphone per kg BW (no maximum) * Local Infiltration: Regardless of weight: 10 mL Exparel and 20 mL 0.25% Marcaine - Optional: 10-20 mcg Dexmedetomidine per kg BW (for persistent tachycardia) \<50% Nitrous If intubated/ventilated: 0.5-0.6 mg Rocuronium per kg BW, \~2 mg/kg Suggamadex for reversal If Tranexamic Acid administered: 15 mg per kg BW (10-15 min intravenous, maximum 1 g) For maintenance: 1 Minimum Alveolar Concentration (MAC) Sevoflurane and 15 mg Acetaminophen per kg BW (maximum 1 g) If necessary during emergence: 0.004-0.005 mg Hydropmorphone per kg BW, 0.5 mg Ketorolac per kg BW (maximum 30 mg), and 0.1 mg Ondansetron per kg BW (maximum 4 mg) If PACU medication required: 0.004-0.006 mg Hydromorphone per kg BW and 0.10- 0.15 mg Oxycodone per kg BW, and Metoclopramide, Dexamethasone, Promethazine, or Ondansetron Peripheral Nerve Block Group Only: * A 20 mL Adductor PNB will be injected where determined as best place by Anesthesiologist Patient will receive 0.2% plain Ropivacaine (perineural injection) regardless of weight * Patient will be given a purple surgical marker dot at/near the site of injection by the anesthesiologist Placebo Group Only: \- Patients will be given a purple surgical marker dot at/near the site where a PNB would be administered by the anesthesiologist, if they were randomized to the placebo group Modification / Update, MOD002-STU-2024-0774, Philip Wilson, 7/31/2025 STU-2024-0774, Wilson, FormA-Protocol, Mod\_2, 07-31-25 Post-Operatively: * Days 1-3: Alternate weight-adjusted Acetaminophen and 10 mg Ketorolac every 3 hours * Days 4-7: Alternate weight-adjusted Acetaminophen and Ibuprofen every 3 hours * Days 1-5: 40 mg Famotidine every 12 hours * Rescue: Weight-adjusted Tramadol taken with Acetaminophen for severe pain (every 6 hours, maximum 8 doses) We will enroll 80 patients in each treatment group with 65 in each group needed for a sufficiently powered analysis. Patients will not be informed of their treatment group until after the study is complete.",2024,English,Clinicaltrials.gov,embase,,https://doi.org/,,,,prospectiveevaluationofpostoperativepainmanagementusingperip+2024
645,646,11,,BPTB,,,Comparison of Infection Rate Between Vancomycin and Gentamycin for Intraoperative Presoaking of Graft in Primary Anterior Cruciate Ligament Reconstruction ( Randomized Controlled Trial ),comparisonofinfectionratebetweenvancomycinandgentamycinforin,"Brief SummaryThe purpose of the study is to compare the efficacy of Vancomycin versus Gentamycin , in reducing infection rates following Anterior Cruciate Ligament Reconstruction .Detailed DescriptionThere has been a marked increase in the number of cases of anterior cruciate ligament reconstruction (ACLR) worldwide. ACLR helps in the restoration of knee instability. But infection following ACLR is a big complication(1) .It may require multiple reoperations in the form of irrigation and debridement, prolonged use of antibiotics, removal of the graft, and sometimes graft revision surgery. It also has increases the risk of early osteoarthritis, and causes graft failure (2,3) . There are a number of contributing factors that can lead to infection, like the presence of comorbid conditions like diabetes or concomitant open surgical procedures, Use of larger incisions, longer tourniquet time, and use of drain are other contributing factors(4) .Some studies have reported increased chances of infection with hamstring autografts in comparison to patellar tendon autografts and drain application(5,6). The harvested graft is prone to infection from skin flora, and an adequate concentration of antibiotics to inhibit bacterial growth can be achieved with the local application of antibiotics over the graft(7) .The most common pathogen after ACLR is staphylococci, accounting for 90% of cases of septic arthritis (8,9). Vancomycin is commonly used locally in the surgery in Orthopaedics because of the relative safety for local use in high dosis, and bactericidal action against organisms like Staphylococcus aureus (10) on the other hand there are concerns about its use because of antibiotic resistance, high cost, and graft toxicity(11) . Several studies evaluated the effect of gentamicin solution on ACLR(7). Gentamycin offers an advantage in terms of activity against staphylococci, Gram-negative pathogens, and pseudomonas, along with being cost-effective(7). The objective of the present study is to compare the infection rate with pre-soaking of harvested grafts in Vancomycin vesus Gentamycin during ACLR.",2023,English,Clinicaltrials.gov,embase,,https://doi.org/,,,,comparisonofinfectionratebetweenvancomycinandgentamycinforin+2023
646,647,12,,BPTB,,,MRI-based Graft Maturity After Blood Flow Restriction Training in Bone-patellar Tendon-bone Anterior Cruciate Ligament Reconstruction: a Randomized Controlled Study,mribasedgraftmaturityafterbloodflowrestrictiontraininginbone,"Brief SummaryRationale Graft maturity is correlated with strength and biomechanical properties of the reconstructed ACL. There are concerns that heavy-load resistance training (HLRT) may have detrimental effects on ACL graft maturation. Therefore, low-load blood flow restriction training (LL-BFRT) has been suggested as an alternative to HLRT. As LL-BFRT is an increasingly popular method for the rehabilitation after an ACL reconstruction, it is important to evaluate the value of this treatment. Objectives The main objective is to evaluate the effect of LL-BFRT on MRI-based graft maturity after ACL reconstruction compared to HLRT. The secondary objectives are the effect of LL-BFRT on donor-site morbidity, range of motion, knee stability, patient reported outcome measurements, muscle strength, safe return to pre-injury level of sport and patient satisfaction. Furthermore, feasibility and safety of rehabilitation will be assessed. Study design Randomized controlled trial . Study population Patients who will undergo primary bone-patellar tendon-bone ACL reconstruction and rehabilitation at Knie-Heup centrum Plus will be assessed for eligibility. The exclusion criteria are: venous thromboembolism, sickle cell anemia, severe hypertension, contra-indication for accelerated rehabilitation, contra-indication for MRI scan or patients who are not willing/able to participate. Intervention LL-BFRT includes 12 weeks of biweekly strength training and starts two weeks after surgery. Comparison HLRT includes 12 weeks of biweekly strength training and starts two weeks after surgery. Main study endpoints The main endpoints are MRI-based graft maturity defined as signal-to-noise quotient three and nine months after surgery.",2023,English,Clinicaltrials.gov,embase,,https://doi.org/,,,,mribasedgraftmaturityafterbloodflowrestrictiontraininginbone+2023
647,648,13,,BPTB,,,Reduced Knee Flexion Strength 18 Years After ACL Reconstruction in Hamstring Group,reducedkneeflexionstrength18yearsafteraclreconstructioninham,"Brief SummaryBackground: Bone-patellar tendon-bone (BPTB) and a double-looped semitendinosus gracilis (hamstring group) graft are commonly used for ACL reconstruction. Short-term and mid-term studies show little to no significant difference between the two groups, and there are a few long term studies to compare results between the two grafts. Purpose: To compare the results after using either BPTB grafts or hamstring grafts 18 years after ACL reconstruction. Study design: Randomized controlled trial; Level of evidence II. Methods: 114 patients with ACL rupture between 2001 and 2004 were randomized to reconstruction with either BPTB graft or a hamstring graft. Patients were operated at four major hospitals. The 18-year follow-up evaluation included isokinetic testing of muscle strength, patient-reported outcome measures, clinical knee examination and an assessment of radiological osteoarthritis using the Kellgren-Lawrence classification. Hypothesis:Hypothesis is that there will be no difference in the long-term outcome between the two groups, as well hypothesis of no difference in patients with prosthesis after ACL reconstruction, arthrosis difference in operated knees and the rate of graft failure between the two groups. Previous follow-up studies showed a significant difference in total flexion work between the two groups, so detecting a persistent difference between the groups will be point of interest.Detailed DescriptionIntroduction Rupture of the anterior cruciate ligament (ACL) is a common soft-tissue knee injury, and has increased in number over the last twenty years. Reconstructing the ligament may be important for maintaining the stability and preventing further damaging of the knee. The two most commonly used grafts in reconstructions are the autologous patellar tendon grafts and hamstring tendon grafts There is yet to be a universally established agreement regarding which reconstruction method of an ACL is preferred. The method using the central third of the patellar tendon with proximal and distal bone blocks as the replacement has been used since the late 80s and is well documented with good results. When the technique using the hamstring tendon grafts was introduced, its popularity increased. Arguments favoring each of the methods depend on which variables one values the most. In some studies, the patellar tendon group reported problems regarding anterior knee pain and decreased sensitivity of the knee, whereas for the hamstring tendon group there was reported increased weakness of the hamstring muscles and knee laxity. However, the overall assessment and satisfaction in multiple short-term/semi-long studies have shown little to no difference . The aim of this prospective randomized multicenter study is to compare the use of bone-patellar tendon-bone (BPTB) grafts and double-looped semitendinosus gracilis (DLSG) grafts for reconstruction of the anterior cruciate ligament, 17-20 years after the surgery. The null hypothesis is that there will be no significant differences at this long-term follow-up evaluation between the two methods. Method and material of the first study- Drogset et al. recruited 115 patients with rupture of the anterior cruciate ligament in the period of 2001-2004, and randomized them to either reconstruction with bone-patellar tendon-bone (BPTB) grafts fixed with metal interference screw graft, or double-looped semitendinosus gracilis (DLSG) grafts fixed with Bone Mulch Screws and WasherLoc Screws. The surgeries were performed at four different hospitals. After one and two years, the patients were examined by an independent observer, using a series of objective tests, as well as recording the patients' subjective opinion of their knee function. The subjective tests used were Tegner's activity score, Lysholm's functional score and Modified Cincinnati Score. The objective tests used were Lachmann's test, pivot shift and KT-1000, as well as Cybex and Biodex to measure muscle strength. Method and material- The present study is a long-term follow-up of a prospective randomized multicenter study. The patient recorded outcome scores will be Tegner's activity score, Lysholms's functional score and the Knee injury Osteoarthritis Outcome Score (KOOS). The examinations include Lachmann's test, pivot shift and KT-1000. We also plan to include radiographs to evaluate the degree of arthrosis 17-20 years after the surgery, and Cybex or Biodex to examine the hamstring and quadriceps strength. The radiographic positioning will be knee AP weight-bearing standing bilateral and lateral view, as well as skyline projection. The Kellgren-Lawrence classification will be used to assess the degree of osteoarthritis. Even though 115 patients were included in the original study, we will only attempt to contact 114 due to lost inclusion-papers between the 2-year and 7-year follow-up \[8\]. During the spring of 2022, the patients will receive an invite to participate in the follow-up study. Following this, patients will be contacted to uncover different circumstances that might exclude certain patients from the clinical assessment. This includes revision of the reconstruction in question, total knee replacement or total knee arthroplasty, and if the knee had been injured beforehand. The clinical examination will be carried out by both a medical student and an experienced orthopedic surgeon. Hopefully all the patients will be examined over the course of two days at each location, and if needed, the rest will be examined at a later date. Hypothesis- Current hypothesis is that there will be no difference in the long-term outcome between the two groups. However, it will be interesting to see how many patients have received a prosthesis, and how many patients struggle with arthrosis. As the previous follow-up studies showed a significant difference in total flexion work between the two groups, we will be interested in detecting a persistent difference between the groups. Another interesting aspect will be the rate of graft failure between the two groups. Feasibility- The strength of the study is the randomization and the long follow-up period of 17-20 years. The possible limitations are the fact that there may be a problem recruiting enough patients to the follow-up, and that it might not be able to get x-rays of the patients at the different hospitals, as this is a matter of cost and availability. In addition, the different hospitals may not have a Biodex available. Publicity plan- The goal for the paper is to be published in an international journal and probably be presented at conferences. For article, that hopefully will be published in journals, Marko Popovic will stand as first author, and Julie Holen and Julie Myhre as contributing authors. Jon Olav Drogset will be listed last, as the main supervisor. Ethics- The REK-application was submitted on the 24th of December 2021. Application number: 391796. Additionally, the project will be reported to NSD when the REK-application is approved.",2023,English,Clinicaltrials.gov,embase,,https://doi.org/,,,,reducedkneeflexionstrength18yearsafteraclreconstructioninham+2023
648,649,14,Meena (2023),BPTB,"Meena VK, Lakhotia D, Nama KG, Joshi S",Meena,To Compare the Functional Outcome of Arthroscopic Reconstruction of Anterior Cruciate Ligament Using Patellar Tendon Bone Grafts v/s Hamstrings Graft: A Multicentric Study,tocomparethefunctionaloutcomeofarthroscopicreconstructionofa,"Background: Arthroscopic reconstruction of the injured ACL has become thegold standard.The aim of this study to compare the functional outcome of arthroscopic reconstruction of anterior cruciate ligament using patellar tendon bone grafts v/s hamstrings graft at multicentre tertiary care center. Materials& Methods: This prospective randomized controlled trial study was conducted at Orthopaedic Department in multi center tertiary care hospital in Rajasthan during one year period. A total of 60 patients with age above 20 years had unilateral anterior cruciate ligament rupture were enrolled.All sixty patients were divided into two groups; Group I consist of 30 patients those received patellar tendon graft by open technique and Group II consisted of 30 patients who received semitendinosus and gracilis quadruple tendon graft arthroscopically. Anterior kneeling pain during pray or labor was examined between both groups at six months, 1 year, and at the final follow-up. Patient’s satisfaction and VAS score were recorded at the final follow-up. All the data were analyzed by SPSS 24. Chi-square test and student t’ test was applied to compare the outcomes with a p-value of<0.05 considered statistically significant. Results: In Group I, patients presented with a mean age of 39.24±10.74years while in group 2 mean age was 38.78±11.56years. In group I and Group II, preoperative Lysholm Score were 62.58±4.45 and 63.46±4.56, IKDC was 3.65±0.28 and 3.82±0.55. At final follow-up we found no significant difference in term of Lysholm score, IKDC score and painscore was 88.24±2.07 Vs 89.68±1.42 (p>0.05), 1.86±0.66 Vs1.28±0.35 (p>0.05) and 7.87±0.62 vs 8.03±0.24 [p>0.05]. When kneeling pain was assessed, 10, 6, and 2patients in group I had kneeling pain during working or praying at 6months, 1year, and at the final follow-up respectively, while in group II, 11, 6, and 1patient had kneeling pain at 6 months, 1 year, and at the final follow-up respectively. Conclusion: We concluded that both techniques patellar tendon and hamstrings autografts are safe and effective treatment modalities for anterior cruciate ligament reconstruction.",2023,English,International journal of life sciences biotechnology and pharma research,embase,,https://doi.org/,,,Meena+tocomparethefunctionaloutcomeofarthroscopicreconstructionofa+2023,tocomparethefunctionaloutcomeofarthroscopicreconstructionofa+2023
651,652,17,,BPTB,,,All Soft Tissue Quadriceps Tendon Autograft Versus Patellar Tendon Autograft in Anterior Cruciate Ligament Reconstruction: a Randomized Controlled Trial,allsofttissuequadricepstendonautograftversuspatellartendonau,"Brief SummaryThe choice of autograft for ACL reconstruction continues to be debated. To date, there has only be one completed randomized controlled trial with quad tendon to BTB and the tendon included a bone plug. There has been no study to date comparing an all soft tissue quad tendon to patellar tendon in a randomized controlled trial for ACL reconstruction.Detailed DescriptionPatients will be recruited from the PI's population base at Highlands Sports Medicine Clinic. Patients in need of an ACL reconstruction will be asked if they are interested in participating in a study comparing BTB and QT autografts by the PI (Dr. Amit Momaya). The benefits and risks of each graft choice will be thoroughly explained. Both graft options are considered equally appropriate management. Interested patients will be screened for eligibility criteria by a research assistant; those matching eligibility will be consented and enrolled in person at the time of the visit. Patients will be randomized per trial arm assignment to either (i) assignment ""0"" or (ii) assignment ""1"". To ensure randomization, a random number generator is used to assign patient numbers and study groups; these assignments are placed with consent information to remain blinded to research personnel and participants until the consent and enrollment process. We anticipate fifty participants per assignment and oen-hundred participants in total. Assignment 0 represents the BTB group. This procedure harvests the patient's middle third of the patella tendon through a single incision for the new ACL graft. When the graft is in place, the graft is secured using a surgical button at the femoral end and a non-absorbable screw at the tibial end. Assignment 1 represents the QT group. This procedure harvests the patient's quadricep tendon through a single incision then utilizes surgical buttons to fix the graft at the tibial and femoral ends. Following enrollment, patients will immediately be notified of their assignment. Patients will also complete KT-1000 manual maximum side-to-side difference measurements . The patient will then be scheduled for ACL reconstruction surgery according to their assignment. Following reconstruction, standard of care rehabilitation and mobility instructions will be provided. Participants are expected to complete the usual standard of care 2 week, 6 week, 3 month, 6 month, and 9 month postoperative appointments. At the 2 week and 9 month postoperative visits, a routine x-ray will be performed. Aside from a singular KT-1000 measurement and repeated surveys, the patient should not expect any differences in their postoperative visits compared to if they had not participated in the study.",2022,English,Clinicaltrials.gov,embase,,https://doi.org/,,,,allsofttissuequadricepstendonautograftversuspatellartendonau+2022
654,655,20,,BPTB,,,AOSSM Specialty Day Abstracts,aossmspecialtydayabstracts,The proceedings contain 26 papers. The topics discussed include: quadriceps tendon autograft exhibits similar outcomes at return-to-sport two- years when compared to patellar tendon autograft for primary acl reconstruction; a modified lemaire lateral extra-articular tenodesis in high risk adolescents undergoing anterior cruciate ligament reconstruction: two-year clinical outcomes; multimodal pain regimen is equivalent to opioid analgesia following arthroscopic rotator cuff surgery: a prospective randomized controlled trial; the effects of glenohumeral osteoarthritis on early clinical outcomes following arthroscopic rotator cuff repair; glenoid labral tears are associated with increased neurofilament innervation; the effect of anterior glenoid cartilage defects on anterior glenohumeral instability: a biomechanical study; and predictors of return to sport in high-level athletes following hip arthroscopy for femoroacetabular impingement.,2022,English,Orthopaedic journal of sports medicine,embase,,https://doi.org/,,,,aossmspecialtydayabstracts+2022
655,656,21,,BPTB,,,Optimizing GRAft SElection for ACL Reconstruction (GRASE-ACL Trial) - a Three-armed Randomized Controlled Trial,optimizinggraftselectionforaclreconstruction(graseacltrial)a,"Brief SummaryPurpose: To investigate the differences between the three most common methods for reconstruction of the anterior cruciate ligament (ACL), to support the development of the best method for the individual patient. Main research area: ¨ Sports Orthopedic Surgical research. State of the art: Every year in Denmark 2500 patients receive surgical reconstruction surgery to replace a ruptured ACL. Many patients experience a decline in knee function and 4-12% suffer a new ACL rupture within 5 years. According to data from the Danish ACL register, three methods of reconstruction are most prevalent, but with large variation between hospitals. This indicates lack of consensus on optimal surgical procedure. Design: Assessor-blinded randomized controlled study. 150 patients aged 18-40 with ruptured ACL are allocated to reconstruction with tendon(s) harvested from either the semitendinosus and gracilis, or the patella tendon, or the quadriceps tendon. Patient follow-up will be conducted preoperatively and 1, 6, 12, 24 months postoperatively. Primary technologies and outcomes: * Patient-reported knee-joint function, quality of life and donor-site morbidity is obtained with standardized questionnaires. Primary outcome is subjective knee function with the International Knee Documentation Committee evaluation form (IKDC) * Instrumented analysis of knee-joint coordination and neuromuscular control including 3-D motion capture and electromyography (EMG) during single leg jumps, landings and change-of-direction. Measurement of maximal explosive muscle power in knee extension and flexion. Primary outcome is relative difference between injured and healthy leg in rate of force development (RFD-LSI). * Standard clinical knee examination of range of motion and instrumented examination of knee-joint stability. * Magnetic Resonance Imaging (MRI) of the thigh muscles for examination of muscle morphology. The trial is designed for publication in three primary publications 1. \- Patient reported effect of graft choice in ACL reconstruction 2. \- Biomechanical effect of graft choice in ACL reconstruction 3. \- Clinical effect of graft choice in ACL reconstruction Additional secondary publications are in the pipeline. Reference to primary protocol and results will always be emphasized in secondary publication to ensure methodological transparency.Detailed DescriptionPurpose: The aim of this randomized controlled trial is to investigate the effect of graft choice in anterior cruciate ligament (ACL) reconstruction surgery, primarily from a patient-centered as well as a novel biomechanical perspective; and secondly from a clinical and muscle morphological perspective. The study compares the three most common methods for ACL reconstruction: autograft harvested from the m. quadriceps tendon (QT), the hamstring tendons (ST/Gr), and the patella tendon (BPTB). By applying this 360° scientific approach, it is the hope to improve the possibilities for a much-needed evidence-based and individualized treatment of ACL ruptures. Objectives and hypotheses: • Objective no. 1: The patient-centered perspective To investigate the effect of graft choice on patient-reported questionnaire scores, primarily on the International Knee Documentation Committee Evaluation Form (IKDC). The investigators hypothesize that of all three grafts, the QT graft will result in non-inferior patient reported knee function. * Objective no. 2: The biomechanical perspective To investigate the effect of graft choice on muscle strength and knee joint control. The investigators hypothesize that of all three grafts, the ST/Gr graft will show largest negative effect on explosive muscle strength. * Objective no. 3: The clinical perspective To explore the effect of graft choice on knee stability and surgery complications. * Objective no. 4: The muscle morphological perspective To explore the effect of graft choice on length and cross section area of the hamstring tendons. State-of-the-art: The most common method for ACL reconstruction in Denmark is the use of an autograft to replace the ruptured ACL. The autograft is harvested from either the m. quadriceps tendon (QT), the m. semitendinosus and m. gracilis tendons (hamstrings) (ST/Gr), or the patella tendon with bone plugs (BPTB). The BPTB graft was initially used as standard method. It has the advantages of faster graft incorporation (bone to bone healing), reliable graft size and low risk of graft rupture and knee laxity. It is widely used around the world. In Denmark it accounts for app. 10% of all reconstructions. A number of disadvantages of the BPTB graft have been described in the literature: anterior knee pain, pain from the donor site, extension strength deficits, and decreased knee joint flexion range of motion. Due to these potential morbidity problems of the BPTB graft, there was a shift towards the ST/Gr graft as the preferred choice. Today, the ST/Gr graft is harvested in more than 52% of all ACL reconstructions in Denmark. From a surgeon's perspective, the graft is easy to harvest, time efficient, and leaves smaller scars. The ST/Gr graft is however associated with increased laxity of the knee joint compared to the BPTB graft, and the size of the graft can be a challenge. Also, harvest of the ST/Gr graft is associated with sustained loss of strength, length, and volume of the harvested muscles. This is of concern, as biomechanical research has shown that semitendinosus is essential to stabilize the knee joint and protect the ACL during cutting movements. Finally, recent research indicates higher risk of revision surgery using the ST/Gr graft compared to the BPTB graft. Currently, particularly in Scandinavia, surgeons are reintroducing a third graft, the QT graft. The advantages of the QT graft are large and predictable graft size and acceptable clinical outcomes. A recent study from the Sports Orthopedic Research Center - Copenhagen (SORC-C) at Hvidovre Hospital found no difference in revision rates between the ST/Gr graft and the QT graft in a cohort of more than 400 patients. The QT graft now accounts for app. 10% of all ACL reconstructions in Denmark, but the graft remains a relatively untested method. Methods: Study design and approvals: This is an assessor-blinded randomized controlled trial with a three-group parallel design. Patients will be randomized to ACL reconstruction with either BPTB, ST/Gr, or QT graft with a 1:1:1 allocation. Follow-up will be performed 1, 6, 12, and 24 months after reconstruction. The study will adhere to the CONSORT guidelines for reporting of Multi-Arm Parallel-Group Randomized Trials (http://www.consort-statement.org) and is pre-registered at http://www.clinicaltrials.gov. The study is approved by the Scientific Ethics Committee for the Capital Region (Journal-no.: H-19001194) and by the Danish Data Protection Agency (Jr. no. VD-2018-524) Randomization and blinding: Patients will be randomly assigned to a treatment group using a 1:1:1 allocation ratio using a randomization schedule of permuted blocks of random sizes. The randomization will be stratified by biological sex and age. The final randomization will be made after arthroscopic assessment of the knee and evaluation according to the in- and exclusion criteria. Outcome assessors are blinded to group allocation. Before each patient visit, tape will be placed on possible scars to hide donor graft site. Given the nature of the intervention, blinding of patients and surgeons is not feasible. Treatment: The procedure is initiated with knee arthroscopy. Ligament lesions, meniscus tear, and cartilage damage are inspected and treated if indicated, and ACL remnants are removed. The BPTB graft is harvested through two 4-5 cm incisions, one on the tibial tuberosity and one on the patella. The middle 10 mm of the patella tendon plus 20-30 mm bone plugs at each end from corresponding tibia and patella is harvested. The ST/Gr graft is harvested through a 4-5 cm incision at the pes anserinus. Both the semitendinosus and the gracilis tendon is identified and harvested. The tendons are prepared and folded to a four-stranded graft with a total diameter of 7-10 mm. The QT graft is harvested through a 4-5 cm incision at the upper pole of the patella. A graft sized 10-12 mm in with and app. 6 mm in depth is harvested from the middle part of the tendon. The femoral tunnel is placed anatomically central in the native footprint of the ACL. The tibia tunnel is also placed anatomically; the center of the tunnel being medially between the eminential spines at the level of the posterior margin of the anterior horn of the lateral meniscus. The BPTB graft is fixed both proximally and distally with a Milagro screw (DePuy Synthes) or similar . The ST/Gr and QT grafts are fixed proximally with the RIGIDFIX® Curve Cross Pin System (DePuy Synthes) and distally with a Milagro screw (DePuy Synthes) or similar. The patients are referred to rehabilitation according to Danish rehabilitation guidelines following ACL reconstruction. ¨ Statistics: Analysis will be performed with a linear mixed-effects model of the relationships between outcomes and treatment group (BPTB, ST/Gr, and QT graft) and time points (pre-operative, 1-month, 6-month, 12-month, and 24-month follow-up). Fixed effects are time and treatment group, and random effects are patient ID. Sample size: The study includes two primary outcomes, the IKDC score change between treatment groups from pre-operative to 12-months follow-up, and the LSI-RFD between treatment groups at 12-months follow-up. The two outcomes are of different hypotheses and independent. Based on literature, the minimal clinically important difference in IKDC score is approximately 10 points, and the standard deviation on the change in IKDC score from baseline to after ACL reconstruction is approximately 13 points. Based on these assumptions, 37 patients are needed per group (α = 0.05, β = 0.80). A local unpublished pilot study of 10 healthy individuals showed a minimal detectable difference in LSI-RFD of 12% and a standard deviation in the group of 17%. Based on these assumptions, 40 patients are needed per group (α = 0.05, β = 0.80). A total inclusion number of 150 is decided to account for a patient dropout of app. 10%.",2022,English,Clinicaltrials.gov,embase,,https://doi.org/,,,,optimizinggraftselectionforaclreconstruction(graseacltrial)a+2022
661,662,27,,BPTB,,,"The Pediatric ALL Evaluation and Trial: A Randomized, Controlled Trial",thepediatricallevaluationandtrial:arandomizedcontrolledtrial,"Brief SummaryThe overall aim of this multicenter RCT is to determine whether concomitant ALL reconstruction in children undergoing and ACL reconstruction will longitudinally result in a lower rate of graft failure than ACL reconstruction alone.Detailed DescriptionStudies have reported a rising incidence of anterior cruciate ligament (ACL) injuries in children and adolescents. Beck et al reported a 2.3% annual increase between 1994 and 2013. In New York State, the rate of pediatric ACL reconstruction climbed from 17.6/100,000 in 1990 to 50.9/100,000 by 2009. Other reports echo these findings. After ACL reconstruction, children are known to be at a higher risk for complications than adults. For example, while the rate of postoperative graft failure in adults was 3% to 4% in large national registries, as many as 12% to 19% of pediatric patients may sustain graft rupture. This can have substantial medical, financial, and psychosocial implications on the patient and family. Additionally, the results of revision ACL reconstruction are, on average, worse than after index surgery. Exploration of treatments that may lower the rate of re-injury is paramount in this population that is at highest risk. In the adult population, a growing number of studies have suggested that concomitant reconstruction of the anterolateral ligament (ALL) with the ACL may help lower this risk. The ALL was likely first characterized in 1879 by the French surgeon Segond, who commented on the presence of a ""pearly, resistant, fibrous band"" in the lateral aspect of the knee. However, only in 2012 was the structure given the name ""anterolateral ligament"" after it was consistently identified in cadaveric specimens. Some studies suggest that the ALL is damaged during anterior cruciate ligament (ACL) injury, implying that it may supplement the ACL in providing rotational and translational stability. Biomechanical studies have confirmed that it likely plays a role in rotational stability. A number of ALL reconstruction techniques have been developed with the hope of lowering the rate of re-injury after ACL reconstruction. Early literature in the adult population suggests that this may indeed be the case. Early case series suggested that concomitant ALL reconstruction resulted in high rates of return to sport and a low ACL graft failure rate (2.6%). Comparative retrospective studies in adults suggest better patient reported outcome scores, meniscal repair healing, and rates of return to sports when the ALL is reconstructed with the ACL compared to isolated ACL reconstruction. Finally, a prospective cohort study of adults reported that hamstring autograft ACL reconstruction with concomitant ALL reconstruction resulted in 3.1 times lower odds of graft failure than isolated hamstring ACL reconstruction and 2.5 times lower odds of failure than isolated patellar tendon ACL reconstruction. The hypotheses to be tested in this study have never been evaluated in the pediatric population. Furthermore, the proposed investigation is a randomized controlled trial, which will allow it to provide novel results with high-level evidence. The results of such a study have the potential to change practice in a meaningful, tangible way and affect the outcomes of thousands of children annually. In addition to the medical and functional impact, there could also be important financial and psychosocial implications.",2021,English,Clinicaltrials.gov,embase,,https://doi.org/,,,,thepediatricallevaluationandtrial:arandomizedcontrolledtrial+2021
666,667,32,,BPTB,,,Postoperative Blood Flow Restriction Training Following Anterior Cruciate Ligament Reconstruction: A Randomized Clinical Trial.,postoperativebloodflowrestrictiontrainingfollowinganteriorcr,"Brief SummaryThe purpose of this study is to evaluate the the ability of BFR to reduce muscle loss and improve strength after ACL reconstruction. It is hypothesized that BFR training will significantly reduce muscle loss and improve strength after ACL reconstruction. It is also hypothesized that BFR will result in improved patient reported outcomes and rates of return to sport.Detailed DescriptionFollowing anterior cruciate ligament (ACL) reconstruction, many patients experience weakness of the quadriceps (thigh muscles) and loss of muscle mass due to inactivity following surgery. Recent research has demonstrated that blood flow restriction (BFR) training can help reduce the loss of muscle mass and strength after surgery. Blood flow restriction training uses an inflatable cuff that prevents blood from flowing out of the leg while patients perform physical therapy exercises. This allows patients to use lighter weights while reducing muscle loss and building strength. This will be a prospective, randomized controlled trial of patients undergoing ACL reconstruction with bone-patellar tendon-bone (BTB) autograft. Half the subjects will be randomly assigned to the BFR group and half will undergo sham BFR therapy after surgery. Statistical Assumptions: To sufficiently power (80%) the investigation to detect a difference (alpha = 0.05) in quadriceps muscle strength (isokinetic contraction) following the completion of the BFR rehabilitation program, 19 subjects per group (38 total) would be required. However, accounting for a 20% attrition rate and an additional 20% potentially screened out at the time of surgery due to other pathology (i.e. repairable meniscus tears, cartilage defects, etc.) that alters the prescribed physical therapy protocol, this study will aim to recruit and enroll 54 subjects (27 per group). Following ACL reconstruction surgery, subjects will complete a standardized postoperative rehabilitation program with or without BFR. The rehabilitation program will be broken into 4 phases including (1) protection, range of motion, and proprioception; (2) strength and endurance; (3) power and agility; and (4) return to sport training. Physical therapy will occur 2 times per week for 20 weeks. Subjects will attend follow-up visits at 1, 3, 6, and 12 months. Physical exam and muscle mass measurements will be performed at all visits, while strength testing will be performed at 3, 6, and 12 months. The goal of this study is to determine the efficacy of BFR therapy in improving muscle strength and reducing loss of muscle mass following ACL reconstruction, in addition to determining the effect of BFR on patient reported outcomes and return to sport. It is anticipated that BFR will significantly reduce the loss of muscle mass and improve muscular strength compared to standard therapy. It is also expected that these subjects will have improved patient reported outcomes and greater rates of return to sport.",2019,English,Clinicaltrials.gov,embase,,https://doi.org/,,,,postoperativebloodflowrestrictiontrainingfollowinganteriorcr+2019
668,669,34,,BPTB,,,"The Effect of Knee Flexion Angle for Graft Fixation During Single-Bundle Anterior Cruciate Ligament Reconstruction - A Multicentre, Patient and Assessor Blinded, Stratified, Two-arm Parallel Group Superiority Trial",theeffectofkneeflexionangleforgraftfixationduringsinglebundl,"Brief SummaryThe overall aim of this study is to determine the effect of the knee flexion angle (KFA) of either 0 degrees, or 30 degrees (measured by sterile goniometer) during anterior cruciate ligament (ACL) fixation on postoperative outcomes following single-bundle ACL reconstruction with bone patellar tendon bone (BPTB) autograft. The specific aims of the current study include determining the effect of the knee flexion angle on 1) patient-reported outcomes; 2) postoperative extension loss; 3) antero-posterior (AP) knee stability; 4) rate of re-operation.Detailed DescriptionAt the present time, there is no consensus about the position of the knee during tensioning anterior cruciate ligament (ACL) graft fixation at the time of reconstruction, although it can be assumed to be one of the key factors for successful ACL reconstruction (ACLR). In studies that have investigated transtibial ACLR, it was suggested that 20 degrees is the ideal KFA to optimize graft force and the relative Antero-Posterior (AP) tibiofemoral relationship, while several other authors have advocated fixation in full extension to avoid overconstraining the knee. In the setting of anatomic ACLR, it has been reported that the tensioning of the graft at 30 degrees of knee flexion was associated with loss of knee extension when the anatomic femoral tunnel was chosen. Previous studies have performed gait analysis during walking in 24 patients with ACLR with hamstring autograft where graft fixation was performed at 25 degrees of knee flexion. In these study, the trans tibial (TT) technique resulted in significantly greater anterior femoral translation than healthy controls during the swing phase and excessive tibial internal rotation (IR) was found at midstance. In knees repaired with the anteromedial portal (AMP) technique, subjects were significantly less extended (5 degrees) compared with controls in late stance phase. While the AMP technique has the potential to improve overall joint stability, patients were shown to have increased difficulty with knee extension. It has also been demonstrated that since the anteromedial (AM) and posterolateral (PL) bundles of the ACL are at their longest in knee extension, the best angle for fixation would be near full extension. The aforementioned studies support the concept that anatomic ACL has an increased likelihood of anisometry and as a result the chosen KFA for fixation becomes increasingly important. The lack of consensus regarding the optimal KFA in ACLR is reflected in the practice patterns of surgeons. A survey of Canadian Orthopaedic Surgeons demonstrated that 40% of surgeons fix the ACL at a 30 degree KFA while 30% perform fixation in full extension. The purpose of this study is to conduct a randomized controlled trial to determine if the KFA during ACLR graft fixation has an effect on postoperative outcomes. Patients undergoing single bundle BPTB ACLR will be randomized to have the surgical repair done with a KFA of either 0 degrees, or 30 degrees (measured by sterile goniometer) during anterior cruciate ligament (ACL) fixation. Patients will be followed for 24 months post surgery, with a number of qualitative patient surveys and clinical measurements being collected at 3, 6, 12 and 24 months post op, with changes being compared to baseline survey response and clinical measurement scores.",2019,English,Clinicaltrials.gov,embase,,https://doi.org/,,,,theeffectofkneeflexionangleforgraftfixationduringsinglebundl+2019
674,675,40,,BPTB,,,A Prospective Randomized Trial of Biologic Augmentation With Mesenchymal Stem Cells in Patients Undergoing Anterior Cruciate Ligament Reconstruction,aprospectiverandomizedtrialofbiologicaugmentationwithmesench,"Brief SummaryThis study will evaluate the efficacy of biologic augmentation of ACL reconstruction with bone marrow derived mesenchymal stem cells as measured by magnetic resonance imaging to detect graft healing and integration. Secondary endpoints will include validated patient reported outcome measures, as well as functional outcome using objective examination findings.Detailed DescriptionIntroduction Anterior cruciate ligament (ACL) tears are a common and devastating injury among young athletes, and re-injury poses significant threats to both successful return to play and long term outcomes. Graft healing during ACL reconstruction (ACLR) is a slow biologic process, that involves graft incorporation into bone tunnel sites, as well as intra-articular graft remodeling . The intra-articular graft remodeling process is known as ligamentization, and occurs in three phases after ACLR. The first phase of early healing occurs between 0 and three months, the second phase occurs between 6 months and one year, and the final phase of maturation occurs after 1 year when the graft appears very similar to the native ACL. The studies that defined these time points biopsied human bone-patella tendon-bone (BTB) ACL autografts at different postoperative points, and described changes occurring over time in regards to vascularization, cellular aspects, and appearance of the extracellular matrix in comparison to control ACLs . Unlike animal models which display a necrotic stage, grafts in human models undergo an early vascular invasion, associated with fibroblasts that are converted to a hyper-cellular matrix with only focalized areas of necrosis . This process occurs as early as 3 weeks postoperatively, and increases over time as areas similar to the native patellar tendon with mature collagen and metabolically quiescent cells decrease . This process is the limiting factor in graft healing for bone-patella tendon-bone (BTB) grafts, as osteointegration occurs earlier . The processes of osteointegration and ligamentization are responses to the new intrasynovial milieu and physical forces that the new graft is exposed to. During these healing and restructuring processes, failure load and stiffness of grafts decreases by up to 24% at 7 weeks, before strengthening to their potential . This contributes to the long recovery period for ACLR, and the risk of re-rupture during this period. Advances in biologic adjuncts to accelerate and improve this healing process would have a significant impact on the management of ACL injuries. Recently, biologic preparations of various growth factors have been developed to safely and effectively treat a variety of musculoskeletal conditions, including tendinopathies and arthritis . Bone marrow aspirate concentrate (BMAC) consists of undifferentiated mesenchymal stem cells that are concentrated and applied to the injury site . Previous studies have demonstrated this treatment to offer the pluripotent potential of the cells to impact healing, regeneration, biomechanical strength, and reducing bone-tunnel enlargement . Investigators have demonstrated that mesenchymal stem cell reinforced grafts had a significantly higher failure load and stiffness as early as 8 week post-operation in a rabbit model, suggesting an added benefit of advanced healing . Using BMSCs can offer a novel method to enhance tendon graft osteointegration. While there have been numerous laboratory studies researching the effect of mesenchymal stem cells, there lacks evidence in translation to the clinical setting. Silva et al performed a study where they injected bone marrow derived stem cells (BMSCs) into patellar tendon grafts to examine for increased graft-to-bone tunnel integration. They did not find a significant difference of tunnel integration on MRI imaging, but they did not examine the intra-articular portions for the effect on the ligamentization process, nor did they examine the effect on clinical examination and patient reported outcomes . Quantitative MRI is a non-invasive method to interrogate tissue properties and evaluate the biochemical composition of tissues. The T2\* sequence gives information regarding tissue graft volume, water content, fiber alignment, and tissue density. Median grayscale values (a measure to determine tissue quality)can also be correlated to maximum failure load, yield load, and linear stiffness of grafts in a porcine model. Increases in MRI signals in ACL grafts have been found to be time dependent, becoming well established by three months, particularly at the distal intra-articular portion near the tibial tunnel . These changes have not been shown previously to be predictive of graft failure, but Investigators have recently also confirmed that normalized T2\* signal intensity values of ACL grafts have significant correlation with knee instability related to ligamentization and tunnel healing. A recent study examined intra-articular graft maturation after platelet-rich plasma gel (PRPG) application, with MRI at month intervals from 3-12 months postoperatively. The intra-articular segment was divided in a proximal, middle, and distal segment, on a scale from 0-3 ranging from completely homogenous to severely heterogeneous. The mean time to obtain completely homogenous bone-patella tendon-bone (BTB) graft was 109 days for the PRPG group, and 363 for the control group 8. We propose using quantitative magnetic resonance (MR) imaging with T2\* mapping to investigate if BMAC treatment at time of ACL reconstruction can accelerate the graft maturation and healing process. We will perform a randomized controlled trial of patients undergoing ACL reconstruction with bone-patellar tendon-bone allograft evaluating the T2\* weighted MRI changes of the graft at 3 and 9 months after surgical reconstruction. Additionally, we will obtain patient-reported outcome measures from this cohort to evaluate if BMAC treatment imparts a clinically-significant effect on ACL reconstruction. Study Rationale This study will evaluate the efficacy of biologic augmentation of ACL reconstruction with BMSCs as measured by magnetic resonance imaging to detect graft healing and integration. Secondary endpoints will include validated patient reported outcome measures, as well as functional outcome using objective examination findings. Hypothesis The hypotheses of this study are that there will be improved graft healing and integration at three and nine months as measured by decreased signal intensity and heterogeneity on T2\* MRI following administration of BMAC during ACL reconstruction compared to the control group. Additionally, patient reported outcomes and physical examination findings will be significantly improved at an earlier time in those who receive the BMAC treatment to their allograft compared to the control group. Study Plan This study will be a prospective randomized trial of patients undergoing arthroscopic reconstruction of full thickness anterior cruciate ligament (ACL) tears. All patients who sign consent and undergo full thickness ACL reconstruction will be enrolled in the study. Enrollment will continue until 32 patients, 16 in each group, are enrolled. Follow-up will take place at 6 weeks, 3 months, 6 months, 9 months, 12 months, and 24 months.",2017,English,Clinicaltrials.gov,embase,,https://doi.org/,,,,aprospectiverandomizedtrialofbiologicaugmentationwithmesench+2017
675,676,41,,BPTB,,,Association of Anterolateral Ligament and Anterior Cruciate Ligament Reconstruction Lead to Superior Outcomes and Lower Failure Rates in High-risk Population?: a Randomized Controlled Trial.,associationofanterolateralligamentandanteriorcruciateligamen,"Brief SummaryPersistent rotational instability after standard ACL reconstruction have been extensively described, and it has been shown to keep straight correlation with worse outcomes post-operatively (Chouliaras 2007, Kocher 2004). Anterolateral ligament (ALL) injury have been shown to play a relevant role in the genesis of rotational instability of the knee (Claes 2013, Helito 2013). Many anatomical publications have defined the ALL as a distinct ligament (Claes 2013). Meanwhile, some authors have proposed the association of ACL and ALL reconstruction in selected ACL-deficient individuals to further enhance knee stability postoperatively (Sonnery-Cottet 2015, Dodds 2014). Lack of consensus still predominates among ACL experts regarding the reliability of the combined ACL and ALL considering the controversy that involves both ALL anatomy and biomechanics (Guenther D 2016, Kittl C 2016). Clinical trials with high level of evidence and long term follow-up may be useful in order to determine the reliability of the combined procedure in the clinical setting. So, the present study aims to compare the effectiveness of the combined ACL and ALL reconstruction with isolated ACL reconstruction in individuals with high-risk of ACL re-rupture, through a randomized controlled trial.Detailed DescriptionRotational knee stability is a topic with great interest among Anterior Cruciate Ligament (ACL) Reconstruction experts. Previous papers have questioned whether current ACL reconstruction techniques may provide adequate rotational stability in all ACL-deficient individuals, considering their broad spectrum of clinical presentations (Logan 2004, Ristanis 2005). Persistent rotational instability after standard ACL reconstruction have been extensively described, and it has been shown to keep straight correlation with worse outcomes post-operatively (Chouliaras 2007, Kocher 2004). Besides, lack of knee stability could lead to further chondral and meniscal lesions, which could enhance development of knee osteoarthritis (Stergiou 2007). This discussion has gained increased attention after recent publications regarding the Anterolateral ligament (ALL), described as a structure whose lesion seems to worsen rotational instability when associated to ACL ruptures. (Claes 2013, Helito 2013, etc). Segond first described this ligament in 1897 as a ""resistant fibrous band"" located in the anterolateral knee compartment with a singular characteristic of tensioning in forced internal rotation (Segond 1879). Afterwards, some authors referred to this structure as a capsular thickening (Hughston 1976). More recently, various anatomical publications brought up this controversy, defining the ALL as a distinct ligament (Claes 2013, Dodds 2014, Helito 2015). Biomechanical data have shown straight correlation between its rupture and worsening of rotational stability, defined with a presence of an obvious positive pivot shift test (Claes 2013, Monaco 2012). Lack of consensus still exists regarding the validity of these findings, but many authors proposed the association of ACL and ALL reconstruction in selected ACL-deficient individuals, considering the theoretical biomechanical advantage of this procedure in promoting combined anteroposterior and rotational stability (Sonnery-Cottet 2015, Sonnery-Cottet 2017, Dodds 2014, Marcacci 2009). In a recent meta-analysis of randomized controlled trials, isolated ACL reconstruction techniques were compared to combined ACL and extra-articular reconstruction techniques and, although Lachman and pivot shift tests were superior in the combined ACL reconstruction group, functional scores were similar (Rezende 2015). Knee stiffness and infection, were also similar between groups, despite previous publications suggesting increased rates in the combined procedure (Anderson 2001, Sonnery-Cottet 2011). However, considering the lack of improvement of knee scores tests, the authors concluded it is still uncertain whether this increased stability surpasses the morbidity of adding an extra-articular procedure (Rezende 2015). In contrast to the obsolete extra-articular techniques included in the latter meta-analyses, anatomical ALL reconstruction techniques have been proposed to better replicate the anatomy of the anterolateral compartment (Sonnery-Cottet 2015). Promising results have been published in a recent prospective cohort study comparing combined ALL and ACL reconstruction with isolated ACL reconstruction techniques, using either hamstrings and bone-patellar-tendon bone grafts. Re-rupture rates were 3.1 times fold less in combined ACL and ALL procedure compared to isolated ACL with hamstrings and 2.3 times fold less compared to isolated ACL with bone-patellar-bone graft . The percutaneous ALL reconstruction technique described in this study not just reproduces more reliably the anatomy of the anterolateral compartment, but it is also less invasive diminishing the morbidity associated with the non-anatomic extra-articular reconstruction techniques, such as the iliotibial band tenodesis (Sonnery-Cottet 2017). Many controversy still predominates among ACL experts not just regarding ALL in vitro studies, but also the debate about the reliability of the combined ACL and ALL procedure when bringing it to the clinical setting (Guenther D 2016, Kittl C 2016). Concerns have been raised about some aspects of the combined ACL and ALL procedure, in particular its theoretical potential in leading to an excessive knee constriction, as demonstrated in some biomechanical papers (Schon JM 2016). Experts opinions diverge about the potential long-term consequences of the combined ACL and ALL procedure; while defenders state that improved rotational instability should minimize degenerative consequences of a ""sub-optimal"" knee joint stability supposedly provided by an isolated intra-articular reconstruction, many other surgeons argue that knee osteoarthritis might the evolution of the abnormal kinematics of an overconstrained knee (Inderhaug E 2017, Schon JM 2016, Sonnery-Cottet B 2017). In order to resolve such lack of consensus, clinical trials with high level of evidence should be the priority in this field, with a long term follow-up, aiming to compare functional scores, knee stability tests and complications rates between isolated ACL and combined ACL and ALL reconstruction techniques. So, the present study aims to compare the effectiveness of the combined ACL and ALL reconstruction with isolated ACL reconstruction in individuals with high risk of ACL re-rupture, through a randomized controlled trial.",2017,English,Clinicaltrials.gov,embase,,https://doi.org/,,,,associationofanterolateralligamentandanteriorcruciateligamen+2017
680,681,46,,BPTB,,,Comparative Study of Anterior Cruciate Ligament Reconstruction Using Quadriceps Tendon Versus Hamstring Tendon in Postoperative Clinical and Functional State: a Prospective Randomized Controlled Study,comparativestudyofanteriorcruciateligamentreconstructionusin,"Brief SummaryThe purpose of this randomized study is to compare clinical and functional outcomes of both surgery techniques for anterior cruciate ligament reconstruction (using quadriceps tendon versus hamstring tendon) after reconstruction in athletes.Detailed DescriptionBackground: The anterior cruciate ligament (ACL) is the most commonly injured ligament of the knee. An ACL-deficient knee can lead to recurrent instability, meniscus tears, and osteoarthritis. Patients treated with an ACL reconstruction (ACLR) have long term success rates of 80 percent to 95 percent. Graft selection may influence outcomes following ACLR. Despite the popularity of the procedure, the preferred graft remains controversial. In the past, bone-patellar tendon-bone grafts have been considered the gold-standard surgical option. However, concerns regarding donor-site morbidity have led to a shift in practice by many surgeons to use quadruple hamstring tendons (HT).Several studies have shown a deficit in the quadriceps and the hamstrings strength after using HT as a graft for ACLR . Recently, there has been an increased interest in the quadriceps tendon as graft option for ACL reconstruction. The benefits of quadriceps tendon autograph include advantageous biomechanical properties, preservation of hamstring anatomy and function, as well as a reduced incidence of donor-site morbidity. To our knowledge there is no randomized controlled trial in the literature comparing QT and HTas autografts for ACLR. Objective: The purpose of this randomized prospective study is to compare clinical and functional outcomes after using the QT and HT tendons for ACL reconstruction in athletes. Methods: 55 athletes patients will be recruited from Martín Gómez Clinic from Granada (Spain) and Nutuality of footballers from Andalusian (Spain). Patients will be randomized in two groups: quadriceps tendon versus hamstring tendon. Clinical and functional outcomes will be measured before surgery and three and six months after that. All patients will be operated on by the same senior surgeon and both group will received the same postoperative rehabilitation protocol. Prior to the surgery the participants or their legal representatives must sign the informed consent for participation in this research. Discussion: The benefits of ACL reconstruction surgery show enough scientific evidence that justifying the emergence of new procedures that improve the outcome of the surgery and the reduction of possible comorbidities. The high prevalence of this disease and the therapeutic success of ACL reconstruction makes that there is an increase of the number of subjects who have received this treatment. However, there is not enough randomized trials that examines the different techniques in terms of clinical and functional outcomes or the risk of comorbidities. Subjects were placed in the upright position with the hip flexed at 90°. To determine the height of the chair, the lateral femoral condyle was aligned with the rotational axis of the dynamometer. Before each test, the patient was instructed to perform 3 practice repetitions. The highest peak torque value for each velocity was determined, compared to the uninjured side, and described as percent of knee extensor and flexor muscles strength deficits.",2016,English,Clinicaltrials.gov,embase,,https://doi.org/,,,,comparativestudyofanteriorcruciateligamentreconstructionusin+2016
682,683,48,,BPTB,,,A Prospective Randomized Controlled Trial Comparing the Endobutton CL BTB Fixation System With Metal Interference Screws in the Femoral Fixation of Patellar Tendon Grafts in Anterior Cruciate Ligament Reconstruction.,aprospectiverandomizedcontrolledtrialcomparingtheendobuttonc,"Brief SummaryIn this randomized controlled trial the investigators will compare the results after primary anterior cruciate ligament (ACL) reconstruction using two different methods for femoral fixation of a bone-patellar tendon-bone (BPTB) autograft. Interference screws have been the standard method for fixing the femoral side of BPTB grafts; however, several pitfalls have been reported. Cortical fixation with the Endobutton CL BTB Fixation System has become available and the clinical results have been described as promising; however, no randomized controlled trials comparing these two femoral fixation methods have been conducted, and there is no published data that confirms that the bone block heals in the tunnel with the newer method. The aim of our study is to compare the outcome after primary ACL reconstruction with BPTB autografts using the Endobutton CL BTB or metal interference screw for femoral fixation.Detailed DescriptionPrimary anterior cruciate ligament (ACL) reconstructions with bone-patellar tendon-bone (BPTB) autografts have recently been found to have a lower risk of revision compared with hamstring tendon autografts, and BPTB has again become our graft of choice. Interference screws have been the standard method for fixing the femoral side of a BPTB graft; however problems such as damage of the graft and failure due to nonparallel screw placement have been reported. Cortical fixation using a suspensory system has been used for soft-tissue graft fixation for several years, and a corresponding device, the Endobutton CL BTB Fixation System (Smith \& Nephew, Inc., Andover, MA, USA), has become available for fixation of bone-tendon-bone grafts. The clinical results after fixation with the Endobutton CL BTB have been described as promising; however, no randomized controlled trials comparing these two fixation methods have been conducted, and there is no published data that confirms that the bone block heals in the tunnel with the newer method. In this randomized controlled trial, patients undergoing primary ACL reconstruction will be randomized into either an Endobutton group or an interference screw group. The primary aim of the study is to compare these two fixation methods, assessed by patient reported outcomes, laxity, range of motion and muscle strength. Knee related quality of life 2 years after surgery is the primary outcome, measured by the Knee injury and Osteoarthritis Outcome Score (KOOS) subscale ""knee related Quality of life (QOL)"". Other aims are to see if there is any difference in the integration of the bone block in the femoral tunnel assessed by CT scan, in the risk of developing osteoarthritis assessed by radiographs, or in the risk of a postoperative complication or revision. The patients will be followed up 6 weeks, 6 months, 2 years and 10 years after surgery. CT scan will be performed after 6 months, and radiographs after 2 years and 10 years. In addition details of the rehabilitation will be recorded. Patients undergoing a revision will be followed up but excluded from further comparisons in the study. Our hypothesis is that there is no difference in the outcome after primary ACL reconstruction with BPTB autografts using the Endobutton CL BTB or metal interference screw for femoral fixation, both with a metal interference screw for the tibial fixation.",2016,English,Clinicaltrials.gov,embase,,https://doi.org/,,,,aprospectiverandomizedcontrolledtrialcomparingtheendobuttonc+2016
687,688,53,Barenius (2014),BPTB,"Barenius B, Ponzer S, Shalabi A, Bujak R, Norlén L, Eriksson K",Barenius,Increased risk of osteoarthritis after anterior cruciate ligament reconstruction: a 14-year follow-up study of a randomized controlled trial.,increasedriskofosteoarthritisafteranteriorcruciateligamentre,"The reported prevalence of radiological osteoarthritis (OA) after anterior cruciate ligament (ACL) reconstruction varies from 10% to 90%. Purpose/ To report the prevalence of OA after ACL reconstruction and to compare the OA prevalence between quadrupled semitendinosus tendon (ST) and bone-patellar tendon-bone (BPTB) grafts. The hypothesis was that there would be no difference in OA prevalence between the graft types. The secondary aim was to study whether patient characteristics and additional injuries were associated with long-term outcomes. Randomized controlled trial; Level of evidence, 1. Radiological examination results, Tegner activity levels, and Knee injury and Osteoarthritis Outcome Score (KOOS) values were determined in 135 (82%) of 164 patients at a mean of 14 years after ACL reconstruction randomized to an ST or a BPTB graft. Osteoarthritis was defined according to a consensus by at least 2 of 3 radiologists of Kellgren-Lawrence grade ≥2. Using regression analysis, graft type, sex, age, overweight, time between injury and reconstruction, additional meniscus injury, and a number of other variables were assessed as risk factors for OA 14 years after ACL reconstruction. Osteoarthritis of the medial compartment was most frequent, with 57% of OA cases in the ACL-reconstructed knee and 18% of OA cases in the contralateral knee (P < .001). There was no difference between the graft types: 49% of OA of the medial compartment for BPTB grafts and 65% for ST grafts (P = .073). The KOOS results were lower for patients with OA in all subscales, indicating that OA was symptomatic. No difference in the KOOS between the graft types was found. Meniscus resection was a strong risk factor for OA of the medial compartment (odds ratio, 3.6; 95% CI, 1.4-9.3) in the multivariable logistic regression analysis. A 3-fold increased prevalence of OA was found after an ACL injury treated with reconstruction compared with the contralateral healthy knee. No differences in the prevalence of OA between the BPTB and quadrupled ST reconstructions were found. An initial meniscus resection was a strong risk factor for OA; the time between injury and reconstruction was not.",2014,English,The american journal of sports medicine,embase,,https://doi.org/,24644301.0,https://pubmed.ncbi.nlm.nih.gov/24644301/,Barenius+increasedriskofosteoarthritisafteranteriorcruciateligamentre+2014,increasedriskofosteoarthritisafteranteriorcruciateligamentre+2014
688,689,54,McRae (2013),BPTB,"McRae S, Leiter J, McCormack R, Old J, MacDonald P",McRae,Ipsilateral versus contralateral hamstring grafts in anterior cruciate ligament reconstruction: a prospective randomized trial.,ipsilateralversuscontralateralhamstringgraftsinanteriorcruci,"Benefits of graft harvest from the side contralateral to the anterior cruciate ligament (ACL)-deficient leg have been identified when using bone-patellar tendon-bone autografts in ACL reconstruction (ACLR). As hamstring tendon autografts are becoming more commonly used, a study examining the effect of contralateral graft harvest of semitendinosus gracilis (STG) tendons on patient quality of life was conducted. To evaluate if ACLR using a hamstring tendon autograft results in better patient quality of life if the graft is harvested from the leg contralateral to the ACL rupture compared with the ipsilateral leg. Randomized controlled trial; Level of evidence, 1. A total of 100 participants between 16 and 50 years of age with a complete ACL tear were randomly assigned to undergo ACLR using either the ipsilateral or contralateral leg as the STG graft donor. Primary outcome measures were the ACL Quality of Life questionnaire (ACL-QOL), concentric knee flexion and extension strength at 60 and 240 deg/s, International Knee Documentation Committee (IKDC) knee assessment form, early postoperative pain and diary of analgesic use, and rate of reruptures. Outcome measures were evaluated before surgery and at 3, 6, 12, and 24 months after surgery. The ACL-QOL score improved over time for both groups (P < .001), and there were no significant differences between groups at any time point (P = .528). Significant differences in knee flexion and extension strength were found at 3 months after surgery. There were no differences between groups in IKDC knee assessment scores or rerupture rates. There does not appear to be any measurable benefit or drawback in quality of life to the use of an STG graft from the unaffected limb. In light of this finding, further research to examine other possible effects on agility and balance as well as time and ability to return to sport should be conducted. Longer term follow-up beyond 2 years would allow for a more thorough evaluation of the risk of reruptures or contralateral reruptures using this novel approach.",2013,English,The american journal of sports medicine,embase,,https://doi.org/,24001575.0,https://pubmed.ncbi.nlm.nih.gov/24001575/,McRae+ipsilateralversuscontralateralhamstringgraftsinanteriorcruci+2013,ipsilateralversuscontralateralhamstringgraftsinanteriorcruci+2013
690,691,56,Holm (2012),BPTB,"Holm I, Oiestad BE, Risberg MA, Gunderson R, Aune AK",Holm,No differences in prevalence of osteoarthritis or function after open versus endoscopic technique for anterior cruciate ligament reconstruction: 12-year follow-up report of a randomized controlled trial.,nodifferencesinprevalenceofosteoarthritisorfunctionafteropen,"Although arthroscopic techniques are the most common procedures today when reconstructing the anterior cruciate ligament (ACL), many surgeons still prefer the open and/or 2-incision techniques. There are no differences in knee function or prevalence of knee osteoarthritis (OA) in patients who have undergone the open versus endoscopic technique for ACL reconstruction using the patellar tendon autograft. Randomized controlled trial; Level of evidence, 2. Sixty-seven patients with subacute or chronic rupture of the ACL were randomly assigned to open (OPEN) (n = 33) or endoscopic (ENDO) (n = 34) reconstruction. Function was evaluated by the Cincinnati knee score, single-legged hop tests, and isokinetic muscle strength tests. The radiographs were classified according to the Kellgren and Lawrence (KL) classification system, defining grade 2 or more as the cutoff point for knee OA. The Insall-Salvati ratio and the Blackburne-Peel ratio were used to calculate the patellar position and height. Mean age at inclusion and at the 12-year follow-up evaluation was 27.9 ± 8.6 and 39.8 ± 8.6 years, respectively. At 12-year follow-up, 53 patients (79%) were eligible for evaluation. There were no significant differences between the 2 surgical procedures with respect to the pain, function, muscle strength, hop tests, patellar height, or the prevalence of OA. The prevalence of OA was high in the tibiofemoral joint on the operated side, 79% and 80% in the OPEN and ENDO groups, respectively. For the uninvolved knee, the corresponding numbers were 36% and 21%. This study suggests that the open procedure does not produce more functional problems or osteoarthritis compared with the endoscopic technique up to 12 years postoperatively.",2012,English,The american journal of sports medicine,embase,,https://doi.org/,22984128.0,https://pubmed.ncbi.nlm.nih.gov/22984128/,Holm+nodifferencesinprevalenceofosteoarthritisorfunctionafteropen+2012,nodifferencesinprevalenceofosteoarthritisorfunctionafteropen+2012
691,692,57,de (2012),BPTB,"de Almeida AM, Demange MK, Sobrado MF, Rodrigues MB, Pedrinelli A, Hernandez AJ",de,Patellar tendon healing with platelet-rich plasma: a prospective randomized controlled trial.,patellartendonhealingwithplateletrichplasma:aprospectiverand,"The patellar tendon has limited ability to heal after harvesting its central third. Platelet-rich plasma (PRP) could improve patellar tendon healing. Adding PRP to the patellar tendon harvest site would improve donor site healing and improve clinical outcome at 6 months after anterior cruciate ligament (ACL) reconstruction with a patellar tendon graft. Randomized controlled trial; Level of evidence, 1. Twenty-seven patients were randomly divided to receive (n = 12) or not receive (n = 15) PRP in the patellar tendon harvest site during ACL reconstruction. The primary outcome was magnetic resonance imaging (MRI) assessment of patellar tendon healing (gap area) after 6 months. Secondary outcomes were questionnaires and isokinetic testing of ACL reconstruction with a patellar tendon graft comparing both groups. Patellar tendon gap area was significantly smaller in the PRP group (4.9 ± 5.3 mm(2); 95% confidence interval [CI], 1.1-8.8) than in the control group (9.4 ± 4.4 mm(2); 95% CI, 6.6-12.2; P = .046). Visual analog scale score for pain was lower in the PRP group immediately postoperatively (3.8 ± 1.0; 95% CI, 3.18-4.49) than in the control group (5.1 ± 1.4; 95% CI, 4.24-5.90; P = .02). There were no differences after 6 months in questionnaire and isokinetic testing results comparing both groups. We showed that PRP had a positive effect on patellar tendon harvest site healing on MRI after 6 months and also reduced pain in the immediate postoperative period. Questionnaire and isokinetic testing results were not different between the groups at 6 months.",2012,English,The american journal of sports medicine,embase,,https://doi.org/,22472272.0,https://pubmed.ncbi.nlm.nih.gov/22472272/,de+patellartendonhealingwithplateletrichplasma:aprospectiverand+2012,patellartendonhealingwithplateletrichplasma:aprospectiverand+2012
693,694,59,Cappellino (2012),BPTB,"Cappellino F, Paolucci T, Zangrando F, Iosa M, Adriani E, Mancini P, Bellelli A, Saraceni VM",Cappellino,Neurocognitive rehabilitative approach effectiveness after anterior cruciate ligament reconstruction with patellar tendon. A randomized controlled trial,neurocognitiverehabilitativeapproacheffectivenessafteranteri,"Background. A proper knee rehabilitation after a surgical reconstruction of the anterior cruciate ligament (ACL) should start immediately after the injury and it should be focused on recovery of symmetry, proprioception, swelling reduction, gait training, hyperextension exercises, and even mental preparation. Aim. Aim of this study was to test a neurocognitive rehabilitative approach based on proprioceptive exercises and proper motor strategy choices, compared with conventional rehabilitation, assessing baropodometric, gait and clinical changes. Design. Randomized controlled trial. Setting. Ambulatory University Centre. Population. Fourteen subjects (27.9±5.2 years) underwent to a surgical reconstruction of ACL were divided into the two groups. Methods. The subjects were randomly assigned into a group who received a specific neurocognitive and perceptive rehabilitation treatment (TG), and into a control group who received the common physical therapy (CG). The following outcome measures were assessed pre-intervention, one, three and six months later: static and dynamic baropodometry, Visual Analog Scale for pain, Short Form SF-36, Range of Motion, trophism of thigh region, edema, Manual Muscle Test, magneto-resonance imaging assessment. Results. Lower impairment was observed in TG in respect of CG in terms of load asymmetry during static baropodometry (from 7% to 3% vs. from 10% to 7%, interaction time per treatment: P0.037), less wide steps during gait (effect size1.05 vs. 0.38 for CG), swelling (treatment effect: P0.012). A significantly higher improvement (from 35% to 100%) in terms of SF-36 was recorded only in TG for physical activity (P0.027). CG showed a quite higher walking speed (treatment effect: P0.049). Conclusion. Even if further studies are needed on larger samples, the obtained results showed that a neurocognitive rehabilitative approach could be an effective treatment after ACL-reconstruction: in TG we observed a more rapid load symmetrization, the reduction of step width and a more rapid resolution of edema. Clinical Rehabilitation Impact. Posture, gait, clinical features and quality of life could benefit from a neurocognitive rehabilitation after ACL surgical reconstruction.",2012,English,European journal of physical and rehabilitation medicine,embase,,https://doi.org/,22543555.0,https://pubmed.ncbi.nlm.nih.gov/22543555/,Cappellino+neurocognitiverehabilitativeapproacheffectivenessafteranteri+2012,neurocognitiverehabilitativeapproacheffectivenessafteranteri+2012
694,695,60,Beynnon (2011),BPTB,"Beynnon BD, Johnson RJ, Naud S, Fleming BC, Abate JA, Brattbakk B, Nichols CE",Beynnon,"Accelerated versus nonaccelerated rehabilitation after anterior cruciate ligament reconstruction: a prospective, randomized, double-blind investigation evaluating knee joint laxity using roentgen stereophotogrammetric analysis.",acceleratedversusnonacceleratedrehabilitationafteranteriorcr,"The relationship between the biomechanical dose of rehabilitation exercises administered after anterior cruciate ligament (ACL) reconstruction and the healing response of the graft and knee is not well understood. After ACL reconstruction, rehabilitation administered with either accelerated or nonaccelerated programs produces the same change in the knees' 6 degrees of freedom, or envelope, laxity values. Randomized controlled trial; Level of evidence, 1. Patients who underwent ACL reconstruction with a bone-patellar tendon-bone autograft were randomized to rehabilitation with either accelerated (19 week) or nonaccelerated (32 week) programs. At the time of surgery, and then 3, 6, 12, and 24 months later, the 6 degrees of freedom knee laxity values were measured using roentgen stereophotogrammetric analysis and clinical, functional, and patient-oriented outcome measures. Eighty-five percent of those enrolled were followed through 2 years. Laxity of the reconstructed knee was restored to within the limits of the contralateral, normal side at the time of surgery (baseline) in all participants. Patients in both programs underwent a similar increase in the envelope of knee laxity over the 2-year follow-up interval (anterior-posterior translation 3.2 vs 4.5 mm, and coupled internal-external rotations 2.6° vs 1.9° for participants in the accelerated and nonaccelerated programs, respectively). Those who underwent accelerated rehabilitation experienced a significant improvement in thigh muscle strength at the 3-month follow-up (P < .05) compared with those who participated in nonaccelerated rehabilitation, but no differences between the programs were seen after this time interval. At the 2-year follow-up, the groups were similar in terms of clinical assessment, patient satisfaction, function, proprioception, and isokinetic thigh muscle strength. Rehabilitation with the accelerated and nonaccelerated programs administered in this study produced the same increase in the envelope of knee laxity. A majority of the increase in the envelope of knee laxity occurred during healing when exercises were advanced and activity level increased. Patients in both programs had the same clinical assessment, functional performance, proprioception, and thigh muscle strength, which returned to normal levels after healing was complete. For participants in both treatment programs, the Knee Injury and Osteoarthritis Outcome Score (KOOS) assessment of quality of life did not return to preinjury levels.",2011,English,The american journal of sports medicine,embase,,https://doi.org/,21952714.0,https://pubmed.ncbi.nlm.nih.gov/21952714/,Beynnon+acceleratedversusnonacceleratedrehabilitationafteranteriorcr+2011,acceleratedversusnonacceleratedrehabilitationafteranteriorcr+2011
695,696,61,Sajovic (2011),BPTB,"Sajovic M, Strahovnik A, Dernovsek MZ, Skaza K",Sajovic,Quality of life and clinical outcome comparison of semitendinosus and gracilis tendon versus patellar tendon autografts for anterior cruciate ligament reconstruction: an 11-year follow-up of a randomized controlled trial.,qualityoflifeandclinicaloutcomecomparisonofsemitendinosusand,"There are still controversies about graft selection for primary anterior cruciate ligament reconstruction. Prospective, randomized long-term studies are needed to determine the differences between the graft materials. Eleven years after anterior cruciate ligament reconstruction there is no difference in functional outcome and quality of life between patients with patellar tendon or hamstring tendon autografts; however, the patients with patellar tendon autograft would have a higher prevalence of osteoarthritis. Randomized controlled trial; Level of evidence, 2. From June 1999 to March 2000, 64 patients were included in this prospective study. A single surgeon performed primary arthroscopically assisted anterior cruciate ligament reconstruction in an alternating sequence. In 32 patients, anterior cruciate ligament reconstruction was performed with hamstring tendon autograft (semitendinosus and gracilis [STG] group) while in the other 32 patients the reconstruction was performed with patellar tendon autograft (PT group). At the 11-year follow-up, no statistically significant differences were seen with respect to the Lysholm score and Short Form-36, KT-1000 arthrometer laxity testing, anterior knee pain, single-legged hop test, or International Knee Documentation Committee (IKDC) classification results. Positive pivot-shift test (1+) was significantly more frequent in the PT group (P = .036). Twenty-two patients (81%) in the STG group and 18 patients (72%) in the PT group were still at their preinjury level of activity. Graft rupture occurred in 2 patients from the STG group (6%) and in 4 patients from the PT (12%). Grade B and C abnormal radiographic findings were seen in 84% (21 of 25) of patients in the PT group and in 63% (17 of 27) of patients in the STG group (P = .008). Both hamstring and patellar tendon autografts provided good subjective outcomes and objective stability at 11 years. Positive pivot-shift test (1+) was significantly more frequent in the PT group. No significant differences in the rate of graft failure were identified. Patients with patellar tendon graft had a greater prevalence of osteoarthritis at 11 years after surgery.",2011,English,The american journal of sports medicine,embase,,https://doi.org/,21712483.0,https://pubmed.ncbi.nlm.nih.gov/21712483/,Sajovic+qualityoflifeandclinicaloutcomecomparisonofsemitendinosusand+2011,qualityoflifeandclinicaloutcomecomparisonofsemitendinosusand+2011
696,697,62,Sun (2011),BPTB,"Sun K, Zhang J, Wang Y, Xia C, Zhang C, Yu T, Tian S",Sun,"Arthroscopic reconstruction of the anterior cruciate ligament with hamstring tendon autograft and fresh-frozen allograft: a prospective, randomized controlled study.",arthroscopicreconstructionoftheanteriorcruciateligamentwithh,"Most studies of allograft versus autograft for anterior cruciate ligament reconstruction have been of bone-patellar tendon-bone; outcome reports evaluating anterior cruciate ligament reconstruction with hamstring tendon autograft versus allograft are rare. This study was undertaken to compare the clinical outcome of arthroscopic anterior cruciate ligament reconstruction with hamstring tendon autograft versus allograft. Randomized controlled trial; Level of evidence, 2. Between 2000 and 2004, 208 patients who met the inclusion and exclusion criteria of the study were prospectively randomized into autograft (n = 104) or allograft (n = 104) groups. All hamstring tendon allografts were fresh-frozen and obtained from a single certified tissue bank. All the operations were done by the same surgeon with the same surgical technique. Femoral and tibial fixation was by means of an EndoButton and a bioabsorbable interference screw augmented with a staple, respectively. Patients were evaluated preoperatively and postoperatively. Evaluations included detailed history, physical examination, functional knee ligament testing, KT-2000 arthrometer testing, Harner vertical jump and Daniel 1-legged hop tests, Lysholm score, Tegner score, the International Knee Documentation Committee (IKDC) standard evaluation form, Cincinnati knee score, and radiographs. Of these patients, 186 (autograft, n = 91; allograft, n = 95) were available for full evaluation. Demographic data were comparable between groups. The mean follow-up was 7.8 years for both groups. There were no statistically significant differences according to the evaluations of the outcome aforementioned between the 2 groups except that patients in the allograft group had a shorter operation time than the autograft group. Seven patients (7.7%) in the autograft group and 8 (8.4%) in the allograft group had a side-to-side difference >5 mm. Eighty-five patients (93.4%) in the autograft group and 86 (90.5%) in the allograft group were normal or nearly normal according to the overall IKDC. According to the subjective IKDC, the average scores were 89 and 90 points, respectively, for the autograft and allograft groups. The mean Lysholm and Tegner scores were 89 points and 7.7 points, respectively, for the autograft group and 90 points and 7.6 points, respectively, for the allograft group. For the Cincinnati knee score, the average scores were 90 and 91 points, respectively, for the autograft and allograft groups. Both groups of patients achieved almost the same satisfactory outcome at an average of 7.8 years of follow-up. Fresh-frozen hamstring tendon allograft is a reasonable alternative choice to autograft for anterior cruciate ligament reconstruction.",2011,English,The american journal of sports medicine,embase,,https://doi.org/,21441418.0,https://pubmed.ncbi.nlm.nih.gov/21441418/,Sun+arthroscopicreconstructionoftheanteriorcruciateligamentwithh+2011,arthroscopicreconstructionoftheanteriorcruciateligamentwithh+2011
697,698,63,Barenius (2010),BPTB,"Barenius B, Nordlander M, Ponzer S, Tidermark J, Eriksson K",Barenius,Quality of life and clinical outcome after anterior cruciate ligament reconstruction using patellar tendon graft or quadrupled semitendinosus graft: an 8-year follow-up of a randomized controlled trial.,qualityoflifeandclinicaloutcomeafteranteriorcruciateligament,"Randomized controlled trials after anterior cruciate ligament reconstructions with long-term follow-up including assessment of health-related quality of life are rare. To compare clinical outcome and health-related quality of life 8 years after anterior cruciate ligament reconstruction using 2 types of graft. Randomized controlled trial; Level of evidence, 1. Long-term follow-up of 164 patients with anterior cruciate ligament injury randomized to arthroscopic reconstruction with a quadrupled semitendinosus graft or a bone-patellar tendon-bone graft was undertaken. After a mean 8 years, 153 patients were available for follow-up, including instrumented laxity, 1-legged hop test, a knee-walking test, and assessment with International Knee Documentation Committee, Lysholm, Tegner, and patellofemoral pain score. Health-related quality of life was assessed with Knee Osteoarthritis Outcome Score and Short Form-36. Patients in both graft groups retained the same stability, knee function, and health-related quality of life. The patellofemoral pain score was similar for both groups; the bone-patellar tendon-bone group had more donor site morbidity from kneeling and knee walking. In the bone-patellar tendon-bone group, 19 patients had no kneeling problems, 23 slight problems, 31 moderate problems, and 5 unable to kneel. Corresponding figures for the semitendinosus group were 25, 32, 16, and 2 (P < .001). Patients with early reconstructions (<5 months) had a lower risk for meniscal injuries (37%) than did later reconstructed (62%, P = .008). Health-related quality of life regarding physical functioning in Short Form-36 was better for the early-reconstructed patients than for the later reconstructed (92 vs 85; P = .014). Patients without medial meniscal surgery had higher Knee Osteoarthritis Outcome Scores for all subscales than did patients with medial meniscal surgery, with most significant difference for sport and recreation (63 vs 75, P = .008). In the long term, the semitendinosus graft provided similar stability, knee function, and health-related quality of life but with less kneeling morbidity than did the bone-patellar tendon-bone graft.",2010,English,The american journal of sports medicine,embase,,https://doi.org/,20566719.0,https://pubmed.ncbi.nlm.nih.gov/20566719/,Barenius+qualityoflifeandclinicaloutcomeafteranteriorcruciateligament+2010,qualityoflifeandclinicaloutcomeafteranteriorcruciateligament+2010
698,699,64,Holm (2010),BPTB,"Holm I, Oiestad BE, Risberg MA, Aune AK",Holm,No difference in knee function or prevalence of osteoarthritis after reconstruction of the anterior cruciate ligament with 4-strand hamstring autograft versus patellar tendon-bone autograft: a randomized study with 10-year follow-up.,nodifferenceinkneefunctionorprevalenceofosteoarthritisafterr,"BACKGROUND: The choice of different graft types and surgical techniques used when reconstructing a torn anterior cruciate ligament may influence the long-term prevalence of osteoarthritis and functional outcomes. HYPOTHESIS: There are no differences in the prevalence of knee osteoarthritis or knee function in patients undergoing reconstruction of a torn anterior cruciate ligament with 4-strand hamstring autograft versus patellar tendon-bone autograft. STUDY DESIGN: Randomized controlled trial; Level of evidence, 1. METHODS: Seventy-two patients with subacute or chronic rupture of the anterior cruciate ligament were randomly assigned to autograft reconstruction with 4-strand gracilis and semitendinosus tendon (HAM) (N = 37) or with patellar tendon-bone (PTB) (N = 35) from the ipsilateral side. Outcome measurements were the Cincinnati knee score, single-legged hop tests, isokinetic muscle strength tests, pain, knee joint laxity test (KT-1000 arthrometer), and a radiologic evaluation (Kellgren and Lawrence) at 10-year follow-up. RESULTS: At 10 years, 57 patients (79%) were eligible for evaluation-29 in the HAM group and 28 in the PTB group. No differences were found between the 2 graft groups with respect to the Cincinnati knee score, the single-legged hop tests, pain, muscle strength measurements, or knee joint laxity. Fifty-five percent and 64% of the patients had osteoarthritis corresponding to Kellgren and Lawrence grade 2 or more in the HAM and the PTB groups, respectively (P =.27). For the uninvolved knee, the corresponding numbers were 28% and 22% (P = .62). CONCLUSION: At 10 years postoperatively, no statistically significant differences in clinical outcome between the 2 graft types were found. The prevalence of osteoarthritis was significantly higher in the operated leg than in the contralateral leg, but there were no significant differences between the 2 groups. The results indicate that the choice of graft type after an anterior cruciate ligament injury has minimal influence on the prevalence of osteoarthritis 10 years after surgery.",2010,English,The american journal of sports medicine,embase,,https://doi.org/,20097928.0,https://pubmed.ncbi.nlm.nih.gov/20097928/,Holm+nodifferenceinkneefunctionorprevalenceofosteoarthritisafterr+2010,nodifferenceinkneefunctionorprevalenceofosteoarthritisafterr+2010
714,715,80,,HT,,,Brain-Computer Interface Visualization Training to Optimize Muscle Activation Following Orthopaedic Surgery: A Blinded Randomized Controlled Trial,braincomputerinterfacevisualizationtrainingtooptimizemusclea,"Brief SummaryAfter orthopedic surgeries like knee or hip replacement, some patients struggle to fully activate their muscles due to a condition called Arthrogenic Muscle Inhibition (AMI). AMI can slow recovery and make physical therapy less effective. This clinical trial is testing whether a special type of brain training-called neurofeedback visualization training-can help improve muscle activation and speed up recovery. In this study, patients will receive standard physical therapy after surgery. Half of them will also use a device that helps them ""visualize"" exercises while wearing a cap that reads brain signals (EEG). The cap tracks brain activity when patients imagine doing specific movements. A computer then shows a virtual avatar performing the movements, giving feedback in real time-like a video game controlled by the brain. The study includes patients recovering from one of four surgeries: 1. Anterior cruciate ligament reconstruction (ACLR) 2. Total knee arthroplasty (TKA) 3. Total hip arthroplasty (THA) 4. Hip arthroscopy (HA) for femoroacetabular impingement (FAI) The goal is to see if this training improves muscle strength, movement, and daily function more than standard therapy alone. The study will take place at Rush University Medical Center in Chicago and enroll 240 adults, with 60 patients per type of surgery. Each participant will be followed for up to 6 months after surgery and complete strength tests, movement assessments, and questionnaires about their recovery. The hope is that combining brain training with physical therapy will lead to faster, more complete recoveries and improve how patients move after surgery.Detailed Description1. Introduction Background Patients recovering from orthopedic surgical procedures require a comprehensive physical rehabilitation process to help recover pre-operative functional mobility and strength. A limiting factor in physical rehabilitation is a patient's inability to activate the involved muscle groups postoperatively, a phenomenon termed Arthrogenic Muscle Inhibition (AMI) \[1, 2\]. AMI is a complex neurological process where the injury or surgery disrupts sensory and motor neurological pathways, resulting in decreased muscle activation and strength. AMI can be a major obstacle to a patient's return to normal mobility and muscular function \[2\]. For example, patients who have undergone anterior cruciate ligament reconstruction (ACLR), may experience ineffective quadriceps activation and persistent hamstring contracture, leading to loss of passive and active range of motion (ROM). Even with standard physical therapy rehabilitation, patients with AMI have ineffective recovery due to decreased muscular activation and movement dysfunction \[3\]. Visualization training with neurofeedback therapy (NFVT) is a non-invasive method that could be used with standard post-operative physical rehabilitation to decrease AMI and help patients recover pre-operative functional mobility and strength. The motor regions of the brain (motor cortex) play a crucial role in planning, controlling, and executing voluntary movements. The motor cortex is not only active during actual movement; mentally rehearsing motor acts without physically moving also activates the motor cortex \[4\]. For example, one could imagine themselves performing squats without squatting (visualization), this process activates the brain regions related to squatting. Such visualization training can enhance the brain's ability to plan, control and execute movement without physical load on the body \[5\]. Theoretically, this training could help restore disrupted neurological pathways, leading to reduced AMI and improved patient recovery after surgery \[6\]. When a brain region has heightened activity, passive sensors on the scalp can detect the increased electrical activity, this technique is known as electroencephalography (EEG). A computer can process the EEG signal and provide users with real time feedback on their concentration level and whether they are activating their motor cortex through mental visualization of movements (neurofeedback). This feedback process enhances the visualization training \[6\]. This study aims to investigate the effect of visualization with neurofeedback on postoperative recovery in patients undergoing physical rehabilitation from 4 orthopedic surgical procedures: anterior cruciate ligament reconstruction (ACLR), total knee arthroplasty (TKA), total hip arthroplasty (THA), and hip arthroscopy (HA) for femoroacetabular impingement syndrome (FAIS). More specifically, neurofeedback training will be implemented using a novel technology developed by i-BrainTech™. The findings of this study have the potential to revolutionize physical rehabilitation protocols for patients, offering a novel approach that integrates visualization therapy with neurofeedback to enhance standard physical rehabilitation. This could lead to faster, more complete recoveries, and potentially mitigate the long-term impacts of AMI. The successful application of this technology would also help deepen current understanding of neuroplasticity, specifically the malleability of the neuromuscular pathways and how this can improve motor control. Purpose The purpose of this study is to investigate the effect of NFVT on postoperative recovery in patients rehabilitating from orthopedic surgeries. Hypothesis It was hypothesized that through targeted NFVT using i-BrainTech™, post-surgical participants will experience improved muscle activation, which in turn will contribute to better rehabilitation outcomes, strength, such as range of motion, and functional mobility. We also hypothesize that these improvements seen throughout the recovery period will have a positive impact on short-term patient-reported outcome surveys (PROs). 2. Methods Settings \& Locations Conducted at Rush University Medical Center, specifically within: * The main campus of Midwest Orthopaedics at Rush (MOR) Sofija and Jorge O. Galante Orthopedic Building, 1611 W Harrison St, Chicago, IL 60612 * Motion Laboratory in the MOR Orthopedic Building * Physical therapy facility (Chicago location) 3. Interventions Control group: Standard post-surgical rehabilitation therapy Intervention Group: Standard post-surgical rehabilitation therapy + i-BrainTech neurofeedback training * Procedure: Patients use EEG-based neurofeedback twice a week until 8 weeks post-operatively. * Neurofeedback setup: EEG cap monitors motor cortex activation, guiding visualization exercises * Training sessions: Patients visualize movements, and EEG feedback helps optimize motor activation Physical Therapy Patients will follow a standard physical therapy protocol. The protocol will be assigned by their respective surgeon who conducted the procedure and will be specific to the procedure that the patient underwent. The standardized physical therapy protocols will be attached in supplemental materials. Treatment Group Intervention: The main study intervention for the treatment group involves NFVT using the i-BrainTech™ Platform. This is a technology that uses electroencephalography (EEG) to read the electrical activities in the brain \[7\]. Active neurons in the brain causes change in electrical activities on the scalp, detectable by electrodes placed on the scalp. The sensing electrodes are completely passive, incapable of sending electrical current to the wearer. An EEG cap will be used with sensing electrodes aligned to the frontal cortex and the motor cortex. The detected electrical activity from these locations of the scalp will transmitted to the computer, which allows for assessment of focus and motor cortex activity \[8\]. There are multiple cap sizes to ensure a comfortable fit. By concentrating and imagining themselves performing the rehabilitation movements (visualization), patients activate their own motor and pre-frontal cortices. The EEG sensors detect the increased brain electrical activity, and the i-BrainTech™ software translates the EEG signal into a virtual avatar figure performing such movements on a computer monitor, providing feedback to the patients on their visualization efforts (neurofeedback). Patients will effectively play a video game using their own brain signals. By turning this feedback process into a video game, the i-BrainTech™ platform provides an incentive for the user to intensely focus and visualize the rehabilitation exercises, and in the process activate and strengthen the neural pathways responsible for these rehabilitation movements. The repeated activation of neural pathways theoretically improves their muscle control and reduces AMI \[6\]. Instruction to Participants (how to play the ""game"") The i-BrainTech™ training station has a laptop and EEG caps. Participants will be seated in front of the laptop and put on the appropriately sized EEG cap. A conductive gel is injected into 2 insertion points on the cap. The column of gel touches the participant's skin on one side and the sensor on the other. The gel is water-soluble and dries up in chunks and is not sticky. The conductive gel is routinely used in the clinic and pre-operative area for ultrasound. The wet gel can be wiped off with a paper towel and the dried gel can be pulled off the participant's scalp as it does not stick to hair. The remaining fragments will be washed away when the patient showers. The session will be started and the i-BrainTech™ software will provide on screen prompts and feedback to the user. First is a 2-minute calibration period. During this time, the user is prompted to relax their mind so baseline brain activity may be detected. The brain activity above the baseline is used to control the cartoon avatar performing rehabilitation exercises. After calibration, a 20-minute NFVT session begins. Participants are prompted to imagine themselves performing various rehabilitation exercises (visualization). The selections of exercises are the rehabilitation exercises they will eventually perform at a physical therapy session, specific to their surgical procedures (Table 1). The software provides real time feedback on how concentrated the user is with the task, and how well the user is at visualizing the specific therapy exercises. The video game incentivizes participants to concentrate on the visualization therapy to maximize their score. When the participant finishes the i-BrainTech™ training session, they will remove the EEG cap and move on to their standard-of-care physical therapy session. 4. Clinic Flow and Timing of Assessments Participants in the intervention group will perform virtual rehabilitation exercises for 20 minutes 2 times per week for the first 8 weeks postoperatively. Approximately 45 minutes total is required for setup, calibration, virtual rehabilitation, and clean up. After the virtual rehab session, patients in the intervention group will move on to their standard-of-care PT session based on the surgeon's protocol specific to their operation. Patients in the control group go directly to their standard PT session. The intervention group will spend an additional 45 minutes in clinic to perform the i-BrainTech™ training session for a total study visit time of no more than 1-1.5 hours. The control group will spend 45 minutes to 1 hour of total study visit time. Participants will continue receiving their standard clinical care with their attending healthcare team throughout the study. In addition, they will attend scheduled study visits at the Motion Laboratory in the Orthopedic Building at Rush University Medical Center for motion analysis and physical testing at 2 months, 4 months, and 6 months post-surgery. At each visit, anthropometric data (age, height, and weight) will be collected first. Participants will then change into standardized clothing provided by the research team. Surface Electromyography (sEMG) sEMG data will be collected from five muscles: rectus femoris, vastus medialis oblique, vastus lateralis, semitendinosus, and biceps femoris, using a research-grade sEMG system. Electrode placement will follow the SENIAM (Surface EMG for a Non-Invasive Assessment of Muscles) protocol. Per SENIAM (www.seniam.org) guidelines, the skin will be shaved, lightly abraded with abrasion wipes, and cleaned with alcohol wipes before electrode application. Electrodes will be placed at least 2 cm apart to minimize crosstalk, and voluntary contractions will be performed to confirm correct placement. Each muscle will be assessed individually before data collection. Once all sensors are verified, simultaneous sEMG and 3D kinematic data collection will be performed using Qualisys Track Manager software or similar. Motion Capture To evaluate patient-specific movement mechanics, a markerless multi-camera motion analysis system will be used to track kinematics, while instrumented force plates will measure ground reaction forces. The markerless system allows for accurate motion tracking while significantly reducing setup time-by up to 80% since no physical markers need to be placed on the skin Participants will be evaluated while completing the following functional tasks. At 2 months postoperatively, all patients-regardless of the surgical procedure-will undergo motion analysis and strength testing. The motion analysis will include walking, bilateral squats, and a procedure-specific lunge (forward lunge for ACLR and TKA; lateral lunge for THA and hip arthroscopy). Strength assessments will focus on knee extension for ACLR and TKA, and hip extension and abduction for THA and hip arthroscopy. At 4 months postoperatively, all groups will repeat the same motion analysis tasks as at 2 months, with the addition of a single-leg vertical jump. Strength testing will now include two joint actions: knee extension and flexion for ACLR and TKA, and hip extension and abduction for THA and hip arthroscopy. At 9 months postoperatively, assessments will mirror those conducted at the 4-month follow-up for all surgical groups, including the same motion tasks and strength tests. This schedule allows for tracking recovery progression over time using both movement quality and strength performance. Strength testing Strength testing will be conducted after sEMG placement and motion analysis. Participants will keep the sEMG sensors on while performing maximum voluntary contractions (MVC) for knee flexion and extension. Isometric and isokinetic strength will be assessed using either a Biodex dynamometer or a handheld dynamometer, depending on equipment availability and participant-specific considerations. Strength data will also be used to normalize sEMG signals, with mean amplitudes of each phase expressed as a percentage of MVC. A 30% MVC normalization will be applied to allow for valid comparisons across groups. Total Testing Time The full testing session-including subject setup, EMG placement, motion analysis, and strength testing-will take approximately 30 to 45 minutes. Participants will be offered opportunities for water and seated rest breaks as needed throughout the session to ensure comfort and minimize fatigue. 5. Outcomes Primary outcomes ACLR and TKA * Outcome Measure Title o Knee extension strength * Outcome Measure Description * Maximal isokinetic knee extensor strength (Newtons/BMI). Maximal isokinetic knee extensor strength will be assessed using standardized dynamometry procedures with Biodex Isokinetic Dynamometer (Biodex System 3) at 2, 4 and 6 months after surgery. Each participant will perform three to five maximal voluntary isometric contractions of the knee extensors. The average of the peak torque values will be used for analysis. To account for individual differences in body size, values will be normalized to the participant's body mass index (Newtons/BMI). The first assessment will occur at 2 months to ensure patient safety and measurement consistency, as early postoperative conditions (e.g., pain, swelling) could compromise the reliability and validity of strength testing. * Outcome Measure Time Frame o 2, 4 and 6 months * Statistical Analysis * Linear mixed-effects models : * Linear mixed-effects models will be used to analyze changes in knee extensor strength between the intervention and control group across the 2-, 4-, and 6-month follow-up assessments. This approach accounts for repeated measures within participants and allows for the evaluation of group differences over time. Group (intervention vs. control), time (2, 4 and 6 months), and their interaction will be entered as fixed effects, with subject-level random intercepts. Significant main effects or interactions will be further examined using pairwise comparisons of estimated marginal means, with Tukey's adjustment for multiple comparisons to determine pairwise differences. All results will be reported with estimated means, p-values, and 95% confidence intervals. . Hip arthroscopy and THA * Outcome Measure Title o Hip Abduction Strength * Outcome Measure Description o Maximal isokinetic hip abductor strength (Newtons/BMI). Maximal isokinetic hip abductor strength will be assessed using standardized dynamometry procedures with Biodex Isokinetic Dynamometer (Biodex System 3) at 2, 4 and 6 months after surgery. Each participant will perform three to five maximal voluntary isometric contractions of the hip abductors. The average of the peak torque values will be used for analysis. To account for individual differences in body size, values will be normalized to the participant's body mass index (Newtons/BMI). The first assessment will occur at 2 months to ensure patient safety and measurement consistency, as early postoperative conditions (e.g., pain, swelling) could compromise the reliability and validity of strength testing.. * Outcome Measure Time Frame o 2, 4 and 6 months * Statistical Analysis * Linear mixed-effects models : * Linear mixed-effects models will be used to analyze changes in hip abductor strength between the intervention and control group across the 2-, 4-, and 6-month follow-up assessments. This approach accounts for repeated measures within participants and allows for the evaluation of group differences over time. Group (intervention vs. control), time (2, 4 and 6 months), and their interaction will be entered as fixed effects, with subject-level random intercepts. Significant main effects or interactions will be further examined using pairwise comparisons of estimated marginal means, with Tukey's adjustment for multiple comparisons to determine pairwise differences. All results will be reported with estimated means, p-values, and 95% confidence intervals. Secondary outcomes are outlined in the supplementary material attached to this protocol and include EMG activation during functional tasks and strength tests; flexibility tests, PROs, and AMI classification 6. Statistical Methods Statistical methods are summarized in the supplementary material. For the primary outcome, linear mixed-effects models will be used to assess changes in knee and hip strength following ACLR, TKA, THA, and HA procedures. Strength outcomes will be compared between the intervention and control groups at 2, 4, and 6 months postoperatively. This modeling approach accounts for repeated measures within participants and allows for the evaluation of group differences over time. Group (intervention vs. control), time (2, 4 and 6 months), and their interaction will be entered as fixed effects, with subject-level random intercepts. Significant main effects or interactions will be further examined using pairwise comparisons of estimated marginal means, with Tukey's adjustment for multiple comparisons to determine pairwise differences. All results will be reported with estimated means, p-values, and 95% confidence intervals Secondary outcomes will follow a similar analytic approach using linear mixed-effects models, accounting for repeated measures and assessing group-by-time interactions, with appropriate post hoc testing as needed. To assess the time-series data of kinematics and kinetics across different conditions and time points, Statistical Parametric Mapping (SPM) will be utilized. SPM is a robust analytical approach that allows for the statistical evaluation of entire waveforms, reducing the limitations of discrete-point analysis in biomechanical research. SPM maintains the temporal structure of the data and enables the identification of significant differences across the entire movement cycle, offering a more comprehensive understanding of biomechanical adaptations post-surgery. SPM will be applied to joint angle waveforms, ground reaction forces, and external moment profiles to compare surgical groups, timepoints, and control conditions. This approach will help detect subtle but functionally relevant alterations in movement patterns that may not be captured using traditional peak or mean value analyses. Kinematic and kinetic data will be collected bilaterally to examine compensatory strategies in the contralateral limb. EMG and strength only in the affect side. The integration of markerless motion capture, inverse dynamics, and SPM analysis will provide a detailed and objective assessment of post-surgical movement patterns. Differences in the distribution of knee AMI classification (grades 0-3) between groups will be assessed using Fisher's exact test. Statistical significance for all analyses will be set at an a priori α of 0.05. All data analyses will be completed using R version 4.2.3 (R Core Team). Loss to Follow Up Data analysis will be conducted according to the intention-to-treat (ITT) principle. Patients who are lost to follow-up for any reason will be included in the primary analysis using the last observation carried forward (LOCF) method. 7. Power Analysis Strength Separate power analyses were conducted for the knee surgery cohort (ACL and TKA) and the hip surgery cohort (HA and THA). Knee Surgery (ACL and TKA) The power analysis for the knee surgery group was based on data from a previous randomized controlled trial, which evaluated the effects of motor imagery on quadriceps strength following total knee arthroplasty (TKA). The original study included 12 patients with unilateral TKA, assessed six months postoperatively (10 females, 2 males). The primary outcome was quadriceps maximum voluntary isometric contraction (MVIC), measured using a hand-held dynamometer. This method is highly correlated with the Biodex system currently used in the present trial (R = 0.91). Statistical analysis was performed in R version 4.3.2 using the pwr package. The mean quadriceps MVIC reported was 20.58 N/BMI (SD = 1.85). Assuming a two-group parallel design (intervention vs. control) with 30 participants per group (total n = 60), the study is powered at 80% to detect a between-group difference of 1.31 N/BMI at a two-tailed α = 0.05 (adjusted α = 0.025 to account for multiple comparisons). This corresponds to a minimum detectable difference (MDD) of 6.31% between groups. Hip Surgery (HA and THA) The power analysis for the hip surgery group was based on data from a retrospective study, which evaluated hip abductor strength before and three months after hip arthroscopy for femoroacetabular impingement (FAI). The study included 29 individuals (mean age 27.4 ± 7.5 years; 76% female). The primary outcome was hip abductor MVIC, also measured with a hand-held dynamometer. The reported mean abductor MVIC was 1.97 N/kg (SD = 0.42). A two-group parallel design with 30 participants per group (n = 60 total) provides 80% power to detect a between-group difference of 0.31 N/kg at a two-tailed α = 0.05 (adjusted α = 0.025). This represents an MDD of 15.6%. To contextualize the clinical relevance of the estimated minimal detectable differences (MDDs), previously published values for minimal clinically important differences (MCIDs) were reviewed. For quadriceps MVIC, a previous study reported an MCID of 26.9% in older adults with COPD, with improvements associated with enhanced performance in the six-minute walk test. In patients undergoing ACL reconstruction, a limb strength asymmetry of 10% is considered a clinically relevant threshold and a predictor of reinjury. For hip abductor strength, although there is no universally accepted MCID after hip surgery, many studies consider a relative difference of 10-15% to be clinically meaningful. These values serve as important clinical benchmarks and support the interpretation that the proposed sample size (n = 60 per pathology group) is adequate to detect both statistically and clinically relevant between-group differences in strength outcomes. Kinematics A separate power analysis was conducted for the secondary kinematic outcomes to estimate the minimum detectable differences achievable with the current sample size and 80% statistical power. This analysis helps ensure that the study is adequately powered to detect changes that are not only statistically significant but also clinically meaningful. The power analysis was based on data from a previous investigation conducted in the same laboratory where the current study will take place, using identical equipment, camera setup, and software configuration parameters. Individuals assessed in study were 5 healthy males (mean age 26) and 5 females (mean age 28) (n=10). The primary variables of interest for the power analysis were the knee peak flexion angle (for the ACL and TKA study arms) and the hip peak extension angle (for the hip arthroscopy and THA study arms) during the gait cycle, measured using a markerless motion capture system (Theia 3D, Theia Markerless Inc., Kingston, ON). The statistical analysis was conducted using R version 4.3.2 (R Core Team, 2023) and the pwr package (Champely, 2020). For the knee flexion angle, a previous investigation reported a mean of 19° with a standard deviation (SD) of 7.68°. Using these values, a two-group parallel design with 30 participants per group (total n = 60) was powered at 80% to detect a between-group difference of at least 5.65° at a two-sided α = 0.05 (adjusted α = 0.025 for sidedness). Similarly, for hip extension angle (mean = 9.25°, SD = 5.11°), the same sample size and power would yield a minimum detectable difference of 3.76°. To contextualize the clinical relevance of the estimated minimal detectable differences (MDDs), previously published values for minimal clinically important differences (MCIDs) were reviewed. For knee flexion angle, a previous study reported an MCID of 6.81 degrees based on gait analysis of the unaffected limb in stroke patients. In a different clinical context, another study identified an MCID of 5 degrees for passive range of motion following total knee arthroplasty, with improvements in flexion associated with better knee function and higher patient satisfaction. Regarding hip extension angle, it was established an MCID of 2.86 degrees in stroke patients using motion analysis of the unaffected limb. These values serve as clinical benchmarks to interpret the statistical power and meaningfulness of the differences targeted in this study. 8. Randomization Sequence Generation Randomized list generation before trial commencement utilizing the National Institute of Health (NIH) Clinical Trial Randomization Tool. A 1:1 allocation (intervention vs. Control) per procedure will be implemented. The randomization sequence will be generated before trial commencement by an independent data manager using the Clinical Trial Randomization Tool developed by the National Cancer Institute (NCI). The tool will use the Asymptotic Maximal procedure, a restricted randomization method that limits the imbalance between trial arms to a pre-specified Maximum Tolerated Imbalance (MTI) of 3. The randomization list will be created for a total of 70 participants, with no stratification applied. Type of Randomization A simple two-arm parallel group design will be used with a 1:1 allocation ratio for each procedure (ACLR, THA, TKA, and HA), with a separate randomization list of 35 participants per group (total n=70) generated independently for each procedure. Each procedure will be treated as a distinct trial with its own allocation sequence. The final participants will be randomly assigned in accordance with the MTI threshold, allowing minor tolerable imbalances between arms. No stratification or blocking will be implemented. The increased sample size per group (n=35 instead of n=30) accounts for potential losses or allocation issues during the study. Additional allocation slots beyond the target sample size will be generated to account for unexpected exclusions, dropouts before randomization, or technical errors during allocation. Allocation Concealment Mechanism Allocation concealment will be ensured using the REDCap (Research Electronic Data Capture) Randomization Module, which provides a secure, centralized, and automated platform for treatment allocation. The randomization sequence will be generated and implemented within REDCap by an independent data manager who will not be involved in participant enrollment, intervention, and outcome assessment. The system will be configured to assign participants in real time only after eligibility has been confirmed and baseline data have been entered, thereby preventing any foreknowledge of the upcoming assignment. Investigators, study staff, and participants will remain unaware of the allocation sequence prior to assignment. REDCap's access controls and audit logs will safeguard against manipulation and preserve allocation concealment throughout the trial. Implementation All patients referred for ACLR, TKA, THA, or HA procedures in the physician's office will be referred to the research team to assess eligibility criteria and initiate the enrollment process, either in person or by phone. Eligible patients will be enrolled in the study during the pre-operative period and will complete baseline assessments. Following surgery, participants will be assigned to one of the intervention groups one day prior to the intervention date. Group allocation will be performed by an independent data manager using the REDCap Randomization Module and communicated only to the team responsible for delivering the NFVT. The individual responsible for generating the allocation sequence will be distinct from those involved in enrolling participants and assigning interventions. Blinding Investigators and physicians will be blinded to group allocation to minimize bias in clinical decision-making and post-operative care. Patients will not be blinded due to the nature of the neurofeedback intervention, which cannot be masked. Both study groups will receive standard rehabilitation, with the only difference being the addition of NFVT in the intervention arm. The neurofeedback sessions will take place within the physical therapy clinic, immediately prior to scheduled physical therapy appointments. The team delivering the neurofeedback intervention will be the only personnel aware of group allocation. Treating physicians, physical therapists, outcome assessors, and the statistical analysis team will remain blinded to participant allocation throughout the trial. Statistical analyses will be performed by the Rush Statistical Analysis team, an independent third-party ancillary resource, using a coded dataset to ensure blinding is maintained during data analysis. Unblinding Procedures Given the non-invasive nature of the EEG-based neurofeedback intervention, adverse effects are not expected. However, in rare cases where unblinding is required-such as equipment malfunction, unexpected clinical events, or participant withdrawal-a formal request must be submitted to the principal investigator (PI) or Data and Safety Monitoring Board (DSMB). All unblinding events will be logged with justification and date. For emergencies, a dedicated study coordinator will have secure access to the REDCap randomization module and group allocation. This coordinator will be available to authorized clinical staff in urgent scenarios requiring immediate unblinding. Outcome assessors and data analysts will remain blinded throughout the study. These procedures align with CONSORT guidelines and will be included in staff training to ensure adherence. 9. Recruitment The investigators will identify eligible patients in the clinic, and the research study staff will discuss the study with eligible patients. The informed consent process may occur over a period of several discussions, culminating in the signing of a consent form in the office (iPad) or sent to their verified email address. Informed consent will be obtained via the eConsent process through the secured platform Patient IQ. The patient will be prompted to reply with the appropriate passcode to access the consent form and then provide the passcode again with their signature (secured). A copy of the time stamped document will be sent to the study team through the electronic platform and a copy will be sent to the participant. All participants will be consented prior to surgery and the performance of research related testing activities.",2025,English,Clinicaltrials.gov,embase,,https://doi.org/,,,,braincomputerinterfacevisualizationtrainingtooptimizemusclea+2025
723,724,89,,HT,,,"ACL Reconstruction With Human Allograft Cortical Bone Screw (Shark Screw®) or Biocomposite-interference Screws - a Prospective, Randomized, Controlled Trial.",aclreconstructionwithhumanallograftcorticalbonescrew(sharksc,"Brief SummaryThe goal of this clinical trial is to compare the outcome of 2 different screws for Anterior cruciate ligament reconstruction. The main question is if the human allogeneic cortical bone screw reduces tunnel widening in comparison to conventional treatment with a biocomposite screw. Additional the re-rupture rate will be evaluated and knee scores will be recorded before surgery and after surgery. Participants will have MRI before and after surgery, 3, 6, 12, and 24 months after surgery and Computertomography after surgery, 3, 6 and 24 months after surgery. Questionnaires (Knee-scores) will be recorded before surgery, 6, 12, 24 months after surgery. the investigators hope that with the human cortical bone screw the tunnel widening is reduced and the re-rupture rate is lowDetailed DescriptionRupture of the anterior cruciate ligament of the knee joint is a common (sports) injury in young adults . Depending on various patient-related factors, such an injury can be treated surgically or conservatively . Arthroscopic and anatomical reconstruction is currently considered the gold standard of surgical treatment. In this procedure, the torn anterior cruciate tendon will be replaced usually with the own semitendinosus ligament, the patellar ligament or the quadriceps tendon by inserting it through bone tunnels in the femur and tibia. However, the optimal technique for fixing the graft remains unclear. Until the replacement graft has healed, the suspension of the graft remains the weak point of the overall construct . The currently common procedures are fixation by means of interference screw in the bone tunnels and distal fixation using endobuttons. These fixation methods differ only insignificantly in clinical scores, stability, or failure rate . A frequent complication after reconstruction of the anterior cruciate ligament is secondary tunnel dilatation, which has been described in up to 84% of cases. The cause of this is not yet fully understood. Nakazato et al. cites a longer graft and an increased dorsolateral tibial slope. Taketomi makes the posterior tibial slope particularly responsible for tibial tunnel widening and describes that an osteolysis process occurs due to the penetration of synovial fluid into the space between the tendon and the tunnel . Moon et al. see a negative correlation between the length of the graft insertion and tunnel dilation. The widening of the bone tunnels seem not to induce instability, but complicates a follow-up operation, e.g. a new cruciate ligament plasty in the event of rerupture following new trauma. The often up to twice as large bone tunnels make it difficult to find sufficient bone tissue to create a new tunnel. If the already existing and enlarged tunnel is reused, there is a risk of inadequate fixation and lack of incorporation of the new graft. In the revision, a two-stage procedure is often necessary, especially in the case of pronounced widening of the bone tunnel. The group postulates that with a tunnel width \&amp;amp;amp;gt;14 mm, only a two-stage procedure is possible. In a first operation, the bone tunnel must be filled with autologous or similar, and only in a second session a new reconstruction of the anterior cruciate ligament can be attempted. the investigators are planning a prospective, randomized, controlled, single-blind and monocentric study with 2 parallel groups to investigate an alternative fixation method in cruciate ligament surgery. This involves a screw made from allogenic bone (Shark Screw ACL®; Surgebright GmbH, A-4040 Lichtenberg, Austria) in the form of an interference screw obtained from donor cortical bone. The insertion of this bone screw is identical to the usual interference screws. This type of osteosynthesis material has already proven in other forms in fracture treatment. The investigators have been using screws made from allogenic bone in a similar form for the treatment of scaphoid fractures for more than 4 years , Calcaneal fractures, corrective osteotomies, and arthrodesis with excellent success in everyday clinical practice. Treatment with an allogenic bone screw is compared with the current standard treatment with resorbable interference screw MectaScrew (composite), Medacta Int. Str. Regina 34, 6874 Castel San Pietro, Switzerland) in a control group. The aim is to include 80 patients who will be included in the study, i.e. 40 per group. Surgical method, treatment plan and follow up treatment do not differ. The main objective of the planned study is to analyze the dilation of the bone tunnels in the two groups. This will be done by means of magnetic resonance imaging (MRI) and computer tomography (CT) examinations (MRI preoperatively, postoperatively (within 3 days) and at 6, 12 and 24 months after surgery, CT postoperatively within 3 days and at 6 and 24 months after surgery). The bone tunnels are measured and the results of the two groups are compared to determine whether the allograft screw shows less bone tunnel dilation than the current standard treatment. An initial evaluation of the data and publication is planned after 12 months; the final evaluation and publication will take place after 24 months. The secondary objectives are to record the advantages and disadvantages of the allografts and to analyze their safety and effectiveness. In particular, the incorporation of the screws is to be assessed and classified. In order to better assess the outcome of the operation, clinical parameters will be recorded, and the two groups compared with each other. Furthermore, MRI will be analyzed for its informative value with regard to bone tunnel measurement. The null hypothesis is that the two surgical procedures (bone screw / biocomposite screw) do not differ in outcome. The alternative hypothesis is that the use of the human, allogenic cortical bone screw as a fixation element for anterior cruciate ligament reconstruction results in faster and, above all, better incorporation of the graft, with less widening of the bone tunnel. Based on the experience of the investigators with similar osteosynthesis material made from allogenic bone, it is to be expected that the bone tunnel will heal scare free. The investigators see the advantage of the proposed treatment particularly in its bone-sparing nature. It is to be expected that this will make possible revision easier and that a two-stage procedure will be necessary less often.",2024,English,Clinicaltrials.gov,embase,,https://doi.org/,,,,aclreconstructionwithhumanallograftcorticalbonescrew(sharksc+2024
725,726,91,,HT,,,ARAVET : Antero-lateral Ligament Reconstruction Versus Modified Lemaire's Lateral Extra-articular Tenodesis in Combination With ACL Reconstruction With a Minimum Follow up of 2 Years: a Randomized Controlled Trial,aravet:anterolateralligamentreconstructionversusmodifiedlema,"Brief SummaryAnterior cruciate ligament (ACL) tears are associated with concomitant lesions of the anterolateral ligament (ALL), which increase rotatory instability of the knee. If untreated, ALL insufficiency can compromise the results of ACL reconstruction, with higher risk of iterative ACL tear or additional meniscal lesion. Several surgical techniques have been described to reconstruct the ALL. Indications are increasingly frequent and actually, consensus being young patients, patients practising pivot sports, significant rotational laxity on clinical examination with a positive pivot shift test, or in cases of iterative surgery. To date, the two most popular techniques are the Lemaire technique (use of a fascia lata strip) and LAL reconstruction plasty (use of part of an accessory hamstring tendon). The older Lemaire procedure, popularized in the 1980s has proved its efficiency in terms of biomechanics, safety and reproducibility. More recently, following a new, precise anatomical description, anterolateral ligament plasty (ALL) has been developed, which is intended to be more anatomical than Lemaire's technique, but whose clinical superiority has not yet been demonstrated. Both techniques are currently used in our department, with the choice of technique left to the surgeon's discretion. To date, no randomized prospective study has demonstrated the clinical superiority of one technique over the other with a long term follow up. The aim of this study was to compare graft survival of ALL reconstruction versus modified Lemaire LET in combination with ACL reconstruction with a minimum follow up of 2 years. Secondary aim was to compare functional outcomes between both groups.",2023,English,Clinicaltrials.gov,embase,,https://doi.org/,,,,aravet:anterolateralligamentreconstructionversusmodifiedlema+2023
729,730,95,,HT,,,Reduced Knee Flexion Strength 18 Years After ACL Reconstruction in Hamstring Group,reducedkneeflexionstrength18yearsafteraclreconstructioninham,"Brief SummaryBackground: Bone-patellar tendon-bone (BPTB) and a double-looped semitendinosus gracilis (hamstring group) graft are commonly used for ACL reconstruction. Short-term and mid-term studies show little to no significant difference between the two groups, and there are a few long term studies to compare results between the two grafts. Purpose: To compare the results after using either BPTB grafts or hamstring grafts 18 years after ACL reconstruction. Study design: Randomized controlled trial; Level of evidence II. Methods: 114 patients with ACL rupture between 2001 and 2004 were randomized to reconstruction with either BPTB graft or a hamstring graft. Patients were operated at four major hospitals. The 18-year follow-up evaluation included isokinetic testing of muscle strength, patient-reported outcome measures, clinical knee examination and an assessment of radiological osteoarthritis using the Kellgren-Lawrence classification. Hypothesis:Hypothesis is that there will be no difference in the long-term outcome between the two groups, as well hypothesis of no difference in patients with prosthesis after ACL reconstruction, arthrosis difference in operated knees and the rate of graft failure between the two groups. Previous follow-up studies showed a significant difference in total flexion work between the two groups, so detecting a persistent difference between the groups will be point of interest.Detailed DescriptionIntroduction Rupture of the anterior cruciate ligament (ACL) is a common soft-tissue knee injury, and has increased in number over the last twenty years. Reconstructing the ligament may be important for maintaining the stability and preventing further damaging of the knee. The two most commonly used grafts in reconstructions are the autologous patellar tendon grafts and hamstring tendon grafts There is yet to be a universally established agreement regarding which reconstruction method of an ACL is preferred. The method using the central third of the patellar tendon with proximal and distal bone blocks as the replacement has been used since the late 80s and is well documented with good results. When the technique using the hamstring tendon grafts was introduced, its popularity increased. Arguments favoring each of the methods depend on which variables one values the most. In some studies, the patellar tendon group reported problems regarding anterior knee pain and decreased sensitivity of the knee, whereas for the hamstring tendon group there was reported increased weakness of the hamstring muscles and knee laxity. However, the overall assessment and satisfaction in multiple short-term/semi-long studies have shown little to no difference . The aim of this prospective randomized multicenter study is to compare the use of bone-patellar tendon-bone (BPTB) grafts and double-looped semitendinosus gracilis (DLSG) grafts for reconstruction of the anterior cruciate ligament, 17-20 years after the surgery. The null hypothesis is that there will be no significant differences at this long-term follow-up evaluation between the two methods. Method and material of the first study- Drogset et al. recruited 115 patients with rupture of the anterior cruciate ligament in the period of 2001-2004, and randomized them to either reconstruction with bone-patellar tendon-bone (BPTB) grafts fixed with metal interference screw graft, or double-looped semitendinosus gracilis (DLSG) grafts fixed with Bone Mulch Screws and WasherLoc Screws. The surgeries were performed at four different hospitals. After one and two years, the patients were examined by an independent observer, using a series of objective tests, as well as recording the patients' subjective opinion of their knee function. The subjective tests used were Tegner's activity score, Lysholm's functional score and Modified Cincinnati Score. The objective tests used were Lachmann's test, pivot shift and KT-1000, as well as Cybex and Biodex to measure muscle strength. Method and material- The present study is a long-term follow-up of a prospective randomized multicenter study. The patient recorded outcome scores will be Tegner's activity score, Lysholms's functional score and the Knee injury Osteoarthritis Outcome Score (KOOS). The examinations include Lachmann's test, pivot shift and KT-1000. We also plan to include radiographs to evaluate the degree of arthrosis 17-20 years after the surgery, and Cybex or Biodex to examine the hamstring and quadriceps strength. The radiographic positioning will be knee AP weight-bearing standing bilateral and lateral view, as well as skyline projection. The Kellgren-Lawrence classification will be used to assess the degree of osteoarthritis. Even though 115 patients were included in the original study, we will only attempt to contact 114 due to lost inclusion-papers between the 2-year and 7-year follow-up \[8\]. During the spring of 2022, the patients will receive an invite to participate in the follow-up study. Following this, patients will be contacted to uncover different circumstances that might exclude certain patients from the clinical assessment. This includes revision of the reconstruction in question, total knee replacement or total knee arthroplasty, and if the knee had been injured beforehand. The clinical examination will be carried out by both a medical student and an experienced orthopedic surgeon. Hopefully all the patients will be examined over the course of two days at each location, and if needed, the rest will be examined at a later date. Hypothesis- Current hypothesis is that there will be no difference in the long-term outcome between the two groups. However, it will be interesting to see how many patients have received a prosthesis, and how many patients struggle with arthrosis. As the previous follow-up studies showed a significant difference in total flexion work between the two groups, we will be interested in detecting a persistent difference between the groups. Another interesting aspect will be the rate of graft failure between the two groups. Feasibility- The strength of the study is the randomization and the long follow-up period of 17-20 years. The possible limitations are the fact that there may be a problem recruiting enough patients to the follow-up, and that it might not be able to get x-rays of the patients at the different hospitals, as this is a matter of cost and availability. In addition, the different hospitals may not have a Biodex available. Publicity plan- The goal for the paper is to be published in an international journal and probably be presented at conferences. For article, that hopefully will be published in journals, Marko Popovic will stand as first author, and Julie Holen and Julie Myhre as contributing authors. Jon Olav Drogset will be listed last, as the main supervisor. Ethics- The REK-application was submitted on the 24th of December 2021. Application number: 391796. Additionally, the project will be reported to NSD when the REK-application is approved.",2023,English,Clinicaltrials.gov,embase,,https://doi.org/,,,,reducedkneeflexionstrength18yearsafteraclreconstructioninham+2023
730,731,96,Meena (2023),HT,"Meena VK, Lakhotia D, Nama KG, Joshi S",Meena,To Compare the Functional Outcome of Arthroscopic Reconstruction of Anterior Cruciate Ligament Using Patellar Tendon Bone Grafts v/s Hamstrings Graft: A Multicentric Study,tocomparethefunctionaloutcomeofarthroscopicreconstructionofa,"Background: Arthroscopic reconstruction of the injured ACL has become thegold standard.The aim of this study to compare the functional outcome of arthroscopic reconstruction of anterior cruciate ligament using patellar tendon bone grafts v/s hamstrings graft at multicentre tertiary care center. Materials& Methods: This prospective randomized controlled trial study was conducted at Orthopaedic Department in multi center tertiary care hospital in Rajasthan during one year period. A total of 60 patients with age above 20 years had unilateral anterior cruciate ligament rupture were enrolled.All sixty patients were divided into two groups; Group I consist of 30 patients those received patellar tendon graft by open technique and Group II consisted of 30 patients who received semitendinosus and gracilis quadruple tendon graft arthroscopically. Anterior kneeling pain during pray or labor was examined between both groups at six months, 1 year, and at the final follow-up. Patient’s satisfaction and VAS score were recorded at the final follow-up. All the data were analyzed by SPSS 24. Chi-square test and student t’ test was applied to compare the outcomes with a p-value of<0.05 considered statistically significant. Results: In Group I, patients presented with a mean age of 39.24±10.74years while in group 2 mean age was 38.78±11.56years. In group I and Group II, preoperative Lysholm Score were 62.58±4.45 and 63.46±4.56, IKDC was 3.65±0.28 and 3.82±0.55. At final follow-up we found no significant difference in term of Lysholm score, IKDC score and painscore was 88.24±2.07 Vs 89.68±1.42 (p>0.05), 1.86±0.66 Vs1.28±0.35 (p>0.05) and 7.87±0.62 vs 8.03±0.24 [p>0.05]. When kneeling pain was assessed, 10, 6, and 2patients in group I had kneeling pain during working or praying at 6months, 1year, and at the final follow-up respectively, while in group II, 11, 6, and 1patient had kneeling pain at 6 months, 1 year, and at the final follow-up respectively. Conclusion: We concluded that both techniques patellar tendon and hamstrings autografts are safe and effective treatment modalities for anterior cruciate ligament reconstruction.",2023,English,International journal of life sciences biotechnology and pharma research,embase,,https://doi.org/,,,Meena+tocomparethefunctionaloutcomeofarthroscopicreconstructionofa+2023,tocomparethefunctionaloutcomeofarthroscopicreconstructionofa+2023
736,737,102,,HT,,,Optimizing GRAft SElection for ACL Reconstruction (GRASE-ACL Trial) - a Three-armed Randomized Controlled Trial,optimizinggraftselectionforaclreconstruction(graseacltrial)a,"Brief SummaryPurpose: To investigate the differences between the three most common methods for reconstruction of the anterior cruciate ligament (ACL), to support the development of the best method for the individual patient. Main research area: ¨ Sports Orthopedic Surgical research. State of the art: Every year in Denmark 2500 patients receive surgical reconstruction surgery to replace a ruptured ACL. Many patients experience a decline in knee function and 4-12% suffer a new ACL rupture within 5 years. According to data from the Danish ACL register, three methods of reconstruction are most prevalent, but with large variation between hospitals. This indicates lack of consensus on optimal surgical procedure. Design: Assessor-blinded randomized controlled study. 150 patients aged 18-40 with ruptured ACL are allocated to reconstruction with tendon(s) harvested from either the semitendinosus and gracilis, or the patella tendon, or the quadriceps tendon. Patient follow-up will be conducted preoperatively and 1, 6, 12, 24 months postoperatively. Primary technologies and outcomes: * Patient-reported knee-joint function, quality of life and donor-site morbidity is obtained with standardized questionnaires. Primary outcome is subjective knee function with the International Knee Documentation Committee evaluation form (IKDC) * Instrumented analysis of knee-joint coordination and neuromuscular control including 3-D motion capture and electromyography (EMG) during single leg jumps, landings and change-of-direction. Measurement of maximal explosive muscle power in knee extension and flexion. Primary outcome is relative difference between injured and healthy leg in rate of force development (RFD-LSI). * Standard clinical knee examination of range of motion and instrumented examination of knee-joint stability. * Magnetic Resonance Imaging (MRI) of the thigh muscles for examination of muscle morphology. The trial is designed for publication in three primary publications 1. \- Patient reported effect of graft choice in ACL reconstruction 2. \- Biomechanical effect of graft choice in ACL reconstruction 3. \- Clinical effect of graft choice in ACL reconstruction Additional secondary publications are in the pipeline. Reference to primary protocol and results will always be emphasized in secondary publication to ensure methodological transparency.Detailed DescriptionPurpose: The aim of this randomized controlled trial is to investigate the effect of graft choice in anterior cruciate ligament (ACL) reconstruction surgery, primarily from a patient-centered as well as a novel biomechanical perspective; and secondly from a clinical and muscle morphological perspective. The study compares the three most common methods for ACL reconstruction: autograft harvested from the m. quadriceps tendon (QT), the hamstring tendons (ST/Gr), and the patella tendon (BPTB). By applying this 360° scientific approach, it is the hope to improve the possibilities for a much-needed evidence-based and individualized treatment of ACL ruptures. Objectives and hypotheses: • Objective no. 1: The patient-centered perspective To investigate the effect of graft choice on patient-reported questionnaire scores, primarily on the International Knee Documentation Committee Evaluation Form (IKDC). The investigators hypothesize that of all three grafts, the QT graft will result in non-inferior patient reported knee function. * Objective no. 2: The biomechanical perspective To investigate the effect of graft choice on muscle strength and knee joint control. The investigators hypothesize that of all three grafts, the ST/Gr graft will show largest negative effect on explosive muscle strength. * Objective no. 3: The clinical perspective To explore the effect of graft choice on knee stability and surgery complications. * Objective no. 4: The muscle morphological perspective To explore the effect of graft choice on length and cross section area of the hamstring tendons. State-of-the-art: The most common method for ACL reconstruction in Denmark is the use of an autograft to replace the ruptured ACL. The autograft is harvested from either the m. quadriceps tendon (QT), the m. semitendinosus and m. gracilis tendons (hamstrings) (ST/Gr), or the patella tendon with bone plugs (BPTB). The BPTB graft was initially used as standard method. It has the advantages of faster graft incorporation (bone to bone healing), reliable graft size and low risk of graft rupture and knee laxity. It is widely used around the world. In Denmark it accounts for app. 10% of all reconstructions. A number of disadvantages of the BPTB graft have been described in the literature: anterior knee pain, pain from the donor site, extension strength deficits, and decreased knee joint flexion range of motion. Due to these potential morbidity problems of the BPTB graft, there was a shift towards the ST/Gr graft as the preferred choice. Today, the ST/Gr graft is harvested in more than 52% of all ACL reconstructions in Denmark. From a surgeon's perspective, the graft is easy to harvest, time efficient, and leaves smaller scars. The ST/Gr graft is however associated with increased laxity of the knee joint compared to the BPTB graft, and the size of the graft can be a challenge. Also, harvest of the ST/Gr graft is associated with sustained loss of strength, length, and volume of the harvested muscles. This is of concern, as biomechanical research has shown that semitendinosus is essential to stabilize the knee joint and protect the ACL during cutting movements. Finally, recent research indicates higher risk of revision surgery using the ST/Gr graft compared to the BPTB graft. Currently, particularly in Scandinavia, surgeons are reintroducing a third graft, the QT graft. The advantages of the QT graft are large and predictable graft size and acceptable clinical outcomes. A recent study from the Sports Orthopedic Research Center - Copenhagen (SORC-C) at Hvidovre Hospital found no difference in revision rates between the ST/Gr graft and the QT graft in a cohort of more than 400 patients. The QT graft now accounts for app. 10% of all ACL reconstructions in Denmark, but the graft remains a relatively untested method. Methods: Study design and approvals: This is an assessor-blinded randomized controlled trial with a three-group parallel design. Patients will be randomized to ACL reconstruction with either BPTB, ST/Gr, or QT graft with a 1:1:1 allocation. Follow-up will be performed 1, 6, 12, and 24 months after reconstruction. The study will adhere to the CONSORT guidelines for reporting of Multi-Arm Parallel-Group Randomized Trials (http://www.consort-statement.org) and is pre-registered at http://www.clinicaltrials.gov. The study is approved by the Scientific Ethics Committee for the Capital Region (Journal-no.: H-19001194) and by the Danish Data Protection Agency (Jr. no. VD-2018-524) Randomization and blinding: Patients will be randomly assigned to a treatment group using a 1:1:1 allocation ratio using a randomization schedule of permuted blocks of random sizes. The randomization will be stratified by biological sex and age. The final randomization will be made after arthroscopic assessment of the knee and evaluation according to the in- and exclusion criteria. Outcome assessors are blinded to group allocation. Before each patient visit, tape will be placed on possible scars to hide donor graft site. Given the nature of the intervention, blinding of patients and surgeons is not feasible. Treatment: The procedure is initiated with knee arthroscopy. Ligament lesions, meniscus tear, and cartilage damage are inspected and treated if indicated, and ACL remnants are removed. The BPTB graft is harvested through two 4-5 cm incisions, one on the tibial tuberosity and one on the patella. The middle 10 mm of the patella tendon plus 20-30 mm bone plugs at each end from corresponding tibia and patella is harvested. The ST/Gr graft is harvested through a 4-5 cm incision at the pes anserinus. Both the semitendinosus and the gracilis tendon is identified and harvested. The tendons are prepared and folded to a four-stranded graft with a total diameter of 7-10 mm. The QT graft is harvested through a 4-5 cm incision at the upper pole of the patella. A graft sized 10-12 mm in with and app. 6 mm in depth is harvested from the middle part of the tendon. The femoral tunnel is placed anatomically central in the native footprint of the ACL. The tibia tunnel is also placed anatomically; the center of the tunnel being medially between the eminential spines at the level of the posterior margin of the anterior horn of the lateral meniscus. The BPTB graft is fixed both proximally and distally with a Milagro screw (DePuy Synthes) or similar . The ST/Gr and QT grafts are fixed proximally with the RIGIDFIX® Curve Cross Pin System (DePuy Synthes) and distally with a Milagro screw (DePuy Synthes) or similar. The patients are referred to rehabilitation according to Danish rehabilitation guidelines following ACL reconstruction. ¨ Statistics: Analysis will be performed with a linear mixed-effects model of the relationships between outcomes and treatment group (BPTB, ST/Gr, and QT graft) and time points (pre-operative, 1-month, 6-month, 12-month, and 24-month follow-up). Fixed effects are time and treatment group, and random effects are patient ID. Sample size: The study includes two primary outcomes, the IKDC score change between treatment groups from pre-operative to 12-months follow-up, and the LSI-RFD between treatment groups at 12-months follow-up. The two outcomes are of different hypotheses and independent. Based on literature, the minimal clinically important difference in IKDC score is approximately 10 points, and the standard deviation on the change in IKDC score from baseline to after ACL reconstruction is approximately 13 points. Based on these assumptions, 37 patients are needed per group (α = 0.05, β = 0.80). A local unpublished pilot study of 10 healthy individuals showed a minimal detectable difference in LSI-RFD of 12% and a standard deviation in the group of 17%. Based on these assumptions, 40 patients are needed per group (α = 0.05, β = 0.80). A total inclusion number of 150 is decided to account for a patient dropout of app. 10%.",2022,English,Clinicaltrials.gov,embase,,https://doi.org/,,,,optimizinggraftselectionforaclreconstruction(graseacltrial)a+2022
745,746,111,,HT,,,The Use of Five-strand Hamstring Autograft to Increase the Graft Size in Anterior Cruciate Ligament Reconstruction - a Prospective Randomized Controlled Trial,theuseoffivestrandhamstringautografttoincreasethegraftsizein,"Brief SummaryAnterior cruciate ligament (ACL) reconstruction is one of most commonly performed orthopaedic surgeries. Several options for graft choice are available and autologous single bundle hamstring graft is most commonly used. Variability exists among patients in terms of hamstring size, and therefore the graft diameter. Recently there has been an increasing amount of literature correlating the hamstring graft diameter with the graft failure rate \[1-4\]. They concluded that graft exceeding 8mm in diameter is associated with a significant lower risk of graft failure. There has been study showing that Asian patients were indeed 'different' from the Caucasians. Ho et al published his findings on Singaporean patients showing that the median graft diameters for female and male patients were 7mm and 8mm respectively \[5\]. A retrospective review our patients undergoing ACL reconstruction in our department over the past 10 years has shown that the mean graft diameter was 7.8mm (range, 5.5-10mm). The conventional way of four-strand hamstring autograft is done by doubling both the semitendinosus and gracilis tendons to provide a quadrupled graft. Several techniques have been described to increase the size of the hamstring graft. One of those is the -strand hamstring graft, in which the longer semitendinosus tendon is tripled with the shorter gracilis tendon doubled to produce a 5-strand configuration. We hypothesized that the 5-strand hamstring graft would provide a graft of significantly larger diameter than the conventional quadrupled autograft.",2020,English,Clinicaltrials.gov,embase,,https://doi.org/,,,,theuseoffivestrandhamstringautografttoincreasethegraftsizein+2020
753,754,119,,HT,,,A Randomized Controlled Trial to Evaluate the Graft Ligamentization and Integration in the Reconstruction of the Anterior Cruciate Ligament With or Without Detachment of Hamstring Tendon Tibial Insertion,arandomizedcontrolledtrialtoevaluatethegraftligamentizationa,Brief SummaryThis is a prospective and randomized trial to compare two different techniques used in normal practice for the reconstruction of the anterior cruciate ligament in arthroscopy. The experimental group (group 1) will undergo a reconstruction technique where semitendinosus and gracilis will preserve their insertion at the level of the hamstring whereas in the control group (group 2) the semitendinosus and gracilis tendons will be disengaged from their insertion on the hamstring .,2018,English,Clinicaltrials.gov,embase,,https://doi.org/,,,,arandomizedcontrolledtrialtoevaluatethegraftligamentizationa+2018
758,759,124,,HT,,,"Single-blind, Multi-centre, Randomized Controlled Trial Comparing Ligamys Anterior Cruciate Ligament (ACL) Repair, Internal Bracing ACL Repair and Conventional ACL Reconstruction for Relative Clinical Efficacy and Economic Benefit.",singleblindmulticentrerandomizedcontrolledtrialcomparingliga,"Brief SummarySingle-blind, multi-centre, prospective, randomized controlled trial comparing Ligamys Anterior Cruciate Ligament (ACL) repair, Internal Bracing ACL repair and conventional ACL reconstruction for relative clinical efficacy and economic benefit. Patients with a primary proximal acute ACL rupture will be included in either study 1 (0-4 weeks post rupture) or study 2 (5-12 weeks post rupture) of the LIBRE study.Detailed DescriptionRationale The conventional operative treatment of an anterior cruciate ligament (ACL) rupture is an ACL reconstruction, whereby the residual ruptured ACL is removed and replaced by an autograft hamstring tendon. Recently, two alternative natural healing techniques have been developed and proof of concept have been established. The two repair techniques are: Dynamic Intraligamentary Stabilization (DIS) and Internal Brace Ligament Augmentation (IBLA). Both DIS and IBLA allow the rupture to heal by itself. The biggest difference between the two techniques is that the DIS system consists of a polyethylene suture and a spring screw system, which stabilizes the knee joint with the same force during flexion and extension of the knee, and the IBLA system consists of a 2mm high molecular weight polyethylene FiberTape®. Objective The aim is to identify the optimal ACL technique for treating an acute ACL injury that can deliver an enhanced clinical efficacy and economic benefit for two time frames (0-4 weeks and 5-12 weeks) following ACL rupture. Study design Two separate, interventional, single-blind, comparative, multi-centre, randomized controlled trials (RCTs) will be conducted. The University Hospital of Antwerp (UHA), University Hospital of Brussels (UHB) and OLV Hospital (OLVH) are the three participating sites. A total of 96 patients will be included in the study, 48 for study 1 and 48 for study 2. The anticipated study duration is 72 months which will include a five month starting-up phase, 40 month recruitment period, a 24 month follow-up period and three months for final analysis. The study data will be collected over three periods: pre-operative, per-operative and post-operative. To meet the aim the time-dependent nature of ACL repair surgery has to be taken into account. As the DIS should be performed within a short period after the ACL rupture, study 1 is limited to 4 weeks after ACL rupture. IBLA can be performed up to 12 weeks after ACL rupture, therefore the time limit for study 2 is 12 weeks after ACL rupture. ACL reconstruction is preferably performed when the knee has 'cooled down', and this is from 5 weeks post-rupture. There is no time limit for the ACL reconstruction, since this can be performed up to several years post-rupture. • Study 1: RCT 1 DIS versus IBLA within 4 weeks after the ACL rupture. • Study 2: RCT 2 IBLA versus the conventional ACL reconstruction between 5-12 weeks after the ACL rupture. Study population Patients with a primary acute proximal ACL rupture, below the age of 50 years. The ACL remnant must be suitable for repair. Intervention The conventional ACL reconstruction, DIS or IBLA surgery. Main study objectives Primary outcome: Difference of 13 points in IKDC score between the reconstruction technique and the repair techniques (DIS/IBLA) 6 months postoperatively. Main secondary outcomes: Failure/re-rupture, Tegner score, Lysholm score, EQ-5D-5L, return to work/sport, Lachman test, Pivot Shift test and complications. Nature and extent of the burden and risks associated with participation, and benefit Proof of concept have been established and the expected complications are similar in the three treatment arms. The major benefit of the alternative repair techniques is the preservation of the native ACL and its own proprioceptors possibly leading to a faster recovery time.",2018,English,Clinicaltrials.gov,embase,,https://doi.org/,,,,singleblindmulticentrerandomizedcontrolledtrialcomparingliga+2018
759,760,125,,HT,,,Quadrupled Semitendinosus Graft and Traditional Hamstrings Graft in Anterior Cruciate Ligament Reconstruction: Randomized Controlled Trial,quadrupledsemitendinosusgraftandtraditionalhamstringsgraftin,"Brief SummaryRandomized controlled trial comparing reconstruction of anterior cruciate ligament (ACL) with autologous quadrupled semitendinosus graft or with both semitendinosus and gracilis. It is intended to specially evaluate if by using only the semitendinosus (ST) tendon, the strength of the limb for hamstrings is affected different compared to using both gracilis and ST.Detailed DescriptionData checks programmed by a third party after inclusion of participant number 10, 20, 30 and 42. This includes source data verification. Simple size calculations estimating a difference of 50% in strength improvement between both groups at the six months follow-up visit. 80% power and 5% alpha error. Strength measured with dynamometer, laxity with ACL laxity tester and function with 3 scores: IKDC, Tegner-Lysholm and KOOS. Missing data will be minimized by double checking when registering data. It might be necessary to increase sample size to 50 patients of intermediate analysis show it is necessary to find an statistically significant difference. Trial could be stopped early if one intervention shows to be better in the intermediate analysis. These analysis will be conducted after the first 16 and 32 participants have been included.",2018,English,Clinicaltrials.gov,embase,,https://doi.org/,,,,quadrupledsemitendinosusgraftandtraditionalhamstringsgraftin+2018
760,761,126,,HT,,,Randomized Controlled Trial for the Use of an Osteoconductive Scaffold in ACL-Reconstruction,randomizedcontrolledtrialfortheuseofanosteoconductivescaffol,"Brief SummaryPrimary objective of the study is to evaluate efficacy of the surgical technique for ACL reconstruction using an osteoconductive scaffold, enlaced into the hamstring tendon autograft, compared to the traditional technique.Detailed DescriptionReconstruction of the anterior cruciate ligament (ACL) using autograft tissue is currently recommended as the standard of care following an ACL tear or rupture, with the bone-tendon-bone (BTB) graft and hamstring tendon graft the most common. Although a BTB autograft is widely recognized to offer high mechanical performance and rapid graft healing, these advantages come at the cost of a longer surgery time and higher risk of severe patient discomfort at the graft harvest site. Use of a hamstring tendon autograft is less painful, but is generally slower to heal with higher risk of mechanical graft failure due to poor bone ingrowth. The aim of the current study is to augment graft-to-bone incorporation by use of an osteoconductive scaffold enlaced into the hamstring tendon autograft. This bovine derived composite bone substitute is inserted into the articular aperture of the femoral bone tunnel and should provide an osteoconductive / osteoinductive environment at a biomimetic attachment site leading to improved secondary graft-fixation and a reduced incidence of tunnel widening. Primary objective of the study is to evaluate efficacy of the surgical technique for ACL reconstruction using an osteoconductive scaffold, enlaced into the hamstring tendon autograft, compared to the traditional technique. Secondary objectives aim to assess the clinical outcome of the interventional treatment including patient subjective knee function and objective measures of knee stability.",2017,English,Clinicaltrials.gov,embase,,https://doi.org/,,,,randomizedcontrolledtrialfortheuseofanosteoconductivescaffol+2017
763,764,129,,HT,,,"Graft Selection in Anatomic Anterior Cruciate Ligament Reconstruction: Patella, Hamstrings or Quadriceps Tendon Autograft",graftselectioninanatomicanteriorcruciateligamentreconstructi,"Brief SummaryA rupture of the anterior cruciate ligament (ACL) is a severe injury of the knee. The current gold Standard treatment for young and active patients with instability, is a surgical ACL reconstruction. However, there still is no consensus on which graft is best suited for this.The aim of the current multi-center randomized controlled trial was to investigate the hypothesis that an anatomic single bundle anterior cruciate ligament reconstruction with a (flat) quadriceps tendon autograft is at least as effective as reconstruction of the ruptured anterior cruciate ligament with a patella tendon autograft or a hamstringtendon autograft, in terms of failure, measured 2 years postoperatively. Failure is defined gedefinieerd as pathologicai laxity, complaints of knee instability in the absence of any pathological laxity and/or discontinuïty ofthe graft on MRl or arthroscopy.Detailed DescriptionA rupture of the anterior cruciate ligament (ACL) is a severe injury of the knee. The current gold Standard treatment for young and active patients with instability, is a surgical ACL reconstruction. However, there still is no consensus on which graft is best suited for this. Paradigms on the different types of auto grafts and their weaknesses and benefits originate mostly from the eighties and nineties, when the patella tendon was being replaced by the hamstring graft as the 'new' gold standerd. Nowadays, the philosophy of isometrie tunnel placement has been abandoned, and has been replaced by the philosophy of anatomie reconstructions. The question then arises: Are the results of the comparative studies, and the current paradigms, still applicable, now that the philosophy has transitioned from isometric to anatomic tunnel placement? Irrespective of the disadvantages compared to the patellatendon autograft, such as a higher re-rupture and revision percentage when used in patients under 25 years old, the hamstring autograft is currently the most used graft for ACL reconstruction worldwide. The question then arises: is it justified that the hamstringgraft is the most used graft worldwide? Rehabilitation protocols are often not, or poorly, described, despite it's significant effect on the outcome and co morbidity of an ACL reconstruction. Especially anterior knee pain, which is often mentioned as a disadvantage of the patellagraft, is significantly influenced by rehabilitation protocols. The introduction and implementation of a nation-wide evidence-based rehabilitation protocol in The Netherlands created uniformity of rehabilitation treatment, and the possibility to generalize scientific conclusions. The question then arises: Due to new insights in rehabilitation and implementation of new protocols, is the anterior knee pain, the often mentioned disadvantage ofthe patelia tendon graft, stiil a relevant disadvantage? The quadriceps tendon autograft is a less often used graft. Nevertheless, research has shown that it seems like a good alternative for the patella tendon and hamstring autograft. Functional outcome is similar, while less donorsite morbidity is reported compared to the patellatendon and hamstring autograft. The question then arises: Is it fair that the quadriceps tendon is rarely used as an autograft for ACL reconstruction? Increasing knowledge of the anatomy of the ACL results in new insights in the methods to achieve true anatomie ACL reconstruction. New arguments support the use of the patella tendon - and even the quadriceps tendon - over the use of the hamstringgraft, because their anatomic similarities to the anterior cruciate ligament might be better suited to restore knee kinematics. The question then arises: are the flat-shaped patella tendon autograft and quadriceps tendon autograft better suited to restore the anatomy of the ruptured ACL than the round hamstring graft? Hypothesis Tlie hypothesis is that anatomic reconstruction ofthe ruptured anterior cruciate ligament with a (flat) quadriceps tendon autograft is at least as effective as reconstruction of the ruptured anterior cruciate ligament with a patella tendon autograft or a hamstring tendon autograft, in terms of failure, measured 2 years postoperatively. Failure is defined as pathological laxity, complaints of knee instability in the absence of any pathological laxity and/or discontinuïty of the graft on MRl or arthroscopy. Objective of the study: Primary objective: To investigate the hypothesis that an anatomic single bundle anterior cruciate ligament reconstruction with a (flat) quadriceps tendon autograft is at least as effective as reconstruction of the ruptured anterior cruciate ligament with a patella tendon autograft or a hamstring tendon autograft, in terms of failure, measured 2 years postoperatively. Failure is defined gedefinieerd as pathologicai laxity, complaints of knee instability in the absence of any pathological laxity and/or discontinuïty of the graft on MRl or arthroscopy. Secondary objectives: patiënt reported outcome measures (PROMs), clinimetrics, radiological assessment, duration of rehabilitation necessary for return to sports and daily activities and the level of sport activities to which the patiënt returned, in patients treated with an anterior cruciate ligament reconstruction using a patellatendon autograft, hamstringtendon autograft of quadricepstendon autograft, as measured in the short-term (6 weeks, 6,9,12 months postoperatively), mid-term (2 years postoperatively) and long-term (5 and 10 years postoperatively). Study design: Multicenter blocked stratified randomised controlled trial with varying block sizes (n=3, 6, 9, 12). Patients with an anterior cruciate ligament rupture, confirmed by an orthopaedie surgeon (as evident from anamnesis, physical examination and radiographic imaging) who meet the inclusion criteria and do not have any of the exclusion criteria, will be asked to partieipate in this study. Baseline measurements will be performed, after informed consent is obtained. Allocation of treatment of the included patients will be performed in the operating room (OR), where patients will be randomised (blocked and stratified) per clinic, to have ACL reconstruction with a patella tendon autograft, hamstring tendon autograft or quadriceps tendon autograft. Stratification will be based on age (18-25 and \>25), level of sport activities (Tegner Activity Level Scale 5-7 and 8-10) and surgeon. Follow-up identical to the follow-up of standard care, with standard checkups after 6 weeks, 6, 9, months and 1 and 2 years. Two extra follow-up moments (after 5 and 10 years) will be planned.",2017,English,Clinicaltrials.gov,embase,,https://doi.org/,,,,graftselectioninanatomicanteriorcruciateligamentreconstructi+2017
766,767,132,Tian (2016),HT,"Tian S, Wang B, Liu L, Wang Y, Ha C, Li Q, Yang X, Sun K",Tian,Irradiated Hamstring Tendon Allograft Versus Autograft for Anatomic Double-Bundle Anterior Cruciate Ligament Reconstruction: Midterm Clinical Outcomes,irradiatedhamstringtendonallograftversusautograftforanatomic,"BACKGROUND: Most studies on grafts for anterior cruciate ligament (ACL) reconstruction (ACLR) have been of autografts or nonirradiated allografts with a single-bundle (SB) technique. Outcome reports evaluating anatomic double-bundle (DB) ACLR with a hamstring tendon autograft versus irradiated allograft are rare.PURPOSE: To compare the clinical outcomes of arthroscopic anatomic DB ACLR with a hamstring tendon autograft versus irradiated allograft.STUDY DESIGN: Randomized controlled trial; Level of evidence, 2.METHODS: Between 2008 and 2009, a total of 107 patients undergoing arthroscopic DB ACLR were prospectively randomized consecutively into 1 of 2 groups (autograft [Auto] group and irradiated allograft [Ir-Allo] group). All the surgical procedures were performed by the same senior surgeon using the DB reconstruction technique. All irradiated hamstring tendon allografts were sterilized with 2.5 Mrad of irradiation before distribution and were obtained from a single certified tissue bank. Graft fixation on the femoral side was by an Endobutton, and on the tibial side by a bioabsorbable interference screw augmented with a staple. The same rehabilitation protocol was applied to all patients. Before surgery and at a mean of 6.9 years of follow-up, patients were evaluated by the same observer according to objective and subjective clinical evaluations including detailed history, physical examination, radiography, functional knee ligament testing, KT-2000 arthrometer testing, Harner vertical jump and Daniel 1-legged hop tests, Lysholm score, Tegner score, International Knee Documentation Committee (IKDC) standard evaluation form, and Cincinnati knee score.RESULTS: A total of 83 patients (Auto: n = 40 [mean age, 29.2 ± 6.9 years]; Ir-Allo: n = 43 [mean age, 28.6 ± 7.2 years]) fulfilled follow-up and clinical evaluations. No significant differences were found between the 2 groups according to the overall IKDC functional and subjective evaluations as well as testing of activity levels. Significant between-group differences were found when comparing the results at final follow-up according to the Lachman test, anterior drawer test, pivot-shift test, and KT-2000 arthrometer measurements (P < .001). Most importantly, 87.5% of patients in the Auto group and 34.9% in the Ir-Allo group had a side-to-side difference <3 mm. The rate of laxity (side-to-side difference >5 mm) with an irradiated allograft (30.2%) was higher than that with an autograft (7.5%) (P < .001). The failure rate in the Ir-Allo group (30.2%) was higher than that in the Auto group (7.5%) (P < .001). Anterior and rotational stability decreased significantly in the Ir-Allo group; patients in the Ir-Allo group also had a shorter operation time. There were 10.0% (4/40) of patients in the Auto group and 32.6% (19/43) of patients in the Ir-Allo group who had arthritic progression (P < .05).CONCLUSION: There were no significant differences in postoperative activity levels and functional outcomes between the Auto and Ir-Allo groups. However, a significant increase in anterior and rotational laxity in the Ir-Allo group was found according to evaluations. We do not advocate an irradiated hamstring tendon allograft for DB ACLR.TRIAL REGISTRATION: Clinical Trial Register System of The Affiliated Hospital of Qingdao University (qdfy-ky2008-12).",2016,English,The american journal of sports medicine,embase,,https://doi.org/,27466222.0,https://pubmed.ncbi.nlm.nih.gov/27466222/,Tian+irradiatedhamstringtendonallograftversusautograftforanatomic+2016,irradiatedhamstringtendonallograftversusautograftforanatomic+2016
769,770,135,,HT,,,Comparative Study of Anterior Cruciate Ligament Reconstruction Using Quadriceps Tendon Versus Hamstring Tendon in Postoperative Clinical and Functional State: a Prospective Randomized Controlled Study,comparativestudyofanteriorcruciateligamentreconstructionusin,"Brief SummaryThe purpose of this randomized study is to compare clinical and functional outcomes of both surgery techniques for anterior cruciate ligament reconstruction (using quadriceps tendon versus hamstring tendon) after reconstruction in athletes.Detailed DescriptionBackground: The anterior cruciate ligament (ACL) is the most commonly injured ligament of the knee. An ACL-deficient knee can lead to recurrent instability, meniscus tears, and osteoarthritis. Patients treated with an ACL reconstruction (ACLR) have long term success rates of 80 percent to 95 percent. Graft selection may influence outcomes following ACLR. Despite the popularity of the procedure, the preferred graft remains controversial. In the past, bone-patellar tendon-bone grafts have been considered the gold-standard surgical option. However, concerns regarding donor-site morbidity have led to a shift in practice by many surgeons to use quadruple hamstring tendons (HT).Several studies have shown a deficit in the quadriceps and the hamstrings strength after using HT as a graft for ACLR . Recently, there has been an increased interest in the quadriceps tendon as graft option for ACL reconstruction. The benefits of quadriceps tendon autograph include advantageous biomechanical properties, preservation of hamstring anatomy and function, as well as a reduced incidence of donor-site morbidity. To our knowledge there is no randomized controlled trial in the literature comparing QT and HTas autografts for ACLR. Objective: The purpose of this randomized prospective study is to compare clinical and functional outcomes after using the QT and HT tendons for ACL reconstruction in athletes. Methods: 55 athletes patients will be recruited from Martín Gómez Clinic from Granada (Spain) and Nutuality of footballers from Andalusian (Spain). Patients will be randomized in two groups: quadriceps tendon versus hamstring tendon. Clinical and functional outcomes will be measured before surgery and three and six months after that. All patients will be operated on by the same senior surgeon and both group will received the same postoperative rehabilitation protocol. Prior to the surgery the participants or their legal representatives must sign the informed consent for participation in this research. Discussion: The benefits of ACL reconstruction surgery show enough scientific evidence that justifying the emergence of new procedures that improve the outcome of the surgery and the reduction of possible comorbidities. The high prevalence of this disease and the therapeutic success of ACL reconstruction makes that there is an increase of the number of subjects who have received this treatment. However, there is not enough randomized trials that examines the different techniques in terms of clinical and functional outcomes or the risk of comorbidities. Subjects were placed in the upright position with the hip flexed at 90°. To determine the height of the chair, the lateral femoral condyle was aligned with the rotational axis of the dynamometer. Before each test, the patient was instructed to perform 3 practice repetitions. The highest peak torque value for each velocity was determined, compared to the uninjured side, and described as percent of knee extensor and flexor muscles strength deficits.",2016,English,Clinicaltrials.gov,embase,,https://doi.org/,,,,comparativestudyofanteriorcruciateligamentreconstructionusin+2016
770,771,136,,HT,,,A Prospective Randomized Controlled Trial Comparing the Endobutton CL BTB Fixation System With Metal Interference Screws in the Femoral Fixation of Patellar Tendon Grafts in Anterior Cruciate Ligament Reconstruction.,aprospectiverandomizedcontrolledtrialcomparingtheendobuttonc,"Brief SummaryIn this randomized controlled trial the investigators will compare the results after primary anterior cruciate ligament (ACL) reconstruction using two different methods for femoral fixation of a bone-patellar tendon-bone (BPTB) autograft. Interference screws have been the standard method for fixing the femoral side of BPTB grafts; however, several pitfalls have been reported. Cortical fixation with the Endobutton CL BTB Fixation System has become available and the clinical results have been described as promising; however, no randomized controlled trials comparing these two femoral fixation methods have been conducted, and there is no published data that confirms that the bone block heals in the tunnel with the newer method. The aim of our study is to compare the outcome after primary ACL reconstruction with BPTB autografts using the Endobutton CL BTB or metal interference screw for femoral fixation.Detailed DescriptionPrimary anterior cruciate ligament (ACL) reconstructions with bone-patellar tendon-bone (BPTB) autografts have recently been found to have a lower risk of revision compared with hamstring tendon autografts, and BPTB has again become our graft of choice. Interference screws have been the standard method for fixing the femoral side of a BPTB graft; however problems such as damage of the graft and failure due to nonparallel screw placement have been reported. Cortical fixation using a suspensory system has been used for soft-tissue graft fixation for several years, and a corresponding device, the Endobutton CL BTB Fixation System (Smith \& Nephew, Inc., Andover, MA, USA), has become available for fixation of bone-tendon-bone grafts. The clinical results after fixation with the Endobutton CL BTB have been described as promising; however, no randomized controlled trials comparing these two fixation methods have been conducted, and there is no published data that confirms that the bone block heals in the tunnel with the newer method. In this randomized controlled trial, patients undergoing primary ACL reconstruction will be randomized into either an Endobutton group or an interference screw group. The primary aim of the study is to compare these two fixation methods, assessed by patient reported outcomes, laxity, range of motion and muscle strength. Knee related quality of life 2 years after surgery is the primary outcome, measured by the Knee injury and Osteoarthritis Outcome Score (KOOS) subscale ""knee related Quality of life (QOL)"". Other aims are to see if there is any difference in the integration of the bone block in the femoral tunnel assessed by CT scan, in the risk of developing osteoarthritis assessed by radiographs, or in the risk of a postoperative complication or revision. The patients will be followed up 6 weeks, 6 months, 2 years and 10 years after surgery. CT scan will be performed after 6 months, and radiographs after 2 years and 10 years. In addition details of the rehabilitation will be recorded. Patients undergoing a revision will be followed up but excluded from further comparisons in the study. Our hypothesis is that there is no difference in the outcome after primary ACL reconstruction with BPTB autografts using the Endobutton CL BTB or metal interference screw for femoral fixation, both with a metal interference screw for the tibial fixation.",2016,English,Clinicaltrials.gov,embase,,https://doi.org/,,,,aprospectiverandomizedcontrolledtrialcomparingtheendobuttonc+2016
781,782,147,Barenius (2014),HT,"Barenius B, Ponzer S, Shalabi A, Bujak R, Norlén L, Eriksson K",Barenius,Increased risk of osteoarthritis after anterior cruciate ligament reconstruction: a 14-year follow-up study of a randomized controlled trial.,increasedriskofosteoarthritisafteranteriorcruciateligamentre,"The reported prevalence of radiological osteoarthritis (OA) after anterior cruciate ligament (ACL) reconstruction varies from 10% to 90%. Purpose/ To report the prevalence of OA after ACL reconstruction and to compare the OA prevalence between quadrupled semitendinosus tendon (ST) and bone-patellar tendon-bone (BPTB) grafts. The hypothesis was that there would be no difference in OA prevalence between the graft types. The secondary aim was to study whether patient characteristics and additional injuries were associated with long-term outcomes. Randomized controlled trial; Level of evidence, 1. Radiological examination results, Tegner activity levels, and Knee injury and Osteoarthritis Outcome Score (KOOS) values were determined in 135 (82%) of 164 patients at a mean of 14 years after ACL reconstruction randomized to an ST or a BPTB graft. Osteoarthritis was defined according to a consensus by at least 2 of 3 radiologists of Kellgren-Lawrence grade ≥2. Using regression analysis, graft type, sex, age, overweight, time between injury and reconstruction, additional meniscus injury, and a number of other variables were assessed as risk factors for OA 14 years after ACL reconstruction. Osteoarthritis of the medial compartment was most frequent, with 57% of OA cases in the ACL-reconstructed knee and 18% of OA cases in the contralateral knee (P < .001). There was no difference between the graft types: 49% of OA of the medial compartment for BPTB grafts and 65% for ST grafts (P = .073). The KOOS results were lower for patients with OA in all subscales, indicating that OA was symptomatic. No difference in the KOOS between the graft types was found. Meniscus resection was a strong risk factor for OA of the medial compartment (odds ratio, 3.6; 95% CI, 1.4-9.3) in the multivariable logistic regression analysis. A 3-fold increased prevalence of OA was found after an ACL injury treated with reconstruction compared with the contralateral healthy knee. No differences in the prevalence of OA between the BPTB and quadrupled ST reconstructions were found. An initial meniscus resection was a strong risk factor for OA; the time between injury and reconstruction was not.",2014,English,The american journal of sports medicine,embase,,https://doi.org/,24644301.0,https://pubmed.ncbi.nlm.nih.gov/24644301/,Barenius+increasedriskofosteoarthritisafteranteriorcruciateligamentre+2014,increasedriskofosteoarthritisafteranteriorcruciateligamentre+2014
782,783,148,Ahldén (2013),HT,"Ahldén M, Sernert N, Karlsson J, Kartus J",Ahldén,A prospective randomized study comparing double- and single-bundle techniques for anterior cruciate ligament reconstruction.,aprospectiverandomizedstudycomparingdoubleandsinglebundletec,"The aim of the study was to compare the results after arthroscopic anterior cruciate ligament (ACL) reconstruction using either the double-bundle or single-bundle technique with hamstring tendon autografts in an unselected group of patients. Double-bundle ACL reconstruction will render a better outcome on the pivot-shift test. Randomized controlled trial; Level of evidence, 1. A randomized series of 103 patients (33 women, 70 men; median age, 27 years; range, 18-52 years) with a unilateral ACL rupture underwent anatomic ACL reconstruction. The double-bundle technique was used in 53 patients, and the single-bundle technique was used in 50 patients. The ACL footprint was visualized, and the femoral tunnel was drilled through the anteromedial portal; interference screw fixation was used at both ends. The patients were examined preoperatively and at a median of 26 months (range, 22-42 months) after the reconstruction by a blinded observer. The primary variable was the pivot-shift test. At 2-year follow-up, 98 patients (93%) were examined. Clinical assessments at follow-up revealed no significant differences between the double-bundle and single-bundle groups in terms of the pivot-shift test, KT-1000 arthrometer laxity measurements, manual Lachman test, range of motion, Lysholm knee scoring scale, Tegner activity scale, Knee Injury and Osteoarthritis and Outcome Score (KOOS), 1-legged hop test, and square hop test. A significant improvement was seen in both groups compared with the preoperative values in terms of most clinical assessments. In this prospective randomized study, the primary variable, the pivot-shift test, and other subjective and objective outcome variables revealed no significant differences between the double-bundle and single-bundle techniques at 2 years after ACL reconstruction in an unselected group of patients.",2013,English,The american journal of sports medicine,embase,,https://doi.org/,23921339.0,https://pubmed.ncbi.nlm.nih.gov/23921339/,Ahldén+aprospectiverandomizedstudycomparingdoubleandsinglebundletec+2013,aprospectiverandomizedstudycomparingdoubleandsinglebundletec+2013
783,784,149,McRae (2013),HT,"McRae S, Leiter J, McCormack R, Old J, MacDonald P",McRae,Ipsilateral versus contralateral hamstring grafts in anterior cruciate ligament reconstruction: a prospective randomized trial.,ipsilateralversuscontralateralhamstringgraftsinanteriorcruci,"Benefits of graft harvest from the side contralateral to the anterior cruciate ligament (ACL)-deficient leg have been identified when using bone-patellar tendon-bone autografts in ACL reconstruction (ACLR). As hamstring tendon autografts are becoming more commonly used, a study examining the effect of contralateral graft harvest of semitendinosus gracilis (STG) tendons on patient quality of life was conducted. To evaluate if ACLR using a hamstring tendon autograft results in better patient quality of life if the graft is harvested from the leg contralateral to the ACL rupture compared with the ipsilateral leg. Randomized controlled trial; Level of evidence, 1. A total of 100 participants between 16 and 50 years of age with a complete ACL tear were randomly assigned to undergo ACLR using either the ipsilateral or contralateral leg as the STG graft donor. Primary outcome measures were the ACL Quality of Life questionnaire (ACL-QOL), concentric knee flexion and extension strength at 60 and 240 deg/s, International Knee Documentation Committee (IKDC) knee assessment form, early postoperative pain and diary of analgesic use, and rate of reruptures. Outcome measures were evaluated before surgery and at 3, 6, 12, and 24 months after surgery. The ACL-QOL score improved over time for both groups (P < .001), and there were no significant differences between groups at any time point (P = .528). Significant differences in knee flexion and extension strength were found at 3 months after surgery. There were no differences between groups in IKDC knee assessment scores or rerupture rates. There does not appear to be any measurable benefit or drawback in quality of life to the use of an STG graft from the unaffected limb. In light of this finding, further research to examine other possible effects on agility and balance as well as time and ability to return to sport should be conducted. Longer term follow-up beyond 2 years would allow for a more thorough evaluation of the risk of reruptures or contralateral reruptures using this novel approach.",2013,English,The american journal of sports medicine,embase,,https://doi.org/,24001575.0,https://pubmed.ncbi.nlm.nih.gov/24001575/,McRae+ipsilateralversuscontralateralhamstringgraftsinanteriorcruci+2013,ipsilateralversuscontralateralhamstringgraftsinanteriorcruci+2013
784,785,150,Mutsuzaki (2012),HT,"Mutsuzaki H, Kanamori A, Ikeda K, Hioki S, Kinugasa T, Sakane M",Mutsuzaki,Effect of calcium phosphate-hybridized tendon graft in anterior cruciate ligament reconstruction: a randomized controlled trial.,effectofcalciumphosphatehybridizedtendongraftinanteriorcruci,"The authors developed a novel technique to improve tendon-bone healing by hybridizing calcium phosphate (CaP) with a tendon graft using an alternating soaking process. Anterior cruciate ligament (ACL) reconstruction using the CaP-hybridized tendon graft would have a better clinical outcome and reduce the percentage of bone tunnel enlargement compared with a conventional method because of the enhanced anchoring between the tendon graft and the bone. Randomized controlled trial; Level of evidence, 1. Patients (N = 64) with unilateral ACL rupture underwent arthroscopically assisted single-bundle ACL reconstruction using a 4-strand semitendinosus tendon or 4-strand semitendinosus and gracilis tendons with EndoButton femoral fixation and screw washer tibial fixation. These patients were equally randomized to undergo the CaP (n = 32) or conventional (n = 32) method using a transtibial tunnel approach according to the closed envelope method. In the CaP group, the tendon graft was hybridized with the CaP at both ends of the graft. One surgeon performed all reconstructions without knowing which graft was prepared. Patients' backgrounds regarding age at surgery, gender, period before surgery, and associated meniscal injuries were similar in the 2 groups. All patients followed the same postoperative protocol. At 1 and 2 years after surgery, they were evaluated with the manual knee laxity test, KT-1000 arthrometry, International Knee Documentation Committee (IKDC) examination form, Tegner scale, and Lysholm scale. Also, 1 year postoperatively, bone tunnel enlargement was analyzed using computed tomography, intensity of the tendon graft by magnetic resonance imaging (MRI), and tendon graft appearance by arthroscopic examination. All the examinations were performed blindly. All patients underwent a minimum 2-year follow-up. KT-1000 arthrometry data indicated statistically significant decreased average anterior tibial translation in the CaP group compared with the conventional method group: 1.0 ± 2.0 mm versus 1.9 ± 1.6 mm (P < .05), respectively, at 1 year; 1.6 ± 2.1 mm versus 2.6 ± 2.4 mm (P < .05), respectively, at 2 years. The Lysholm score was higher in the CaP group than in the conventional method group at 2 years (96.9 ± 4.3 vs 91.7 ± 13.3, P < .05). The CaP-hybridized tendon graft reduced the percentage of bone tunnel enlargement of the anteroposterior diameter at the main joint aperture site 1 year postoperatively (femoral side: 15.5% ± 13.4% vs 22.1% ± 16.4%, P < .05; tibial side: 19.3% ± 17.1% vs 26.1% ± 13.7%, P < .05). The results of the pivot-shift test, IKDC grade, and Tegner score; the intensity of the tendon graft (MRI); and arthroscopic appearance were not significantly different at both follow-up periods in the 2 groups. The CaP-hybridized tendon graft improved anterior knee stability and Lysholm scores at the 2-year follow-up and improved anterior knee stability and reduced the percentage of bone tunnel enlargement in both tunnels at the 1-year follow-up compared with the conventional method for single-bundle ACL reconstruction. However, longer follow-up is needed to investigate the appearance of any increased instability.",2012,English,The american journal of sports medicine,embase,,https://doi.org/,22713551.0,https://pubmed.ncbi.nlm.nih.gov/22713551/,Mutsuzaki+effectofcalciumphosphatehybridizedtendongraftinanteriorcruci+2012,effectofcalciumphosphatehybridizedtendongraftinanteriorcruci+2012
785,786,151,Sajovic (2011),HT,"Sajovic M, Strahovnik A, Dernovsek MZ, Skaza K",Sajovic,Quality of life and clinical outcome comparison of semitendinosus and gracilis tendon versus patellar tendon autografts for anterior cruciate ligament reconstruction: an 11-year follow-up of a randomized controlled trial.,qualityoflifeandclinicaloutcomecomparisonofsemitendinosusand,"There are still controversies about graft selection for primary anterior cruciate ligament reconstruction. Prospective, randomized long-term studies are needed to determine the differences between the graft materials. Eleven years after anterior cruciate ligament reconstruction there is no difference in functional outcome and quality of life between patients with patellar tendon or hamstring tendon autografts; however, the patients with patellar tendon autograft would have a higher prevalence of osteoarthritis. Randomized controlled trial; Level of evidence, 2. From June 1999 to March 2000, 64 patients were included in this prospective study. A single surgeon performed primary arthroscopically assisted anterior cruciate ligament reconstruction in an alternating sequence. In 32 patients, anterior cruciate ligament reconstruction was performed with hamstring tendon autograft (semitendinosus and gracilis [STG] group) while in the other 32 patients the reconstruction was performed with patellar tendon autograft (PT group). At the 11-year follow-up, no statistically significant differences were seen with respect to the Lysholm score and Short Form-36, KT-1000 arthrometer laxity testing, anterior knee pain, single-legged hop test, or International Knee Documentation Committee (IKDC) classification results. Positive pivot-shift test (1+) was significantly more frequent in the PT group (P = .036). Twenty-two patients (81%) in the STG group and 18 patients (72%) in the PT group were still at their preinjury level of activity. Graft rupture occurred in 2 patients from the STG group (6%) and in 4 patients from the PT (12%). Grade B and C abnormal radiographic findings were seen in 84% (21 of 25) of patients in the PT group and in 63% (17 of 27) of patients in the STG group (P = .008). Both hamstring and patellar tendon autografts provided good subjective outcomes and objective stability at 11 years. Positive pivot-shift test (1+) was significantly more frequent in the PT group. No significant differences in the rate of graft failure were identified. Patients with patellar tendon graft had a greater prevalence of osteoarthritis at 11 years after surgery.",2011,English,The american journal of sports medicine,embase,,https://doi.org/,21712483.0,https://pubmed.ncbi.nlm.nih.gov/21712483/,Sajovic+qualityoflifeandclinicaloutcomecomparisonofsemitendinosusand+2011,qualityoflifeandclinicaloutcomecomparisonofsemitendinosusand+2011
786,787,152,Sun (2011),HT,"Sun K, Zhang J, Wang Y, Xia C, Zhang C, Yu T, Tian S",Sun,"Arthroscopic reconstruction of the anterior cruciate ligament with hamstring tendon autograft and fresh-frozen allograft: a prospective, randomized controlled study.",arthroscopicreconstructionoftheanteriorcruciateligamentwithh,"Most studies of allograft versus autograft for anterior cruciate ligament reconstruction have been of bone-patellar tendon-bone; outcome reports evaluating anterior cruciate ligament reconstruction with hamstring tendon autograft versus allograft are rare. This study was undertaken to compare the clinical outcome of arthroscopic anterior cruciate ligament reconstruction with hamstring tendon autograft versus allograft. Randomized controlled trial; Level of evidence, 2. Between 2000 and 2004, 208 patients who met the inclusion and exclusion criteria of the study were prospectively randomized into autograft (n = 104) or allograft (n = 104) groups. All hamstring tendon allografts were fresh-frozen and obtained from a single certified tissue bank. All the operations were done by the same surgeon with the same surgical technique. Femoral and tibial fixation was by means of an EndoButton and a bioabsorbable interference screw augmented with a staple, respectively. Patients were evaluated preoperatively and postoperatively. Evaluations included detailed history, physical examination, functional knee ligament testing, KT-2000 arthrometer testing, Harner vertical jump and Daniel 1-legged hop tests, Lysholm score, Tegner score, the International Knee Documentation Committee (IKDC) standard evaluation form, Cincinnati knee score, and radiographs. Of these patients, 186 (autograft, n = 91; allograft, n = 95) were available for full evaluation. Demographic data were comparable between groups. The mean follow-up was 7.8 years for both groups. There were no statistically significant differences according to the evaluations of the outcome aforementioned between the 2 groups except that patients in the allograft group had a shorter operation time than the autograft group. Seven patients (7.7%) in the autograft group and 8 (8.4%) in the allograft group had a side-to-side difference >5 mm. Eighty-five patients (93.4%) in the autograft group and 86 (90.5%) in the allograft group were normal or nearly normal according to the overall IKDC. According to the subjective IKDC, the average scores were 89 and 90 points, respectively, for the autograft and allograft groups. The mean Lysholm and Tegner scores were 89 points and 7.7 points, respectively, for the autograft group and 90 points and 7.6 points, respectively, for the allograft group. For the Cincinnati knee score, the average scores were 90 and 91 points, respectively, for the autograft and allograft groups. Both groups of patients achieved almost the same satisfactory outcome at an average of 7.8 years of follow-up. Fresh-frozen hamstring tendon allograft is a reasonable alternative choice to autograft for anterior cruciate ligament reconstruction.",2011,English,The american journal of sports medicine,embase,,https://doi.org/,21441418.0,https://pubmed.ncbi.nlm.nih.gov/21441418/,Sun+arthroscopicreconstructionoftheanteriorcruciateligamentwithh+2011,arthroscopicreconstructionoftheanteriorcruciateligamentwithh+2011
787,788,153,Stener (2010),HT,"Stener S, Ejerhed L, Sernert N, Laxdal G, Rostgård-Christensen L, Kartus J",Stener,"A long-term, prospective, randomized study comparing biodegradable and metal interference screws in anterior cruciate ligament reconstruction surgery: radiographic results and clinical outcome.",alongtermprospectiverandomizedstudycomparingbiodegradableand,"During the past decade, the use of biodegradable implants in anterior cruciate ligament surgery has increased. Poly-L-lactide acid (PLLA) interference screws would render the same clinical results but greater tunnel enlargement than metal screws 8 years after anterior cruciate ligament reconstruction using hamstring tendon (semitendinosus/gracilis) autografts. Randomized controlled trial; Level of evidence, 1. A randomized series of 77 patients, all with a unilateral anterior cruciate ligament rupture, were divided into 2 groups (PLLA and metal). In both groups, hamstring tendon autografts were used with interference screw fixation at both ends and the patients were examined with standard radiographs, Tegner activity level, Lysholm knee score, single-legged hop test, early C-reactive protein response, and KT-1000 arthrometer knee laxity measurements. The preoperative assessments in both groups were similar in terms of gender, clinical tests, and the time from injury to surgery. The patients returned for a radiographic and clinical examination a mean of 96 months (range, 78-120 months) after the index operation. The PLLA group displayed significantly larger bone tunnels on the radiographs than the metal group on the femoral side (mean, 11.4 mm [range, 0-17.8 mm] vs 8.0 mm [range, 0-16.3 mm]; P < .005) but not on the tibial side (mean, 10.7 mm [range, 7.8-14.1 mm] vs 10.5 mm [range, 0-20.3 mm]; difference not significant). At follow-up, no significant differences were found between the PLLA and metal groups in terms of knee laxity measurements (median, 1.0 mm [range, -2.0-4.0 mm] vs 1.0 mm [range, -3.0-6.5 mm]), Tegner activity level (median, 7 [range,3-9] vs 6 [range, 2-9]), or the Lysholm knee score (median, 90 points [range, 51-100] vs 89 points [range, 53-100]). The C-reactive protein values did not differ significantly between the 2 groups except for an increase in the PLLA group compared with the metal group at day 1 postoperatively-23 mg/L (range, <6-55) vs 9 mg/L (range, <6-55) (P < .001). There were significantly larger radiographically visible bone tunnels on the femoral side but not on the tibial side in the PLLA group compared with the metal group 8 years after anterior cruciate ligament reconstruction using hamstring tendon autografts. This finding did not correlate with inferior clinical results. Because of the results in the present study, the authors have discontinued the use of PLLA interference screws.",2010,English,The american journal of sports medicine,embase,,https://doi.org/,20392970.0,https://pubmed.ncbi.nlm.nih.gov/20392970/,Stener+alongtermprospectiverandomizedstudycomparingbiodegradableand+2010,alongtermprospectiverandomizedstudycomparingbiodegradableand+2010
788,789,154,Barenius (2010),HT,"Barenius B, Nordlander M, Ponzer S, Tidermark J, Eriksson K",Barenius,Quality of life and clinical outcome after anterior cruciate ligament reconstruction using patellar tendon graft or quadrupled semitendinosus graft: an 8-year follow-up of a randomized controlled trial.,qualityoflifeandclinicaloutcomeafteranteriorcruciateligament,"Randomized controlled trials after anterior cruciate ligament reconstructions with long-term follow-up including assessment of health-related quality of life are rare. To compare clinical outcome and health-related quality of life 8 years after anterior cruciate ligament reconstruction using 2 types of graft. Randomized controlled trial; Level of evidence, 1. Long-term follow-up of 164 patients with anterior cruciate ligament injury randomized to arthroscopic reconstruction with a quadrupled semitendinosus graft or a bone-patellar tendon-bone graft was undertaken. After a mean 8 years, 153 patients were available for follow-up, including instrumented laxity, 1-legged hop test, a knee-walking test, and assessment with International Knee Documentation Committee, Lysholm, Tegner, and patellofemoral pain score. Health-related quality of life was assessed with Knee Osteoarthritis Outcome Score and Short Form-36. Patients in both graft groups retained the same stability, knee function, and health-related quality of life. The patellofemoral pain score was similar for both groups; the bone-patellar tendon-bone group had more donor site morbidity from kneeling and knee walking. In the bone-patellar tendon-bone group, 19 patients had no kneeling problems, 23 slight problems, 31 moderate problems, and 5 unable to kneel. Corresponding figures for the semitendinosus group were 25, 32, 16, and 2 (P < .001). Patients with early reconstructions (<5 months) had a lower risk for meniscal injuries (37%) than did later reconstructed (62%, P = .008). Health-related quality of life regarding physical functioning in Short Form-36 was better for the early-reconstructed patients than for the later reconstructed (92 vs 85; P = .014). Patients without medial meniscal surgery had higher Knee Osteoarthritis Outcome Scores for all subscales than did patients with medial meniscal surgery, with most significant difference for sport and recreation (63 vs 75, P = .008). In the long term, the semitendinosus graft provided similar stability, knee function, and health-related quality of life but with less kneeling morbidity than did the bone-patellar tendon-bone graft.",2010,English,The american journal of sports medicine,embase,,https://doi.org/,20566719.0,https://pubmed.ncbi.nlm.nih.gov/20566719/,Barenius+qualityoflifeandclinicaloutcomeafteranteriorcruciateligament+2010,qualityoflifeandclinicaloutcomeafteranteriorcruciateligament+2010
789,790,155,Jagodzinski (2010),HT,"Jagodzinski M, Geiges B, von Falck C, Knobloch K, Haasper C, Brand J, Hankemeier S, Krettek C, Meller R",Jagodzinski,Biodegradable screw versus a press-fit bone plug fixation for hamstring anterior cruciate ligament reconstruction: a prospective randomized study.,biodegradablescrewversusapressfitboneplugfixationforhamstrin,"BACKGROUND: Press-fit fixation of a tendon graft has been advocated to achieve tendon-to-bone healing. HYPOTHESIS: Fixation of hamstring tendon grafts with a porous bone scaffold limits bone tunnel enlargement compared with a biodegradable interference screw fixation. STUDY DESIGN: Randomized controlled trial; Level of evidence, 1. Methods Between 2005 and 2006, 20 patients (17 men, 3 women) with a primary reconstruction of the anterior cruciate ligament (ACL) were enrolled in this study. Patients were randomized to obtain graft fixation in the tibial tunnel either by means of an interference screw (I) or a press-fit fixation with a porous bone cylinder (P). At 3 months after surgery, a computed tomography (CT) scan of the knee was performed, and tunnel enlargement was analyzed in the coronal and sagittal planes for the proximal, middle, and distal thirds of the tunnel. After 6 months and 1 and 2 years, radiographs of the knee in the sagittal and coronal plane were analyzed for bone tunnel widening. The International Knee Documentation Committee (IKDC), Tegner, and Lysholm scores of both groups were compared after 1 and 2 years. RESULTS: The bone tunnel enlargement determined by CT was 106.9% + or - 10.9% for group P and 121.9% + or - 9.0% for group I (P < .02) in the anteroposterior (AP) plane and 102.8% + or - 15.2% versus 121.5% + or - 10.1% in the coronal plane (P <.01). The IKDC, Tegner, and Lysholm scores improved in both groups from preoperatively to postoperatively without significant differences between the 2 groups. There was a trend to higher knee stability in group P after 3 months (0.6 + or - 1.4 mm vs 1.8 + or - 1.5 mm; P = .08). CONCLUSION: Both interference screw and a press-fit fixation lead to a high number of good or very good outcomes after ACL reconstruction. Tibial press-fit fixation decreases the amount of proximal bone tunnel enlargement.",2010,English,The american journal of sports medicine,embase,,https://doi.org/,20044497.0,https://pubmed.ncbi.nlm.nih.gov/20044497/,Jagodzinski+biodegradablescrewversusapressfitboneplugfixationforhamstrin+2010,biodegradablescrewversusapressfitboneplugfixationforhamstrin+2010
790,791,156,Holm (2010),HT,"Holm I, Oiestad BE, Risberg MA, Aune AK",Holm,No difference in knee function or prevalence of osteoarthritis after reconstruction of the anterior cruciate ligament with 4-strand hamstring autograft versus patellar tendon-bone autograft: a randomized study with 10-year follow-up.,nodifferenceinkneefunctionorprevalenceofosteoarthritisafterr,"BACKGROUND: The choice of different graft types and surgical techniques used when reconstructing a torn anterior cruciate ligament may influence the long-term prevalence of osteoarthritis and functional outcomes. HYPOTHESIS: There are no differences in the prevalence of knee osteoarthritis or knee function in patients undergoing reconstruction of a torn anterior cruciate ligament with 4-strand hamstring autograft versus patellar tendon-bone autograft. STUDY DESIGN: Randomized controlled trial; Level of evidence, 1. METHODS: Seventy-two patients with subacute or chronic rupture of the anterior cruciate ligament were randomly assigned to autograft reconstruction with 4-strand gracilis and semitendinosus tendon (HAM) (N = 37) or with patellar tendon-bone (PTB) (N = 35) from the ipsilateral side. Outcome measurements were the Cincinnati knee score, single-legged hop tests, isokinetic muscle strength tests, pain, knee joint laxity test (KT-1000 arthrometer), and a radiologic evaluation (Kellgren and Lawrence) at 10-year follow-up. RESULTS: At 10 years, 57 patients (79%) were eligible for evaluation-29 in the HAM group and 28 in the PTB group. No differences were found between the 2 graft groups with respect to the Cincinnati knee score, the single-legged hop tests, pain, muscle strength measurements, or knee joint laxity. Fifty-five percent and 64% of the patients had osteoarthritis corresponding to Kellgren and Lawrence grade 2 or more in the HAM and the PTB groups, respectively (P =.27). For the uninvolved knee, the corresponding numbers were 28% and 22% (P = .62). CONCLUSION: At 10 years postoperatively, no statistically significant differences in clinical outcome between the 2 graft types were found. The prevalence of osteoarthritis was significantly higher in the operated leg than in the contralateral leg, but there were no significant differences between the 2 groups. The results indicate that the choice of graft type after an anterior cruciate ligament injury has minimal influence on the prevalence of osteoarthritis 10 years after surgery.",2010,English,The american journal of sports medicine,embase,,https://doi.org/,20097928.0,https://pubmed.ncbi.nlm.nih.gov/20097928/,Holm+nodifferenceinkneefunctionorprevalenceofosteoarthritisafterr+2010,nodifferenceinkneefunctionorprevalenceofosteoarthritisafterr+2010
815,816,181,,QT,,,Effects of Early Rehabilitation Using Blood Flow Restriction and/or Surface Electromyography Biofeedback on Quadriceps Activation and Strength After Anterior Cruciate Ligament Reconstruction: A Multicenter Randomized Controlled Trial,effectsofearlyrehabilitationusingbloodflowrestrictionand/ors,"Brief SummaryMany patients experience quadriceps inhibition after anterior cruciate ligament (ACL) reconstruction, delaying strength recovery, hindering return to sport, and potentially increasing the risk of re-injury. Two rehabilitation strategies-low-load blood flow restriction (BFR) training and surface electromyography (sEMG) biofeedback-aim to enhance neuromuscular activation and strength while limiting joint load. However, comparative and combined evidence in pragmatic, multicenter settings remains limited. AMIRACL is a multicenter, prospective, randomized, controlled, parallel-group trial with four arms enrolling 200 adults (18-35 years) undergoing a first-time ACL reconstruction. Participants are randomized with center stratification; outcome assessors are blinded to allocation. The four groups are: (1) standard rehabilitation; (2) standard + early BFR; (3) standard + early sEMG biofeedback; and (4) standard + combined BFR and sEMG biofeedback. Interventions begin about 2 weeks postoperatively, are delivered over 6 weeks at three supervised sessions per week, and are integrated into contemporary ACL rehabilitation. BFR uses individualized, auto-regulated cuff pressure during low-load isometric and then dynamic exercises. sEMG biofeedback provides real-time visual and/or auditory feedback to optimize quadriceps recruitment during targeted tasks. The combined arm receives both modalities concurrently. The primary objective is to compare quadriceps activation (sEMG) and maximal isometric knee extensor strength between groups at 3 and 6 months. Secondary objectives include return-to-sport readiness and patient-reported function (e.g., ACL-RSI, IKDC), broader knee outcomes (e.g., KOOS, Lysholm), adherence and adverse events across arms, and ACL re-injury (ipsilateral graft rupture or contralateral ACL injury) within 2 years. Longer-term patient-reported quality of life is explored up to 5 years. Key eligibility criteria include age 18-35 years, first ACL reconstruction, and preinjury sport participation; major exclusions include revision ACL surgery, concomitant multi-ligament repair, neuromuscular disorders, and contraindications to BFR or sEMG. The planned sample size is 200 (50 per arm), powered to detect a clinically meaningful between-group difference in quadriceps activation. Analyses will follow the intention-to-treat principle using mixed-effects models for repeated measures. The study is conducted under Good Clinical Practice and applicable Swiss regulations; all participants provide written informed consent. Overall, AMIRACL will determine whether early BFR, sEMG biofeedback, or their combination meaningfully improves quadriceps activation, strength, and clinical recovery after ACL reconstruction compared with standard rehabilitation alone.",2025,English,Clinicaltrials.gov,embase,,https://doi.org/,,,,effectsofearlyrehabilitationusingbloodflowrestrictionand/ors+2025
817,818,183,,QT,,,Extended Post-Operative Oral Tranexamic Acid Dosing After ACL Reconstruction: A Multicenter Randomized Controlled Trial,extendedpostoperativeoraltranexamicaciddosingafteraclreconst,"Brief SummaryThis is a prospective, multi-center, randomized, double-blind, placebo-controlled trial evaluating the efficacy of oral tranexamic acid (TXA) in improving postoperative outcomes following anterior cruciate ligament reconstruction (ACLR) using patellar tendon autograft in adolescent and young adult patients. A total of 100 patients, aged 14 to 22 years and undergoing eligible ACLR, will be enrolled across multiple participating sites. Eligible participants will be randomized 1:1 to receive either oral TXA (1.95 g per day, divided into three 650 mg capsules) or placebo (microcrystalline cellulose) once daily from postoperative day 1 to 10, in addition to standard intraoperative care. All participants will receive 1 g IV TXA prior to incision and 1 g IV TXA at closure, per standard surgical protocol. The primary outcome is improvement in postoperative pain, as measured by the Visual Analog Scale (VAS). Secondary outcomes are knee range of motion, quadriceps strength, isokinetic strength, time to straight leg raise, time to return to sport, International Knee Documentation Committee score, Lyshom score, and morphine milligram equivalents. Participants will be followed through routine postoperative visits at the participating institutions out to one year with a phone call for patient reported outcomes at 2 years.Detailed DescriptionThis multi-center, prospective, randomized, double-blind, placebo-controlled clinical trial is designed to evaluate the effect of oral tranexamic acid (TXA) on postoperative outcomes following anterior cruciate ligament reconstruction (ACLR) using bone-tendon-bone (BTB) autograft in adolescent and young adult patients. Background: Tranexamic acid is a synthetic antifibrinolytic agent that competitively inhibits plasminogen activation, helping to reduce bleeding. IV TXA is routinely used during orthopedic procedures, including ACLR, and has been shown to reduce intraoperative blood loss. However, the benefit of extending antifibrinolytic coverage with oral TXA in the early postoperative period has not been well studied in this population. This trial aims to investigate whether a 10-day postoperative course of oral TXA improves pain and recovery outcomes following ACLR. Study Design: Participants will be randomized in a 1:1 ratio to receive either oral TXA or a placebo. Randomization will be conducted using computer-generated allocation. Both the participants and the study team will remain blinded to group assignment. Group A (Placebo): Participants will receive 10 doses (30 capsules total) of microcrystalline cellulose (placebo), to be taken daily from postoperative day (POD) 1 through POD 10. Group B (Oral TXA): Participants will receive 10 doses (30 capsules total) of oral TXA, dosed at 1.95 g per day (650 mg per capsule, 3 capsules daily) from POD 1 through POD 10. All participants will receive standard intraoperative care, including 1 gram IV TXA prior to skin incision and an additional 1 gram IV TXA at surgical closure. Postoperative pain management will be administered per standard clinical practice and at the discretion of the treating surgical team. Patient Population: The study will enroll 100 patients aged 14 to 22 years undergoing isolated ACLR with a BTB autograft at Campbell Clinic Surgery Center and collaborating study sites. Study Procedures: Eligible patients will be identified via chart review and approached in clinic or via phone. Informed consent (and assent where applicable) will be obtained during a routine preoperative visit. Baseline data will be collected, including demographics and medical history. Participants will then be randomized and provided with study medication (oral TXA or placebo) to begin on POD 1. Outcomes: The primary outcome is improvement in postoperative pain, as measured by the Visual Analog Scale (VAS). Secondary outcomes are knee range of motion, quadriceps strength, isokinetic strength, time to straight leg raise, time to return to sport, International Knee Documentation Committee score, Lyshom score, and morphine milligram equivalents. Blinding and Allocation: All capsules will be identical in appearance and packaging to maintain blinding. Randomization will be performed centrally and allocation concealed. Study staff, treating physicians, and patients will remain blinded until data analysis. Safety Monitoring: Participants will be monitored for adverse events throughout the study period. TXA is generally well tolerated but may pose thrombotic risk in susceptible individuals; exclusion criteria are designed to minimize this risk. The study team will report any serious adverse events (SAEs) to the IRB per institutional guidelines. The study is powered to detect clinically meaningful differences in VAS scores, with a planned enrollment of 50 patients per group, allowing for a 20% loss to follow-up. This trial aims to clarify the role of extended postoperative oral TXA in reducing inflammation, pain, and bleeding in young ACLR patients, potentially offering a low-cost adjunct to current perioperative care.",2025,English,Clinicaltrials.gov,embase,,https://doi.org/,,,,extendedpostoperativeoraltranexamicaciddosingafteraclreconst+2025
818,819,184,,QT,,,Low Level Laser Therapy Versus Short Wave Diathermy in Patients With Anterior Cruciate Ligament Tear,lowlevellasertherapyversusshortwavediathermyinpatientswithan,"Brief SummaryThis clinical research study is comparing two non-surgical treatments-Low-Level Laser Therapy (LLLT) and Short Wave Diathermy (SWD)-to see which is more effective for people with a partial tear of the anterior cruciate ligament (ACL) in the knee. The ACL is a key ligament that helps keep the knee stable during movement. When partially torn, it can cause pain, weakness, and difficulty with walking or physical activities. LLLT, also called photobiomodulation, is a painless, light-based therapy that helps reduce swelling, relieve pain, and promote healing. SWD is a type of deep heat therapy commonly used in physiotherapy to improve circulation and tissue repair. This study will include 72 patients between 20 and 40 years old who have been diagnosed with a partial ACL tear through MRI. All participants will receive standard physiotherapy exercises and SWD, while half will also receive LLLT. The study aims to find out if adding LLLT can: Reduce knee pain Improve knee muscle strength Help patients perform daily activities more easily Each participant will be monitored for 6 weeks, with check-ins at the start, the 3rd week, and the 6th week. Pain levels, muscle strength, and knee function will be measured using reliable assessment tools. The results of this study may help guide better treatment options for people with ACL injuries who want to avoid surgery.Detailed DescriptionBackground \& Rationale: Partial anterior cruciate ligament (ACL) tears are frequent orthopedic injuries, particularly among young adults involved in sports requiring rapid pivoting or directional changes. These injuries often result in pain, instability, muscular weakness, and functional limitations. While complete ACL tears often necessitate surgical reconstruction, partial tears are typically managed with conservative approaches such as physiotherapy and adjunctive non-invasive therapies. Low-Level Laser Therapy (LLLT), or photobiomodulation, is a non-thermal modality that promotes tissue healing through light-induced cellular stimulation. It has shown beneficial effects in reducing inflammation and pain across various musculoskeletal conditions. However, there is limited high-quality evidence evaluating its specific effects on partial ACL injuries or how it compares to widely used modalities like Short Wave Diathermy (SWD). Study Design and Methodology: This is a single-blinded, randomized controlled trial enrolling 72 participants aged 20-40 years with MRI-confirmed partial ACL tears. Participants are randomly assigned (n=36 each) into two groups: Group A (LLLT + SWD + Physiotherapy): Receives Low-Level Laser Therapy in addition to standard physiotherapy and short wave diathermy Group B (SWD + Physiotherapy): Receives standard physiotherapy and short wave diathermy only LLLT Protocol: Wavelength: 830 nm Power Output: 150 mW Power Density: 5 W/cm² Frequency: 2-3 sessions per week for 6 weeks Application Time: 3-4 minutes per treatment site (targeting multiple anatomical points around the knee) Standard Physiotherapy for Both Groups: Exercises: Heel slides, partial knee bends, quadriceps sets, step-ups Repetitions: 2 sets of 10, with 3-5 second rest intervals Short Wave Diathermy Protocol (Both Groups): Frequency: 27.12 MHz Duration: 20-30 minutes per session Application: 2-3 sessions over baseline phase Outcome Measures: Assessments will be conducted at baseline, 3rd week, and 6th week using validated clinical tools: Pain: McGill Pain Questionnaire Muscle Strength: Handheld dynamometer (quadriceps/hamstrings) Functional Disability: KOOS (Knee Injury and Osteoarthritis Outcome Score) Blinding and Randomization: Random allocation via computerized random number generation Single-blinded: Outcome assessors blinded to group assignment Ethical Approval and Consent: Approved by the Ethical Review Committee at the University of Lahore Informed written consent obtained from all participants Privacy and confidentiality strictly maintained Expected Impact: This study aims to provide evidence on whether LLLT offers superior clinical outcomes in pain relief, strength enhancement, and functional recovery compared to SWD in the conservative management of partial ACL injuries. The findings may help refine treatment protocols, promote cost-effective and non-invasive rehabilitation options, and guide physiotherapists in evidence-based practice.",2025,English,Clinicaltrials.gov,embase,,https://doi.org/,,,,lowlevellasertherapyversusshortwavediathermyinpatientswithan+2025
819,820,185,,QT,,,Knee Extensors Activation Device Versus Rolled Towel for Early Quadriceps Activation After ACL Reconstruction: Protocol for a Randomized Controlled Trial,kneeextensorsactivationdeviceversusrolledtowelforearlyquadri,"Brief SummaryThe goal of this clinical trial is to learn if a novel Knee Extensors Activation (KEA) device can improve quadriceps muscle activation in adults after anterior cruciate ligament (ACL) reconstruction surgery. The study focuses on adults aged 18-45 years undergoing primary unilateral ACL reconstruction, a population commonly affected by this injury. The main questions it aims to answer are: Does using the KEA device lead to greater quadriceps muscle activation (measured via EMG) by postoperative Day 5 compared to standard care using a rolled towel? Does the KEA device improve early knee function, reduce pain, and decrease fear of movement compared to the towel method? Researchers will compare participants using the KEA device versus a control group using the conventional rolled towel during early postoperative rehabilitation to see if the KEA device provides better outcomes. Participants will: Begin quadriceps strengthening exercises on the first day after ACL surgery. Be randomly assigned to use either the KEA device or a rolled towel for isometric quadriceps exercises. Perform 3 sets of 10 repetitions of knee extension exercises, twice daily for 5 consecutive days. Undergo assessment of quadriceps EMG activation and complete questionnaires (KOOS, IKDC, TSK, and VAS) on Day 5.Detailed DescriptionBACKGROUND Rupture of the anterior cruciate ligament (ACL) and its surgical reconstruction are followed by substantial deficits in quadriceps muscle function. In the early postoperative period, reflexive inhibition of the quadriceps, known as arthrogenic muscle inhibition (AMI), leads to drastically reduced voluntary muscle activation. Quadriceps activation failure contributes to weakness, which is concerning since quadriceps strength is strongly related to knee function and stability. Without effective intervention, patients can experience persistent strength deficits, delayed functional recovery, and even altered knee biomechanics due to inadequate quadriceps activation. Notably, one study reported that by 2 weeks after ACL reconstruction, the electromyographic (EMG) activation amplitude of the vastus medialis was less than 50% of normal levels, highlighting the severity of early postoperative quadriceps inhibition. Early rehabilitation therefore prioritizes reactivation of the quadriceps. Standard ACL rehabilitation protocols universally include quadriceps setting exercises beginning immediately after surgery. Quadriceps setting is an isometric contraction of the knee extensors (quadriceps) with the knee in extension, often performed with a rolled towel or bolster placed under the knee to provide a slight knee flexion angle and a target to press down against. This simple exercise is aimed at recruiting the quadriceps muscle and counteracting AMI as soon as possible. Clinical guidelines and expert consensus recommend initiating such isometric quadriceps contractions on post-op day 1 to restore active knee extension and prevent loss of motion. The conventional method using a rolled towel under the knee is easy and requires no special equipment; however, it provides minimal feedback to the patient. The patient or therapist typically counts repetitions, and the assessment of contraction quality (e.g. how hard the muscle is engaging) is largely subjective. Enhancing feedback during early exercises may improve quadriceps muscle recruitment. Prior studies have shown that adjunctive biofeedback modalities can significantly improve quadriceps activation and outcomes in early ACL rehabilitation. For example, it's demonstrated that adding electromyographic biofeedback (visual EMG signal feedback) to standard exercises in the first weeks after ACL reconstruction led to greater quadriceps EMG output and better knee extension range than exercise alone. Similarly, neuromuscular electrical stimulation (NMES) is often used alongside exercise to help activate the quadriceps, with evidence that combined NMES and exercise yields stronger quadriceps than exercise alone in the early phase post-ACL. These findings underscore the importance of maximizing muscle activation through innovative rehabilitation strategies during the vulnerable immediate postoperative period. The Knee Extensors Activation (KEA) Device was developed to address the need for objective feedback and standardization in early quadriceps rehabilitation. The KEA device is a novel, portable tool consisting of an inflatable cushion, a hand-held air pump, an integrated pressure gauge, and a digital repetition counter. The inflatable cushion (placed under the patient's knee) provides resistance during isometric contraction, similar to a rolled towel but with adjustable pressure. The built-in pressure gauge displays the pressure inside the cushion, and is equipped with sensor markers that indicate when a full contraction (sufficient pressure threshold) is achieved. When the patient contracts the quadriceps and presses the knee down on the cushion, a pressure indicator moves; reaching the end-range sensor triggers the digital counter to register a successful repetition. The counter only increments when the pressure has risen above a preset threshold (indicating an adequate contraction) and then returns to baseline, ensuring that only correct, full-effort repetitions are counted. By providing visual feedback of pressure and an automatic rep count, the device aims to engage the patient and encourage maximal activation of the quadriceps with each contraction. In doing so, it standardizes the quad set exercise and reduces reliance on the therapist's subjective judgment of effort or on the patient's inconsistent self-monitoring. It's hypothesized that using the KEA device in the first week after ACL reconstruction will result in greater quadriceps muscle activation compared to the conventional rolled towel method. It's further hypothesized that patients using the device will report equal or better early functional outcomes, such as reduced pain and kinesiophobia, due to potentially greater confidence in knee contraction and improved knee extension ability. This paper presents the protocol for a two-arm randomized controlled trial designed to test these hypotheses. The trial's primary objective is to compare the quadriceps muscle EMG amplitude during a maximal contraction on day 5 post-surgery between patients trained with the KEA device versus those performing standard care (towel under knee). Secondary objectives include comparing patient-reported outcomes (knee function, pain, and fear of movement) between the two groups at the end of the intervention. We anticipate that the findings will provide evidence on whether an inexpensive, feedback-enhanced device can improve early ACL rehabilitation outcomes, which could have implications for standard postoperative care. METHODS/DESIGN Study Design and Setting This study is a single-centre, two-arm randomized controlled trial (RCT) employing parallel groups, conducted at a tertiary-care orthopedic hospital. Participants will be enrolled during their inpatient stay following ACL reconstruction. The study design aligns with SPIRIT guidelines for clinical trial protocols, and reporting will adhere to CONSORT standards. Ethical approval has been bending for review process at the Scientific Research Ethics Committee at Jouf University. All participants will provide informed consent prior to enrollment. Figure 6 illustrates the participant flow from recruitment and eligibility screening through randomization, intervention allocation (KEA device versus rolled towel), and subsequent outcome assessments performed at Day 5 postoperatively. Participants Inclusion criteria involes Adults aged 18-45 years undergoing primary unilateral ACL reconstruction surgery are eligible for the trial. Participants must be within this age range to capture young to middle-aged adults (who are most commonly affected by ACL injuries) and to ensure a relatively homogeneous activity level. They must be undergoing a primary (first-time) ACL reconstruction on one knee (either autograft or allograft, any surgical technique) and be willing and able to participate in postoperative rehabilitation. All participants are required to provide informed consent and comply with the study procedures for the 5-day inpatient intervention and assessments. Exclusion criteria covers patients will be excluded if they have any condition that could confound the rehabilitation or outcomes. This includes those undergoing bilateral knee surgery (simultaneous both knees, which would make the rehabilitation protocol and EMG measures incomparable), any significant neuromuscular disorder or cognitive impairment that would interfere with performing the exercises or following instructions, or any history of major lower limb surgery in the past year (aside from the current ACL surgery) that could affect muscle function (e.g. recent fractures or surgeries on the involved leg). Patients with concomitant ligament injuries requiring additional extensive repair (other than minor meniscal trim or minor collateral ligament repair) may also be excluded to maintain a relatively uniform rehabilitation course. Table 1 summarizes the inclusion and exclusion criteria. Sample size would include a target sample of 40 participants (20 per group) has been set. A priori power analysis was performed based on detecting a difference in quadriceps EMG activation between groups at Day 5. We drew on prior research of early quadriceps facilitation: for example, Christanell et al. reported significantly greater vastus medialis EMG output in an EMG-biofeedback group versus controls at 6 weeks post-ACL,5 even with a total sample of 16 patients. Given that finding, we conservatively anticipate a moderate to large effect size for the difference in EMG amplitude at 5 days using the KEA device. Assuming a between-group difference of approximately 15-20% in normalized EMG amplitude (device vs control) with a standard deviation of \~15% (based on variability observed in similar EMG studies),3 we estimate that 16 participants per group would provide 80% power at α=0.05 (two-tailed) to detect a statistically significant difference. Our chosen sample of 20 per group (\~40 total) accounts for potential drop-outs or exclusions. The hospital where the trial is conducted performs a high volume of ACL reconstructions, facilitating recruitment of 40 patients within the planned enrollment period (approximately 6-8 months). Participants will be withdrawn from the study if they cannot complete the intervention due to medical complications or if they request to withdraw; replacements will be recruited until the target sample size is reached. Randomization: After confirming eligibility and obtaining consent, participants will be randomly assigned to either the KEA Device group or the Towel group in a 1:1 ratio. Randomization will be performed using a computer-generated random sequence with random block sizes (to ensure concealment and balance). Allocation will be concealed in opaque sealed envelopes prepared by an independent researcher not involved in patient recruitment or treatment. On the morning of postoperative Day 1 (the day after surgery), the treating physiotherapist will open the envelope to reveal the group assignment. Due to the nature of the intervention, blinding of participants and treating therapists is not possible, patients will know whether they are using the device or a towel, and therapists must instruct accordingly. However, to minimize bias, the outcome assessor (the physiologist conducting the Day 5 EMG tests and administering questionnaires) will be blinded to group allocation. Participants will be instructed not to reveal which training method they used, and the device or towel will not be present during outcome assessments. Intervention Protocol Both groups will receive a structured quadriceps exercise protocol starting on Postoperative Day 1 (within \~24 hours after surgery) and continuing through Day 5. This corresponds to the typical inpatient period for post-ACL recovery at our institution (patients are kept for intensive physiotherapy and monitoring during the first 5 days). The intervention consists of two supervised exercise sessions per day (morning and afternoon), for a total of 10 sessions over 5 days. Each session focuses on isometric quadriceps contractions (quadriceps setting exercises), performed as 3 sets of 10 repetitions. For each repetition, the patient is instructed to ""tighten your thigh muscle and push the back of your knee down"" as hard as possible, hold the contraction for 5 seconds, then relax for 5 seconds before the next repetition. After 10 repetitions, a longer rest of 1 minute is given before starting the next set. This dosage (3×10 reps, 5 s hold) is consistent with common early-phase ACL rehab protocols 6 and is intended to provide sufficient activation stimulus without fatiguing the freshly operated limb excessively. A physiotherapist will supervise all sessions to ensure proper technique and safety. In this study, the intervention protocol varies primarily in the exercise setup and feedback mechanisms between groups. KEA Device Group participants perform quadriceps setting exercises in a long-sitting position using the patented Knee Extensors Activation (KEA) device. The operated knee rests in approximately 20° flexion over an inflatable cushion secured to a stable 8-shaped base. The cushion is inflated to a comfortable level using a hand pump (Figure 4), allowing pressure adjustment to match the patient's rehabilitation stage. During contraction, the patient presses the knee into the cushion, generating internal pressure that moves a dial indicator on the device's panel-mounted gauge. The gauge has two sensor thresholds-midpoint and end-range-used to assess contraction quality. A digital counter records a repetition only when the pressure reaches the upper sensor and subsequently returns below the midpoint, ensuring a complete contraction-relaxation cycle. This feedback mechanism standardises repetition quality and encourages maximal quadriceps activation (Figures 1-3). During each session, the physiotherapist provides verbal cues, verifies 5-second contraction holds, and monitors progress via the counter. Minimal manual support may be given, but no adjunct devices are used. Between sets, the patient rests and adjusts for comfort. The device is removed post-session. Figure 5 illustrates a typical clinical application of the KEA device. By contrast, the Towel Group (Control) follows the same exercise protocol, three sets of 10 repetitions with 5-second holds, but uses a rolled towel (10-15 cm diameter) under the knee. The patient is instructed to press the knee down onto the towel while the therapist provides verbal feedback and manually counts repetitions. Unlike the KEA group, there is no objective feedback or automated counting. Repetitions are recorded based on visible effort, even if suboptimal, reflecting standard clinical practice. All other elements-frequency, therapist supervision, positioning, and adjunct treatments (e.g. cryotherapy, mobilisation)-are consistent between groups to isolate the effect of feedback and measurement modality. A summary of the intervention protocol for both groups is presented in Table 2. This table outlines the exercise dosage (frequency, sets, reps), duration, and the distinguishing features (use of KEA device vs towel) Outcome Measures All outcome assessments will be conducted on Day 5 postoperatively, immediately following the final intervention session. This time point was selected to capture the acute effects of the 5-day quadriceps training programme. An experienced assessor, blinded to group allocation, will perform all measurements in a clinical rehabilitation setting. Participants will be familiarised with the procedures to ensure consistent and maximal effort. The primary outcome is quadriceps activation, quantified by surface electromyography (EMG) amplitude of the rectus femoris, vastus medialis and vastus lateralis. EMG amplitude, a validated proxy for muscle activation, reflects motor unit recruitment during contraction. Testing will be conducted in long sitting with the knee supported by a rolled towel (identical for both groups to avoid bias). Participants will perform three 5-second maximal isometric contractions, with 30 seconds rest between trials. Standard Ag/AgCl electrodes will be placed per SENIAM guidelines, and signals will be sampled at 1000 Hz with a 20-450 Hz band-pass filter. Root-mean-square (RMS) EMG will be computed over a steady 3-second segment, and the highest amplitude from the three trials will be recorded. Data will be normalised to the contralateral leg's Day 5 activation, assuming symmetrical capability; if unreliable, raw values will be analysed with body mass index as a covariate. A composite activation score may be derived from the mean of the three muscles. This measure enables between-group comparison in voluntary muscle activation. Additional qualitative markers such as knee extension capacity and muscle tremor during contraction will be noted. As quadriceps activation failure is known to impair functional recovery, even early improvements in EMG may hold clinical relevance. Secondary outcomes include knee-specific function, pain and psychological readiness, all assessed on Day 5. The Knee Injury and Osteoarthritis Outcome Score (KOOS) evaluates pain, symptoms, ADL, sport and quality of life (0-100 per subscale), widely used in ACL populations. We expect limited change by Day 5 but will explore pain and symptom subscales for potential group differences. The Tampa Scale of Kinesiophobia (TSK) assesses fear of movement, a known barrier in ACL rehabilitation. The TSK may reflect whether real-time feedback from the KEA device influences early confidence. Since early kinesiophobia can hinder recovery, this measure will help evaluate psychological impact. IKDC Subjective Knee Form, a global measure of knee function (0-100), complements KOOS by capturing symptoms and performance.While some sport-related items may be less applicable at this early stage, IKDC still offers insight into initial recovery. Pain will be measured using a 10 cm Visual Analogue Scale (VAS), capturing both average rest pain and peak pain during exercises. As pain can limit muscle recruitment, group comparisons will determine whether the KEA protocol affects perceived discomfort. All questionnaires (KOOS, TSK, IKDC and VAS) will be completed on Day 5 before EMG testing to avoid influence from muscular effort. Responses will be collected electronically or on paper. In cases where data cannot be obtained (e.g. due to language or cognitive limitations), these will be recorded as missing, although such participants are generally excluded. Table 3 provides an overview of all outcomes and their respective instruments. Data Collection and Management Demographic data (age, sex, BMI, activity level, etc.) and surgical details (graft type, any concomitant injuries) will be recorded at baseline from medical records. During the 5-day intervention, therapy logs will document session attendance, any missed reps or issues, and any adverse events (e.g. intense pain, device problems). The digital counter readings from the KEA device group will be noted to verify compliance (each session should have 30 counts if fully completed). In the towel group, therapists will similarly log that 3 sets of 10 were attempted. Any deviations (e.g. patient could only do 2 sets due to fatigue) will be documented. Outcome data on Day 5 will be recorded on case report forms and then entered into a secure database by a data manager blinded to allocation. EMG data will be stored electronically; the EMG signals will be analyzed offline by a blinded analyst who labels the files by code (so as not to know group). We will average the EMG results from the three quadriceps muscles or analyze them separately depending on distribution; primarily, we expect all three to change in the same direction. The database will be checked for errors and locked after entry. We plan to de-identify and share the dataset underlying the results upon publication, in line with open science practices. Statistical Analysis All analyses will follow the intention-to-treat principle, including all participants in the groups to which they were randomized, regardless of adherence (as long as outcome data are available). Descriptive statistics will summarize baseline characteristics by group to check for any chance imbalances (though randomization should prevent systematic differences). The primary outcome (quadriceps EMG amplitude, e.g. % of reference) will be compared between the KEA and Towel groups using an independent-samples t-test if the data are approximately normally distributed. If the distribution is skewed or variances unequal, we will use a non-parametric Mann-Whitney U test. A repeated-measures or ANCOVA analysis will also be performed if a baseline measure of activation becomes available (for instance, if we consider the contralateral leg as baseline activation, we could use a paired comparison; however, our primary analysis is the between-group comparison at Day 5). Additionally, the three muscles' EMG values may be analyzed using a multivariate approach (MANOVA) to see if there is a consistent group effect across all heads of the quadriceps. For secondary outcomes (KOOS subscales, IKDC, TSK, VAS), group comparisons will similarly be made with t-tests or non-parametric equivalents. Given the exploratory nature of secondary outcomes at this early time point, adjustment for multiple comparisons for these outcomes will not be applied, but the findings will be interpreted cautiously. Categorical variables (if any) will be compared with Chi-square or Fisher's exact test. Effect sizes (Cohen's d or rank-biserial for non-parametric) will be calculated to quantify the magnitude of differences. A subgroup or exploratory analysis may be conducted to see if outcomes differ by gender or by graft type, though the sample is likely too small to draw firm conclusions on subgroups. No interim analyses are planned due to the short intervention and follow-up duration. Missing data: Minimal missing data is anticipated since the outcome assessment is at day 5 in a controlled setting. If a participant misses the day 5 assessment (e.g. due to early discharge or complication), we will attempt to have them return within 1-2 days for testing. If data remain missing, we will not impute primary outcomes (given short-term, we will likely treat it as missing and only analyze available cases). However, sensitivity analyses using last observation carried forward (not really applicable as no prior measure) or assuming worst-case for missing may be done to ensure results are robust. Safety and Monitoring The intervention (isometric muscle contractions) is low-risk. All patients are routinely prescribed similar exercises after ACL surgery, so no additional risk from participation is expected beyond standard care. Use of the KEA device does not involve electricity or invasive components, and it has been tested for safety (the cushion pressure used is well below any level that could cause harm; the device is sturdy and stable under the knee). Participants will be monitored for any adverse events such as excessive pain, popping sensations, or swelling increases during exercises. If any participant experiences concerning pain or adverse signs, they will pause exercises and if needed withdraw from the intervention (but still be followed for outcome if possible). A Data Safety Monitoring Officer (an independent senior physiotherapist) will periodically review the log of any adverse events. Given the short timeframe, formal interim analysis for efficacy is not applicable, but safety monitoring is continuous. All investigators and therapists will maintain protocol adherence, and any protocol modifications will be communicated to the ethics committee and updated in the trial registry. Discussion Quadriceps weakness and impaired activation continue to present a major challenge during the early stages of ACL rehabilitation.The KEA device introduces a novel solution by delivering real-time feedback and objective monitoring during a foundational exercise, quadriceps setting. To our knowledge, this is the first study to rigorously compare a device-assisted training method with the conventional approach in the immediate postoperative phase. Its randomised controlled design strengthens internal validity by isolating the effect of the feedback mechanism. Both groups follow an identical exercise protocol, enabling direct comparison of EMG amplitude, the primary outcome and mechanistic marker of neuromuscular activation. Measuring EMG on Day 5 allows us to capture early training effects; even modest improvements at this stage could be significant, as conventional rehabilitation often fails to elicit full quadriceps activation weeks after surgery. If the KEA device enhances EMG activation by Day 5, it may indicate early neuromuscular benefit, possibly translating to better strength recovery and earlier functional milestones. However, a lack of between-group difference would suggest either sufficient efficacy of standard care or that a longer intervention duration is required. The short follow-up period is a limitation, and while the study is not designed to assess long-term outcomes, promising findings would warrant future trials with extended observation to explore whether early gains influence 1-3 month recovery trajectories. Although patients are permited to continue exercises after discharge, the unsupervised nature of post-study activity limits conclusions beyond the controlled 5-day period. A further consideration is blinding and expectancy bias. The KEA group may benefit from motivational effects linked to the novelty and feedback of the device. While therapist contact are matched across groups, the study is not sham-controlled. Nevertheless, the EMG outcome-being objective and assessor-blinded, mitigates expectancy bias. We acknowledge the KEA group may be partially ""trained to the test"" due to exposure to biofeedback, but increased EMG implies true physiological activation, not just improved performance. Another factor influencing generalisability is the protocol's reliance on a 5-day inpatient setting, which may not be feasible in all healthcare systems. However, the KEA device is portable and user-friendly, allowing for potential adaptation to outpatient or home settings with appropriate instruction. The feasibility of such remote protocols merits future exploration. The inclusion of early patient-reported outcomes such as KOOS, IKDC, TSK and VAS adds valuable insight. For instance, reduced TSK scores in the KEA group may suggest enhanced confidence from observing feedback, potentially mitigating early kinesiophobia. Since fear of re-injury can hinder long-term adherence, this early psychological signal is clinically relevant. Pain responses will be monitored carefully, although both groups perform low-load exercises. Pressure discomfort with the device can be mitigated by adjusting inflation, and pilot testing indicated good tolerance. Although NMES or cryotherapy are not incorporated, commonly used to reduce AMI, this was intentional to isolate the KEA device's mechanical feedback effect. If proven effective, the device may serve as a low-cost, scalable adjunct or alternative to NMES, especially in low-resource settings. Unlike NMES, the KEA requires active effort, potentially enhancing volitional control and neuromuscular retraining. In summary, this study targets a critical gap in ACL rehabilitation by evaluating whether a simple feedback-based device can facilitate early quadriceps activation. Demonstrating measurable EMG gains within days could support broader adoption of the KEA device and similar technologies, particularly where traditional methods fall short. Conversely, null results would inform current practice and refine future interventions. Findings will be disseminated through peer-reviewed publication and academic conferences, and shared with clinical teams to guide practice. Informal participant feedback will inform device refinement. If validated, the KEA device could be extended beyond ACL recovery, benefiting early rehabilitation in other knee pathologies such as patellar fractures or joint replacements. Additionally, by standardising effort and enabling objective tracking, it holds promise for improving both clinical outcomes and rehabilitation research design. Ultimately, this study will assess whether integrating a real-time feedback tool into early ACL rehab can enhance recovery beyond traditional methods.",2025,English,Clinicaltrials.gov,embase,,https://doi.org/,,,,kneeextensorsactivationdeviceversusrolledtowelforearlyquadri+2025
820,821,186,,QT,,,Brain-Computer Interface Visualization Training to Optimize Muscle Activation Following Orthopaedic Surgery: A Blinded Randomized Controlled Trial,braincomputerinterfacevisualizationtrainingtooptimizemusclea,"Brief SummaryAfter orthopedic surgeries like knee or hip replacement, some patients struggle to fully activate their muscles due to a condition called Arthrogenic Muscle Inhibition (AMI). AMI can slow recovery and make physical therapy less effective. This clinical trial is testing whether a special type of brain training-called neurofeedback visualization training-can help improve muscle activation and speed up recovery. In this study, patients will receive standard physical therapy after surgery. Half of them will also use a device that helps them ""visualize"" exercises while wearing a cap that reads brain signals (EEG). The cap tracks brain activity when patients imagine doing specific movements. A computer then shows a virtual avatar performing the movements, giving feedback in real time-like a video game controlled by the brain. The study includes patients recovering from one of four surgeries: 1. Anterior cruciate ligament reconstruction (ACLR) 2. Total knee arthroplasty (TKA) 3. Total hip arthroplasty (THA) 4. Hip arthroscopy (HA) for femoroacetabular impingement (FAI) The goal is to see if this training improves muscle strength, movement, and daily function more than standard therapy alone. The study will take place at Rush University Medical Center in Chicago and enroll 240 adults, with 60 patients per type of surgery. Each participant will be followed for up to 6 months after surgery and complete strength tests, movement assessments, and questionnaires about their recovery. The hope is that combining brain training with physical therapy will lead to faster, more complete recoveries and improve how patients move after surgery.Detailed Description1. Introduction Background Patients recovering from orthopedic surgical procedures require a comprehensive physical rehabilitation process to help recover pre-operative functional mobility and strength. A limiting factor in physical rehabilitation is a patient's inability to activate the involved muscle groups postoperatively, a phenomenon termed Arthrogenic Muscle Inhibition (AMI) \[1, 2\]. AMI is a complex neurological process where the injury or surgery disrupts sensory and motor neurological pathways, resulting in decreased muscle activation and strength. AMI can be a major obstacle to a patient's return to normal mobility and muscular function \[2\]. For example, patients who have undergone anterior cruciate ligament reconstruction (ACLR), may experience ineffective quadriceps activation and persistent hamstring contracture, leading to loss of passive and active range of motion (ROM). Even with standard physical therapy rehabilitation, patients with AMI have ineffective recovery due to decreased muscular activation and movement dysfunction \[3\]. Visualization training with neurofeedback therapy (NFVT) is a non-invasive method that could be used with standard post-operative physical rehabilitation to decrease AMI and help patients recover pre-operative functional mobility and strength. The motor regions of the brain (motor cortex) play a crucial role in planning, controlling, and executing voluntary movements. The motor cortex is not only active during actual movement; mentally rehearsing motor acts without physically moving also activates the motor cortex \[4\]. For example, one could imagine themselves performing squats without squatting (visualization), this process activates the brain regions related to squatting. Such visualization training can enhance the brain's ability to plan, control and execute movement without physical load on the body \[5\]. Theoretically, this training could help restore disrupted neurological pathways, leading to reduced AMI and improved patient recovery after surgery \[6\]. When a brain region has heightened activity, passive sensors on the scalp can detect the increased electrical activity, this technique is known as electroencephalography (EEG). A computer can process the EEG signal and provide users with real time feedback on their concentration level and whether they are activating their motor cortex through mental visualization of movements (neurofeedback). This feedback process enhances the visualization training \[6\]. This study aims to investigate the effect of visualization with neurofeedback on postoperative recovery in patients undergoing physical rehabilitation from 4 orthopedic surgical procedures: anterior cruciate ligament reconstruction (ACLR), total knee arthroplasty (TKA), total hip arthroplasty (THA), and hip arthroscopy (HA) for femoroacetabular impingement syndrome (FAIS). More specifically, neurofeedback training will be implemented using a novel technology developed by i-BrainTech™. The findings of this study have the potential to revolutionize physical rehabilitation protocols for patients, offering a novel approach that integrates visualization therapy with neurofeedback to enhance standard physical rehabilitation. This could lead to faster, more complete recoveries, and potentially mitigate the long-term impacts of AMI. The successful application of this technology would also help deepen current understanding of neuroplasticity, specifically the malleability of the neuromuscular pathways and how this can improve motor control. Purpose The purpose of this study is to investigate the effect of NFVT on postoperative recovery in patients rehabilitating from orthopedic surgeries. Hypothesis It was hypothesized that through targeted NFVT using i-BrainTech™, post-surgical participants will experience improved muscle activation, which in turn will contribute to better rehabilitation outcomes, strength, such as range of motion, and functional mobility. We also hypothesize that these improvements seen throughout the recovery period will have a positive impact on short-term patient-reported outcome surveys (PROs). 2. Methods Settings \& Locations Conducted at Rush University Medical Center, specifically within: * The main campus of Midwest Orthopaedics at Rush (MOR) Sofija and Jorge O. Galante Orthopedic Building, 1611 W Harrison St, Chicago, IL 60612 * Motion Laboratory in the MOR Orthopedic Building * Physical therapy facility (Chicago location) 3. Interventions Control group: Standard post-surgical rehabilitation therapy Intervention Group: Standard post-surgical rehabilitation therapy + i-BrainTech neurofeedback training * Procedure: Patients use EEG-based neurofeedback twice a week until 8 weeks post-operatively. * Neurofeedback setup: EEG cap monitors motor cortex activation, guiding visualization exercises * Training sessions: Patients visualize movements, and EEG feedback helps optimize motor activation Physical Therapy Patients will follow a standard physical therapy protocol. The protocol will be assigned by their respective surgeon who conducted the procedure and will be specific to the procedure that the patient underwent. The standardized physical therapy protocols will be attached in supplemental materials. Treatment Group Intervention: The main study intervention for the treatment group involves NFVT using the i-BrainTech™ Platform. This is a technology that uses electroencephalography (EEG) to read the electrical activities in the brain \[7\]. Active neurons in the brain causes change in electrical activities on the scalp, detectable by electrodes placed on the scalp. The sensing electrodes are completely passive, incapable of sending electrical current to the wearer. An EEG cap will be used with sensing electrodes aligned to the frontal cortex and the motor cortex. The detected electrical activity from these locations of the scalp will transmitted to the computer, which allows for assessment of focus and motor cortex activity \[8\]. There are multiple cap sizes to ensure a comfortable fit. By concentrating and imagining themselves performing the rehabilitation movements (visualization), patients activate their own motor and pre-frontal cortices. The EEG sensors detect the increased brain electrical activity, and the i-BrainTech™ software translates the EEG signal into a virtual avatar figure performing such movements on a computer monitor, providing feedback to the patients on their visualization efforts (neurofeedback). Patients will effectively play a video game using their own brain signals. By turning this feedback process into a video game, the i-BrainTech™ platform provides an incentive for the user to intensely focus and visualize the rehabilitation exercises, and in the process activate and strengthen the neural pathways responsible for these rehabilitation movements. The repeated activation of neural pathways theoretically improves their muscle control and reduces AMI \[6\]. Instruction to Participants (how to play the ""game"") The i-BrainTech™ training station has a laptop and EEG caps. Participants will be seated in front of the laptop and put on the appropriately sized EEG cap. A conductive gel is injected into 2 insertion points on the cap. The column of gel touches the participant's skin on one side and the sensor on the other. The gel is water-soluble and dries up in chunks and is not sticky. The conductive gel is routinely used in the clinic and pre-operative area for ultrasound. The wet gel can be wiped off with a paper towel and the dried gel can be pulled off the participant's scalp as it does not stick to hair. The remaining fragments will be washed away when the patient showers. The session will be started and the i-BrainTech™ software will provide on screen prompts and feedback to the user. First is a 2-minute calibration period. During this time, the user is prompted to relax their mind so baseline brain activity may be detected. The brain activity above the baseline is used to control the cartoon avatar performing rehabilitation exercises. After calibration, a 20-minute NFVT session begins. Participants are prompted to imagine themselves performing various rehabilitation exercises (visualization). The selections of exercises are the rehabilitation exercises they will eventually perform at a physical therapy session, specific to their surgical procedures (Table 1). The software provides real time feedback on how concentrated the user is with the task, and how well the user is at visualizing the specific therapy exercises. The video game incentivizes participants to concentrate on the visualization therapy to maximize their score. When the participant finishes the i-BrainTech™ training session, they will remove the EEG cap and move on to their standard-of-care physical therapy session. 4. Clinic Flow and Timing of Assessments Participants in the intervention group will perform virtual rehabilitation exercises for 20 minutes 2 times per week for the first 8 weeks postoperatively. Approximately 45 minutes total is required for setup, calibration, virtual rehabilitation, and clean up. After the virtual rehab session, patients in the intervention group will move on to their standard-of-care PT session based on the surgeon's protocol specific to their operation. Patients in the control group go directly to their standard PT session. The intervention group will spend an additional 45 minutes in clinic to perform the i-BrainTech™ training session for a total study visit time of no more than 1-1.5 hours. The control group will spend 45 minutes to 1 hour of total study visit time. Participants will continue receiving their standard clinical care with their attending healthcare team throughout the study. In addition, they will attend scheduled study visits at the Motion Laboratory in the Orthopedic Building at Rush University Medical Center for motion analysis and physical testing at 2 months, 4 months, and 6 months post-surgery. At each visit, anthropometric data (age, height, and weight) will be collected first. Participants will then change into standardized clothing provided by the research team. Surface Electromyography (sEMG) sEMG data will be collected from five muscles: rectus femoris, vastus medialis oblique, vastus lateralis, semitendinosus, and biceps femoris, using a research-grade sEMG system. Electrode placement will follow the SENIAM (Surface EMG for a Non-Invasive Assessment of Muscles) protocol. Per SENIAM (www.seniam.org) guidelines, the skin will be shaved, lightly abraded with abrasion wipes, and cleaned with alcohol wipes before electrode application. Electrodes will be placed at least 2 cm apart to minimize crosstalk, and voluntary contractions will be performed to confirm correct placement. Each muscle will be assessed individually before data collection. Once all sensors are verified, simultaneous sEMG and 3D kinematic data collection will be performed using Qualisys Track Manager software or similar. Motion Capture To evaluate patient-specific movement mechanics, a markerless multi-camera motion analysis system will be used to track kinematics, while instrumented force plates will measure ground reaction forces. The markerless system allows for accurate motion tracking while significantly reducing setup time-by up to 80% since no physical markers need to be placed on the skin Participants will be evaluated while completing the following functional tasks. At 2 months postoperatively, all patients-regardless of the surgical procedure-will undergo motion analysis and strength testing. The motion analysis will include walking, bilateral squats, and a procedure-specific lunge (forward lunge for ACLR and TKA; lateral lunge for THA and hip arthroscopy). Strength assessments will focus on knee extension for ACLR and TKA, and hip extension and abduction for THA and hip arthroscopy. At 4 months postoperatively, all groups will repeat the same motion analysis tasks as at 2 months, with the addition of a single-leg vertical jump. Strength testing will now include two joint actions: knee extension and flexion for ACLR and TKA, and hip extension and abduction for THA and hip arthroscopy. At 9 months postoperatively, assessments will mirror those conducted at the 4-month follow-up for all surgical groups, including the same motion tasks and strength tests. This schedule allows for tracking recovery progression over time using both movement quality and strength performance. Strength testing Strength testing will be conducted after sEMG placement and motion analysis. Participants will keep the sEMG sensors on while performing maximum voluntary contractions (MVC) for knee flexion and extension. Isometric and isokinetic strength will be assessed using either a Biodex dynamometer or a handheld dynamometer, depending on equipment availability and participant-specific considerations. Strength data will also be used to normalize sEMG signals, with mean amplitudes of each phase expressed as a percentage of MVC. A 30% MVC normalization will be applied to allow for valid comparisons across groups. Total Testing Time The full testing session-including subject setup, EMG placement, motion analysis, and strength testing-will take approximately 30 to 45 minutes. Participants will be offered opportunities for water and seated rest breaks as needed throughout the session to ensure comfort and minimize fatigue. 5. Outcomes Primary outcomes ACLR and TKA * Outcome Measure Title o Knee extension strength * Outcome Measure Description * Maximal isokinetic knee extensor strength (Newtons/BMI). Maximal isokinetic knee extensor strength will be assessed using standardized dynamometry procedures with Biodex Isokinetic Dynamometer (Biodex System 3) at 2, 4 and 6 months after surgery. Each participant will perform three to five maximal voluntary isometric contractions of the knee extensors. The average of the peak torque values will be used for analysis. To account for individual differences in body size, values will be normalized to the participant's body mass index (Newtons/BMI). The first assessment will occur at 2 months to ensure patient safety and measurement consistency, as early postoperative conditions (e.g., pain, swelling) could compromise the reliability and validity of strength testing. * Outcome Measure Time Frame o 2, 4 and 6 months * Statistical Analysis * Linear mixed-effects models : * Linear mixed-effects models will be used to analyze changes in knee extensor strength between the intervention and control group across the 2-, 4-, and 6-month follow-up assessments. This approach accounts for repeated measures within participants and allows for the evaluation of group differences over time. Group (intervention vs. control), time (2, 4 and 6 months), and their interaction will be entered as fixed effects, with subject-level random intercepts. Significant main effects or interactions will be further examined using pairwise comparisons of estimated marginal means, with Tukey's adjustment for multiple comparisons to determine pairwise differences. All results will be reported with estimated means, p-values, and 95% confidence intervals. . Hip arthroscopy and THA * Outcome Measure Title o Hip Abduction Strength * Outcome Measure Description o Maximal isokinetic hip abductor strength (Newtons/BMI). Maximal isokinetic hip abductor strength will be assessed using standardized dynamometry procedures with Biodex Isokinetic Dynamometer (Biodex System 3) at 2, 4 and 6 months after surgery. Each participant will perform three to five maximal voluntary isometric contractions of the hip abductors. The average of the peak torque values will be used for analysis. To account for individual differences in body size, values will be normalized to the participant's body mass index (Newtons/BMI). The first assessment will occur at 2 months to ensure patient safety and measurement consistency, as early postoperative conditions (e.g., pain, swelling) could compromise the reliability and validity of strength testing.. * Outcome Measure Time Frame o 2, 4 and 6 months * Statistical Analysis * Linear mixed-effects models : * Linear mixed-effects models will be used to analyze changes in hip abductor strength between the intervention and control group across the 2-, 4-, and 6-month follow-up assessments. This approach accounts for repeated measures within participants and allows for the evaluation of group differences over time. Group (intervention vs. control), time (2, 4 and 6 months), and their interaction will be entered as fixed effects, with subject-level random intercepts. Significant main effects or interactions will be further examined using pairwise comparisons of estimated marginal means, with Tukey's adjustment for multiple comparisons to determine pairwise differences. All results will be reported with estimated means, p-values, and 95% confidence intervals. Secondary outcomes are outlined in the supplementary material attached to this protocol and include EMG activation during functional tasks and strength tests; flexibility tests, PROs, and AMI classification 6. Statistical Methods Statistical methods are summarized in the supplementary material. For the primary outcome, linear mixed-effects models will be used to assess changes in knee and hip strength following ACLR, TKA, THA, and HA procedures. Strength outcomes will be compared between the intervention and control groups at 2, 4, and 6 months postoperatively. This modeling approach accounts for repeated measures within participants and allows for the evaluation of group differences over time. Group (intervention vs. control), time (2, 4 and 6 months), and their interaction will be entered as fixed effects, with subject-level random intercepts. Significant main effects or interactions will be further examined using pairwise comparisons of estimated marginal means, with Tukey's adjustment for multiple comparisons to determine pairwise differences. All results will be reported with estimated means, p-values, and 95% confidence intervals Secondary outcomes will follow a similar analytic approach using linear mixed-effects models, accounting for repeated measures and assessing group-by-time interactions, with appropriate post hoc testing as needed. To assess the time-series data of kinematics and kinetics across different conditions and time points, Statistical Parametric Mapping (SPM) will be utilized. SPM is a robust analytical approach that allows for the statistical evaluation of entire waveforms, reducing the limitations of discrete-point analysis in biomechanical research. SPM maintains the temporal structure of the data and enables the identification of significant differences across the entire movement cycle, offering a more comprehensive understanding of biomechanical adaptations post-surgery. SPM will be applied to joint angle waveforms, ground reaction forces, and external moment profiles to compare surgical groups, timepoints, and control conditions. This approach will help detect subtle but functionally relevant alterations in movement patterns that may not be captured using traditional peak or mean value analyses. Kinematic and kinetic data will be collected bilaterally to examine compensatory strategies in the contralateral limb. EMG and strength only in the affect side. The integration of markerless motion capture, inverse dynamics, and SPM analysis will provide a detailed and objective assessment of post-surgical movement patterns. Differences in the distribution of knee AMI classification (grades 0-3) between groups will be assessed using Fisher's exact test. Statistical significance for all analyses will be set at an a priori α of 0.05. All data analyses will be completed using R version 4.2.3 (R Core Team). Loss to Follow Up Data analysis will be conducted according to the intention-to-treat (ITT) principle. Patients who are lost to follow-up for any reason will be included in the primary analysis using the last observation carried forward (LOCF) method. 7. Power Analysis Strength Separate power analyses were conducted for the knee surgery cohort (ACL and TKA) and the hip surgery cohort (HA and THA). Knee Surgery (ACL and TKA) The power analysis for the knee surgery group was based on data from a previous randomized controlled trial, which evaluated the effects of motor imagery on quadriceps strength following total knee arthroplasty (TKA). The original study included 12 patients with unilateral TKA, assessed six months postoperatively (10 females, 2 males). The primary outcome was quadriceps maximum voluntary isometric contraction (MVIC), measured using a hand-held dynamometer. This method is highly correlated with the Biodex system currently used in the present trial (R = 0.91). Statistical analysis was performed in R version 4.3.2 using the pwr package. The mean quadriceps MVIC reported was 20.58 N/BMI (SD = 1.85). Assuming a two-group parallel design (intervention vs. control) with 30 participants per group (total n = 60), the study is powered at 80% to detect a between-group difference of 1.31 N/BMI at a two-tailed α = 0.05 (adjusted α = 0.025 to account for multiple comparisons). This corresponds to a minimum detectable difference (MDD) of 6.31% between groups. Hip Surgery (HA and THA) The power analysis for the hip surgery group was based on data from a retrospective study, which evaluated hip abductor strength before and three months after hip arthroscopy for femoroacetabular impingement (FAI). The study included 29 individuals (mean age 27.4 ± 7.5 years; 76% female). The primary outcome was hip abductor MVIC, also measured with a hand-held dynamometer. The reported mean abductor MVIC was 1.97 N/kg (SD = 0.42). A two-group parallel design with 30 participants per group (n = 60 total) provides 80% power to detect a between-group difference of 0.31 N/kg at a two-tailed α = 0.05 (adjusted α = 0.025). This represents an MDD of 15.6%. To contextualize the clinical relevance of the estimated minimal detectable differences (MDDs), previously published values for minimal clinically important differences (MCIDs) were reviewed. For quadriceps MVIC, a previous study reported an MCID of 26.9% in older adults with COPD, with improvements associated with enhanced performance in the six-minute walk test. In patients undergoing ACL reconstruction, a limb strength asymmetry of 10% is considered a clinically relevant threshold and a predictor of reinjury. For hip abductor strength, although there is no universally accepted MCID after hip surgery, many studies consider a relative difference of 10-15% to be clinically meaningful. These values serve as important clinical benchmarks and support the interpretation that the proposed sample size (n = 60 per pathology group) is adequate to detect both statistically and clinically relevant between-group differences in strength outcomes. Kinematics A separate power analysis was conducted for the secondary kinematic outcomes to estimate the minimum detectable differences achievable with the current sample size and 80% statistical power. This analysis helps ensure that the study is adequately powered to detect changes that are not only statistically significant but also clinically meaningful. The power analysis was based on data from a previous investigation conducted in the same laboratory where the current study will take place, using identical equipment, camera setup, and software configuration parameters. Individuals assessed in study were 5 healthy males (mean age 26) and 5 females (mean age 28) (n=10). The primary variables of interest for the power analysis were the knee peak flexion angle (for the ACL and TKA study arms) and the hip peak extension angle (for the hip arthroscopy and THA study arms) during the gait cycle, measured using a markerless motion capture system (Theia 3D, Theia Markerless Inc., Kingston, ON). The statistical analysis was conducted using R version 4.3.2 (R Core Team, 2023) and the pwr package (Champely, 2020). For the knee flexion angle, a previous investigation reported a mean of 19° with a standard deviation (SD) of 7.68°. Using these values, a two-group parallel design with 30 participants per group (total n = 60) was powered at 80% to detect a between-group difference of at least 5.65° at a two-sided α = 0.05 (adjusted α = 0.025 for sidedness). Similarly, for hip extension angle (mean = 9.25°, SD = 5.11°), the same sample size and power would yield a minimum detectable difference of 3.76°. To contextualize the clinical relevance of the estimated minimal detectable differences (MDDs), previously published values for minimal clinically important differences (MCIDs) were reviewed. For knee flexion angle, a previous study reported an MCID of 6.81 degrees based on gait analysis of the unaffected limb in stroke patients. In a different clinical context, another study identified an MCID of 5 degrees for passive range of motion following total knee arthroplasty, with improvements in flexion associated with better knee function and higher patient satisfaction. Regarding hip extension angle, it was established an MCID of 2.86 degrees in stroke patients using motion analysis of the unaffected limb. These values serve as clinical benchmarks to interpret the statistical power and meaningfulness of the differences targeted in this study. 8. Randomization Sequence Generation Randomized list generation before trial commencement utilizing the National Institute of Health (NIH) Clinical Trial Randomization Tool. A 1:1 allocation (intervention vs. Control) per procedure will be implemented. The randomization sequence will be generated before trial commencement by an independent data manager using the Clinical Trial Randomization Tool developed by the National Cancer Institute (NCI). The tool will use the Asymptotic Maximal procedure, a restricted randomization method that limits the imbalance between trial arms to a pre-specified Maximum Tolerated Imbalance (MTI) of 3. The randomization list will be created for a total of 70 participants, with no stratification applied. Type of Randomization A simple two-arm parallel group design will be used with a 1:1 allocation ratio for each procedure (ACLR, THA, TKA, and HA), with a separate randomization list of 35 participants per group (total n=70) generated independently for each procedure. Each procedure will be treated as a distinct trial with its own allocation sequence. The final participants will be randomly assigned in accordance with the MTI threshold, allowing minor tolerable imbalances between arms. No stratification or blocking will be implemented. The increased sample size per group (n=35 instead of n=30) accounts for potential losses or allocation issues during the study. Additional allocation slots beyond the target sample size will be generated to account for unexpected exclusions, dropouts before randomization, or technical errors during allocation. Allocation Concealment Mechanism Allocation concealment will be ensured using the REDCap (Research Electronic Data Capture) Randomization Module, which provides a secure, centralized, and automated platform for treatment allocation. The randomization sequence will be generated and implemented within REDCap by an independent data manager who will not be involved in participant enrollment, intervention, and outcome assessment. The system will be configured to assign participants in real time only after eligibility has been confirmed and baseline data have been entered, thereby preventing any foreknowledge of the upcoming assignment. Investigators, study staff, and participants will remain unaware of the allocation sequence prior to assignment. REDCap's access controls and audit logs will safeguard against manipulation and preserve allocation concealment throughout the trial. Implementation All patients referred for ACLR, TKA, THA, or HA procedures in the physician's office will be referred to the research team to assess eligibility criteria and initiate the enrollment process, either in person or by phone. Eligible patients will be enrolled in the study during the pre-operative period and will complete baseline assessments. Following surgery, participants will be assigned to one of the intervention groups one day prior to the intervention date. Group allocation will be performed by an independent data manager using the REDCap Randomization Module and communicated only to the team responsible for delivering the NFVT. The individual responsible for generating the allocation sequence will be distinct from those involved in enrolling participants and assigning interventions. Blinding Investigators and physicians will be blinded to group allocation to minimize bias in clinical decision-making and post-operative care. Patients will not be blinded due to the nature of the neurofeedback intervention, which cannot be masked. Both study groups will receive standard rehabilitation, with the only difference being the addition of NFVT in the intervention arm. The neurofeedback sessions will take place within the physical therapy clinic, immediately prior to scheduled physical therapy appointments. The team delivering the neurofeedback intervention will be the only personnel aware of group allocation. Treating physicians, physical therapists, outcome assessors, and the statistical analysis team will remain blinded to participant allocation throughout the trial. Statistical analyses will be performed by the Rush Statistical Analysis team, an independent third-party ancillary resource, using a coded dataset to ensure blinding is maintained during data analysis. Unblinding Procedures Given the non-invasive nature of the EEG-based neurofeedback intervention, adverse effects are not expected. However, in rare cases where unblinding is required-such as equipment malfunction, unexpected clinical events, or participant withdrawal-a formal request must be submitted to the principal investigator (PI) or Data and Safety Monitoring Board (DSMB). All unblinding events will be logged with justification and date. For emergencies, a dedicated study coordinator will have secure access to the REDCap randomization module and group allocation. This coordinator will be available to authorized clinical staff in urgent scenarios requiring immediate unblinding. Outcome assessors and data analysts will remain blinded throughout the study. These procedures align with CONSORT guidelines and will be included in staff training to ensure adherence. 9. Recruitment The investigators will identify eligible patients in the clinic, and the research study staff will discuss the study with eligible patients. The informed consent process may occur over a period of several discussions, culminating in the signing of a consent form in the office (iPad) or sent to their verified email address. Informed consent will be obtained via the eConsent process through the secured platform Patient IQ. The patient will be prompted to reply with the appropriate passcode to access the consent form and then provide the passcode again with their signature (secured). A copy of the time stamped document will be sent to the study team through the electronic platform and a copy will be sent to the participant. All participants will be consented prior to surgery and the performance of research related testing activities.",2025,English,Clinicaltrials.gov,embase,,https://doi.org/,,,,braincomputerinterfacevisualizationtrainingtooptimizemusclea+2025
824,825,190,,QT,,,AOSSM Specialty Day,aossmspecialtyday,"The proceedings contain 19 papers. The topics discussed include: the ankle sprain: not so benign in the young and middle-aged athlete; comparing posteromedial and centrolateral talar dome ROC in young athletes; is articular width or articular length superior to age to optimize ROC matching in talar dome osteochondral allografts?; liposomal bupivacaine-based regional anesthesia provides excellent pain control and minimizes opioid consumption following anterior cruciate ligament reconstruction: a prospective randomized controlled trial; and the efficacy of blood flow restriction training to recover and retain quadriceps strength and function at a 6 months following an anterior cruciate ligament reconstruction. A secondary analysis of a double-blind, randomized, placebo controlled clinical trial.",2025,English,Orthopaedic journal of sports medicine,embase,,https://doi.org/,,,,aossmspecialtyday+2025
825,826,191,,QT,,,Bracing and Reconstruction of the Anterior Cruciate Ligament for Efficacy Trial (BRACE-trial),bracingandreconstructionoftheanteriorcruciateligamentforeffi,"Brief SummarySeveral attempts have been made to reduce these failure rates and improve return to sports rates in high-risk populations, and one of these approaches has been postoperative bracing. A recent survey of the Anterior cruciate ligament (ACL) Study Group has shown that 53% of surgeons prefers functional bracing following ACL reconstruction. Currently, however, there is no clear consensus on whether functional bracing following ACL reconstruction leads to lower failure rates, improved stability or better patient-reported outcomes when compared to ACL reconstruction without bracing.Detailed DescriptionGiven the increased popularity in quadriceps tendon graft, the biomechanical advantages of postoperative functional bracing, and the graft elongation that occurs predominantly with soft tissue grafts, there might be a role for functional bracing following quadriceps ACL reconstruction. Additionally, no studies to date have assessed the role of psychological readiness of return to sport, kinesiophobia and return to sport rates with and without functional bracing following ACL reconstruction (ACLR). The purpose of this randomized controlled trial is to assess the 2-year outcomes of psychological readiness, patient-reported outcome measures (PROMs), clinical stability, return to sport and failure rates following quadriceps autograft ACL reconstruction with and without functional bracing in the postoperative phase in younger athletic patients and military patients with a higher risk of failure or not returning to sports or duty, respectively, in a randomized study: the Bracing and Reconstruction of the Anterior Cruciate Ligament for Efficacy trial (BRACE-trial).",2025,English,Clinicaltrials.gov,embase,,https://doi.org/,,,,bracingandreconstructionoftheanteriorcruciateligamentforeffi+2025
827,828,193,,QT,,,Reducing the Burden of Post-traumatic Knee Osteoarthritis Targeting Persistent Abnormal Joint Loading and Quadriceps Muscle Dysfunctions in Young Adults with ACL Injury - a Pilot and Feasibility Study,reducingtheburdenofposttraumatickneeosteoarthritistargetingp,"Brief SummaryFROM RISK FACTORS TO THE PREVENTION OF LONG-TERM CONSEQUENCES AFTER CRUCIATE LIGAMENT INJURY (ACL injury) - This is a research project where we seek new knowledge about why some people have a high risk and others a low risk of developing long-term consequences such as persistent pain, thigh muscle dysfunctions and osteoarthritis after ACL surgery. Through more knowledge about risk factors for persistent pain, thigh muscle dysfunctions, and, in the long term, osteoarthritis, we have a greater opportunity to tailor preventive treatment measures to the individual. We know that a subgroup of those who have undergone ACL surgery does not regain the normal function of the quadriceps muscle, that it does not become as strong as it used to or not quite the same as on the other healthy side. Some may notice this very well, others may not notice as much in the short term. We know that quadriceps dysfunctions can affect the biomechanical joint loading in your knee and can be a contributing risk factor to developing long-term consequences such as persistent pain, thigh muscle function and osteoarthritis after ACL injury. We have methods to measure joint loading conditions in the knee and to identify changes in the cartilage, in the underlying bone tissue of the knee joint, and to measure various aspects of quadriceps muscle strength and dysfunctions. In this study, we want to develop new knowledge about whether there is a difference in knee joint loading conditions and quadriceps muscle function between those who have low risk and those with a higher risk of developing post-traumatic osteoarthritis and whether there is an association between joint loading conditions in the knee after ACL surgery and quadriceps muscle function and symptoms.Detailed DescriptionThe main risk factors for knee OA disease are well-known: joint injuries and obesity. For those with ACL injury, systematic reviews have reported between 4 to 6 times increased risk of developing OA after ACL injury (PTOA). The following risk factors have been identified for PTOA in a recent systematic review by our OPTIKNEE group: ACL injury with concomitant injuries (meniscus and cartilage injuries), re-injuries after ACL injury, long-lasting quadriceps dysfunction, and inflammation after joint injury. A better understanding of mechanisms to stratify the patients into different subgroups based on risk factors is critical. The mechanisms driving OA disease development are known to be 1) mechanical and 2) inflammatory. The mechanisms leading to PTOA combine mechanical, biological, structural, and neuromuscular factors. Mechanical stress with persistent abnormal joint loading is an undisputed mechanism driving OA disease development. Altering joint mechanics (underloading and overloading) after ACL injury and reconstruction (ACLR) can lead to uneven stress and changes in stress across the articular cartilage of the joint surfaces, contributing to abnormal joint function and muscular dysfunction over time. Whether such persistent abnormal knee joint loading patterns differ between individuals categorized as high risk compared to those at low risk of PTOA has not been investigated. We do not understand the main drivers of the shifts in joint loading (underloading or overloading) or biochemical changes and whether this knowledge can be translated into developing joint-loading therapeutic interventions. However, we do know that quadriceps muscle weakness is a modifiable risk factor for non-traumatic OA and PTOA. ACL injury has shown a decline in quadriceps muscle function, which mimics ageing, known as sarcopenia. Quadriceps muscle dysfunction persists for some individuals for several years after ACLR, even after the cessation of structured rehabilitation, and has been questioned if it ever returns to normal. Despite decades of high-quality rehabilitation, normalizing quadriceps function in all ACL-injured and reconstructed patients remains unsolved. This study has an overall aim of understanding more of the mechanisms for abnormal knee joint loading and quadriceps muscle dysfunctions in individuals at high- compared to low-risk PTOA (those with concomitant injuries and persistent symptoms compared to those with isolated ACL injury). This cross-sectional study includes 40 participants 9 months to 2 years after ACLR with an extensive test-protocol of biomechanical-, neuromuscular- and biological assessments and tests. Hence, it is also a feasibility study for a planned randomized controlled trial of the effect of joint-loading therapeutic interventions on changes in knee joint loading for those at risk of developing PTOA. Furthermore, a sample of 40 individuals will be included to investigate primary outcomes' mean and standard deviation needed to calculate sample size for future randomized controlled trials. Specific aims for the cross-sectional study are: 1. Investigate knee joint loading during gait, running and hopping, cellular, morphological, muscle inhibition and strength of the quadriceps muscle, and inflammatory knee joint markers in individuals who are 9 months to 2 years after an ACLR. 2. Characterize biomechanical, neuromuscular, and inflammatory factors in individuals classified as high-risk (concomitant injuries, persistent symptoms) for developing PTOA compared to those classified as low-risk (isolated ACL injury and no or minimal knee pain). 3. Explore the associations between abnormal knee joint loading, quadriceps muscle dysfunctions, and inflammatory markers in the knee joint 9 months to 2 years after ACLR 4. Describe the feasibility of the study regarding the recruitment of an extensive test-protocol 5. A pilot study for a future mechanistic RCT on the efficacy of a muscle- and joint-loading therapeutic exercise program on changes in knee joint loading and on surrogate outcomes of PTOA.",2025,English,Clinicaltrials.gov,embase,,https://doi.org/,,,,reducingtheburdenofposttraumatickneeosteoarthritistargetingp+2025
828,829,194,,QT,,,Effects of a Low-intensity Muscle Strengthening Protocol in Combination With Blood Flow Restriction Training on Upper Limb Impairment in People With Multiple Sclerosis. A Randomized Controlled Trial,effectsofalowintensitymusclestrengtheningprotocolincombinati,"Brief SummaryAlthough the Blood Flow Restriction Training (BFRT) system has attracted the attention of health professionals, research on this tool in people with neurological pathology, particularly multiple sclerosis (MS), is very limited. Furthermore, to our knowledge, studies on the effect of the BFRT system on forearm-hand muscle strength and fatigability, coordination and dexterity, functionality and quality of life in people with MS are nonexistent. The main objective of our study are: -To know the effects of low intensity training in combination with the BFRT system on upper limb strength and forearm and hand fatigability, dexterity, functionality and quality of life in people with MS. Secondary Objectives * To know if a low-intensity muscle strengthening program in combination with the BFRT system is superior to a conventional strengthening program. * To know the adherence and satisfaction with the experimental intervention. The investigators propose to conduct a randomized controlled trial (RCT) with examiner blinding with pre-intervention, post-intervention and follow-up assessment, following the recommendations of the CONSORT guidelines, designed to study the effects of the application of a low-intensity muscle strengthening program in combination with the BFRT system. This intervention will be carried out at the Leganés Multiple Sclerosis Association (ALEM). Patients will be randomly assigned through the GraphPad Software® QuickCalcs application to 2 study groups. A control group, which will receive a low intensity strengthening program in combination with the BFRT system; and an experimental group, which will receive a high intensity strengthening program. Voluntary participation will be requested from patients diagnosed with MS in the Leganés Multiple Sclerosis Association (ALEM) who meet the inclusion criteria. Acceptance of the study and signature of the informed consent form will be required prior to the start of the program. As this is the first study to evaluate the effectiveness and feasibility of a low-intensity muscle strengthening protocol in combination with BFRT on forearm and hand muscle strength and fatigability, coordination, dexterity, functionality and quality of life in people with MS, the sample size will be determined based on the most similar scientific literature possible. Hill et al developed an investigation comparing the adaptations of MS patients to two types of intervention: high intensity or conventional strengthening program versus low intensity in combination with BFRT. Since this is the only investigation to date that includes MMSS exercises in their intervention, we consider that the sample size proposed by Hill et al is the most appropriate for our investigation. The sample size obtained in that investigation was 19 subjects, so for the sample size of the present investigation a total of 19 subjects is proposed. However, estimating a 10% possible percentage of losses, we estimate a total of 21 total participants to be recruited. Patients will be randomly assigned via the GraphPad Software® QuickCalcs application to 2 study groups. A control group, which will receive a low-intensity strengthening program in combination with the BFRT system; and an experimental group, which will receive a high-intensity strengthening program.Detailed DescriptionAmong the different physical exercise modalities, Blood Flow Restriction Training (BFRT) appears. This type of approach is a training modality performed with occlusion of blood flow in the extremities, partially restricting arterial flow and venous return of blood to the muscles involved. It is usually, but not always, performed in parallel with LL-RT, with repetitions close to muscle fatigue in each set, however, it can also be performed in parallel with functional or task-focused training, such as horizontal walking, aerobic work on a stationary bike. BFRT is applied via an external pneumatic tourniquet at the proximal end of the upper or lower extremity, applying occlusion pressure that promotes ischemia and blood pooling in the capillary beds of the musculature distal to the tourniquet. A 2020 investigation by Minitti et al indicated that the physiological mechanism behind the findings in muscle adaptations include acute muscle inflammation, increased recruitment of muscle fibers, decreased myostatins, decreased atrogenesis and satellite cell proliferation. Recent research has highlighted that the processes described above can be evoked in low-load strengthening in combination with the BFRT system, but not through conventional or high-load strengthening. In turn, these benefits have been observed in both young and older adults without increasing muscle damage, inflammation or pain perception. In the field of physiotherapy, BFRT has gained increasing importance, as it has awakened interest in its application as a complement to therapeutic exercise, especially in those subjects who cannot tolerate high loads due to their clinical considerations. Its validity as a tool has been proven both for sports performance in different populations (elite or amateur athletes; young and older adults with no training experience), and in populations with pathology (older adults with fragility, musculoskeletal rehabilitation, post-surgical or post-immobilization conditions, femoropatellar syndromes, meniscus tears, ligamentous strains, rehabilitation after anterior cruciate ligament surgery, people with type 2 Diabetes Myelitus, people with neurological pathologies, including multiple sclerosis, MS). The systematic review by Reina-Ruiz et al analyzed the effects of the use of the BFRT system in combination with LL-RT and aerobic exercise in people with different pathologies (anterior cruciate ligament reconstruction, stage two chronic kidney disease, coronary artery disease, end-stage renal disease, elderly comatose patients, knee osteoarthritis and recurrent non-specific low back pain). The results obtained in terms of strength, despite the heterogeneity of the outcome measures used, present the BFRT system as an effective tool for strength improvement, being equal or superior to HL-RT. In a study conducted in 2022, Vinolo-Gil et al conducted a systematic review on the use of the BFRT system in populations with different neurological pathologies (spinal cord injury (SCI), stroke, cerebral palsy and MS). Their results showed improvements in sensorimotor function, frequency, gait length symmetry, gait speed and muscle thickness. However, no improvements in balance were found. The systematic review by Jønsson et al published in the current year 2024 reported that BFRT generated greater improvements in strength in people with inclusion body myositis compared to those who received no intervention and in subjects with incomplete spinal cord injury who performed the BFRT protocol in combination with functional electrical stimulation (FES), showing greater muscle circumference in the quadriceps than those who only received FES-based treatment, with unclear results in people with MS. Given the idiosyncrasy of the tool, the safety of its use is a recurring theme in research, so a detailed analysis of the characteristics of the intervention is necessary. Since its origin in the 1980s, different types of cuffs have been used: pneumatic bicycle inner tubes, elastic bands and electronic devices. There is no scientific consensus on the use of one model over another; however, different investigations highlight certain determining characteristics for the safety and efficacy of the tool. The 4 main variables to take into account are: a) restriction pressure; b) cuff width; c) cuff type; d) cuff material. Another major concern of researchers about the BFRT system is the pain that may result from an intervention with these characteristics, which has increased significantly in recent years in this regard. The findings in terms of pain should be grouped into 2 sections: short term, medium term and long term. Short term: Korakakis et al analyzed the effects of an exercise protocol based on knee extension with low loads in combination with the BFRT system on anterior knee pain, observing that the 30 intervention subjects reduced their pain level in the 3 tests performed. In turn, the level of analgesia generated was maintained 45 minutes later, after a conventional physiotherapy session. Another investigation by Korakakis et al compared the effects of a low-intensity exercise protocol with a low-intensity exercise protocol in combination with the BFRT system. Analgesia in the low intensity and BFRT group was superior to that of the control group. Twenty percent of the participants in the control group reported greater discomfort after the intervention and 15% after 45 minutes. In turn, Lixandrão et al compared pain levels during and post-exercise compared to conventional training, finding no greater pain in the BFRT group. Medium and long term: Giles et al compared a low-load exercise protocol in combination with the BFRT system versus conventional training in patients with patellofemoral pain. The results showed significant differences in favor of the group that applied the BFRT system; in turn, the improvements were maintained in the follow-up assessment 6 months later. Beyond pain, the potential adverse effects derived from the BFRT system have been investigated in different investigations, finding no adverse effects in people with neurological pathology according to the systematic review by Jønsson et al of 2024 or only minor adverse effects in populations without neurological pathology such as small hematomas, paresthesias, stiffness, pain or stiffness. According to Nakajima et al (50), from a population of 13,000 subjects without neurological pathology, serious adverse effects derived from an intervention through the BFRT system were extremely rare (0.008-0.055%), some of these being rhabdomyolysis or thromboembolism. With respect to serious adverse effects, it should be noted that the research by Minniti et al (22) presented similar findings in terms of the frequency of occurrence of adverse effects, however, they include an analysis of the cases that presented such serious adverse effects. One patient presented deep vein thrombosis (DVT) having been exposed to continuous occlusion for 30 - 60 minutes and presenting a history of edema and alterations of sensibility of several years of evolution. Two subjects presented rhabdomyolysis, the first had a history of DVT after ankle surgery and was exposed to an arbitrary compression of 100mmHg; the second patient showed no history or apparent risk factors, but the investigators do not know the information regarding the pressure applied and the duration of this. Finally, it is worth noting that in the first case, once he was medicated for the rhabdomyolysis and the patient continued with the experimental protocol without any other adverse effects. Although the BFRT system has attracted the attention of health professionals, research on this tool in people with neurological pathology, particularly MS, is very limited. Furthermore, to our knowledge, studies on the effect of the BFRT system on forearm-hand muscle strength and fatigability, coordination and dexterity, functionality and quality of life in people with MS are nonexistent.",2025,English,Clinicaltrials.gov,embase,,https://doi.org/,,,,effectsofalowintensitymusclestrengtheningprotocolincombinati+2025
830,831,196,,QT,,,Isolated Autograft Anterior Cruciate Ligament Reconstruction Versus Allograft Anterior Cruciate Ligament Reconstruction with Lateral Extra-articular Tenodesis: a Randomized Controlled Trial,isolatedautograftanteriorcruciateligamentreconstructionversu,"Brief SummaryThis study seeks to evaluate the utility of non-irradiated allograft tissue with lateral extra-articular tenodesis (LET) in the setting of anterior cruciate ligament reconstruction (ACLR).Detailed DescriptionWhile ACL injuries are among the most common sports medicine injuries treated arthroscopically, significant debate surrounds the choice of graft used in ACLR. While graft choice has been studied extensively, allografts have been shown to have a slightly increased risk of failure than autografts. However, these differences become less pronounced with non-irradiated allografts that have not undergone chemical processing or with slower rehabilitation timelines. Allografts also show poorer graft maturation on MRI. The use of allografts may avoid the donor site morbidities associated with autograft procedures such as pain, donor site weakness, and increased surgical duration. Previous studies have documented a high prevalence of extensor and flexor weakness following autograft ACLR, with deficits in flexor strength following hamstring autograft lasting up to 12 months and extensor strength deficits at 24 months following quadriceps tendon autograft ACLR. Limiting these morbidities may allow a more predictable return to activity and improve patient satisfaction following ACLR. Despite the benefits, concern remains regarding the use of allografts in higher demand patients. However, some studies of patients undergoing ACLR show similar results between allografts and autografts. Despite advancements in ACLR techniques, retear rates and return-to-play rates remain unsatisfactory in specific populations. Recent investigations into the persistence of anterolateral rotatory laxity in patients have led to an increased focus on the role of the anterolateral complex for knee stability. Specifically, LET has grown in popularity in the setting of ACLR. Previous studies have demonstrated that the addition of LET may improve clinical outcomes when performed in conjunction with an ACLR, possibly by decreasing post-operative pivot shift, tibial translation, and retear rates. No study to date has compared non-irradiated allografts augmented with LET to autografts for ACLR in a randomized controlled trial fashion. This proposed study aims to understand the utility of allografts in ACLR when combined with LET.",2024,English,Clinicaltrials.gov,embase,,https://doi.org/,,,,isolatedautograftanteriorcruciateligamentreconstructionversu+2024
832,833,198,,QT,,,Prospective Evaluation of Post-operative Pain Management Using Peripheral Nerve Blocks in the Pediatric Population,prospectiveevaluationofpostoperativepainmanagementusingperip,"Brief SummaryThe goal of this randomized clinical trial is to determine if single-shot ropivacaine peripheral nerve blocks (PNB - perineural injections) for anterior cruciate ligament (ACL) reconstruction procedures in pediatric orthopaedic sports medicine patients provides significant pain relief and decreased narcotic use. The main questions it aims to answer are: * Does ropivacaine significantly reduce Visual Analog Scale (VAS) pain scores and pain levels up to one week postoperatively? * Does ropivacaine significantly decrease narcotic use (number of pills taken) up to one week postoperatively? Researchers will compare the pain outcomes and narcotic use of participants who receive a single-shot ropivacaine peripheral nerve block to those of participants who do not receive a single-shot ropivacaine peripheral nerve block for their ACL reconstruction surgery. The goal is to understand if there is a significant difference in participant pain outcomes and narcotic use outside the first 24 hours postoperatively. Participants will: * receive either a single-shot ropivacaine peripheral nerve block intraoperatively or no peripheral nerve block during their ACL Quadriceps tendon graft or bone patellar tendon bone graft reconstruction surgery. * receive and complete questionnaires at postoperative days 1, 4, and 7 regarding their pain scores, levels, and outcomes, effective pain treatments, overall pain interference, narcotic use (number of pills taken), and overall pain treatment satisfaction * receive and complete secondary outcome measures of functional and psychological outcomes regarding their ACL reconstruction surgery at postoperative day 1Detailed DescriptionThis is a single institution, prospective, single-blinded (patient) randomized controlled trial to investigate the safety and pain-control efficacy and patient reported pain outcomes of PNBs in youth receiving ACLR. To be included, participants must be aged 13+ years at the time of surgery and present with an injury requiring an isolated ACL reconstruction with either a Bone-Patellar Tendon-Bone or Quadriceps tendon graft. Data will be collected from the patient's electronic medical record and from Oberd. Data collected will include age, height, weight, surgical information, diagnosis, and patient demographics. 160 participants (80 per treatment group) will be enrolled in the study with a minimum of 130 needed to complete the study. As ACLR procedures are a frequent and standardized procedure at this institution, choosing to exclusively study this population offers a homogenous and plentiful sample. Pain protocols will follow a standard outline used by all participating surgeons to reduce variability between patients. The randomization technique of this study is supported by the equipoise of this institution's physicians regarding peripheral nerve blocks and the quantity of patients who this study's results will affect. Patients will be approached pre-operatively for participation, after which the surgical team will be informed. Patients will be offered the choice to participate in the study and randomize their treatment group. If patients do not want their treatment to be randomized, they will not be included in the study. Data collection will involve the Wong-Baker Visual Analog Scale (VAS) and VAS 10-centimeter line 0-10 Numeric Pain Intensity Scale, and an institution specific pain questionnaire regarding analgesic medicine intake and complications daily from post-operative day one to post-operative day seven. Patients' medical records will also be reviewed for readmission, calls to their physician for pain, and other noted complications. Patients will receive the following anesthesia doses by body weight (BW): Pre-operatively: * Regardless of age: 0.5 mg Midalozam per kg BW (intravenous, 15 mg maximum) * If patient has history of PONV, 0.40 mg Emend per kg BW (pill), and 2 mg Midazolam (intravenous), and/or Scopolamine patch * If patient has history of anxiety or PTSD, or exhibits anxiety symptoms before surgery: 0.1 mg Valium per kg BW (maximum 10 mg) Intra-operatively: * Amounts discretionary by patient vitals 0.5-1.0 mg Lidocaine per kg BW (intravenous -- no maximum) 3-4 mg Propofol per kg BW (no maximum) 1-2 mcg Fentanyl per kg BW (no maximum) 0.35 mg Ketamine per kg BW (no maximum) 0.1 mg Dexamethasone per kg BW (no maximum) If necessary: 0.004 - 0.006 mg Hydromorphone per kg BW (no maximum) * Local Infiltration: Regardless of weight: 10 mL Exparel and 20 mL 0.25% Marcaine - Optional: 10-20 mcg Dexmedetomidine per kg BW (for persistent tachycardia) \<50% Nitrous If intubated/ventilated: 0.5-0.6 mg Rocuronium per kg BW, \~2 mg/kg Suggamadex for reversal If Tranexamic Acid administered: 15 mg per kg BW (10-15 min intravenous, maximum 1 g) For maintenance: 1 Minimum Alveolar Concentration (MAC) Sevoflurane and 15 mg Acetaminophen per kg BW (maximum 1 g) If necessary during emergence: 0.004-0.005 mg Hydropmorphone per kg BW, 0.5 mg Ketorolac per kg BW (maximum 30 mg), and 0.1 mg Ondansetron per kg BW (maximum 4 mg) If PACU medication required: 0.004-0.006 mg Hydromorphone per kg BW and 0.10- 0.15 mg Oxycodone per kg BW, and Metoclopramide, Dexamethasone, Promethazine, or Ondansetron Peripheral Nerve Block Group Only: * A 20 mL Adductor PNB will be injected where determined as best place by Anesthesiologist Patient will receive 0.2% plain Ropivacaine (perineural injection) regardless of weight * Patient will be given a purple surgical marker dot at/near the site of injection by the anesthesiologist Placebo Group Only: \- Patients will be given a purple surgical marker dot at/near the site where a PNB would be administered by the anesthesiologist, if they were randomized to the placebo group Modification / Update, MOD002-STU-2024-0774, Philip Wilson, 7/31/2025 STU-2024-0774, Wilson, FormA-Protocol, Mod\_2, 07-31-25 Post-Operatively: * Days 1-3: Alternate weight-adjusted Acetaminophen and 10 mg Ketorolac every 3 hours * Days 4-7: Alternate weight-adjusted Acetaminophen and Ibuprofen every 3 hours * Days 1-5: 40 mg Famotidine every 12 hours * Rescue: Weight-adjusted Tramadol taken with Acetaminophen for severe pain (every 6 hours, maximum 8 doses) We will enroll 80 patients in each treatment group with 65 in each group needed for a sufficiently powered analysis. Patients will not be informed of their treatment group until after the study is complete.",2024,English,Clinicaltrials.gov,embase,,https://doi.org/,,,,prospectiveevaluationofpostoperativepainmanagementusingperip+2024
833,834,199,,QT,,,Effects of Eccentric Training in the Rehabilitation of Patients Undergoing Anterior Cruciate Ligament Reconstruction: a Randomized Controlled Trial,effectsofeccentrictrainingintherehabilitationofpatientsunder,"Brief SummaryThis study aims to investigate the effects of eccentric training on the functional rehabilitation of patients undergoing Anterior Cruciate Ligament Reconstruction (ACL-R). Thirty-four participants undergoing ACL-R will be randomly assigned to two groups: the Conventional Training Group (CTG) and the Eccentric Training Group (ETG). Both groups will adhere to the same post-surgical rehabilitation program, commencing in the first week after ACL-R and continuing until the criteria for sports resumption are achieved. The rehabilitation program will be structured into four phases: immediate post-operative, preparatory, general acquisition, and specific acquisition. The key distinction between the groups lies in their exercise regimen: ETG will prioritize the eccentric phase of movement, whereas CTG will engage in conventional exercises, maintaining uniform load across both movement phases. Assessment procedures will be conducted at three intervals for all participants: immediately post-operative, at 12 weeks post-ACL-R surgery (before the initiation of the training protocol), and at 25 weeks post-ACL-R surgery (upon completion of the training protocol). The primary outcome measure will be the maximum isometric strength of knee extensors. Secondary outcomes will encompass functional status, maximum isometric strength of knee flexors, peak dynamic strength during leg press, quadriceps muscle atrophy, performance in jump tests, and psychological readiness.",2024,English,Clinicaltrials.gov,embase,,https://doi.org/,,,,effectsofeccentrictrainingintherehabilitationofpatientsunder+2024
836,837,202,,QT,,,Effect of Internal Bracing on Outcomes Following ACL Reconstruction With Quadriceps Tendon: A Randomized Controlled Trial,effectofinternalbracingonoutcomesfollowingaclreconstructionw,"Brief SummaryThe purpose of this study is to assess Anterior Cruciate Ligament (ACL) healing through analyzing clinical, radiographic, functional and patient-reported outcomes following ACL reconstruction with quadriceps graft with and without internal bracing.Detailed DescriptionThe primary objective is to compare functional outcomes at one year in patients who underwent ACLR with or without internal bracing. The secondary outcomes are to characterize the evidence of ACL healing at 1 year by MRI imaging of the knee and obtain data on clinical and patient reported outcomes at 1 year follow-up.",2024,English,Clinicaltrials.gov,embase,,https://doi.org/,,,,effectofinternalbracingonoutcomesfollowingaclreconstructionw+2024
837,838,203,,QT,,,"ACL Reconstruction With Human Allograft Cortical Bone Screw (Shark Screw®) or Biocomposite-interference Screws - a Prospective, Randomized, Controlled Trial.",aclreconstructionwithhumanallograftcorticalbonescrew(sharksc,"Brief SummaryThe goal of this clinical trial is to compare the outcome of 2 different screws for Anterior cruciate ligament reconstruction. The main question is if the human allogeneic cortical bone screw reduces tunnel widening in comparison to conventional treatment with a biocomposite screw. Additional the re-rupture rate will be evaluated and knee scores will be recorded before surgery and after surgery. Participants will have MRI before and after surgery, 3, 6, 12, and 24 months after surgery and Computertomography after surgery, 3, 6 and 24 months after surgery. Questionnaires (Knee-scores) will be recorded before surgery, 6, 12, 24 months after surgery. the investigators hope that with the human cortical bone screw the tunnel widening is reduced and the re-rupture rate is lowDetailed DescriptionRupture of the anterior cruciate ligament of the knee joint is a common (sports) injury in young adults . Depending on various patient-related factors, such an injury can be treated surgically or conservatively . Arthroscopic and anatomical reconstruction is currently considered the gold standard of surgical treatment. In this procedure, the torn anterior cruciate tendon will be replaced usually with the own semitendinosus ligament, the patellar ligament or the quadriceps tendon by inserting it through bone tunnels in the femur and tibia. However, the optimal technique for fixing the graft remains unclear. Until the replacement graft has healed, the suspension of the graft remains the weak point of the overall construct . The currently common procedures are fixation by means of interference screw in the bone tunnels and distal fixation using endobuttons. These fixation methods differ only insignificantly in clinical scores, stability, or failure rate . A frequent complication after reconstruction of the anterior cruciate ligament is secondary tunnel dilatation, which has been described in up to 84% of cases. The cause of this is not yet fully understood. Nakazato et al. cites a longer graft and an increased dorsolateral tibial slope. Taketomi makes the posterior tibial slope particularly responsible for tibial tunnel widening and describes that an osteolysis process occurs due to the penetration of synovial fluid into the space between the tendon and the tunnel . Moon et al. see a negative correlation between the length of the graft insertion and tunnel dilation. The widening of the bone tunnels seem not to induce instability, but complicates a follow-up operation, e.g. a new cruciate ligament plasty in the event of rerupture following new trauma. The often up to twice as large bone tunnels make it difficult to find sufficient bone tissue to create a new tunnel. If the already existing and enlarged tunnel is reused, there is a risk of inadequate fixation and lack of incorporation of the new graft. In the revision, a two-stage procedure is often necessary, especially in the case of pronounced widening of the bone tunnel. The group postulates that with a tunnel width \&amp;amp;amp;gt;14 mm, only a two-stage procedure is possible. In a first operation, the bone tunnel must be filled with autologous or similar, and only in a second session a new reconstruction of the anterior cruciate ligament can be attempted. the investigators are planning a prospective, randomized, controlled, single-blind and monocentric study with 2 parallel groups to investigate an alternative fixation method in cruciate ligament surgery. This involves a screw made from allogenic bone (Shark Screw ACL®; Surgebright GmbH, A-4040 Lichtenberg, Austria) in the form of an interference screw obtained from donor cortical bone. The insertion of this bone screw is identical to the usual interference screws. This type of osteosynthesis material has already proven in other forms in fracture treatment. The investigators have been using screws made from allogenic bone in a similar form for the treatment of scaphoid fractures for more than 4 years , Calcaneal fractures, corrective osteotomies, and arthrodesis with excellent success in everyday clinical practice. Treatment with an allogenic bone screw is compared with the current standard treatment with resorbable interference screw MectaScrew (composite), Medacta Int. Str. Regina 34, 6874 Castel San Pietro, Switzerland) in a control group. The aim is to include 80 patients who will be included in the study, i.e. 40 per group. Surgical method, treatment plan and follow up treatment do not differ. The main objective of the planned study is to analyze the dilation of the bone tunnels in the two groups. This will be done by means of magnetic resonance imaging (MRI) and computer tomography (CT) examinations (MRI preoperatively, postoperatively (within 3 days) and at 6, 12 and 24 months after surgery, CT postoperatively within 3 days and at 6 and 24 months after surgery). The bone tunnels are measured and the results of the two groups are compared to determine whether the allograft screw shows less bone tunnel dilation than the current standard treatment. An initial evaluation of the data and publication is planned after 12 months; the final evaluation and publication will take place after 24 months. The secondary objectives are to record the advantages and disadvantages of the allografts and to analyze their safety and effectiveness. In particular, the incorporation of the screws is to be assessed and classified. In order to better assess the outcome of the operation, clinical parameters will be recorded, and the two groups compared with each other. Furthermore, MRI will be analyzed for its informative value with regard to bone tunnel measurement. The null hypothesis is that the two surgical procedures (bone screw / biocomposite screw) do not differ in outcome. The alternative hypothesis is that the use of the human, allogenic cortical bone screw as a fixation element for anterior cruciate ligament reconstruction results in faster and, above all, better incorporation of the graft, with less widening of the bone tunnel. Based on the experience of the investigators with similar osteosynthesis material made from allogenic bone, it is to be expected that the bone tunnel will heal scare free. The investigators see the advantage of the proposed treatment particularly in its bone-sparing nature. It is to be expected that this will make possible revision easier and that a two-stage procedure will be necessary less often.",2024,English,Clinicaltrials.gov,embase,,https://doi.org/,,,,aclreconstructionwithhumanallograftcorticalbonescrew(sharksc+2024
838,839,204,,QT,,,Neuromuscular Electrical Stimulation Superimposed or Not on Voluntary Contraction After Reconstruction of the Anterior Cruciate Ligament: a Randomized Controlled Trial,neuromuscularelectricalstimulationsuperimposedornotonvolunta,"Brief SummaryThis study aims to evaluate the effectiveness of neuromuscular electrical stimulation with superimposed voluntary contraction (NMES+ group) compared to NMES without voluntary contraction (NMES group) during the initial month of rehabilitation post anterior cruciate ligament reconstruction (ACLR). Forty patients will be randomly assigned to either the NMES group or the NMES+ group. Both groups will follow an identical rehabilitation regimen in the first month after surgery, which includes interventions for symptom management, inflammation control, edema reduction, improved joint motion range, and restoration of muscle function. All participants will undergo identical assessment protocols at four time points: pre-surgery evaluation, and assessments at 2, 15, and 30 days post-ACLR. The primary outcome of the study is the maximal isometric strength of knee extensors. Secondary outcomes encompass thigh muscle atrophy, self-reported functional impairments, knee pain, knee edema, joint range of motion, and quadriceps activation status.",2024,English,Clinicaltrials.gov,embase,,https://doi.org/,,,,neuromuscularelectricalstimulationsuperimposedornotonvolunta+2024
839,840,205,,QT,,,Nutritional Intervention to Enhance Recovery After Arthroscopic Knee Surgery in Adults: a Randomized Controlled Pilot Trial,nutritionalinterventiontoenhancerecoveryafterarthroscopickne,"Brief SummaryLoss of skeletal muscle mass (atrophy) and strength in the lower limb are consequences of elective knee surgery as result of prolonged disuse from limb immobilization and impaired mobility, as well as pathophysiological trauma. The highest rates of skeletal muscle mass and strength loss occur during the 2-week post-surgery period, considered the early phase of outpatient recovery. Alternative to resistance exercise and pharmacology, nutritional intervention represents one strategy to combat skeletal muscle disuse atrophy. Essential amino acids (EAA) and omega-3 fatty acids are known to independently potentiate rates of skeletal muscle protein synthesis and attenuate skeletal muscle atrophy in humans. However, the combined actions these nutritional strategies on skeletal muscle have not been explored in a pathophysiological context, such as surgery. With the ultimate goal to test the efficacy of the combined nutritional strategy to attenuate skeletal muscle disuse atrophy in the future, the aim of this present pilot study is to explore the feasibility of recruitment and retention of anterior cruciate ligament reconstruction (ACLR) outpatients from a single centre across 18 months for a 6-week nutritional intervention. Participants will consume either an intervention of omega-3 fatty acids and EAAs, or a placebo control of safflower oil and non-essential amino acids (NEAA), for 4 weeks before and 2 weeks after elective ACLR surgery. Furthermore, this pilot will characterize secondary outcomes of skeletal muscle mass, strength, and power, and integrated rates of muscle protein synthesis, as well as report participant adherence to protocols and incidence of adverse events.Detailed DescriptionOver their lifespan, many individuals experience episodes of skeletal muscle-disuse due to illness, injury, or elective surgery. Periods of prolonged skeletal muscle disuse, such after ACLR, result in the loss of skeletal muscle mass (atrophy) and strength. Skeletal muscle disuse precipitates several metabolic and functional impairments. Importantly, as the Canadian health care system shifts towards day surgeries and outpatient settings as opposed to in-hospital care, the development of patient-led strategies to mitigate skeletal muscle disuse atrophy has become increasingly vital. For most ACLR outpatients, resistance exercise is not feasible in the immediate 2-week post-surgical period, during which the rates of skeletal muscle mass and strength loss are highest. Outside of pharmacology, nutrition represents one alternative strategy to combat skeletal muscle-disuse atrophy during this time. Previous work reported that daily supplementation with EAA prior to and after total knee arthroplasty surgery attenuated skeletal muscle atrophy and enhanced recovery of functional mobility in adults. Similarly, chronic daily supplementation with omega-3 fatty acids reduced declines in quadriceps volume in healthy, young women during single-leg immobilization. This finding complemented previous work in which supplementation with omega-3 fatty acids potentiated muscle protein synthesis rates in response to an hyperaminoacidemic-hyperinsulinemic clamp, but not fasting rates in healthy younger, middle-aged, and older adults, while it additionally improved skeletal muscle strength and power. Together, these data suggest that combined intake of omega-3 fatty acids and EAAs may be an effective strategy to combat skeletal muscle-disuse atrophy, and perhaps loss of skeletal muscle strength, in response to ACLR. Whilst there is a growing body of literature to promote EAA and omega-3 fatty acids as anabolic stimuli, no work has explored the combined effect of these nutritional strategies in the pathophysiological context of surgery. Nutritional strategies represent an accessible treatment for skeletal muscle disuse atrophy that is independent of patient age, mobility, or current health status, which could prove favourable for surgical outpatients, as well as individuals experiencing periods of prolonged immobilization or bed rest. The future goal of this design is to test efficacy of the combined nutritional strategy of daily omega-3 fatty acid and EAA supplementation to attenuate of skeletal muscle disuse atrophy following elective knee surgery. However, the aim of the present randomized controlled pilot trial is to explore the feasibility of recruitment and retention of adult ACLR outpatients from a single centre across 18 months for a protocol that prescribes combination omega-3 fatty acid and EAA supplementation vs. a calorie- and nitrogen-matched placebo control supplement 4 weeks before and 2 weeks after ACLR surgery. This pilot will also characterize measurements of skeletal muscle volume, strength, and function, and integrated rates of skeletal muscle protein synthesis, as well as report participant adherence to protocols and the incidence of adverse events. The investigators envisage that the data generated from this trial will be used to inform the future large scale randomized controlled trial (RCT) that will examine the effect of the combined nutritional intervention on skeletal muscle volume and functional outcomes in response to ACLR. The results of future work may inform clinical practice and outpatient care guidelines to minimize loss of skeletal muscle mass and strength in response to elective surgery.",2024,English,Clinicaltrials.gov,embase,,https://doi.org/,,,,nutritionalinterventiontoenhancerecoveryafterarthroscopickne+2024
843,844,209,,QT,,,The Implications of Tourniquet Use on Early Quadriceps Function in Anterior Cruciate Ligament Reconstructions: A Randomized Controlled Trial,theimplicationsoftourniquetuseonearlyquadricepsfunctioninant,"Brief SummaryThe purpose of this study is to assess the intra-operative and post-operative effects of tourniquet use during ACL reconstruction. We hypothesize that: 1. Limited tourniquet use will not significantly impact arthroscopic visualization nor the time it takes to complete an ACL reconstruction. 2. Limited tourniquet use will lead to significantly less patient pain intra-operatively and in the immediate peri-operative period. 3. Patients who undergo an ACL reconstruction with limited tourniquet use will have earlier return of quadriceps functions as compared to those undergoing reconstruction with the use of a tourniquet.Detailed DescriptionType of Study Double-blinded randomized controlled clinical trial Group 1 (Control): Patients undergoing patellar bone-tendon-bone autograft ACL reconstruction with a tourniquet used for the duration of the case. Group 2 (Treatment/Intervention, if applicable): Patients undergoing ACL reconstruction with a tourniquet used only during patellar bone-tendon-bone autograft harvest, for a maximum of 20 minutes.",2023,English,Clinicaltrials.gov,embase,,https://doi.org/,,,,theimplicationsoftourniquetuseonearlyquadricepsfunctioninant+2023
844,845,210,,QT,,,Reduced Knee Flexion Strength 18 Years After ACL Reconstruction in Hamstring Group,reducedkneeflexionstrength18yearsafteraclreconstructioninham,"Brief SummaryBackground: Bone-patellar tendon-bone (BPTB) and a double-looped semitendinosus gracilis (hamstring group) graft are commonly used for ACL reconstruction. Short-term and mid-term studies show little to no significant difference between the two groups, and there are a few long term studies to compare results between the two grafts. Purpose: To compare the results after using either BPTB grafts or hamstring grafts 18 years after ACL reconstruction. Study design: Randomized controlled trial; Level of evidence II. Methods: 114 patients with ACL rupture between 2001 and 2004 were randomized to reconstruction with either BPTB graft or a hamstring graft. Patients were operated at four major hospitals. The 18-year follow-up evaluation included isokinetic testing of muscle strength, patient-reported outcome measures, clinical knee examination and an assessment of radiological osteoarthritis using the Kellgren-Lawrence classification. Hypothesis:Hypothesis is that there will be no difference in the long-term outcome between the two groups, as well hypothesis of no difference in patients with prosthesis after ACL reconstruction, arthrosis difference in operated knees and the rate of graft failure between the two groups. Previous follow-up studies showed a significant difference in total flexion work between the two groups, so detecting a persistent difference between the groups will be point of interest.Detailed DescriptionIntroduction Rupture of the anterior cruciate ligament (ACL) is a common soft-tissue knee injury, and has increased in number over the last twenty years. Reconstructing the ligament may be important for maintaining the stability and preventing further damaging of the knee. The two most commonly used grafts in reconstructions are the autologous patellar tendon grafts and hamstring tendon grafts There is yet to be a universally established agreement regarding which reconstruction method of an ACL is preferred. The method using the central third of the patellar tendon with proximal and distal bone blocks as the replacement has been used since the late 80s and is well documented with good results. When the technique using the hamstring tendon grafts was introduced, its popularity increased. Arguments favoring each of the methods depend on which variables one values the most. In some studies, the patellar tendon group reported problems regarding anterior knee pain and decreased sensitivity of the knee, whereas for the hamstring tendon group there was reported increased weakness of the hamstring muscles and knee laxity. However, the overall assessment and satisfaction in multiple short-term/semi-long studies have shown little to no difference . The aim of this prospective randomized multicenter study is to compare the use of bone-patellar tendon-bone (BPTB) grafts and double-looped semitendinosus gracilis (DLSG) grafts for reconstruction of the anterior cruciate ligament, 17-20 years after the surgery. The null hypothesis is that there will be no significant differences at this long-term follow-up evaluation between the two methods. Method and material of the first study- Drogset et al. recruited 115 patients with rupture of the anterior cruciate ligament in the period of 2001-2004, and randomized them to either reconstruction with bone-patellar tendon-bone (BPTB) grafts fixed with metal interference screw graft, or double-looped semitendinosus gracilis (DLSG) grafts fixed with Bone Mulch Screws and WasherLoc Screws. The surgeries were performed at four different hospitals. After one and two years, the patients were examined by an independent observer, using a series of objective tests, as well as recording the patients' subjective opinion of their knee function. The subjective tests used were Tegner's activity score, Lysholm's functional score and Modified Cincinnati Score. The objective tests used were Lachmann's test, pivot shift and KT-1000, as well as Cybex and Biodex to measure muscle strength. Method and material- The present study is a long-term follow-up of a prospective randomized multicenter study. The patient recorded outcome scores will be Tegner's activity score, Lysholms's functional score and the Knee injury Osteoarthritis Outcome Score (KOOS). The examinations include Lachmann's test, pivot shift and KT-1000. We also plan to include radiographs to evaluate the degree of arthrosis 17-20 years after the surgery, and Cybex or Biodex to examine the hamstring and quadriceps strength. The radiographic positioning will be knee AP weight-bearing standing bilateral and lateral view, as well as skyline projection. The Kellgren-Lawrence classification will be used to assess the degree of osteoarthritis. Even though 115 patients were included in the original study, we will only attempt to contact 114 due to lost inclusion-papers between the 2-year and 7-year follow-up \[8\]. During the spring of 2022, the patients will receive an invite to participate in the follow-up study. Following this, patients will be contacted to uncover different circumstances that might exclude certain patients from the clinical assessment. This includes revision of the reconstruction in question, total knee replacement or total knee arthroplasty, and if the knee had been injured beforehand. The clinical examination will be carried out by both a medical student and an experienced orthopedic surgeon. Hopefully all the patients will be examined over the course of two days at each location, and if needed, the rest will be examined at a later date. Hypothesis- Current hypothesis is that there will be no difference in the long-term outcome between the two groups. However, it will be interesting to see how many patients have received a prosthesis, and how many patients struggle with arthrosis. As the previous follow-up studies showed a significant difference in total flexion work between the two groups, we will be interested in detecting a persistent difference between the groups. Another interesting aspect will be the rate of graft failure between the two groups. Feasibility- The strength of the study is the randomization and the long follow-up period of 17-20 years. The possible limitations are the fact that there may be a problem recruiting enough patients to the follow-up, and that it might not be able to get x-rays of the patients at the different hospitals, as this is a matter of cost and availability. In addition, the different hospitals may not have a Biodex available. Publicity plan- The goal for the paper is to be published in an international journal and probably be presented at conferences. For article, that hopefully will be published in journals, Marko Popovic will stand as first author, and Julie Holen and Julie Myhre as contributing authors. Jon Olav Drogset will be listed last, as the main supervisor. Ethics- The REK-application was submitted on the 24th of December 2021. Application number: 391796. Additionally, the project will be reported to NSD when the REK-application is approved.",2023,English,Clinicaltrials.gov,embase,,https://doi.org/,,,,reducedkneeflexionstrength18yearsafteraclreconstructioninham+2023
845,846,211,,QT,,,The Impact of Blood Flow Restriction Training in Adolescents After ACL Reconstruction: A Randomized Controlled Trial,theimpactofbloodflowrestrictiontraininginadolescentsafteracl,"Brief SummaryWhile there are a number studies that have reported on the use of blood flow restriction training (BFRT) in the adult population, there is limited information about the use of BFRT in the adolescent population. This study aims to evaluate the use of BFRT in conjunction with traditional anterior ligament reconstruction (ACLR) rehabilitation in adolescents. The purpose of this study is to compare the addition of a BFRT based exercise protocol to a standard ACL rehabilitation protocol in adolescents. Does the addition of BFRT-based exercise improve strength, hypertrophy, and patient reported outcomes after ACLR in the adolescent population?Detailed DescriptionA single randomized control trial will compare the use of exercises augmented with BFRT with quantitative measurements of strength and patient-reported outcomes. A total of 40 youth and adolescent patients undergoing a surgical procedure for ACLR and subsequent physical therapy at our institution will be recruited for this study. Patients will be randomized into one of two groups using computer randomization for allocation: the intervention group receiving BFRT as part of physical therapy, and the control group will follow the institution's standard ACLR rehabilitation protocol. Both groups will follow a time- and criterion-based standardized rehabilitation protocol. The primary outcomes will be isometric and isokinetic knee peak torque and limb symmetry indices. Secondary outcomes will be quadriceps hypertrophy via mid-thigh circumference and patient-reported outcomes. Target Population Adolescent patients between the ages of 12 and 18 will be recruited at the time of surgery, specifically, those that participate in sports who are undergoing primary ACLR reconstruction at Connecticut Children's Study Group and Control Group Inclusion Criteria · Prior to surgery participated in \> 50 hours/year of level I or II sports as defined by Noyes et al and planned to return to prior level. Level I Sports (4-7 days/week) Jumping, hard pivoting, cutting (basketball, volleyball, football, soccer, gymnastics, skiing. wrestling) Running, twisting, turning (racquet sports, baseball, hockey) Level II sports (1-3 days/week) Jumping, hard pivoting, cutting (basketball, volleyball, football, soccer, gymnastics, skiing. wrestling) Running, twisting, turning (racquet sports, baseball, hockey) * Completion of postoperative rehabilitation following standard protocols * Orthopedic surgical intervention and physical therapy completed at Connecticut Children's.",2023,English,Clinicaltrials.gov,embase,,https://doi.org/,,,,theimpactofbloodflowrestrictiontraininginadolescentsafteracl+2023
851,852,217,,QT,,,All Soft Tissue Quadriceps Tendon Autograft Versus Patellar Tendon Autograft in Anterior Cruciate Ligament Reconstruction: a Randomized Controlled Trial,allsofttissuequadricepstendonautograftversuspatellartendonau,"Brief SummaryThe choice of autograft for ACL reconstruction continues to be debated. To date, there has only be one completed randomized controlled trial with quad tendon to BTB and the tendon included a bone plug. There has been no study to date comparing an all soft tissue quad tendon to patellar tendon in a randomized controlled trial for ACL reconstruction.Detailed DescriptionPatients will be recruited from the PI's population base at Highlands Sports Medicine Clinic. Patients in need of an ACL reconstruction will be asked if they are interested in participating in a study comparing BTB and QT autografts by the PI (Dr. Amit Momaya). The benefits and risks of each graft choice will be thoroughly explained. Both graft options are considered equally appropriate management. Interested patients will be screened for eligibility criteria by a research assistant; those matching eligibility will be consented and enrolled in person at the time of the visit. Patients will be randomized per trial arm assignment to either (i) assignment ""0"" or (ii) assignment ""1"". To ensure randomization, a random number generator is used to assign patient numbers and study groups; these assignments are placed with consent information to remain blinded to research personnel and participants until the consent and enrollment process. We anticipate fifty participants per assignment and oen-hundred participants in total. Assignment 0 represents the BTB group. This procedure harvests the patient's middle third of the patella tendon through a single incision for the new ACL graft. When the graft is in place, the graft is secured using a surgical button at the femoral end and a non-absorbable screw at the tibial end. Assignment 1 represents the QT group. This procedure harvests the patient's quadricep tendon through a single incision then utilizes surgical buttons to fix the graft at the tibial and femoral ends. Following enrollment, patients will immediately be notified of their assignment. Patients will also complete KT-1000 manual maximum side-to-side difference measurements . The patient will then be scheduled for ACL reconstruction surgery according to their assignment. Following reconstruction, standard of care rehabilitation and mobility instructions will be provided. Participants are expected to complete the usual standard of care 2 week, 6 week, 3 month, 6 month, and 9 month postoperative appointments. At the 2 week and 9 month postoperative visits, a routine x-ray will be performed. Aside from a singular KT-1000 measurement and repeated surveys, the patient should not expect any differences in their postoperative visits compared to if they had not participated in the study.",2022,English,Clinicaltrials.gov,embase,,https://doi.org/,,,,allsofttissuequadricepstendonautograftversuspatellartendonau+2022
855,856,221,,QT,,,AOSSM Specialty Day Abstracts,aossmspecialtydayabstracts,The proceedings contain 26 papers. The topics discussed include: quadriceps tendon autograft exhibits similar outcomes at return-to-sport two- years when compared to patellar tendon autograft for primary acl reconstruction; a modified lemaire lateral extra-articular tenodesis in high risk adolescents undergoing anterior cruciate ligament reconstruction: two-year clinical outcomes; multimodal pain regimen is equivalent to opioid analgesia following arthroscopic rotator cuff surgery: a prospective randomized controlled trial; the effects of glenohumeral osteoarthritis on early clinical outcomes following arthroscopic rotator cuff repair; glenoid labral tears are associated with increased neurofilament innervation; the effect of anterior glenoid cartilage defects on anterior glenohumeral instability: a biomechanical study; and predictors of return to sport in high-level athletes following hip arthroscopy for femoroacetabular impingement.,2022,English,Orthopaedic journal of sports medicine,embase,,https://doi.org/,,,,aossmspecialtydayabstracts+2022
856,857,222,,QT,,,Optimizing GRAft SElection for ACL Reconstruction (GRASE-ACL Trial) - a Three-armed Randomized Controlled Trial,optimizinggraftselectionforaclreconstruction(graseacltrial)a,"Brief SummaryPurpose: To investigate the differences between the three most common methods for reconstruction of the anterior cruciate ligament (ACL), to support the development of the best method for the individual patient. Main research area: ¨ Sports Orthopedic Surgical research. State of the art: Every year in Denmark 2500 patients receive surgical reconstruction surgery to replace a ruptured ACL. Many patients experience a decline in knee function and 4-12% suffer a new ACL rupture within 5 years. According to data from the Danish ACL register, three methods of reconstruction are most prevalent, but with large variation between hospitals. This indicates lack of consensus on optimal surgical procedure. Design: Assessor-blinded randomized controlled study. 150 patients aged 18-40 with ruptured ACL are allocated to reconstruction with tendon(s) harvested from either the semitendinosus and gracilis, or the patella tendon, or the quadriceps tendon. Patient follow-up will be conducted preoperatively and 1, 6, 12, 24 months postoperatively. Primary technologies and outcomes: * Patient-reported knee-joint function, quality of life and donor-site morbidity is obtained with standardized questionnaires. Primary outcome is subjective knee function with the International Knee Documentation Committee evaluation form (IKDC) * Instrumented analysis of knee-joint coordination and neuromuscular control including 3-D motion capture and electromyography (EMG) during single leg jumps, landings and change-of-direction. Measurement of maximal explosive muscle power in knee extension and flexion. Primary outcome is relative difference between injured and healthy leg in rate of force development (RFD-LSI). * Standard clinical knee examination of range of motion and instrumented examination of knee-joint stability. * Magnetic Resonance Imaging (MRI) of the thigh muscles for examination of muscle morphology. The trial is designed for publication in three primary publications 1. \- Patient reported effect of graft choice in ACL reconstruction 2. \- Biomechanical effect of graft choice in ACL reconstruction 3. \- Clinical effect of graft choice in ACL reconstruction Additional secondary publications are in the pipeline. Reference to primary protocol and results will always be emphasized in secondary publication to ensure methodological transparency.Detailed DescriptionPurpose: The aim of this randomized controlled trial is to investigate the effect of graft choice in anterior cruciate ligament (ACL) reconstruction surgery, primarily from a patient-centered as well as a novel biomechanical perspective; and secondly from a clinical and muscle morphological perspective. The study compares the three most common methods for ACL reconstruction: autograft harvested from the m. quadriceps tendon (QT), the hamstring tendons (ST/Gr), and the patella tendon (BPTB). By applying this 360° scientific approach, it is the hope to improve the possibilities for a much-needed evidence-based and individualized treatment of ACL ruptures. Objectives and hypotheses: • Objective no. 1: The patient-centered perspective To investigate the effect of graft choice on patient-reported questionnaire scores, primarily on the International Knee Documentation Committee Evaluation Form (IKDC). The investigators hypothesize that of all three grafts, the QT graft will result in non-inferior patient reported knee function. * Objective no. 2: The biomechanical perspective To investigate the effect of graft choice on muscle strength and knee joint control. The investigators hypothesize that of all three grafts, the ST/Gr graft will show largest negative effect on explosive muscle strength. * Objective no. 3: The clinical perspective To explore the effect of graft choice on knee stability and surgery complications. * Objective no. 4: The muscle morphological perspective To explore the effect of graft choice on length and cross section area of the hamstring tendons. State-of-the-art: The most common method for ACL reconstruction in Denmark is the use of an autograft to replace the ruptured ACL. The autograft is harvested from either the m. quadriceps tendon (QT), the m. semitendinosus and m. gracilis tendons (hamstrings) (ST/Gr), or the patella tendon with bone plugs (BPTB). The BPTB graft was initially used as standard method. It has the advantages of faster graft incorporation (bone to bone healing), reliable graft size and low risk of graft rupture and knee laxity. It is widely used around the world. In Denmark it accounts for app. 10% of all reconstructions. A number of disadvantages of the BPTB graft have been described in the literature: anterior knee pain, pain from the donor site, extension strength deficits, and decreased knee joint flexion range of motion. Due to these potential morbidity problems of the BPTB graft, there was a shift towards the ST/Gr graft as the preferred choice. Today, the ST/Gr graft is harvested in more than 52% of all ACL reconstructions in Denmark. From a surgeon's perspective, the graft is easy to harvest, time efficient, and leaves smaller scars. The ST/Gr graft is however associated with increased laxity of the knee joint compared to the BPTB graft, and the size of the graft can be a challenge. Also, harvest of the ST/Gr graft is associated with sustained loss of strength, length, and volume of the harvested muscles. This is of concern, as biomechanical research has shown that semitendinosus is essential to stabilize the knee joint and protect the ACL during cutting movements. Finally, recent research indicates higher risk of revision surgery using the ST/Gr graft compared to the BPTB graft. Currently, particularly in Scandinavia, surgeons are reintroducing a third graft, the QT graft. The advantages of the QT graft are large and predictable graft size and acceptable clinical outcomes. A recent study from the Sports Orthopedic Research Center - Copenhagen (SORC-C) at Hvidovre Hospital found no difference in revision rates between the ST/Gr graft and the QT graft in a cohort of more than 400 patients. The QT graft now accounts for app. 10% of all ACL reconstructions in Denmark, but the graft remains a relatively untested method. Methods: Study design and approvals: This is an assessor-blinded randomized controlled trial with a three-group parallel design. Patients will be randomized to ACL reconstruction with either BPTB, ST/Gr, or QT graft with a 1:1:1 allocation. Follow-up will be performed 1, 6, 12, and 24 months after reconstruction. The study will adhere to the CONSORT guidelines for reporting of Multi-Arm Parallel-Group Randomized Trials (http://www.consort-statement.org) and is pre-registered at http://www.clinicaltrials.gov. The study is approved by the Scientific Ethics Committee for the Capital Region (Journal-no.: H-19001194) and by the Danish Data Protection Agency (Jr. no. VD-2018-524) Randomization and blinding: Patients will be randomly assigned to a treatment group using a 1:1:1 allocation ratio using a randomization schedule of permuted blocks of random sizes. The randomization will be stratified by biological sex and age. The final randomization will be made after arthroscopic assessment of the knee and evaluation according to the in- and exclusion criteria. Outcome assessors are blinded to group allocation. Before each patient visit, tape will be placed on possible scars to hide donor graft site. Given the nature of the intervention, blinding of patients and surgeons is not feasible. Treatment: The procedure is initiated with knee arthroscopy. Ligament lesions, meniscus tear, and cartilage damage are inspected and treated if indicated, and ACL remnants are removed. The BPTB graft is harvested through two 4-5 cm incisions, one on the tibial tuberosity and one on the patella. The middle 10 mm of the patella tendon plus 20-30 mm bone plugs at each end from corresponding tibia and patella is harvested. The ST/Gr graft is harvested through a 4-5 cm incision at the pes anserinus. Both the semitendinosus and the gracilis tendon is identified and harvested. The tendons are prepared and folded to a four-stranded graft with a total diameter of 7-10 mm. The QT graft is harvested through a 4-5 cm incision at the upper pole of the patella. A graft sized 10-12 mm in with and app. 6 mm in depth is harvested from the middle part of the tendon. The femoral tunnel is placed anatomically central in the native footprint of the ACL. The tibia tunnel is also placed anatomically; the center of the tunnel being medially between the eminential spines at the level of the posterior margin of the anterior horn of the lateral meniscus. The BPTB graft is fixed both proximally and distally with a Milagro screw (DePuy Synthes) or similar . The ST/Gr and QT grafts are fixed proximally with the RIGIDFIX® Curve Cross Pin System (DePuy Synthes) and distally with a Milagro screw (DePuy Synthes) or similar. The patients are referred to rehabilitation according to Danish rehabilitation guidelines following ACL reconstruction. ¨ Statistics: Analysis will be performed with a linear mixed-effects model of the relationships between outcomes and treatment group (BPTB, ST/Gr, and QT graft) and time points (pre-operative, 1-month, 6-month, 12-month, and 24-month follow-up). Fixed effects are time and treatment group, and random effects are patient ID. Sample size: The study includes two primary outcomes, the IKDC score change between treatment groups from pre-operative to 12-months follow-up, and the LSI-RFD between treatment groups at 12-months follow-up. The two outcomes are of different hypotheses and independent. Based on literature, the minimal clinically important difference in IKDC score is approximately 10 points, and the standard deviation on the change in IKDC score from baseline to after ACL reconstruction is approximately 13 points. Based on these assumptions, 37 patients are needed per group (α = 0.05, β = 0.80). A local unpublished pilot study of 10 healthy individuals showed a minimal detectable difference in LSI-RFD of 12% and a standard deviation in the group of 17%. Based on these assumptions, 40 patients are needed per group (α = 0.05, β = 0.80). A total inclusion number of 150 is decided to account for a patient dropout of app. 10%.",2022,English,Clinicaltrials.gov,embase,,https://doi.org/,,,,optimizinggraftselectionforaclreconstruction(graseacltrial)a+2022
860,861,226,,QT,,,"Vitamin D as an Intervention for Improving Quadricep Muscle Strength in Patients After Anterior Cruciate Ligament Reconstruction: A Randomized Double-Blinded, Placebo-Controlled Clinical Trial",vitamindasaninterventionforimprovingquadricepmusclestrengthi,"Brief SummaryQuadriceps muscle strength is one of the key determinants for patients to fulfill the Return-to-Play (RTP) criteria after an anterior cruciate ligament reconstruction (ACLR), in which the muscle size is directly linked to muscle strength. Quadriceps muscle atrophy is unavoidable after ACLR, but the rehabilitation program should increase quadriceps muscle mass. However, despite good rehabilitation compliance, some patient's progress is sub-par and fail to regain muscle mass. Quadriceps muscle atrophy can persist beyond the completion of the rehabilitation program in almost half the patients and the reason behind this is still unknown. This represents an area that requires significant investigation, as quadriceps muscle atrophy and weakness have been shown to be determinants of poor knee function, decreased performance in sports and increased risk of reinjury. Quadriceps muscle atrophy after ACLR is well documented. This can be due to a decreased ability to regain muscle mass with rehabilitation. Athletes are one of the high-risk groups for vitamin D insufficiencies. Vitamin D deficiency can potentially result in decreased hypertrophy when exercising the muscle, leading to a poorer outcome in rehabilitation. Vitamin D has long been recognized for its effect on musculoskeletal health. It can have a direct effect on muscle hypertrophy by acting on specific vitamin D receptors (VDRs) on myocytes, and sufficient or increased levels of vitamin D in patients have been found to correlate with an increase in the size, number, and strength of muscle fibres. Quadriceps muscle hypertrophy after ACLR is triggered by exercise training, facilitated by diet and a number of intrinsic factors. As the rehabilitation programs and diets are similar in patients with varying extents of quadriceps muscle atrophy, individual responses (intrinsic factors) to exercise training may account for the resulting persistent quadriceps muscle atrophy. In this study, the investigators hypothesize that the deficiency of vitamin D may contribute to persistent quadriceps atrophy and weakness. With a stringent double-blinded randomized-controlled-trial (RCT) research design, our proposal will then address the research questions: 'Does vitamin D supplements improve the vitamin D deficiency status in patients after ACL reconstruction?', and 'Does vitamin D supplements improve quadriceps muscle strength for patients after ACLR?'",2021,English,Clinicaltrials.gov,embase,,https://doi.org/,,,,vitamindasaninterventionforimprovingquadricepmusclestrengthi+2021
861,862,227,,QT,,,"A Double-Blinded, Randomized-Controlled-Trial to Investigate the Effect of Pulsed Electromagnetic Field (PEMF) for Patients With Quadriceps Weakness After Anterior Cruciate Ligament Reconstruction (ACLR)",adoubleblindedrandomizedcontrolledtrialtoinvestigatetheeffec,"Brief SummaryIn Hong Kong, over 3000 Anterior Cruciate Ligament Reconstructions (ACLR) are performed each year in order to restore knee function after an ACL injury. The ultimate goal of ACLR is to fulfil the return-to-play (RTP) criteria. Despite successful surgery and a demanding rehabilitation process, some athletes still fail to comply to RTP. For those who achieve RTP, 23% of those who return to their sports would suffer a second ACL injury. Quadriceps muscle strength is one of the key determinants for a patient's successful return- to-play after ACLR. Quadriceps muscle atrophy can persist beyond the completion of the rehabilitation program in almost half the patients and the reason behind this is still unknown. Therefore, there is need to find a more effective way to increase quadriceps strength. There are emerging evidences showing that pulsed electromagnetic field (PEMF) can modulate mitochondrial activities for muscle gain. PEMF exposure on top of regular exercise training may promote muscle regeneration and tissue healing. This study aims to conduct a double-blinded, randomized controlled trial to investigate the effects of PEMF treatment during the late postoperative period on quadriceps muscle strength in ACL injured patient. Muscle endurance could only be investigated in late postoperative period. The investigators hypothesize that PEMF treatment is effective to reduce muscle weakness and promote gain in quadriceps muscle strength in ACLR patients. Based on the aim of this study, adult patients (aged 18-30) with a unilateral ACL injury, total quadriceps muscle volume is equal or morn than 7% deficit on involved leg compared with uninvolved leg, sporting injury with a Tegner score of 7+, both knees without a history of injury/prior surgery will be recruited. To estimate the improvement of patients, Isokinetic muscle assessment, ultrasound imaging and MRI for quadriceps muscle thickness, self-reported outcomes with questionnaires, KT-1000 for knee laxity and biomechanical analysis, Xtreme CT for Bone mineral density will be performed. To investigate the mechanism of PEMF therapy on increasing quadriceps strength, samples of blood serum will be draw before and after intervention.",2021,English,Clinicaltrials.gov,embase,,https://doi.org/,,,,adoubleblindedrandomizedcontrolledtrialtoinvestigatetheeffec+2021
863,864,229,,QT,,,Early Domestic Rehabilitation Using Virtual Reality for Patients With Anterior Cruciate Ligament Reconstruction: a Randomized Controlled Trial,earlydomesticrehabilitationusingvirtualrealityforpatientswit,"Brief SummaryThe purpose of this study is to ascertain whether 4 weeks of daily virtual-reality-based rehabilitation at home improves disability in the early stages of recovery from anterior cruciate ligament reconstruction surgery compared with standard care.Detailed DescriptionAfter being informed about the study and potential risks and benefits, patients giving written informed consent will be randomized to one of two groups in a 1:1 ratio. The treatment group will perform daily a 20-minute rehabilitation session in virtual reality, in which they will observe their virtual body performing a series of exercises they would otherwise be unable to perform in real life. Both groups will also undergo the standard rehabilitation protocol. The investigators will assess for differences between groups in self-reported disability, knee range of motion, and quadriceps strength at baseline, 4 weeks, 12 weeks and 9 months.",2021,English,Clinicaltrials.gov,embase,,https://doi.org/,,,,earlydomesticrehabilitationusingvirtualrealityforpatientswit+2021
864,865,230,,QT,,,Full Weightbearing Versus Partial Controlled Weightbearing During the First Six Weeks of Rehabilitation After Reconstruction of the Fibular Collateral Ligament: a Randomized Controlled Trial,fullweightbearingversuspartialcontrolledweightbearingduringt,"Brief SummaryThis is a prospective randomized controlled trial with the purpose to determine if patients undergoing fibular collateral ligament (FCL) reconstruction alone or combined FCL and anterior cruciate ligament (ACL) reconstructions can safely begin full controlled weightbearing for the first six weeks after surgery.Detailed DescriptionPatients will be randomly assigned to one of two rehabilitation protocols for the first six weeks post-surgery: 1. partial weightbearing 2. full controlled weightbearing An immobilizer brace in extension will be used from post-operative day 0 through 13 and a CTi ligament knee brace (Össur Americas, Foothill Ranch, California) will be used from 14 to 42 days post-surgery to protect against side-to-side motion while weight bearing. Specific Aims 1. Primary Aim: To determine if there is a difference in millimeters of varus gapping on anteroposterior (AP) stress radiographs at six months post-surgery between patients who are partial weight bearing versus full controlled weight bearing during the first six weeks of post-surgical rehabilitation. This distance will be compared to varus gapping measured on the contralateral uninjured control knee. 2. Secondary Aim: To determine if there is a difference in pain, edema, and range of motion, gait, quadriceps strength, and patient reported outcomes between groups. The Investigators hypothesize that there will be no clinically significant difference (\< 2 mm change) in varus gapping between the control and treatment groups. Results of this study will help to expedite return to pre-injury levels of activity and decrease adverse sequelae associated with non-weight bearing such as osteopenia, muscle atrophy, loss of ankle range of motion, and increased risk of deep vein thrombosis. The current standard of care for FCL reconstruction is early controlled partial weight -bearing for the first six weeks after surgery.",2021,English,Clinicaltrials.gov,embase,,https://doi.org/,,,,fullweightbearingversuspartialcontrolledweightbearingduringt+2021
865,866,231,,QT,,,Non-Weight Bearing Versus Partial Controlled Weightbearing During the First Six Weeks of Rehabilitation After Multiple Knee Ligament Reconstruction: a Randomized Controlled Trial,nonweightbearingversuspartialcontrolledweightbearingduringth,"Brief SummaryThis is a prospective randomized controlled trial with the purpose to determine if patients undergoing isolated posterior cruciate ligament (PCL) reconstruction, or isolated medial collateral ligament (MCL) reconstruction, or combined PCL, anterior cruciate ligament (ACL), fibular collateral ligament (FCL), posterolateral corner (PLC), and MCL reconstructions (or any combination of multiple ligaments) can safely begin partial controlled weightbearing for the first six weeks after surgery.Detailed DescriptionPatients will be randomly assigned to one of two rehabilitation protocols for the first six weeks post-surgery: 1. non-weightbearing 2. partial weightbearing An immobilizer brace in extension will be used from post-operative day 0 through 4 and a dynamic stabilizing posterior knee brace (Ossur) will be used from 5 days through 6 months post-surgery to protect against increased posterior translation forces due to gravity and while weightbearing for patients with PCL reconstructions. Specific Aims 1. Primary Aim: To determine if there is clinical equivalence in millimeters of posterior tibial translation on posterior stress radiographs at six months post-surgery between patients who are non-weightbearing versus partial controlled weightbearing during the first six weeks of post-surgical rehabilitation. 2. Primary Aim: To determine if there is clinical equivalence in millimeters of valgus and/or varus compartment gapping on stress radiographs at six months post-surgery between patients who are non-weightbearing versus partial controlled weightbearing during the first six weeks of post-surgical rehabilitation. 3. Secondary Aim: To determine if there is a difference in pain, edema, range of motion, gait, and quadriceps strength between groups. The current standard of care for posterior cruciate ligament reconstruction and multiligament reconstruction is non-weightbearing for the first six weeks after surgery.",2021,English,Clinicaltrials.gov,embase,,https://doi.org/,,,,nonweightbearingversuspartialcontrolledweightbearingduringth+2021
866,867,232,,QT,,,Effects of FIFA 11+ With and Without Dynamic Core Stability Training on Balance and Dynamic Knee Valgus in Amateur Soccer Players at Risk of Anterior Cruciate Ligament Injury,effectsoffifa11+withandwithoutdynamiccorestabilitytrainingon,"Brief SummaryThe incidence of soccer-related injuries is reported to have the highest rate amongst all sports. To reduce the incidence of soccer injuries in youth and amateur soccer players, an injury prevention framework namely FIFA 11+ was established. Although the FIFA 11+ is a comprehensive warm-up and training program for soccer players, yet in the second component focusing on strength and plyometric training, the exercises consist of only static core training whereas dynamic core training is not included in the protocol. Hence this study will observe the effect of including dynamic core training targeting the remaining core musculature as well in the FIFA 11 + program for risk factor modification and correction of muscular imbalance.Detailed DescriptionSoccer (football) is one of the most popular sports in the world. Intense soccer actions (i.e., acceleration, decelerations, change of direction, sprinting, tackling, running, being tackled, and shooting, twisting, turning, jumping and landing during the game) in addition to high impact and forceful body contacts during practice sessions and matches predispose the athletes to injuries. various contributing factors of these injuries include muscular imbalance, joint instability, lack of proper training and inadequate rehabilitation. Poor landing mechanics, specifically, increased dynamic knee valgus, is also associated with increased risk for lower limb injury, particularly ACL injury. The modifiable factors are shown to be responsive to different types of trainings. In fact neuromuscular factors are involved in control of dynamic knee stability, hamstrings and quadriceps imbalances, asymmetry of legs and core dysfunction. The latest FIFA 11+ developed in 2006 was designed to be used as pre-training protocol to improve the components of physical fitness that might contribute to injury prevention. In this program, there is a combination of three major exercise regime components: an initial running and stretching exercises, second component of strength, plyometric and balance exercises, ending with high speed planting and cutting exercises. One of the component of this program involves the training of core musculature. While the core muscles (including muscles of trunk and pelvis) do not cross the knee joint, yet core stability can modulate the lower limb alignment and loading during dynamic tasks. Hence, this study will be conducted to find whether there is any effect of including dynamic core training in the FIFA 11+ program in order to correct muscular imbalances and ultimately risk factor modification. A two-arm single blinded randomized controlled trial will be conducted to find out the dynamic knee valgus alignment, postural stability and single leg athletic stability and lower limb muscles strength, while the secondary outcomes would include lung function tests (FEV1, FVC \& FEV1/FVC ratio). In the control group, standard FIFA 11+Protocol will be followed consisting of slow paced running exercises followed by strength, plyometric and balance training. In the experimental group, FIFA 11+ protocol along with additional dynamic core exercises will be followed including leg raises, crunches, superman, plank hip twist, and supine bridge.All exercises in both groups will be progressively increased as per established protocol. Training will be provided 3-4 Times a week for 8 Weeks on alternate days.",2021,English,Clinicaltrials.gov,embase,,https://doi.org/,,,,effectsoffifa11+withandwithoutdynamiccorestabilitytrainingon+2021
867,868,233,,QT,,,The Effects of Whole Body Vibration Therapy on Increasing Quadriceps Strength Prior to Anterior Cruciate Ligament Reconstruction,theeffectsofwholebodyvibrationtherapyonincreasingquadricepss,"Brief SummaryIntroduction: Approximately 35% patients can not return to sports after anterior cruciate ligament reconstruction(ACLR). Persistent quadriceps weakness is a factor that prevents patients return to sports. Pre-operative quadriceps strength is a predictor for the outcomes after ACLR. Therefore, enhancing pre-operative quadriceps is important. However, current prehabilitation can not well restore quadriceps strength may be due to quadricep inhibition. Whole body vibration was proposed as a promising intervention to increase muscle strength and modulate quadriceps inhibition simultaneously. Therefore, this study aim to investigate if whole body vibration has the efficacy of enhancing pre-operative quadriceps and modulating quadricep inhibition in patients with ACL injuries. Methods: A randomized controlled trial was designed. Patients with primary ACL injuries, age from 18-45 yrs, BMI\<29, physically active who awaiting ACLR will be included. Patients with any previous lower-limb injuries within 1 year, any cardiovascular or metabolic disorders will be excluded. All the subjects in this study have to finish their routine 5 week prehabilitation as well as the interventions. The primary outcomes of this study include quadriceps strength and quadriceps central activation ratio. Secondary outcomes include the score of IKDC and ACL-RSI, as well as the concentrations of myokines in serum.Detailed DescriptionThe effect of whole body vibration therapy on increasing quadriceps strength prior to anterior cruciate ligament reconstruction 1. Introduction: Anterior cruciate ligament (ACL) injury is a common knee injury in orthopaedic and sports medicine. It is estimated that there are 200000 ACL injuries annually in US. According to the ACL injury registry system of Scandinavia, the incidence of ACL injury was about 32-38/10000 people per year. ACL reconstruction (ACLR) has been recommended as the optimal treatment to restore knee passive laxity in patients with ACL injury who have desire to return to sports. However, a recent meta-analysis showed that only 42% of elite athletes are able to return to non-elite competitive sports following a successful reconstruction and rehabilitation. About 50% of them cannot return to sports at 1 year and one-third cannot return at 2 years post-operatively. Until now, the reason why some patients can have good functional recovery following surgery while the others cannot is still unknown. Since the ultimate goal of ACL reconstruction is to help patients return to pre-injury activity without high re-injury risk, identifying those who are at high risk of poor recovery following surgery is extremely essential. Some previous studies concluded that pre-operative quadriceps strength is a key predictor for functional recovery post-operatively. Therefore, increasing pre-operative quadriceps strength is very important. Several studies implemented pre-operative rehabilitation found that part of patients still could not achieve symmetrical quadriceps strength, which mainly because of injury-induced arthrogenic inhibition and increased atrophy-related biomarkers makes those patients have low response to traditional strength training. It has been demonstrated that whole body vibration is an effective way in decreasing AMI due to increase corticomotor excitability. Whole body vibration becomes more and more popular as an additional program of physiotherapy for diverse disorders. For patients with ACL injury, previous studies indicate that whole body vibration is effective in improving quadriceps function, neuromuscular control and balance. There are several mechanisms can explain the benefits whole body vibration therapy brought to ACLD patients. Firstly, vibratory stimuli can increase the excitability of type Ia afferent neuron via muscle spindles, resulting in tonic vibration reflex and enlargement of type I and type II muscle fibers. Secondly, whole body vibration can decrease fast-twitch motor unit recruitment thresholds immediately, leading to higher activation of muscles. Thirdly, vibratory stimuli may activate proprioceptive receptors of lower limbs. On molecular level, Low-amplitude high frequency vibration can down regulate Atrogin-1 mRNA and myostatin expression. In addition, it also was found effective in increasing circulating irisin which is a recently identified myokine levels acutely after vibration exercises. Several studies also reported that whole body vibration training can reduce blood concentration of TNF-αreceptors, TNF-α, IL-6 in elderly population and healthy people after exercise. Based on the above, whole body vibration maybe a more efficient and effective way to improve quadriceps strength prior to surgery. Thus, this study is primarily to answer the research question: Do patients with greater quadriceps strength improvement prior to surgery also have better functional recovery following ACLR? The second aim is to answer the research question: Are quadriceps inhibition and altered exercise-induced myokines secretion the reasons for the patient's different responses to the same intensity exercise? The third aim is to answer is whole body vibration is a more effective and efficient way to improve quadriceps strength prior to surgery? 2. Methodology: A randomized control trial 2.1 Participants: Inclusion criteria: Adult; primary unilateral ACL rupture; no other injuries on lower extremities; BMI \<30; no acute symptoms of injury; waiting for ACLR Exclusion criteria: BMI≥ 30; pregnancy; any cardiac or respiratory disease; refuse to accept ACLR 2.2 Interventions: Patients will be randomized allocated into 2 groups: conventional group and; vibration group; conventional+ strength training group; conventional +vibration group. Conventional group： strength training Vibration group: Whole body vibration therapy Conventional+ vibration group: strength training+ whole body vibration therapy Strength training protocol: Leg press 75% RM 10 repetitions\*3 Leg extension 75% RM 10repetitions\*3 Leg curl 75%RM 10 repetitions\*3 Hip abduction 75% RM 10 repetitions\*3 Hip adduction 75% RM 10 repetitions\*3 Straight leg raise 75 RM 10 repetitions\*3 Squat 1 min\*6 repetitions ,1 min rest between each Whole body vibration (Fitvibe Excel Pro) protocol: Vertical direction vibration Position: standard squat with knee 60 flexion, barefoot and hands on the wrist Frequency: 20-60 Hz (adjusted with a step of 5Hz) Amplitude: 2-4mm Intensity: 15-30 mins (adjusted according to patients' self-reported feeling and progress) All of the interventions will take fivefour weeks and patients need to complete 10 sessions of exercise at least. In order to make all of the patients follow a same post-operative rehabilitation. A smart phone APP illustrating our post-operative rehabilitation protocol will be installed to patients' smart phones. 2.3Outcomes: 2.3.1 Time points for outcome measurements: baseline, after a single session of WBV, pre-operation, 3 months post-operation, 9months post-operation. 2.3.2 Quadriceps strength and quadriceps voluntary activation : Subjects' quadriceps peak torque (both legs) measurement will be completed on an isokinetic strength dynamometer (Biodex System 3, Biodex Medical Systems, Shirley, NY, USA). During the test, subjects are positioned with their hip flexed 90°and knee flexed 30°and subjects are asked to try their very best to ensure the MVIC. Meanwhile, the tester will give encouraging word 'harder and harder' during the process of contraction. The MVIC test will repeat 3 times per subject. And sufficient rest is allowed during the interval of each repeat. In order to standardize the data, individual MVIC peak torque will be divided by the body mass of every subject for the further statistic analysis. To quantify quadriceps activation ratio the superimposed burst technique will be used. The peak torque recorded from the MVIC test will be inputted into a software to deliver a supramaximal electrical stimulus (from DS7R:10-pulses, 100 Hz train) to the quadriceps muscle once the maximal knee extension torque is reached. The electrical stimulus will be delivered through two self-adhesive stimulating electrodes (8 × 13cm) applied over the vastus lateralis muscle proximally and the vastus medialis distally. Quadriceps activation ratio will be calculated using the central activation ratio formula (CAR), which is (MVIC) / (peak torque generated by the stimulus) \*100. A CAR of 100 was used to represent complete quadriceps activation. CAR values that were ≥ 95 were considered to be 'normal' and/or representative of a healthy CAR value. The maximal CAR value that is collected will be used for statistical analysis. CAR= MVIC/(MVIC+ST) \*100% 2.3.3 Quadriceps thickness: Previous studies have confirmed that quadriceps size could be accurately predicted from a single MRI scan at the middle level of the thigh. In this study, considering the cost-inefficiency of MRI examination, shear-wave elastography ultrasound (version 6.0; Supersonic Imagine, Aix-en-Provence, France) will be used to estimate quadriceps CSA since several studies demonstrate that ultrasound is a reliable tool for quantification of muscle CSA. Furthermore, Abe T et al. found there is a high correlation(r=0.91) between muscle thickness and CSA of quadriceps. And Franchi et al. support the use of ultrasound-measured middle level quadriceps thickness for monitoring long-term hypertrophic response induced by resistant strength training as an alternative to the much more expensive MRI examination. 2.3.4 Functional performance (sSingle leg hop; postural control): The single leg hop (SLH) test will be performed as previous studies reported. Before testing, patients will be required to complete a 5 min warm-up on a stationary exercise bike. A general instruction about the jumping task ""Stand on one leg, jump as far possible and land on the same leg"" will be given. Three trials will be performed with each leg followed by familiarization. The SLH will be deemed correctly if the patient is able to achieve maximal hop distance while maintaining balance for at least 2 s after landing. Patients will be asked to start with their non-injured leg. The Biodex Stability System (with software version 3.1, Biodex Medical Systems) will be used to evaluate postural control. Participants will be positioned with both feet on the platform and in a comfortable position with knee flexion around 15°. The foot positions recorded in the first session will be used at all subsequent assessments. Each patient have to maintain the static position with the platform progressively decreased in stability from level 8 to level 4 within 25 seconds. There will be a total of 3 trials, with a 10-second resting time between. The mean ±standard deviation of the OSI, API, and MLI will be recorded. 2.3.5 Patients reported outcomes: The subjective functional outcome will be evaluated by Lysholm knee scoring system, the IKDC subjective scoring system and Tegner activity score. Psychological readiness for return-to-play will be evaluated by ACL-RSI. The IKDC is consisted of 10 questions about symptoms and activity ranging from 0 to 100 where 100 implies perfect knee function. The Tegner score is an activity level scaled from 1 (low activity) to 10 (very high activity). The ACL-RSI scale with 12 items measures three specific psychological constructs-emotions, confidence in performance and risk appraisal-on a scale from 0 to 100. This scale is a predictive parameter for a successful RTS after ACLR. 2.3.6 Biomarkers in blood serum: Blood will be taken at baseline, at 30 mins after 1 day exercises and when after completion 4 weeks exercises. The technique for serum sampling was reported by Perez-Lopez et al . Blood samples will be centrifuged for 15 minutes at 1000 g and stored at -80°C. Two high-sensitivity enzyme-linked immunosorbent assay (ELISA) kits will be used to determine the serum concentration of IL-15, IL-15Rα, myostatin, IL-6, IL-10, IGF-1, irisin in duplicates. 2.3.7 Swelling and pain assessment: (will be measured 1 week and 3 months post-operatively) Knee joint swelling will be evaluated by measurement of mid-patellar girth with a standard tape measure (tape width = 8 mm). Difference between injured side and contralateral side will be recorded for further analysis. The same experienced researcher will perform the measurement. Pain will be estimated by the well-established numerical pain rating scaleThe well-established numerical pain rating scale will estimate pain. Patients will finish this scale based on their subjective feeling according to the introduction on the scale. 2.3.8 Knee passive laxity The knee passive laxity will be measured by KT-1000 knee arthrometer. The KT-1000 is an objective instrument for ACL injury and reconstruction, which measures anterior tibial motion relative to the femur. The test involves strapping the KT-1000 to the leg, pulling the tibia anteriorly, and quantifying the amount of movement in millimeters (mm). 2.3.9 Motivation and Social Cognitive Variable and Rehabilitation Adherence For measuring treatment motivation, the injury rehabilitation version of Treatment Self-Regulation Questionnaire will be used. The questionnaire has been used among ACL patients in Hong Kong and has received supporting evidence for its validity and reliability. For measuring the variables from the theory of planned behaviour, the Chinese injury rehabilitation version of the Theory of Planned Behaviour Scale that has been developed and validated from previous studies about injury rehabilitation will be used . The rehabilitation adherence will be estimated by the Self-Reported Injury Rehabilitation Adherence Scale. The scale is one of the most widely used self-reported instrument that has been validated in Chinese language, and it has also been used among ACL patients for measuring their rehabilitation adherence with strong evidence to support its psychometric properties. 3. Statistics: Quadriceps strength was used as the primary outcome. With an estimated effect size of 0.3 for the increase in quadriceps strength after WBV based on a similar study and assuming a 20% attrition rate, it was demonstrated that each group should recruit 50 subjects, and 125160 in total. Baseline characteristics will be tested using independent t tests for parametric parameters and the x2 test for nonparametric parameters. Repeated-measures analysis of variance (ANOVA) with time as the repeated-measures factor for the outcomes measure will be used to analyze the difference between the 24 groups. Tests of within-patient effect were utilized to find any difference between different time intervals in each group. Contrast with F statistics will be used to detect the difference at different time points in the post hoc analysis. The Mann-Whitney U test will be employed to compare for any difference between the 24 groups in the outcome variables. For all statistical tests, the alpha level will be set at 0.05 and performed using the Statistical Package for Social Sciences (IBM SPSS Ver. 24).",2021,English,Clinicaltrials.gov,embase,,https://doi.org/,,,,theeffectsofwholebodyvibrationtherapyonincreasingquadricepss+2021
870,871,236,,QT,,,The Effects of Vibratory Stimuli on Joint Health and Post-traumatic Osteoarthritis Risk Following Anterior Cruciate Ligament Injury,theeffectsofvibratorystimulionjointhealthandposttraumaticost,"Brief SummaryThe goal of this randomized clinical trial is to evaluate the effects of vibration on factors related to the risks of post-traumatic knee osteoarthritis and secondary anterior cruciate ligament (ACL) injury in individuals who have undergone anterior cruciate ligament reconstruction surgery (ACLR). The main objectives are to compare the effects of Standard rehabilitation vs. rehabilitation that includes whole body vibration (WBV) or local muscle vibration (LMV) on: * Quadriceps muscle function * Gait biomechanics linked to post-traumatic knee osteoarthritis development * Patient self-report outcomes * MRI indicators of knee joint health and muscle quality * Landing biomechanics linked to secondary ACL injury risk * Evidence-based return-to-physical-activity criteria Participants will be assigned to 1 of 3 groups (standard rehabilitation, standard rehabilitation + WBV, or standard rehabilitation + LMV) and will complete assessments of quadriceps function, gait biomechanics, landing biomechanics, functional ability, patient-report outcomes, and MRI 1, 6, and 12 months after ACLR. Researchers will compare the groups to see if vibration embedded in ACLR rehabilitation improves joint health outcomes.Detailed DescriptionBackground: Post-traumatic knee osteoarthritis (PTOA) is a leading cause of medical separation from military service. Anterior cruciate ligament (ACL) injury and surgical reconstruction (ACLR) incurs a high PTOA risk. Aberrant gait biomechanics contribute to PTOA development and are attributable to quadriceps muscle dysfunction. Additionally, up to 30% of patients experience secondary ACL injury. Aberrant landing biomechanics contribute to secondary ACL injury risk and are influenced by quadriceps dysfunction. Vibration acutely improves quadriceps function and gait biomechanics in individuals with ACLR, but its effects on joint health, PTOA risk, and landing biomechanics are unknown. Hypothesis/Objective: This study will evaluate the effects of vibration embedded in ACLR rehabilitation on quadriceps function, gait biomechanics, landing biomechanics, patient self-report outcomes, return-to-physical-activity (RTPA) criteria, and MRI indicators of knee joint health. The central hypothesis is that vibration will enhance gait and landing biomechanics consistent with reduced PTOA and secondary ACL injury risks, respectively, and that whole body vibration (WBV) delivered by a commercial device and local muscle vibration (LMV) delivered by a prototype device will produce equivalent improvements in the study outcomes. The rationale for the hypothesis is that vibration will more effectively improve quadriceps function compared to standard rehabilitation, thus restoring normal biomechanics and mitigating declines in joint health. Specific Aim 1: To compare the effects of Standard rehabilitation vs. Vibration rehabilitation (WBV and LMV) on quadriceps function. The investigators hypothesize that Vibration will produce superior outcomes (e.g. strength) compared to Standard rehabilitation, but that WBV and LMV will produce similar outcomes. Specific Aim 2: To compare the effects of Standard rehabilitation vs. Vibration rehabilitation on gait biomechanics linked to PTOA development. The investigators hypothesize that Vibration will produce superior outcomes compared to Standard rehabilitation, but that WBV and LMV will produce similar outcomes. Specific Aim 3: To compare the effects of Standard rehabilitation vs. Vibration rehabilitation on patient self-report outcomes. The investigators hypothesize that Vibration will produce superior outcomes compared to Standard rehabilitation, but that WBV and LMV will produce similar outcomes. Specific Aim 4: To compare the effects of Standard rehabilitation vs. Vibration rehabilitation on MRI indicators of knee joint health. The investigators hypothesize that cartilage composition (e.g. collagen, water, and proteoglycan content) will be poorer and PTOA incidence (MOAKS score) will be higher in the Standard cohort compared to both Vibration cohorts, but that WBV and LMV will produce similar outcomes. Specific Aim 5: To compare the effects of Standard rehabilitation vs. Vibration rehabilitation on landing biomechanics linked to secondary ACL injury risk. The investigators hypothesize that Vibration will produce superior outcomes compared to Standard rehabilitation, but that WBV and LMV will produce similar outcomes. Specific Aim 6: To compare the effects of Standard rehabilitation vs. Vibration rehabilitation on the probability of meeting evidence-based RTPA criteria (e.g. single-leg hop symmetry ≥90%). The investigators hypothesize that Vibration will display result in greater probabilities of meeting RTPA criteria compared to Standard rehabilitation at 6 months and 1 year post-ACLR, but that WBV and LMV will produce similar outcomes. Specific Aim 7: To evaluate changes in quadriceps muscle quality over the first year following ACLR reconstruction surgery. The investigators hypothesize that quadriceps muscle quality will decline at 1, 6 and 12 months post-ACLR compared to preoperative measurements and that these changes will be more pronounced in the ACLR limb compared to the uninjured limb at 1, 6 and 12 months post-ACLR. Specific Aim 8: To evaluate associations between changes in quadriceps muscle quality over the first year following ACLR. The investigators hypothesize that declines in muscle quality between preoperative and 1- and 6- months post-ACLR timepoints will be associated with lesser knee extensor strength, aberrant gait biomechanics, worse patient self-report and functional outcomes, and deleterious alterations in knee cartilage composition. Specific Aim 9: To compare the effects of Standard rehabilitation vs. Vibration rehabilitation on quadriceps muscle quality. The investigators hypothesize that Vibration will produce superior outcomes compared to Standard rehabilitation, but that WBV and LMV will produce similar outcomes. Study Design: The approach will be to recruit ACLR patients at the onset of rehabilitation and conduct a Phase II single-blind randomized controlled trial to compare the effects of standard ACLR rehabilitation (control) vs. standard rehabilitation that incorporates WBV or LMV on the study outcomes over the first year post-ACLR. Impact: This study will evaluate the effects of a novel rehabilitation approach on factors related to the risks of PTOA and secondary ACL injury following ACLR. ACL injury risk is 10x greater in military personnel vs. civilians, and PTOA is a leading cause of medical separation from military service, degrades quality of life, increases the risks of several comorbidities (e.g. obesity), and is a primary contributor to years of life lost due to disability. Improving rehabilitation of knee injuries is paramount for maintaining the combat readiness of the armed forces and preserving the health and well-being of Service members and Veterans, as well as millions of Americans at risk of PTOA. Vibration represents a promising approach to this important challenge. Furthermore, in addition to being cost-effective, the portable nature of the prototype LMV device could have substantial implications for military personnel and US citizens, particularly those with limited access to rehabilitation facilities.",2021,English,Clinicaltrials.gov,embase,,https://doi.org/,,,,theeffectsofvibratorystimulionjointhealthandposttraumaticost+2021
873,874,239,,QT,,,"Blood Flow Restriction Therapy for the Post-Operative Rehabilitation of Anterior Cruciate Ligament Reconstruction With Quadriceps Tendon Autograft: A Randomized, Controlled Trial",bloodflowrestrictiontherapyforthepostoperativerehabilitation,"Brief SummaryThe overall objective of the proposed research is to conduct a prospective, randomized controlled trial to investigate whether the addition of BFR therapy to standard post-operative rehabilitation regimen significantly improves clinical outcomes following anterior cruciate ligament reconstruction (ACLR) standardized with respect to both surgical technique and graft selection. Patients indicated for ACLR will be screened and offered enrollment into this prospective, randomized controlled trial. MRI of bilateral thighs will be performed within 7 days of ACLR. Patients will be randomized to either REHAB or REHAB + BFR (study intervention) using a block randomization scheme. Patients will undergo repeat MRI of bilateral thighs pre-surgery, at 12 weeks, and at 52 weeks post-operatively (primary outcome measure.) Patient reported outcome (PRO) instruments will be administered pre-operatively to establish pre-operative debility related to ACL injury and subsequently after ACLR at 24 weeks, 36 weeks, and 52 weeks post-operative (secondary outcome measures).Detailed DescriptionThe overall objective of the proposed research is to conduct a prospective, randomized controlled trial to investigate whether the addition of BFR therapy to standard post-operative rehabilitation regimen significantly improves clinical outcomes following ACLR standardized with respect to both surgical technique and graft selection. The investigator's central hypothesis is that the addition of BFR therapy has the potential to accelerate surgical recovery, expedite return-to-duty, and maximize medical readiness following ACLR. In the proposed trial validated patient reported outcome measures will be used to assess for functional clinical improvement, while quadriceps musculature cross sectional area (CSA) as measured on MRI will be used to quantify the effect of therapy on quadriceps strength. The rationale for using this modality is based upon the fact that the measurement of quadriceps CSA and muscle volume as surrogates for overall quadriceps function is well described, and a number of studies have convincingly demonstrated positive correlations between these parameters and quadriceps strength4, 17. However, in spite of these reports, the acceptance acknowledging MRI as a surrogate for quadriceps strength remains limited. Therefore, isokinetic and isometric quadriceps strength of both the operative and non-operative knee extensors (quadriceps) will be measured pre-operatively within 7-10 days approximately prior to ACLR and post-operatively at approximately 12 weeks, 24 weeks, 36 weeks, and 52 weeks. MRI of bilateral thighs will be performed immediately prior to ACLR to establish a baseline CSA in the operative and non-operative lower extremity. Then a repeat MRI will be performed following the conclusion of a standardized 12-week (approximately) post-operative rehabilitation regimen among patients randomized to either a standard rehabilitation regimen (REHAB) or a rehabilitation regimen with BFR (REHAB + BFR.) Finally, MRI will be repeated at 52 weeks post-operative to examine for latent changes in CSA once patients have been returned to unrestricted physical activities. AIM 1: To determine if the addition of BFR therapy to a standard post-operative rehabilitation protocol increases quadriceps muscle cross sectional area and volume after ACLR as measured with magnetic resonance imaging (MRI). Hypothesis: The addition of BFR therapy to a standard post-operative rehabilitation regimen following ACLR will increase quadriceps muscle CSA and volume when compared to a standard post-operative rehabilitation regimen measured at approximately 12-weeks post-operative. AIM 2: To determine if any observed increases in quadriceps muscle CSA and volume are sustained beyond the cessation of BFR therapy at approximately 12-weeks post-operative by performing repeat MRI at 52 weeks post-operative. Hypothesis: Observed increases in quadriceps muscle CSA and volume will be sustained beyond the cessation of BFR therapy at 52 weeks post-operative. AIM 3: To determine if CSA measurements obtained by MRI reliably predict knee extensor strength. Hypothesis: CSA measurements obtained by MRI reliably predict knee extensor strength as measured by isokinetic and isometric testing. AIM 4: To determine if the addition of BFR therapy to a standard post-operative rehabilitation regimen following ACLR results in significantly improved functional outcomes when compared to a standard post-operative rehabilitation regimen at 24, 36, and 52 weeks post-operative using patient reported outcomes (PRO). Hypothesis: The addition of BFR therapy to a standard post-operative rehabilitation regimen following ACLR will result in significantly improved PRO when compared to a standard post-operative rehabilitation regimen at 24, 36, and 52-weeks post-operative.",2020,English,Clinicaltrials.gov,embase,,https://doi.org/,,,,bloodflowrestrictiontherapyforthepostoperativerehabilitation+2020
880,881,246,,QT,,,Postoperative Blood Flow Restriction Training Following Anterior Cruciate Ligament Reconstruction: A Randomized Clinical Trial.,postoperativebloodflowrestrictiontrainingfollowinganteriorcr,"Brief SummaryThe purpose of this study is to evaluate the the ability of BFR to reduce muscle loss and improve strength after ACL reconstruction. It is hypothesized that BFR training will significantly reduce muscle loss and improve strength after ACL reconstruction. It is also hypothesized that BFR will result in improved patient reported outcomes and rates of return to sport.Detailed DescriptionFollowing anterior cruciate ligament (ACL) reconstruction, many patients experience weakness of the quadriceps (thigh muscles) and loss of muscle mass due to inactivity following surgery. Recent research has demonstrated that blood flow restriction (BFR) training can help reduce the loss of muscle mass and strength after surgery. Blood flow restriction training uses an inflatable cuff that prevents blood from flowing out of the leg while patients perform physical therapy exercises. This allows patients to use lighter weights while reducing muscle loss and building strength. This will be a prospective, randomized controlled trial of patients undergoing ACL reconstruction with bone-patellar tendon-bone (BTB) autograft. Half the subjects will be randomly assigned to the BFR group and half will undergo sham BFR therapy after surgery. Statistical Assumptions: To sufficiently power (80%) the investigation to detect a difference (alpha = 0.05) in quadriceps muscle strength (isokinetic contraction) following the completion of the BFR rehabilitation program, 19 subjects per group (38 total) would be required. However, accounting for a 20% attrition rate and an additional 20% potentially screened out at the time of surgery due to other pathology (i.e. repairable meniscus tears, cartilage defects, etc.) that alters the prescribed physical therapy protocol, this study will aim to recruit and enroll 54 subjects (27 per group). Following ACL reconstruction surgery, subjects will complete a standardized postoperative rehabilitation program with or without BFR. The rehabilitation program will be broken into 4 phases including (1) protection, range of motion, and proprioception; (2) strength and endurance; (3) power and agility; and (4) return to sport training. Physical therapy will occur 2 times per week for 20 weeks. Subjects will attend follow-up visits at 1, 3, 6, and 12 months. Physical exam and muscle mass measurements will be performed at all visits, while strength testing will be performed at 3, 6, and 12 months. The goal of this study is to determine the efficacy of BFR therapy in improving muscle strength and reducing loss of muscle mass following ACL reconstruction, in addition to determining the effect of BFR on patient reported outcomes and return to sport. It is anticipated that BFR will significantly reduce the loss of muscle mass and improve muscular strength compared to standard therapy. It is also expected that these subjects will have improved patient reported outcomes and greater rates of return to sport.",2019,English,Clinicaltrials.gov,embase,,https://doi.org/,,,,postoperativebloodflowrestrictiontrainingfollowinganteriorcr+2019
885,886,251,,QT,,,Soft-tissue Quadriceps Autograft ACL-reconstruction in the Skeletally-immature Vs. Hamstrings (SQuASH): a Multi-Centre Randomized Controlled Trial,softtissuequadricepsautograftaclreconstructionintheskeletall,"Brief SummaryTo date, the use of the quadriceps tendon as an autograft option in primary paediatric Anterior Cruciate Ligament (ACL) reconstruction has not been well studied. The 2018 International Olympic Committee (IOC) Consensus Statement now outlines the quadriceps tendon as a possible autograft option. However, no Randomised Control Trial (RCT) has examined the efficacy of the quadriceps tendon autograft in primary paediatric ACL reconstruction compared to the historical ""gold-standard"" soft-tissue hamstring autograft in this population. In light of its evidence for favourable outcomes in the adult population, and the (albeit limited) evidence showing safety and promise in the paediatric population, clinical equipoise exists for assessing its impact on outcomes in paediatric patients at the index surgery. This is a parallel, international, multi-centre, blinded randomized controlled trial of 352 skeletally-immature (at the time of injury) patients (ages 10-18 years, inclusive) undergoing primary ACL reconstruction to compare the effect of autograft tendon choice (i.e. hamstring versus soft-tissue quadriceps) on the rates of ACL graft failure, return-to-sport, knee function, pain, health-related quality of life and health utility, psychological factors, range of motion and stability, and any other adverse events at 24 months.",2019,English,Clinicaltrials.gov,embase,,https://doi.org/,,,,softtissuequadricepsautograftaclreconstructionintheskeletall+2019
887,888,253,Seangleulur (2019),QT,"Seangleulur A, Manuwong S, Chernchujit B, Worathongchai S, Sorin T",Seangleulur,Comparison of post-operative analgesia between adductor canal block and femoral nerve block after arthroscopic anterior cruciate ligament reconstruction: A randomized controlled trial,comparisonofpostoperativeanalgesiabetweenadductorcanalblocka,"Objective: To determine whether adductor canal block (ACB) is non-inferior to femoral nerve block (FNB) in pain relief and whether ACB is superior to FNB in quadriceps strength after arthroscopic anterior cruciate ligament reconstruction (ACLR) with hamstring graft. Materials and Methods: A blinded, randomized, non-inferiority trial was performed in patients undergoing ACLR with hamstring graft. They were randomly assigned ACB or FNB. The primary outcome was a non-inferiority comparison of visual analogue scale (VAS) pain scores (0 to 100 mm) within 24 hours post-operatively. The secondary outcomes were opioid consumption, opioidfree duration, quadriceps strength in percentage of body weight, ability to discharge, and opioid side effects. Non-inferiority margin of ACB to FNB was considered to be 50% of clinically significant difference (VAS 5 mm). Other outcomes were tested for superiority. The present trial was registered with the ClinicalTrials.gov, number NCT 02411890. Results: Fifty-six patients were included in the present analysis. The ACB group reported higher VAS pain scores compared to the FNB group without significance at rest 5.67 (95% CI -3.46 to 14.79; p=0.224) and at activity 7.64 (95% CI -2.56 to 17.85; p=0.142). The ACB group had significantly better quadriceps strength at 8-hours post-operative compared to the FNB group with a mean difference of 5.84 (95% CI 2.13 to 9.54; p=0.002). No significant differences in morphine consumption, free opioid time, ability to discharge, and opioid side effects between the groups were found. Conclusion: The present study could not indicate that ACB was non-inferior to FNB in post-operative pain reduction after arthroscopic ACLR with hamstring graft. ACB showed superior quadriceps strength in the early post-operative period.",2019,English,Journal of the medical association of thailand,embase,,https://doi.org/,,,Seangleulur+comparisonofpostoperativeanalgesiabetweenadductorcanalblocka+2019,comparisonofpostoperativeanalgesiabetweenadductorcanalblocka+2019
895,896,261,,QT,,,MiACLR: Michigan Initiative for Anterior Cruciate Ligament Rehabilitation,miaclr:michiganinitiativeforanteriorcruciateligamentrehabili,"Brief SummaryThis clinical trial evaluates interventions to maximize muscle function and improve cartilage health following anterior cruciate ligament reconstruction. Improving muscle function may improve patient outcomes, improve joint mechanics, and potentially serve as a prevention approach for post-traumatic knee osteoarthritis. Knee osteoarthritis (OA) is a disabling disease that carries a substantial burden to society and to the individual affected.Detailed DescriptionRestoring quadriceps muscle strength following anterior cruciate ligament reconstruction (ACLR) may help prevent the post-traumatic knee osteoarthritis that affects over 50% of knees 10-20 years after surgical reconstruction. However, a fundamental gap exists in current understanding of how to maximize muscle strength following ACLR, as current rehabilitation fails to restore symmetrical quadriceps strength. The investigators pilot work shows that when patients return to activity, quadriceps strength is \~70% of the uninjured side, which is far below the recommended 90%. Further, these data suggest that embedding high-intensity neuromuscular electrical stimulation (NMES) and eccentric exercise into standard of care ACL rehabilitation leads to higher quadriceps strength when compared with standard of care alone. However, the true efficacy of these interventions is unknown, as controlled trials with adequate sample sizes are currently lacking. The absence of this information serves as the driving force and focus of the proposed trial. Therefore, the investigators propose a double-blind randomized controlled trial where ACLR patients will be randomized to 1 of 2 arms. Study arms will include: 1) 8 weeks of NMES+8 weeks of eccentric exercise; 2) 8 weeks of NMES placebo+8 weeks of eccentric placebo. All study arms will receive standard of care ACL rehabilitation in addition to the study interventions. The investigators hypothesize that subjects receiving NMES+eccentric exercise (Arm 1) will realize greater improvements in strength and biomechanical function at 6 months following ACLR than patients in the placebo study arm. Further, the investigators anticipate that patients in the NMES+eccentric exercise arm (Arm 1) will best eliminate negative changes in cartilage health at 18 months following ACLR. This study is innovative, because it employs interventions that directly target the primary mechanisms that result in strength loss following ACLR and will also evaluate whether improving muscle strength can minimize early changes in cartilage health, which may be indicative of future osteoarthritis. The proposed research is significant because it will identify evidence-based treatment approaches that can successfully counteract the muscle weakness which plagues ACLR patients for years after injury and contributes to the onset of post-traumatic osteoarthritis.",2018,English,Clinicaltrials.gov,embase,,https://doi.org/,,,,miaclr:michiganinitiativeforanteriorcruciateligamentrehabili+2018
897,898,263,,QT,,,"Effect of Oral Complementation of Glutamine on Knee Strengths Indicators in Adult Patients With Anterior Cruciate Ligament Reconstruction. A Double-blinded, Randomized Controlled Trial",effectoforalcomplementationofglutamineonkneestrengthsindicat,"Brief SummaryAfter an Anterior Cruciate Ligament Reconstruction by surgery, the most important muscle of the knee, called quadriceps femoral, loses strength in more than 60% of cases, which if not corrected can progress to osteoarthritis in up to 80% of patients, compromising their quality of life. The main treatment for loss of muscle strength in these patients is rehabilitation which includes strength and endurance exercises.However, in some cases, amino acids such as Glutamine (Gln) have been employed as an aid to recover muscle strength, but the evidence on this topic is not consistent and is inconclusive. Therefore, the main purpose of this study is to investigate if the oral complementation with Glutamine in combination with strength and resistance training can improve the muscle strength of the quadriceps femoral in patients with anterior cruciate ligament reconstruction compared with those receiving a placebo after six weeks of intervention.Detailed DescriptionThe study design is a randomized, double-blind and controlled trial. A total of 50 adult men will be recruited from medical departments of the National Institute of Rehabilitation in Mexico City. Patients: Fifty men 20 to 50 years old, between 15 to 19 weeks after surgical reconstruction of anterior cruciate ligament and moderate loss of muscle strength of knee (assessment with computerized dynamometer), will be recruited from the Sport Rehabilitation department, and the treatment will be carried out in the Sport Medicine area, both of the National Institute of Rehabilitation in Mexico City. Patients with diabetes, obesity, hypertension, kidney or liver diseases or with glucocorticoid treatment, and athletes will not be included. Intervention: The sample will be randomized in two groups. At the beginning and at the end of the training session, the experimental group will receive 10 grams of glutamine, and the control group will receive 10 grams of placebo (maltodextrin), both dissolved in 120 milliliters of water and all participants will not be aware of the supplement content. Both groups will participate in the same standardized resistance training program, to ensure progression (or regression if necessary) to all training components and adherence to the intervention, each participant will do the training program in a therapeutic gym of Sport Medicine area three times per week, during 6 weeks of follow-up. One training session consists of 20 minutes of warm-up, 40 to 60 minutes of aerobic and anaerobic exercises and 15 minutes of cooling down. The exercises of the lower part of the body consist in 3 sets of 10 repetitions for healthy knees, and 12 repetitions for knees with anterior cruciate ligament reconstruction in a modular leg press, leg curl and leg extension machine. All participants, irrespective of the supplement that they receive, will be closely monitored by a physician specialist in Sport Medicine and a nutritionist, who will give a dietary program to standardize protein consumption. Status nutritional will be assessed according to Body Mass Index \[(BMI) 19.9-24.9, 25-29.9\]. Muscle strength will be measured by a computer dynamometer. The reliability of the dynamometry will be evaluated by Intraclass Correlation Coefficient (ICC). Thigh circumference will be measured by a anthropometric technique (Nutritionists certified by the International Society for the Advance of Kinanthropometry in level one, will carry out the measurement). Fasting glucose, lipid profile and liver function test will be carried out in the clinical laboratory of National Institute of Rehabilitation. The measurements are going to be held twice; before the first training session, and 6 weeks after. For each participant the study duration will start in the first training session until 6 weeks after. Endpoints assessments will be performed at baseline (2 days before starting the training program) and after 6 weeks of follow-up (2 days after the last training session). Data will be collected by study investigators blinded to the allocation of the participants. Comparison: The control group will receive maltodextrin powder (placebo) dissolved in 120 milliliters of water. The placebo will be inside gray envelopes, in the same manner that the glutamine was administered. Outcomes: The main outcome is to change the strength of quadriceps femoris (assessment by isokinetic dynamometer).",2018,English,Clinicaltrials.gov,embase,,https://doi.org/,,,,effectoforalcomplementationofglutamineonkneestrengthsindicat+2018
899,900,265,,QT,,,Contralateral Strength Training Effects on Functional Outcomes in Patients Who Had Undergone ACL Reconstruction: Randomized Controlled Trial,contralateralstrengthtrainingeffectsonfunctionaloutcomesinpa,"Brief SummaryQuadriceps and hamstring muscle strenghts have important role in returning to sport after ACL reconstruction and one of the main focus of rehabilitation is to improve strenght of these muscles. With the strenghtening of the contralateral limb (cross-over training) we aimed to improve the strenght of the quadricepsDetailed DescriptionReturning to sport after ACL reconstruction is not at desired level among athletes. Quadriceps and hamstring muscle strenghts have important role in returning to sport after ACL reconstruction. Cross-over training is recomended during rehabilitation after ACL reconstrucion. Yet duration of the training, frequancy and type of exercise interention are not clear for the cross-over training. Ain of the study is to investigate the effects of cross-over training on muscle strenght",2017,English,Clinicaltrials.gov,embase,,https://doi.org/,,,,contralateralstrengthtrainingeffectsonfunctionaloutcomesinpa+2017
902,903,268,Kijkunasathian (2017),QT,"Kijkunasathian C, Limitlaohaphan C, Saengpetch N, Chanasit P, Sundarathiti P, Waratanarat P",Kijkunasathian,A comparison between modified robert jones bandage and intermittent cold pack in arthroscopic anterior cruciate ligament reconstruction: A prospective randomized controlled trial,acomparisonbetweenmodifiedrobertjonesbandageandintermittentc,"Background: Modified Robert Jones bandage and intermittent cold pack are commonly used for postoperative care in arthroscopic anterior cruciate ligament reconstruction (ACLR). However, no study has been done to compare the postoperative pain and functional outcome of both methods in ACLR. Objective: To compare the postoperative pain and functional outcome of a modified Robert Jones bandage and intermittent cold pack in ACLR. Material and Method: Forty patients scheduled for ACLR were included. Computer-generated randomization allocated patients into either modified Robert Jones bandage group (MRJ) or intermittent cold pack group (ICT). Visual analog scale and morphine usage were assessed postoperatively. Blinded assessors assessed functional outcome, knee swelling, and patient’s satisfaction. Results: There were 19 patients in each group. Two groups were well comparable for the prognostic variables. The postoperative VAS and total morphine usage in both groups were not statistically different. Postoperative knee swelling increment was significantly lower in ICT than MRJ group (p-value = 0.04). The patient’s satisfaction and positive quadriceps set test were significantly higher in the ICT group than the MRJ group (p-value <0.01). Conclusion: Intermittent cold pack has not demonstrated the benefit of pain reduction or morphine usage when compared to the modified Robert Jones bandage, but it had significantly less knee swelling, a significantly higher patient’s satisfaction and trend to have better functional outcome. We recommend intermittent cold pack for postoperative care in ACLR.",2017,English,Journal of the medical association of thailand,embase,,https://doi.org/,,,Kijkunasathian+acomparisonbetweenmodifiedrobertjonesbandageandintermittentc+2017,acomparisonbetweenmodifiedrobertjonesbandageandintermittentc+2017
903,904,269,,QT,,,"Graft Selection in Anatomic Anterior Cruciate Ligament Reconstruction: Patella, Hamstrings or Quadriceps Tendon Autograft",graftselectioninanatomicanteriorcruciateligamentreconstructi,"Brief SummaryA rupture of the anterior cruciate ligament (ACL) is a severe injury of the knee. The current gold Standard treatment for young and active patients with instability, is a surgical ACL reconstruction. However, there still is no consensus on which graft is best suited for this.The aim of the current multi-center randomized controlled trial was to investigate the hypothesis that an anatomic single bundle anterior cruciate ligament reconstruction with a (flat) quadriceps tendon autograft is at least as effective as reconstruction of the ruptured anterior cruciate ligament with a patella tendon autograft or a hamstringtendon autograft, in terms of failure, measured 2 years postoperatively. Failure is defined gedefinieerd as pathologicai laxity, complaints of knee instability in the absence of any pathological laxity and/or discontinuïty ofthe graft on MRl or arthroscopy.Detailed DescriptionA rupture of the anterior cruciate ligament (ACL) is a severe injury of the knee. The current gold Standard treatment for young and active patients with instability, is a surgical ACL reconstruction. However, there still is no consensus on which graft is best suited for this. Paradigms on the different types of auto grafts and their weaknesses and benefits originate mostly from the eighties and nineties, when the patella tendon was being replaced by the hamstring graft as the 'new' gold standerd. Nowadays, the philosophy of isometrie tunnel placement has been abandoned, and has been replaced by the philosophy of anatomie reconstructions. The question then arises: Are the results of the comparative studies, and the current paradigms, still applicable, now that the philosophy has transitioned from isometric to anatomic tunnel placement? Irrespective of the disadvantages compared to the patellatendon autograft, such as a higher re-rupture and revision percentage when used in patients under 25 years old, the hamstring autograft is currently the most used graft for ACL reconstruction worldwide. The question then arises: is it justified that the hamstringgraft is the most used graft worldwide? Rehabilitation protocols are often not, or poorly, described, despite it's significant effect on the outcome and co morbidity of an ACL reconstruction. Especially anterior knee pain, which is often mentioned as a disadvantage of the patellagraft, is significantly influenced by rehabilitation protocols. The introduction and implementation of a nation-wide evidence-based rehabilitation protocol in The Netherlands created uniformity of rehabilitation treatment, and the possibility to generalize scientific conclusions. The question then arises: Due to new insights in rehabilitation and implementation of new protocols, is the anterior knee pain, the often mentioned disadvantage ofthe patelia tendon graft, stiil a relevant disadvantage? The quadriceps tendon autograft is a less often used graft. Nevertheless, research has shown that it seems like a good alternative for the patella tendon and hamstring autograft. Functional outcome is similar, while less donorsite morbidity is reported compared to the patellatendon and hamstring autograft. The question then arises: Is it fair that the quadriceps tendon is rarely used as an autograft for ACL reconstruction? Increasing knowledge of the anatomy of the ACL results in new insights in the methods to achieve true anatomie ACL reconstruction. New arguments support the use of the patella tendon - and even the quadriceps tendon - over the use of the hamstringgraft, because their anatomic similarities to the anterior cruciate ligament might be better suited to restore knee kinematics. The question then arises: are the flat-shaped patella tendon autograft and quadriceps tendon autograft better suited to restore the anatomy of the ruptured ACL than the round hamstring graft? Hypothesis Tlie hypothesis is that anatomic reconstruction ofthe ruptured anterior cruciate ligament with a (flat) quadriceps tendon autograft is at least as effective as reconstruction of the ruptured anterior cruciate ligament with a patella tendon autograft or a hamstring tendon autograft, in terms of failure, measured 2 years postoperatively. Failure is defined as pathological laxity, complaints of knee instability in the absence of any pathological laxity and/or discontinuïty of the graft on MRl or arthroscopy. Objective of the study: Primary objective: To investigate the hypothesis that an anatomic single bundle anterior cruciate ligament reconstruction with a (flat) quadriceps tendon autograft is at least as effective as reconstruction of the ruptured anterior cruciate ligament with a patella tendon autograft or a hamstring tendon autograft, in terms of failure, measured 2 years postoperatively. Failure is defined gedefinieerd as pathologicai laxity, complaints of knee instability in the absence of any pathological laxity and/or discontinuïty of the graft on MRl or arthroscopy. Secondary objectives: patiënt reported outcome measures (PROMs), clinimetrics, radiological assessment, duration of rehabilitation necessary for return to sports and daily activities and the level of sport activities to which the patiënt returned, in patients treated with an anterior cruciate ligament reconstruction using a patellatendon autograft, hamstringtendon autograft of quadricepstendon autograft, as measured in the short-term (6 weeks, 6,9,12 months postoperatively), mid-term (2 years postoperatively) and long-term (5 and 10 years postoperatively). Study design: Multicenter blocked stratified randomised controlled trial with varying block sizes (n=3, 6, 9, 12). Patients with an anterior cruciate ligament rupture, confirmed by an orthopaedie surgeon (as evident from anamnesis, physical examination and radiographic imaging) who meet the inclusion criteria and do not have any of the exclusion criteria, will be asked to partieipate in this study. Baseline measurements will be performed, after informed consent is obtained. Allocation of treatment of the included patients will be performed in the operating room (OR), where patients will be randomised (blocked and stratified) per clinic, to have ACL reconstruction with a patella tendon autograft, hamstring tendon autograft or quadriceps tendon autograft. Stratification will be based on age (18-25 and \>25), level of sport activities (Tegner Activity Level Scale 5-7 and 8-10) and surgeon. Follow-up identical to the follow-up of standard care, with standard checkups after 6 weeks, 6, 9, months and 1 and 2 years. Two extra follow-up moments (after 5 and 10 years) will be planned.",2017,English,Clinicaltrials.gov,embase,,https://doi.org/,,,,graftselectioninanatomicanteriorcruciateligamentreconstructi+2017
904,905,270,,QT,,,Can Targeted Exercise Improve Knee Strength in Patients With Persisting Hamstring Deficiency Following ACL-reconstruction? - A Randomized Controlled Trial,cantargetedexerciseimprovekneestrengthinpatientswithpersisti,"Brief SummaryAnterior cruciate ligament reconstruction (ACLR) is high volume surgery, carried out in about 2800 patients annually in Denmark per year. ACLR patients (using hamstring auto-graft) have persistent hamstring strength deficiency when evaluated more than 1-2 years after ACL-reconstruction. The investigators have designed this randomized controlled trial (RCT) with the main purpose to investigate the effect of a targeted muscle strength exercise intervention on the neuromuscular rehabilitation of ACLR-patients compared with 'care-as- usual'. The study is designed as a prospective, superiority, parallel-group with balanced randomization (1:1) RCT (Level of evidence: II) with blinded allocation, and outcome assessment according to the CONSORT statement (Consolidated Standards of Reporting Trials). 50 patients with ACL reconstruction and persistent hamstring muscle deficiency, will be recruited at the outpatient clinic 1-year follow-up, and allocated to one of two 12 weeks' interventions, either a) the supervised progressive strength and neuromuscular exercise group (SNG) with supervised training twice weekly. Or b) the control group (CON) receiving patient education based on a home-based exercise regime of low intensity, defined as 'care as usual'. Outcome measures include, maximal isometric knee flexor muscle strength (primary outcome), knee extensor strength, and the Knee injury and Osteoarthritis Outcome Score (KOOS) (secondary outcomes). In addition, the following explorative outcomes will be investigated; hamstring to quadriceps strength ratios, the International Knee Documentation Committee Subjective Knee Form (IKDC), magnetic resonance imaging (MRI) to evaluate tendon regeneration of the hamstrings and finally kinetic/kinematic biomechanical outcomes of knee related functional tasks. To the investigators knowledge, this is the first RCT to investigate the efficacy of combined progressive resistance training and neuromuscular exercise in the late rehabilitation phase in patients demonstrating persistent limb-to-limb knee muscle asymmetry following ACLR. Reduced hamstring strength represents a potential risk factor for secondary ligament rupture and accelerated progression of osteoarthritis (OA). If deemed effective, the intervention paradigm introduced in this study may help to improve current treatment strategies.Detailed DescriptionDetailed study description available in the published study protocol: ""The effect of targeted exercise on kneemuscle function in patients with persistent hamstring deficiency following ACL reconstruction - study protocol for a randomized controlled trial"". Bo Bregenhof1,3\* , Uffe Jørgensen1, Per Aagaard2, Nis Nissen3, Mark W. Creaby4, Jonas Bloch Thorlund2, Carsten Jensen3, Trine Torfing5 and Anders Holsgaard-Larsen1 Published: Trials. 2018; 19: 75. Published online 2018 Jan 26. doi: 10.1186/s13063-018-2448-3",2016,English,Clinicaltrials.gov,embase,,https://doi.org/,,,,cantargetedexerciseimprovekneestrengthinpatientswithpersisti+2016
906,907,272,,QT,,,Comparative Study of Anterior Cruciate Ligament Reconstruction Using Quadriceps Tendon Versus Hamstring Tendon in Postoperative Clinical and Functional State: a Prospective Randomized Controlled Study,comparativestudyofanteriorcruciateligamentreconstructionusin,"Brief SummaryThe purpose of this randomized study is to compare clinical and functional outcomes of both surgery techniques for anterior cruciate ligament reconstruction (using quadriceps tendon versus hamstring tendon) after reconstruction in athletes.Detailed DescriptionBackground: The anterior cruciate ligament (ACL) is the most commonly injured ligament of the knee. An ACL-deficient knee can lead to recurrent instability, meniscus tears, and osteoarthritis. Patients treated with an ACL reconstruction (ACLR) have long term success rates of 80 percent to 95 percent. Graft selection may influence outcomes following ACLR. Despite the popularity of the procedure, the preferred graft remains controversial. In the past, bone-patellar tendon-bone grafts have been considered the gold-standard surgical option. However, concerns regarding donor-site morbidity have led to a shift in practice by many surgeons to use quadruple hamstring tendons (HT).Several studies have shown a deficit in the quadriceps and the hamstrings strength after using HT as a graft for ACLR . Recently, there has been an increased interest in the quadriceps tendon as graft option for ACL reconstruction. The benefits of quadriceps tendon autograph include advantageous biomechanical properties, preservation of hamstring anatomy and function, as well as a reduced incidence of donor-site morbidity. To our knowledge there is no randomized controlled trial in the literature comparing QT and HTas autografts for ACLR. Objective: The purpose of this randomized prospective study is to compare clinical and functional outcomes after using the QT and HT tendons for ACL reconstruction in athletes. Methods: 55 athletes patients will be recruited from Martín Gómez Clinic from Granada (Spain) and Nutuality of footballers from Andalusian (Spain). Patients will be randomized in two groups: quadriceps tendon versus hamstring tendon. Clinical and functional outcomes will be measured before surgery and three and six months after that. All patients will be operated on by the same senior surgeon and both group will received the same postoperative rehabilitation protocol. Prior to the surgery the participants or their legal representatives must sign the informed consent for participation in this research. Discussion: The benefits of ACL reconstruction surgery show enough scientific evidence that justifying the emergence of new procedures that improve the outcome of the surgery and the reduction of possible comorbidities. The high prevalence of this disease and the therapeutic success of ACL reconstruction makes that there is an increase of the number of subjects who have received this treatment. However, there is not enough randomized trials that examines the different techniques in terms of clinical and functional outcomes or the risk of comorbidities. Subjects were placed in the upright position with the hip flexed at 90°. To determine the height of the chair, the lateral femoral condyle was aligned with the rotational axis of the dynamometer. Before each test, the patient was instructed to perform 3 practice repetitions. The highest peak torque value for each velocity was determined, compared to the uninjured side, and described as percent of knee extensor and flexor muscles strength deficits.",2016,English,Clinicaltrials.gov,embase,,https://doi.org/,,,,comparativestudyofanteriorcruciateligamentreconstructionusin+2016
908,909,274,Grapar (2016),QT,"Grapar Zargi T, Drobnic M, Jkoder J, Strazar K, Kacin A",Grapar,The effects of preconditioning with ischemic exercise on quadriceps femoris muscle atrophy following anterior cruciate ligament reconstruction: a quasi-randomized controlled trial,theeffectsofpreconditioningwithischemicexerciseonquadricepsf,"RESULTS: There were no significant differences between the groups in any of the variables prior to, or after surgery. The deficit in QF vastii volume increased (P<0.001) to 20±5 % in ISCHEMIC and 23±10 % in SHAM group at 4 weeks and persisted (P<0.001) at 16±4 % in ISCHEMIC and 20±11 % in SHAM group at 12 weeks postsurgery. Deficit in QF maximal isometric torque persisted (P<0.05) at 15±15 % in ISCHEMIC and 22±16 % in SHAM group at 12 weeks postsurgery. There were no significant differences in single-leg anterior reach distance between the groups at any time point.CONCLUSIONS: Short-term preconditioning with low-load ischemic exercise exhibited no different effect on QF muscle mass, isometric strength, or knee functional loss than comparable standard exercise in patients undergoing ACL reconstruction.CLINICAL REHABILITATION IMPACT: Preconditioning with ischemic exercise of five training sessions or shorter does not have any clinically important effect on preservation of quadriceps femoris muscle mass and function in patients after arthroscopic ACL reconstruction.METHODS: Twenty subjects undergoing ACL reconstruction performed 5 exercise sessions during the last 10 days before surgery. They were assigned into two groups performing either low-load ischemic knee-extension exercise (ISHEMIC group), or standard knee-extension exercise (SHAM group). QF volume, maximal voluntary isometric contraction torque and single-leg anterior reach distance were assessed prior to preconditioning and at 4 and 12 weeks postsurgery.BACKGROUND: The degree of quadriceps femoris muscle (QF) atrophy is recognized as one of the key factors of poor knee function and patient's outcome, despite successful reconstruction of anterior cruciate ligament (ACL).AIM: The study assessed whether muscle preconditioning with ischemic exercise can attenuate loss of QF volume, strength, and function after ACL reconstruction.DESIGN: Prospective, single-centre, quasi-randomized, controlled trial with sham intervention.SETTING: University Medical Centre and Laboratory of Physiotherapy Research.POPULATION: Patients with total ACL rupture elected for reconstructive surgery.",2016,English,European journal of physical and rehabilitation medicine,embase,,https://doi.org/,26799572.0,https://pubmed.ncbi.nlm.nih.gov/26799572/,Grapar+theeffectsofpreconditioningwithischemicexerciseonquadricepsf+2016,theeffectsofpreconditioningwithischemicexerciseonquadricepsf+2016
910,911,276,,QT,,,Randomized Controlled Trial Evaluating Postoperative Analgesia and Muscle Strength Between Single Versus Continuous Adductor Canal Block for Ambulatory ACL Reconstruction.,randomizedcontrolledtrialevaluatingpostoperativeanalgesiaand,"Brief SummaryDespite the apparent multifaceted benefit in differentiating blockade sites and duration of nerve blockade, the efficacy of continuous adductor canal blockade utilized specifically in ACL reconstruction has not been extensively studied. This study will test the hypothesis that the use of the adductor canal continuous nerve catheter will result in lower subjective pain scores on postoperative day 2 and improved quadriceps strength on postoperative day 1.Detailed DescriptionStudy participants will be randomized to 2 groups: (1) continuous adductor canal nerve catheter or (2) long-acting single bolus adductor canal nerve block. Following random selection via random envelope selection patients will receive the following procedures. Both groups will receive ultrasound guided femoral nerve block with 20cc of 2% mepivacaine \<20 minutes prior to in room time. Intraoperative care will consist of general anesthesia under the care of the attending anesthesiologist assigned to the patient. Induction will include a propofol bolus and placement of laryngeal mask airway. Intraoperative opioid should be limited to no more than 150mcg of fentanyl. Upon completion of wound closure, appropriate dressing placement, emergence from anesthesia and removal of LMA, patients to be taken to PACU. Once adequately awake and alert, Group 1 patients 1 will receive ultrasound guided adductor canal continuous nerve catheter using normal saline as bolus for placement, followed by initiation of 1/8% bupivacaine infusion through catheter at 8cc/h. Group 2 will receive ultrasound guided adductor canal nerve block with 10cc of 0.5% ropivacaine + 2mg dexamethasone (0. 5cc), keeping total injectate at 10.5cc to spare significant proximal spread to femoral nerve14. After adequate instruction including catheter education (if applicable) patients are to be discharged home.",2015,English,Clinicaltrials.gov,embase,,https://doi.org/,,,,randomizedcontrolledtrialevaluatingpostoperativeanalgesiaand+2015
911,912,277,,QT,,,Location of Injection of Local Anesthetics in the Adductor Canal Block: A Randomized Controlled Trial of the Effect on Postoperative Analgesia and Motor Power,locationofinjectionoflocalanestheticsintheadductorcanalblock,"Brief SummaryThe adductor canal block (ACB) is the standard of care for analgesia after Anterior Cruciate Ligament (ACL) repair. ACB is performed by injecting local anesthetic (freezing) in the subsartorial canal in the thigh which is about 7-10cm long. Preliminary evidence suggests that different injection sites within the canal may produce different degrees of analgesia and quadriceps motor block. This trial seeks to determine the effects of various ACB injection sites on postoperative analgesia and motor power following ACL repair.Detailed DescriptionAdductor canal block (ACB) is replacing femoral nerve block (FNB) as the peripheral nerve block of choice for knee surgery. The ACB aims to inject local anesthetics (LA) within the neurovascular sheath in the subsartorial adductor canal around the femoral nerve. The point where the sartorius muscle crosses over the femoral artery is generally the accepted site for performing ACB. Clinically, injecting LA in the adductor canal blocks the sensory innervation of the knee and thus offers pain relief that is similar to FNB while conserving motor power around the knee. While these benefits are desirable, the exact location for performing ACB that ensures these benefits, remains debatable. The subsartorial adductor canal itself is 7-10cm long and the anatomical location of the sensory and motor nerves that innervate the knee and its surrounding muscles in this canal may vary. This randomized controlled trial is designed to identify and refine the ACB technique by clinically determining the effects of various ACB injection locations on postoperative analgesia and quadriceps motor power following ACL repair.",2015,English,Clinicaltrials.gov,embase,,https://doi.org/,,,,locationofinjectionoflocalanestheticsintheadductorcanalblock+2015
913,914,279,,QT,,,The Comparison of Postoperative Analgesia Between Adductor Canal Block and Femoral Nerve Block After Arthroscopic ACL Reconstruction With Hamstring Graft: A Randomized Controlled Trial,thecomparisonofpostoperativeanalgesiabetweenadductorcanalblo,"Brief SummaryThe aim of this study is to compare the efficacy in pain relief within 24 hours between adductor canal block and femoral nerve block after anterior cruciate ligament reconstruction with hamstring graft.Detailed DescriptionAfter approval from institutional ethic committees, Thammasat University Hospital, patients who meet the eligible criteria will be asked for informed consent. Randomization will be performed by computerization with varied block sizes (4 and 6), and the sequence of randomization will be concealed by sealed envelopes. Once given informed consent, the investigator opened the sealed envelope, which randomized the patient to the adductor canal block group (ACB), or the femoral nerve block group (FNB). The day before surgery day, patients who meet the eligible criteria will ask for the informed consent from blinded research assistant. They will obtain patients' demographic data, preoperative pain scores, and quadriceps strength. They will be recommended how to evaluate pain score and use the patient-controlled analgesia. In the block room, patients will be sedated with midazolam 2-3 mg intravenously. The nerve block will be performed before spinal anesthesia by unblinded anesthesiologists. During block, the patients will be blinded by sham block. In ACB group, patients will receive sham block of femoral nerve at inguinal area, and then ACB will be performed, while in FNB group, patients will receive FNB, and then sham block will be performed in the mid-femoral area. After standard monitored, the saphenous nerve will be blocked in the ACB group under ultrasound guidance using linear probe (9 mHz, GE Healthcare®) with nerve stimulator (Payunk®) at midfemoral level. When the needle tip is positioned, the nerve stimulator is turned on and set to deliver a current of 0.5 mA at a frequency of 2 Hz and pulse duration of 0.1 ms. The presence of a quadriceps muscle twitch, if elicited, will be recorded, and the needle was re-positioned until the muscle twitch disappeared. Then, 0.5% levobupivacaine with adrenaline 5 µg/ml 15 ml will be injected. The femoral nerve block is also performed in the FNB group under ultrasound guidance using linear probe (9 mHz, GE Healthcare®) and nerve stimulator (Payunk®). With ultrasound guidance, the femoral nerve is identified in femoral triangle near to femoral artery, and when the needle tip is in proper position in the ultrasound image, the nerve stimulator is used to confirm, the presence of quadriceps twitching at the current less than 0.5 mA, and the absence of quadriceps twitching at the current more than 0.2 mA. After that, 30 ml of 0.25% levobupivacaine with adrenaline 5 µg/ml is injected. During performing both blocks, patients' eyes will be closed. The sham block involves an ultrasound survey at inguinal area in ACB group and mid-femoral area in FNB group, stump needle is marked at the injection site but not penetrating skin. 10 or 30 mL of saline depending on type of sham block will be injected into an absorbing cloth. Opaque plaster will be used for both block sites. Fifteen minutes after ACB or FNB, the success of block is evaluated by blinded investigators. Loss of sensation at the either infrapatellar region or medial of calf will be tested every 5 mins. Fail block is documented, if there is no loss of sensation greater than 30 mins after block performed. Then, spinal anesthesia is performed with 0.5% isobaric or heavy marcaine 2.5-3.5 ml. In the operative room, patients will receive cefazolin 1 gm, and ketorolac 30 mg intravenously before skin incision. Tourniquet 350 mmHg will be applied on operated thigh and limited time is no longer than 120 mins. Drain will be inserted, and knee brace or Jone's bandage will be applied postoperatively in all patients. Postoperatively, all patients received disposable patient-controlled analgesia (PCA) for parenteral morphine as needed to control VAS less than 4 with setting PCA dose 2.5 mg (patients ≤ 60 years) 2 mg (patients ≥ 60 years), no basal rate, lock out 5 mins. Postoperative analgesic regimen are ketorolac 30 mg IV 8 hours after intraoperative dose, Etoricoxib (90) 1 tab oral once daily, paracetamol (500) 1 tab oral every 6 hours, reparil 2 tab oral tid, and myonal 1 tab oral tid. Drain will be removed in postoperative day 1 by surgeons and patients will be allowed to walk with crutches after drain removes Outcomes The primary outcome is VAS at 24 hours during activity . The patients will be instructed in the use of the 0 to 100 mm visual analogue scale (VAS) with 0 and 100 mm referring to 'no pain' and 'worst pain imaginable', respectively, at inclusion to the study. VAS also assessed at 4 hour after surgery and then every 4 hours, at rest, and activity until 24 hours. Total opioid consumption in first 24 hours and first time that patient pressing PCA is also recorded. Opioid side effects (nausea vomiting, pruritus, respiratory depression, urinary retention) will be recorded. Nausea vomiting, and pruritus will be recorded as 0-2 scales: 0=none, 1=mild symptom but no need treatment, 2=severe symptom and need medical treatment). Respiratory depression will be recorded as yes (respiratory rate≤8 per minute), and no. Urinary retention will be measured as yes (need urinary catheterization), and no. Quadriceps strength will be assessed as maximum voluntary isometric contraction (MVIC) preoperatively, 8-12, and 24 hours postoperatively with handheld dynamometer (HHD, Lafayette Instrument, Lafayette, IN) which has been already calibrated. The strength will be evaluated by blinded research assistant, and use the Velcro strap to fix the dynamometer to reduce interrater variability. The patients will sit with 60 degree knee flexion, with attach the HHD at 5 cm above transmalleolar axis. The patients will be asked for extend their knee as forcefully as possible in 3 seconds with the instruction of the assessors (push-push-push-pause). The strength will be measured for 3 times and the maximum value will be used. Then, the maximal torque will be calculated by multiplying the maximal force (newtons) with the distance between femoral condyle and HHD (meters). After each contraction, the level of pain is quantified with use of a 0-100 point VAS. Timing for readiness for hospital discharge within 24 hours will also be recorded. The criteria of readiness hospital discharge is patient is alert and responsive to questioning, show acceptable pain and nausea control, able to urinate, able to walk with crutches. The actual time of discharge and the reason of delayed discharge will also be recorded. All outcomes are assessed by blinded outcome assessors, who do not involved in other parts of this study. Statistical analysis Continuous data will be presented as mean (SD) or median (IQR) as appropriate, and categorical data will be presented as frequency (percentage).The comparison between continuous data will be performed by t-test or Mann-Whitney U test depending on the distribution of data. Pain scores in first 24 hours were compared after calculating the area under the curve for the interval 2 to 24 hours.Categorical variables will be compared by chi-square or Fischer-exact test. P values less than 0.05 shows statistical significance. Statistical analysis will be performed by using STATA (13.0) software.",2015,English,Clinicaltrials.gov,embase,,https://doi.org/,,,,thecomparisonofpostoperativeanalgesiabetweenadductorcanalblo+2015
915,916,281,,QT,,,Acute Anterior Cruciate Ligament Rupture; RecOnsTruction Or Repair?,acuteanteriorcruciateligamentrupturereconstructionorrepair?,"Brief SummaryTo investigate the hypothesis that suture repair of a ruptured vkb, combined with a dynamic intraligamentary stabilization and microfracture of the femoral notch, results in at least equal effectiveness compared with an ACL reconstruction using autologous hamstring in terms of functional recovery one year postoperatively in terms of a patient self-reported outcome related to be able to conduct daily and sporting activities. Secondary, the evaluation of clinical outcomes, self-reported by the patient outcomes, osteoarthritis, rehabilitation time required for return to daily and sporting activities and levels of sporting activity which has returned in patients with status after an ACL rupture and suture repair augmented with a dynamic intraligamentary microfracture and stabilization of the femoral notch in comparison with an anterior cruciate ligament reconstruction with the ipsilateral hamstring graft.Detailed DescriptionBackground of the study: An anterior cruciate ligament rupture is a serious injury to the knee with high probability of the occurrence of dynamic instability, accompanying lesions and early post-traumatic arthrosis. Despite conservative treatment through rehabilitation or ACL reconstruction surgery not all patients do return to their previous activity levels. Moreover degenerative changes, especially early posttraumatic arthrosis, are not counteracted. In order to optimize the clinical results after ACL surgery, a renewed interest has emerged in healing the patient's own ruptured ACL after attaching. Literature suggests that with the current innovations in surgical repair techniques of (natural) healing of a ruptured ACL may result in similar clinical outcomes in comparison to the gold standard, the ACL reconstruction. In addition, it may even reduce degenerative changes occur in relation to the gold standard. Moreover, the return to daily activities and sports level seems significantly faster than after ACL reconstruction. The hypothesis is that a suture (suture repair) of a ruptured ACL, combined with a dynamic intraligamentary stabilization, as well as microfracture of the femoral notch, passes, at least equal efficacy in comparison with an anterior cruciate ligament reconstruction using autologous hamstrings in terms of functional recovery 1 years postoperatively. The DIS bonding technique will be applied in the current study to surgically repair (suture) the ruptured ACL. DIS is an abbreviation and stands for intraligamentary dynamic stabilization (DIS). DIS has been used in humans and seems to provide a high patient satisfaction, favorable clinical and radiological results. However, to our knowledge, to date, no randomized comparative study has been conducted yet in which the DIS technique is compared with the gold standard, the ACL reconstruction. Objective of the study: Primary goal: Investigate the hypothesis that suture repair of a ruptured vkb, combined with a dynamic intraligamentary stabilization and microfracture of the femoral notch, results in at least equal effectiveness compared with an ACL reconstruction using autologous hamstring in terms of functional recovery one year postoperatively in terms of a patient self-reported outcome related to be able to conduct daily and sporting activities. Secondary objective: Evaluation of clinical outcomes, self-reported by the patient outcomes, osteoarthritis, rehabilitation time required for return to daily and sporting activities and levels of sporting activity which has returned in patients with status after an ACL rupture and suture repair augmented with a dynamic intraligamentary microfracture and stabilization of the femoral notch in comparison with an anterior cruciate ligament reconstruction with the ipsilateral hamstring graft. Study design: This study is a single center stratified block randomized controlled trial. Patients with ACL rupture, confirmed by an orthopedic surgeon based on the outpatient history and radiographic images, will be randomized into an experimental ('repair' / DIS) group after inclusion and a control (reconstruction, regular care) group. Patients will be stratified on the level of sport/physical active practice, on the basis of the Tegner score. The Tegner score is an evaluative and inventory questionnaire on which the patient indicates the gravity of his work and/or sports activities. A higher score is associated with a higher level of physical strain/activity . On the basis of the Tegner score patients will be stratified into a 'moderate' physically active stratum (group Tegner score 5-6-7) and 'highly' physically active stratum (group Tegner score 8 -9-10). Stratification based on the degree of physical activity is considered to be important because the extent and severity of physical activity/strain in daily life poses a potential (difference) in risk of re-rupture between the two study arms. In order to minimize potential differences in 'exposure' or 'risk of re-rupture' between the two study groups stratification is relevant.Measurements take place at baseline, peri-operative / immediately after surgery, 6 weeks, 3,6,9 months and 1, 2, 5 and 10 years postoperatively. Study population: (Physically) active patients from 18 untill 30 years, who has visited the outpatient clinic of the orthopedic surgeon because of a knee injury resulting in a ACL rupture, for whom surgery indication for an ACL reconstruction exists and who can be operated on within three weeks after the onset of the ACL rupture. Intervention: n=48 patients will participate in the current study. Patients will be assigned to a suture repair of the ruptured vkb complemented by a dynamic intraligamentary stabilization (DIS) and microfracture of the femoral notch or the gold standard, a ACL reconstruction. Primary study parameters/outcome of the study: Self-reported functional outcome at one-year follow post surgery measured by the IKDC 2000 subjective scale. Secundary study parameters/outcome of the study (if applicable): Secondaire eindpunten: Self-reported functional outcome at one-year follow post surgery measured by the IKDC 2000 subjective scale 6 weeks, 3,6 and 9 months, 2,5 and 10 years post surgery, self-reported disabilities (KOOS), level of physical activity (Tegner), satisfaction (VAS) as well as IKDC physical examination (clinimetretrics) 6 weeks, 3, 6 en 9 months, 1, 2, 5 and 10 years post surgery; instrumented anteroposterior laxity, leg symmetry index for jump tests as well as isokinetic quadriceps en hamstrings force 6 en 9 months, 1, 2, 5 en 10 years after surgery; radiologic signs of arthrosis 1,2 5 and 10 years post surgery; reruptures of the ACL within 10 years post surgery, classification rupture pattern peroperative.",2014,English,Clinicaltrials.gov,embase,,https://doi.org/,,,,acuteanteriorcruciateligamentrupturereconstructionorrepair?+2014
917,918,283,,QT,,,Can Neuromuscular Training Alter Movement Patterns After Anterior Cruciate Ligament Injury?,canneuromusculartrainingaltermovementpatternsafteranteriorcr,"Brief SummaryA prospective randomized controlled trial will be used to evaluate the efficacy of post-operative perturbation training. 80 patients who were regular participants in activities that involve cutting, pivoting, jumping, and lateral movements prior to injury who range in age from 13-55 at the time of injury are eligible. All eligible subjects must undergo primary anterior cruciate ligament reconstruction. Using a prospective randomized design, 40 subjects who will be block randomized by sex to 40 patients who will receive 10 sessions of post-operative perturbation training in addition to standard agility and return to activity progression and forty who receive only standard agility and return to activity progression. Post-operative perturbation training will be initiated when the athlete is at least 12 weeks post-anterior cruciate ligament reconstruction, has full range of motion and achieves 80% quadriceps strength symmetry, the criteria we currently use for beginning return to activity progression.Detailed DescriptionFor many years, our laboratory has been examining the functional capabilities and movement strategies of individuals who sustain anterior cruciate ligament injuries of the knee. Using a battery of clinical tests and measures with these athletes, we have learned that not all of these individuals respond similarly to injury. Some athletes, called potential copers, experience a high level of function after their injury. Rehabilitation that involves specialized training called perturbation training allows the majority of potential copers to be successful in returning to sports in the short-term. Non-copers, however, are a group of anterior cruciate ligament-injured athletes with poor knee stability during daily activities. The capability of these individuals to return to sport is limited, and anterior cruciate ligament reconstruction is typically recommended. Over the last five years, we have begun to investigate the effects of perturbation training on non-copers. Non-copers represent the majority of anterior cruciate ligament-injured athletes, and they are of great interest not only because of their distinct functional limitations, but also the large variability within this group. Abnormal movement patterns are common following anterior cruciate ligament injury, but strategies differ between potential copers and non-copers. During an activity as basic as walking, non-copers reduce the motion of the injured knee and increase the work done at the hip and ankle, perhaps in an effort to avoid knee instability. Non-copers limit the motion of the knee by activating several muscles around the knee simultaneously. So while this may be effective in stabilizing the knee in the short term, this strategy may cause altered and potentially harmful loading patterns within the knee joint. The abnormal movement and altered muscle firing patterns of anterior cruciate ligament-injured athletes are believed to be a mechanism for knee osteoarthritis. Though anterior cruciate ligament reconstruction restores knee stability, surgery does not fully address the faulty movement of these individuals. Pre-operative perturbation training is effective in improving function and normalizing knee motion in some non-copers. Perturbation training does not improve the ability of all non-copers to return to sport, suggesting other patient factors may be related to post-surgical outcomes. Women are known to be at greater risk for anterior cruciate ligament injury than men, but recently poorer outcomes in women following surgery have also been found. In response to pre-operative training, women demonstrate improved function and gait symmetry, but recover much more slowly after surgery and demonstrate abnormal patterns and knee joint loads. Persistent faulty patterns in women warrants further study and our research can help us find ways for us to address these abnormalities. This goal of this work is to determine whether perturbation training can improve knee function and reduce faulty adaptations after anterior cruciate ligament reconstruction. Specifically, the aims of this project are to investigate whether the addition of post-operative perturbation training results in lower loading, better movement patterns and better functional outcomes than standard care.",2012,English,Clinicaltrials.gov,embase,,https://doi.org/,,,,canneuromusculartrainingaltermovementpatternsafteranteriorcr+2012
929,930,295,,PLT,,,Effects of Early Rehabilitation Using Blood Flow Restriction and/or Surface Electromyography Biofeedback on Quadriceps Activation and Strength After Anterior Cruciate Ligament Reconstruction: A Multicenter Randomized Controlled Trial,effectsofearlyrehabilitationusingbloodflowrestrictionand/ors,"Brief SummaryMany patients experience quadriceps inhibition after anterior cruciate ligament (ACL) reconstruction, delaying strength recovery, hindering return to sport, and potentially increasing the risk of re-injury. Two rehabilitation strategies-low-load blood flow restriction (BFR) training and surface electromyography (sEMG) biofeedback-aim to enhance neuromuscular activation and strength while limiting joint load. However, comparative and combined evidence in pragmatic, multicenter settings remains limited. AMIRACL is a multicenter, prospective, randomized, controlled, parallel-group trial with four arms enrolling 200 adults (18-35 years) undergoing a first-time ACL reconstruction. Participants are randomized with center stratification; outcome assessors are blinded to allocation. The four groups are: (1) standard rehabilitation; (2) standard + early BFR; (3) standard + early sEMG biofeedback; and (4) standard + combined BFR and sEMG biofeedback. Interventions begin about 2 weeks postoperatively, are delivered over 6 weeks at three supervised sessions per week, and are integrated into contemporary ACL rehabilitation. BFR uses individualized, auto-regulated cuff pressure during low-load isometric and then dynamic exercises. sEMG biofeedback provides real-time visual and/or auditory feedback to optimize quadriceps recruitment during targeted tasks. The combined arm receives both modalities concurrently. The primary objective is to compare quadriceps activation (sEMG) and maximal isometric knee extensor strength between groups at 3 and 6 months. Secondary objectives include return-to-sport readiness and patient-reported function (e.g., ACL-RSI, IKDC), broader knee outcomes (e.g., KOOS, Lysholm), adherence and adverse events across arms, and ACL re-injury (ipsilateral graft rupture or contralateral ACL injury) within 2 years. Longer-term patient-reported quality of life is explored up to 5 years. Key eligibility criteria include age 18-35 years, first ACL reconstruction, and preinjury sport participation; major exclusions include revision ACL surgery, concomitant multi-ligament repair, neuromuscular disorders, and contraindications to BFR or sEMG. The planned sample size is 200 (50 per arm), powered to detect a clinically meaningful between-group difference in quadriceps activation. Analyses will follow the intention-to-treat principle using mixed-effects models for repeated measures. The study is conducted under Good Clinical Practice and applicable Swiss regulations; all participants provide written informed consent. Overall, AMIRACL will determine whether early BFR, sEMG biofeedback, or their combination meaningfully improves quadriceps activation, strength, and clinical recovery after ACL reconstruction compared with standard rehabilitation alone.",2025,English,Clinicaltrials.gov,embase,,https://doi.org/,,,,effectsofearlyrehabilitationusingbloodflowrestrictionand/ors+2025
931,932,297,,PLT,,,Extended Post-Operative Oral Tranexamic Acid Dosing After ACL Reconstruction: A Multicenter Randomized Controlled Trial,extendedpostoperativeoraltranexamicaciddosingafteraclreconst,"Brief SummaryThis is a prospective, multi-center, randomized, double-blind, placebo-controlled trial evaluating the efficacy of oral tranexamic acid (TXA) in improving postoperative outcomes following anterior cruciate ligament reconstruction (ACLR) using patellar tendon autograft in adolescent and young adult patients. A total of 100 patients, aged 14 to 22 years and undergoing eligible ACLR, will be enrolled across multiple participating sites. Eligible participants will be randomized 1:1 to receive either oral TXA (1.95 g per day, divided into three 650 mg capsules) or placebo (microcrystalline cellulose) once daily from postoperative day 1 to 10, in addition to standard intraoperative care. All participants will receive 1 g IV TXA prior to incision and 1 g IV TXA at closure, per standard surgical protocol. The primary outcome is improvement in postoperative pain, as measured by the Visual Analog Scale (VAS). Secondary outcomes are knee range of motion, quadriceps strength, isokinetic strength, time to straight leg raise, time to return to sport, International Knee Documentation Committee score, Lyshom score, and morphine milligram equivalents. Participants will be followed through routine postoperative visits at the participating institutions out to one year with a phone call for patient reported outcomes at 2 years.Detailed DescriptionThis multi-center, prospective, randomized, double-blind, placebo-controlled clinical trial is designed to evaluate the effect of oral tranexamic acid (TXA) on postoperative outcomes following anterior cruciate ligament reconstruction (ACLR) using bone-tendon-bone (BTB) autograft in adolescent and young adult patients. Background: Tranexamic acid is a synthetic antifibrinolytic agent that competitively inhibits plasminogen activation, helping to reduce bleeding. IV TXA is routinely used during orthopedic procedures, including ACLR, and has been shown to reduce intraoperative blood loss. However, the benefit of extending antifibrinolytic coverage with oral TXA in the early postoperative period has not been well studied in this population. This trial aims to investigate whether a 10-day postoperative course of oral TXA improves pain and recovery outcomes following ACLR. Study Design: Participants will be randomized in a 1:1 ratio to receive either oral TXA or a placebo. Randomization will be conducted using computer-generated allocation. Both the participants and the study team will remain blinded to group assignment. Group A (Placebo): Participants will receive 10 doses (30 capsules total) of microcrystalline cellulose (placebo), to be taken daily from postoperative day (POD) 1 through POD 10. Group B (Oral TXA): Participants will receive 10 doses (30 capsules total) of oral TXA, dosed at 1.95 g per day (650 mg per capsule, 3 capsules daily) from POD 1 through POD 10. All participants will receive standard intraoperative care, including 1 gram IV TXA prior to skin incision and an additional 1 gram IV TXA at surgical closure. Postoperative pain management will be administered per standard clinical practice and at the discretion of the treating surgical team. Patient Population: The study will enroll 100 patients aged 14 to 22 years undergoing isolated ACLR with a BTB autograft at Campbell Clinic Surgery Center and collaborating study sites. Study Procedures: Eligible patients will be identified via chart review and approached in clinic or via phone. Informed consent (and assent where applicable) will be obtained during a routine preoperative visit. Baseline data will be collected, including demographics and medical history. Participants will then be randomized and provided with study medication (oral TXA or placebo) to begin on POD 1. Outcomes: The primary outcome is improvement in postoperative pain, as measured by the Visual Analog Scale (VAS). Secondary outcomes are knee range of motion, quadriceps strength, isokinetic strength, time to straight leg raise, time to return to sport, International Knee Documentation Committee score, Lyshom score, and morphine milligram equivalents. Blinding and Allocation: All capsules will be identical in appearance and packaging to maintain blinding. Randomization will be performed centrally and allocation concealed. Study staff, treating physicians, and patients will remain blinded until data analysis. Safety Monitoring: Participants will be monitored for adverse events throughout the study period. TXA is generally well tolerated but may pose thrombotic risk in susceptible individuals; exclusion criteria are designed to minimize this risk. The study team will report any serious adverse events (SAEs) to the IRB per institutional guidelines. The study is powered to detect clinically meaningful differences in VAS scores, with a planned enrollment of 50 patients per group, allowing for a 20% loss to follow-up. This trial aims to clarify the role of extended postoperative oral TXA in reducing inflammation, pain, and bleeding in young ACLR patients, potentially offering a low-cost adjunct to current perioperative care.",2025,English,Clinicaltrials.gov,embase,,https://doi.org/,,,,extendedpostoperativeoraltranexamicaciddosingafteraclreconst+2025
932,933,298,,PLT,,,Low Level Laser Therapy Versus Short Wave Diathermy in Patients With Anterior Cruciate Ligament Tear,lowlevellasertherapyversusshortwavediathermyinpatientswithan,"Brief SummaryThis clinical research study is comparing two non-surgical treatments-Low-Level Laser Therapy (LLLT) and Short Wave Diathermy (SWD)-to see which is more effective for people with a partial tear of the anterior cruciate ligament (ACL) in the knee. The ACL is a key ligament that helps keep the knee stable during movement. When partially torn, it can cause pain, weakness, and difficulty with walking or physical activities. LLLT, also called photobiomodulation, is a painless, light-based therapy that helps reduce swelling, relieve pain, and promote healing. SWD is a type of deep heat therapy commonly used in physiotherapy to improve circulation and tissue repair. This study will include 72 patients between 20 and 40 years old who have been diagnosed with a partial ACL tear through MRI. All participants will receive standard physiotherapy exercises and SWD, while half will also receive LLLT. The study aims to find out if adding LLLT can: Reduce knee pain Improve knee muscle strength Help patients perform daily activities more easily Each participant will be monitored for 6 weeks, with check-ins at the start, the 3rd week, and the 6th week. Pain levels, muscle strength, and knee function will be measured using reliable assessment tools. The results of this study may help guide better treatment options for people with ACL injuries who want to avoid surgery.Detailed DescriptionBackground \& Rationale: Partial anterior cruciate ligament (ACL) tears are frequent orthopedic injuries, particularly among young adults involved in sports requiring rapid pivoting or directional changes. These injuries often result in pain, instability, muscular weakness, and functional limitations. While complete ACL tears often necessitate surgical reconstruction, partial tears are typically managed with conservative approaches such as physiotherapy and adjunctive non-invasive therapies. Low-Level Laser Therapy (LLLT), or photobiomodulation, is a non-thermal modality that promotes tissue healing through light-induced cellular stimulation. It has shown beneficial effects in reducing inflammation and pain across various musculoskeletal conditions. However, there is limited high-quality evidence evaluating its specific effects on partial ACL injuries or how it compares to widely used modalities like Short Wave Diathermy (SWD). Study Design and Methodology: This is a single-blinded, randomized controlled trial enrolling 72 participants aged 20-40 years with MRI-confirmed partial ACL tears. Participants are randomly assigned (n=36 each) into two groups: Group A (LLLT + SWD + Physiotherapy): Receives Low-Level Laser Therapy in addition to standard physiotherapy and short wave diathermy Group B (SWD + Physiotherapy): Receives standard physiotherapy and short wave diathermy only LLLT Protocol: Wavelength: 830 nm Power Output: 150 mW Power Density: 5 W/cm² Frequency: 2-3 sessions per week for 6 weeks Application Time: 3-4 minutes per treatment site (targeting multiple anatomical points around the knee) Standard Physiotherapy for Both Groups: Exercises: Heel slides, partial knee bends, quadriceps sets, step-ups Repetitions: 2 sets of 10, with 3-5 second rest intervals Short Wave Diathermy Protocol (Both Groups): Frequency: 27.12 MHz Duration: 20-30 minutes per session Application: 2-3 sessions over baseline phase Outcome Measures: Assessments will be conducted at baseline, 3rd week, and 6th week using validated clinical tools: Pain: McGill Pain Questionnaire Muscle Strength: Handheld dynamometer (quadriceps/hamstrings) Functional Disability: KOOS (Knee Injury and Osteoarthritis Outcome Score) Blinding and Randomization: Random allocation via computerized random number generation Single-blinded: Outcome assessors blinded to group assignment Ethical Approval and Consent: Approved by the Ethical Review Committee at the University of Lahore Informed written consent obtained from all participants Privacy and confidentiality strictly maintained Expected Impact: This study aims to provide evidence on whether LLLT offers superior clinical outcomes in pain relief, strength enhancement, and functional recovery compared to SWD in the conservative management of partial ACL injuries. The findings may help refine treatment protocols, promote cost-effective and non-invasive rehabilitation options, and guide physiotherapists in evidence-based practice.",2025,English,Clinicaltrials.gov,embase,,https://doi.org/,,,,lowlevellasertherapyversusshortwavediathermyinpatientswithan+2025
933,934,299,,PLT,,,Knee Extensors Activation Device Versus Rolled Towel for Early Quadriceps Activation After ACL Reconstruction: Protocol for a Randomized Controlled Trial,kneeextensorsactivationdeviceversusrolledtowelforearlyquadri,"Brief SummaryThe goal of this clinical trial is to learn if a novel Knee Extensors Activation (KEA) device can improve quadriceps muscle activation in adults after anterior cruciate ligament (ACL) reconstruction surgery. The study focuses on adults aged 18-45 years undergoing primary unilateral ACL reconstruction, a population commonly affected by this injury. The main questions it aims to answer are: Does using the KEA device lead to greater quadriceps muscle activation (measured via EMG) by postoperative Day 5 compared to standard care using a rolled towel? Does the KEA device improve early knee function, reduce pain, and decrease fear of movement compared to the towel method? Researchers will compare participants using the KEA device versus a control group using the conventional rolled towel during early postoperative rehabilitation to see if the KEA device provides better outcomes. Participants will: Begin quadriceps strengthening exercises on the first day after ACL surgery. Be randomly assigned to use either the KEA device or a rolled towel for isometric quadriceps exercises. Perform 3 sets of 10 repetitions of knee extension exercises, twice daily for 5 consecutive days. Undergo assessment of quadriceps EMG activation and complete questionnaires (KOOS, IKDC, TSK, and VAS) on Day 5.Detailed DescriptionBACKGROUND Rupture of the anterior cruciate ligament (ACL) and its surgical reconstruction are followed by substantial deficits in quadriceps muscle function. In the early postoperative period, reflexive inhibition of the quadriceps, known as arthrogenic muscle inhibition (AMI), leads to drastically reduced voluntary muscle activation. Quadriceps activation failure contributes to weakness, which is concerning since quadriceps strength is strongly related to knee function and stability. Without effective intervention, patients can experience persistent strength deficits, delayed functional recovery, and even altered knee biomechanics due to inadequate quadriceps activation. Notably, one study reported that by 2 weeks after ACL reconstruction, the electromyographic (EMG) activation amplitude of the vastus medialis was less than 50% of normal levels, highlighting the severity of early postoperative quadriceps inhibition. Early rehabilitation therefore prioritizes reactivation of the quadriceps. Standard ACL rehabilitation protocols universally include quadriceps setting exercises beginning immediately after surgery. Quadriceps setting is an isometric contraction of the knee extensors (quadriceps) with the knee in extension, often performed with a rolled towel or bolster placed under the knee to provide a slight knee flexion angle and a target to press down against. This simple exercise is aimed at recruiting the quadriceps muscle and counteracting AMI as soon as possible. Clinical guidelines and expert consensus recommend initiating such isometric quadriceps contractions on post-op day 1 to restore active knee extension and prevent loss of motion. The conventional method using a rolled towel under the knee is easy and requires no special equipment; however, it provides minimal feedback to the patient. The patient or therapist typically counts repetitions, and the assessment of contraction quality (e.g. how hard the muscle is engaging) is largely subjective. Enhancing feedback during early exercises may improve quadriceps muscle recruitment. Prior studies have shown that adjunctive biofeedback modalities can significantly improve quadriceps activation and outcomes in early ACL rehabilitation. For example, it's demonstrated that adding electromyographic biofeedback (visual EMG signal feedback) to standard exercises in the first weeks after ACL reconstruction led to greater quadriceps EMG output and better knee extension range than exercise alone. Similarly, neuromuscular electrical stimulation (NMES) is often used alongside exercise to help activate the quadriceps, with evidence that combined NMES and exercise yields stronger quadriceps than exercise alone in the early phase post-ACL. These findings underscore the importance of maximizing muscle activation through innovative rehabilitation strategies during the vulnerable immediate postoperative period. The Knee Extensors Activation (KEA) Device was developed to address the need for objective feedback and standardization in early quadriceps rehabilitation. The KEA device is a novel, portable tool consisting of an inflatable cushion, a hand-held air pump, an integrated pressure gauge, and a digital repetition counter. The inflatable cushion (placed under the patient's knee) provides resistance during isometric contraction, similar to a rolled towel but with adjustable pressure. The built-in pressure gauge displays the pressure inside the cushion, and is equipped with sensor markers that indicate when a full contraction (sufficient pressure threshold) is achieved. When the patient contracts the quadriceps and presses the knee down on the cushion, a pressure indicator moves; reaching the end-range sensor triggers the digital counter to register a successful repetition. The counter only increments when the pressure has risen above a preset threshold (indicating an adequate contraction) and then returns to baseline, ensuring that only correct, full-effort repetitions are counted. By providing visual feedback of pressure and an automatic rep count, the device aims to engage the patient and encourage maximal activation of the quadriceps with each contraction. In doing so, it standardizes the quad set exercise and reduces reliance on the therapist's subjective judgment of effort or on the patient's inconsistent self-monitoring. It's hypothesized that using the KEA device in the first week after ACL reconstruction will result in greater quadriceps muscle activation compared to the conventional rolled towel method. It's further hypothesized that patients using the device will report equal or better early functional outcomes, such as reduced pain and kinesiophobia, due to potentially greater confidence in knee contraction and improved knee extension ability. This paper presents the protocol for a two-arm randomized controlled trial designed to test these hypotheses. The trial's primary objective is to compare the quadriceps muscle EMG amplitude during a maximal contraction on day 5 post-surgery between patients trained with the KEA device versus those performing standard care (towel under knee). Secondary objectives include comparing patient-reported outcomes (knee function, pain, and fear of movement) between the two groups at the end of the intervention. We anticipate that the findings will provide evidence on whether an inexpensive, feedback-enhanced device can improve early ACL rehabilitation outcomes, which could have implications for standard postoperative care. METHODS/DESIGN Study Design and Setting This study is a single-centre, two-arm randomized controlled trial (RCT) employing parallel groups, conducted at a tertiary-care orthopedic hospital. Participants will be enrolled during their inpatient stay following ACL reconstruction. The study design aligns with SPIRIT guidelines for clinical trial protocols, and reporting will adhere to CONSORT standards. Ethical approval has been bending for review process at the Scientific Research Ethics Committee at Jouf University. All participants will provide informed consent prior to enrollment. Figure 6 illustrates the participant flow from recruitment and eligibility screening through randomization, intervention allocation (KEA device versus rolled towel), and subsequent outcome assessments performed at Day 5 postoperatively. Participants Inclusion criteria involes Adults aged 18-45 years undergoing primary unilateral ACL reconstruction surgery are eligible for the trial. Participants must be within this age range to capture young to middle-aged adults (who are most commonly affected by ACL injuries) and to ensure a relatively homogeneous activity level. They must be undergoing a primary (first-time) ACL reconstruction on one knee (either autograft or allograft, any surgical technique) and be willing and able to participate in postoperative rehabilitation. All participants are required to provide informed consent and comply with the study procedures for the 5-day inpatient intervention and assessments. Exclusion criteria covers patients will be excluded if they have any condition that could confound the rehabilitation or outcomes. This includes those undergoing bilateral knee surgery (simultaneous both knees, which would make the rehabilitation protocol and EMG measures incomparable), any significant neuromuscular disorder or cognitive impairment that would interfere with performing the exercises or following instructions, or any history of major lower limb surgery in the past year (aside from the current ACL surgery) that could affect muscle function (e.g. recent fractures or surgeries on the involved leg). Patients with concomitant ligament injuries requiring additional extensive repair (other than minor meniscal trim or minor collateral ligament repair) may also be excluded to maintain a relatively uniform rehabilitation course. Table 1 summarizes the inclusion and exclusion criteria. Sample size would include a target sample of 40 participants (20 per group) has been set. A priori power analysis was performed based on detecting a difference in quadriceps EMG activation between groups at Day 5. We drew on prior research of early quadriceps facilitation: for example, Christanell et al. reported significantly greater vastus medialis EMG output in an EMG-biofeedback group versus controls at 6 weeks post-ACL,5 even with a total sample of 16 patients. Given that finding, we conservatively anticipate a moderate to large effect size for the difference in EMG amplitude at 5 days using the KEA device. Assuming a between-group difference of approximately 15-20% in normalized EMG amplitude (device vs control) with a standard deviation of \~15% (based on variability observed in similar EMG studies),3 we estimate that 16 participants per group would provide 80% power at α=0.05 (two-tailed) to detect a statistically significant difference. Our chosen sample of 20 per group (\~40 total) accounts for potential drop-outs or exclusions. The hospital where the trial is conducted performs a high volume of ACL reconstructions, facilitating recruitment of 40 patients within the planned enrollment period (approximately 6-8 months). Participants will be withdrawn from the study if they cannot complete the intervention due to medical complications or if they request to withdraw; replacements will be recruited until the target sample size is reached. Randomization: After confirming eligibility and obtaining consent, participants will be randomly assigned to either the KEA Device group or the Towel group in a 1:1 ratio. Randomization will be performed using a computer-generated random sequence with random block sizes (to ensure concealment and balance). Allocation will be concealed in opaque sealed envelopes prepared by an independent researcher not involved in patient recruitment or treatment. On the morning of postoperative Day 1 (the day after surgery), the treating physiotherapist will open the envelope to reveal the group assignment. Due to the nature of the intervention, blinding of participants and treating therapists is not possible, patients will know whether they are using the device or a towel, and therapists must instruct accordingly. However, to minimize bias, the outcome assessor (the physiologist conducting the Day 5 EMG tests and administering questionnaires) will be blinded to group allocation. Participants will be instructed not to reveal which training method they used, and the device or towel will not be present during outcome assessments. Intervention Protocol Both groups will receive a structured quadriceps exercise protocol starting on Postoperative Day 1 (within \~24 hours after surgery) and continuing through Day 5. This corresponds to the typical inpatient period for post-ACL recovery at our institution (patients are kept for intensive physiotherapy and monitoring during the first 5 days). The intervention consists of two supervised exercise sessions per day (morning and afternoon), for a total of 10 sessions over 5 days. Each session focuses on isometric quadriceps contractions (quadriceps setting exercises), performed as 3 sets of 10 repetitions. For each repetition, the patient is instructed to ""tighten your thigh muscle and push the back of your knee down"" as hard as possible, hold the contraction for 5 seconds, then relax for 5 seconds before the next repetition. After 10 repetitions, a longer rest of 1 minute is given before starting the next set. This dosage (3×10 reps, 5 s hold) is consistent with common early-phase ACL rehab protocols 6 and is intended to provide sufficient activation stimulus without fatiguing the freshly operated limb excessively. A physiotherapist will supervise all sessions to ensure proper technique and safety. In this study, the intervention protocol varies primarily in the exercise setup and feedback mechanisms between groups. KEA Device Group participants perform quadriceps setting exercises in a long-sitting position using the patented Knee Extensors Activation (KEA) device. The operated knee rests in approximately 20° flexion over an inflatable cushion secured to a stable 8-shaped base. The cushion is inflated to a comfortable level using a hand pump (Figure 4), allowing pressure adjustment to match the patient's rehabilitation stage. During contraction, the patient presses the knee into the cushion, generating internal pressure that moves a dial indicator on the device's panel-mounted gauge. The gauge has two sensor thresholds-midpoint and end-range-used to assess contraction quality. A digital counter records a repetition only when the pressure reaches the upper sensor and subsequently returns below the midpoint, ensuring a complete contraction-relaxation cycle. This feedback mechanism standardises repetition quality and encourages maximal quadriceps activation (Figures 1-3). During each session, the physiotherapist provides verbal cues, verifies 5-second contraction holds, and monitors progress via the counter. Minimal manual support may be given, but no adjunct devices are used. Between sets, the patient rests and adjusts for comfort. The device is removed post-session. Figure 5 illustrates a typical clinical application of the KEA device. By contrast, the Towel Group (Control) follows the same exercise protocol, three sets of 10 repetitions with 5-second holds, but uses a rolled towel (10-15 cm diameter) under the knee. The patient is instructed to press the knee down onto the towel while the therapist provides verbal feedback and manually counts repetitions. Unlike the KEA group, there is no objective feedback or automated counting. Repetitions are recorded based on visible effort, even if suboptimal, reflecting standard clinical practice. All other elements-frequency, therapist supervision, positioning, and adjunct treatments (e.g. cryotherapy, mobilisation)-are consistent between groups to isolate the effect of feedback and measurement modality. A summary of the intervention protocol for both groups is presented in Table 2. This table outlines the exercise dosage (frequency, sets, reps), duration, and the distinguishing features (use of KEA device vs towel) Outcome Measures All outcome assessments will be conducted on Day 5 postoperatively, immediately following the final intervention session. This time point was selected to capture the acute effects of the 5-day quadriceps training programme. An experienced assessor, blinded to group allocation, will perform all measurements in a clinical rehabilitation setting. Participants will be familiarised with the procedures to ensure consistent and maximal effort. The primary outcome is quadriceps activation, quantified by surface electromyography (EMG) amplitude of the rectus femoris, vastus medialis and vastus lateralis. EMG amplitude, a validated proxy for muscle activation, reflects motor unit recruitment during contraction. Testing will be conducted in long sitting with the knee supported by a rolled towel (identical for both groups to avoid bias). Participants will perform three 5-second maximal isometric contractions, with 30 seconds rest between trials. Standard Ag/AgCl electrodes will be placed per SENIAM guidelines, and signals will be sampled at 1000 Hz with a 20-450 Hz band-pass filter. Root-mean-square (RMS) EMG will be computed over a steady 3-second segment, and the highest amplitude from the three trials will be recorded. Data will be normalised to the contralateral leg's Day 5 activation, assuming symmetrical capability; if unreliable, raw values will be analysed with body mass index as a covariate. A composite activation score may be derived from the mean of the three muscles. This measure enables between-group comparison in voluntary muscle activation. Additional qualitative markers such as knee extension capacity and muscle tremor during contraction will be noted. As quadriceps activation failure is known to impair functional recovery, even early improvements in EMG may hold clinical relevance. Secondary outcomes include knee-specific function, pain and psychological readiness, all assessed on Day 5. The Knee Injury and Osteoarthritis Outcome Score (KOOS) evaluates pain, symptoms, ADL, sport and quality of life (0-100 per subscale), widely used in ACL populations. We expect limited change by Day 5 but will explore pain and symptom subscales for potential group differences. The Tampa Scale of Kinesiophobia (TSK) assesses fear of movement, a known barrier in ACL rehabilitation. The TSK may reflect whether real-time feedback from the KEA device influences early confidence. Since early kinesiophobia can hinder recovery, this measure will help evaluate psychological impact. IKDC Subjective Knee Form, a global measure of knee function (0-100), complements KOOS by capturing symptoms and performance.While some sport-related items may be less applicable at this early stage, IKDC still offers insight into initial recovery. Pain will be measured using a 10 cm Visual Analogue Scale (VAS), capturing both average rest pain and peak pain during exercises. As pain can limit muscle recruitment, group comparisons will determine whether the KEA protocol affects perceived discomfort. All questionnaires (KOOS, TSK, IKDC and VAS) will be completed on Day 5 before EMG testing to avoid influence from muscular effort. Responses will be collected electronically or on paper. In cases where data cannot be obtained (e.g. due to language or cognitive limitations), these will be recorded as missing, although such participants are generally excluded. Table 3 provides an overview of all outcomes and their respective instruments. Data Collection and Management Demographic data (age, sex, BMI, activity level, etc.) and surgical details (graft type, any concomitant injuries) will be recorded at baseline from medical records. During the 5-day intervention, therapy logs will document session attendance, any missed reps or issues, and any adverse events (e.g. intense pain, device problems). The digital counter readings from the KEA device group will be noted to verify compliance (each session should have 30 counts if fully completed). In the towel group, therapists will similarly log that 3 sets of 10 were attempted. Any deviations (e.g. patient could only do 2 sets due to fatigue) will be documented. Outcome data on Day 5 will be recorded on case report forms and then entered into a secure database by a data manager blinded to allocation. EMG data will be stored electronically; the EMG signals will be analyzed offline by a blinded analyst who labels the files by code (so as not to know group). We will average the EMG results from the three quadriceps muscles or analyze them separately depending on distribution; primarily, we expect all three to change in the same direction. The database will be checked for errors and locked after entry. We plan to de-identify and share the dataset underlying the results upon publication, in line with open science practices. Statistical Analysis All analyses will follow the intention-to-treat principle, including all participants in the groups to which they were randomized, regardless of adherence (as long as outcome data are available). Descriptive statistics will summarize baseline characteristics by group to check for any chance imbalances (though randomization should prevent systematic differences). The primary outcome (quadriceps EMG amplitude, e.g. % of reference) will be compared between the KEA and Towel groups using an independent-samples t-test if the data are approximately normally distributed. If the distribution is skewed or variances unequal, we will use a non-parametric Mann-Whitney U test. A repeated-measures or ANCOVA analysis will also be performed if a baseline measure of activation becomes available (for instance, if we consider the contralateral leg as baseline activation, we could use a paired comparison; however, our primary analysis is the between-group comparison at Day 5). Additionally, the three muscles' EMG values may be analyzed using a multivariate approach (MANOVA) to see if there is a consistent group effect across all heads of the quadriceps. For secondary outcomes (KOOS subscales, IKDC, TSK, VAS), group comparisons will similarly be made with t-tests or non-parametric equivalents. Given the exploratory nature of secondary outcomes at this early time point, adjustment for multiple comparisons for these outcomes will not be applied, but the findings will be interpreted cautiously. Categorical variables (if any) will be compared with Chi-square or Fisher's exact test. Effect sizes (Cohen's d or rank-biserial for non-parametric) will be calculated to quantify the magnitude of differences. A subgroup or exploratory analysis may be conducted to see if outcomes differ by gender or by graft type, though the sample is likely too small to draw firm conclusions on subgroups. No interim analyses are planned due to the short intervention and follow-up duration. Missing data: Minimal missing data is anticipated since the outcome assessment is at day 5 in a controlled setting. If a participant misses the day 5 assessment (e.g. due to early discharge or complication), we will attempt to have them return within 1-2 days for testing. If data remain missing, we will not impute primary outcomes (given short-term, we will likely treat it as missing and only analyze available cases). However, sensitivity analyses using last observation carried forward (not really applicable as no prior measure) or assuming worst-case for missing may be done to ensure results are robust. Safety and Monitoring The intervention (isometric muscle contractions) is low-risk. All patients are routinely prescribed similar exercises after ACL surgery, so no additional risk from participation is expected beyond standard care. Use of the KEA device does not involve electricity or invasive components, and it has been tested for safety (the cushion pressure used is well below any level that could cause harm; the device is sturdy and stable under the knee). Participants will be monitored for any adverse events such as excessive pain, popping sensations, or swelling increases during exercises. If any participant experiences concerning pain or adverse signs, they will pause exercises and if needed withdraw from the intervention (but still be followed for outcome if possible). A Data Safety Monitoring Officer (an independent senior physiotherapist) will periodically review the log of any adverse events. Given the short timeframe, formal interim analysis for efficacy is not applicable, but safety monitoring is continuous. All investigators and therapists will maintain protocol adherence, and any protocol modifications will be communicated to the ethics committee and updated in the trial registry. Discussion Quadriceps weakness and impaired activation continue to present a major challenge during the early stages of ACL rehabilitation.The KEA device introduces a novel solution by delivering real-time feedback and objective monitoring during a foundational exercise, quadriceps setting. To our knowledge, this is the first study to rigorously compare a device-assisted training method with the conventional approach in the immediate postoperative phase. Its randomised controlled design strengthens internal validity by isolating the effect of the feedback mechanism. Both groups follow an identical exercise protocol, enabling direct comparison of EMG amplitude, the primary outcome and mechanistic marker of neuromuscular activation. Measuring EMG on Day 5 allows us to capture early training effects; even modest improvements at this stage could be significant, as conventional rehabilitation often fails to elicit full quadriceps activation weeks after surgery. If the KEA device enhances EMG activation by Day 5, it may indicate early neuromuscular benefit, possibly translating to better strength recovery and earlier functional milestones. However, a lack of between-group difference would suggest either sufficient efficacy of standard care or that a longer intervention duration is required. The short follow-up period is a limitation, and while the study is not designed to assess long-term outcomes, promising findings would warrant future trials with extended observation to explore whether early gains influence 1-3 month recovery trajectories. Although patients are permited to continue exercises after discharge, the unsupervised nature of post-study activity limits conclusions beyond the controlled 5-day period. A further consideration is blinding and expectancy bias. The KEA group may benefit from motivational effects linked to the novelty and feedback of the device. While therapist contact are matched across groups, the study is not sham-controlled. Nevertheless, the EMG outcome-being objective and assessor-blinded, mitigates expectancy bias. We acknowledge the KEA group may be partially ""trained to the test"" due to exposure to biofeedback, but increased EMG implies true physiological activation, not just improved performance. Another factor influencing generalisability is the protocol's reliance on a 5-day inpatient setting, which may not be feasible in all healthcare systems. However, the KEA device is portable and user-friendly, allowing for potential adaptation to outpatient or home settings with appropriate instruction. The feasibility of such remote protocols merits future exploration. The inclusion of early patient-reported outcomes such as KOOS, IKDC, TSK and VAS adds valuable insight. For instance, reduced TSK scores in the KEA group may suggest enhanced confidence from observing feedback, potentially mitigating early kinesiophobia. Since fear of re-injury can hinder long-term adherence, this early psychological signal is clinically relevant. Pain responses will be monitored carefully, although both groups perform low-load exercises. Pressure discomfort with the device can be mitigated by adjusting inflation, and pilot testing indicated good tolerance. Although NMES or cryotherapy are not incorporated, commonly used to reduce AMI, this was intentional to isolate the KEA device's mechanical feedback effect. If proven effective, the device may serve as a low-cost, scalable adjunct or alternative to NMES, especially in low-resource settings. Unlike NMES, the KEA requires active effort, potentially enhancing volitional control and neuromuscular retraining. In summary, this study targets a critical gap in ACL rehabilitation by evaluating whether a simple feedback-based device can facilitate early quadriceps activation. Demonstrating measurable EMG gains within days could support broader adoption of the KEA device and similar technologies, particularly where traditional methods fall short. Conversely, null results would inform current practice and refine future interventions. Findings will be disseminated through peer-reviewed publication and academic conferences, and shared with clinical teams to guide practice. Informal participant feedback will inform device refinement. If validated, the KEA device could be extended beyond ACL recovery, benefiting early rehabilitation in other knee pathologies such as patellar fractures or joint replacements. Additionally, by standardising effort and enabling objective tracking, it holds promise for improving both clinical outcomes and rehabilitation research design. Ultimately, this study will assess whether integrating a real-time feedback tool into early ACL rehab can enhance recovery beyond traditional methods.",2025,English,Clinicaltrials.gov,embase,,https://doi.org/,,,,kneeextensorsactivationdeviceversusrolledtowelforearlyquadri+2025
934,935,300,,PLT,,,Brain-Computer Interface Visualization Training to Optimize Muscle Activation Following Orthopaedic Surgery: A Blinded Randomized Controlled Trial,braincomputerinterfacevisualizationtrainingtooptimizemusclea,"Brief SummaryAfter orthopedic surgeries like knee or hip replacement, some patients struggle to fully activate their muscles due to a condition called Arthrogenic Muscle Inhibition (AMI). AMI can slow recovery and make physical therapy less effective. This clinical trial is testing whether a special type of brain training-called neurofeedback visualization training-can help improve muscle activation and speed up recovery. In this study, patients will receive standard physical therapy after surgery. Half of them will also use a device that helps them ""visualize"" exercises while wearing a cap that reads brain signals (EEG). The cap tracks brain activity when patients imagine doing specific movements. A computer then shows a virtual avatar performing the movements, giving feedback in real time-like a video game controlled by the brain. The study includes patients recovering from one of four surgeries: 1. Anterior cruciate ligament reconstruction (ACLR) 2. Total knee arthroplasty (TKA) 3. Total hip arthroplasty (THA) 4. Hip arthroscopy (HA) for femoroacetabular impingement (FAI) The goal is to see if this training improves muscle strength, movement, and daily function more than standard therapy alone. The study will take place at Rush University Medical Center in Chicago and enroll 240 adults, with 60 patients per type of surgery. Each participant will be followed for up to 6 months after surgery and complete strength tests, movement assessments, and questionnaires about their recovery. The hope is that combining brain training with physical therapy will lead to faster, more complete recoveries and improve how patients move after surgery.Detailed Description1. Introduction Background Patients recovering from orthopedic surgical procedures require a comprehensive physical rehabilitation process to help recover pre-operative functional mobility and strength. A limiting factor in physical rehabilitation is a patient's inability to activate the involved muscle groups postoperatively, a phenomenon termed Arthrogenic Muscle Inhibition (AMI) \[1, 2\]. AMI is a complex neurological process where the injury or surgery disrupts sensory and motor neurological pathways, resulting in decreased muscle activation and strength. AMI can be a major obstacle to a patient's return to normal mobility and muscular function \[2\]. For example, patients who have undergone anterior cruciate ligament reconstruction (ACLR), may experience ineffective quadriceps activation and persistent hamstring contracture, leading to loss of passive and active range of motion (ROM). Even with standard physical therapy rehabilitation, patients with AMI have ineffective recovery due to decreased muscular activation and movement dysfunction \[3\]. Visualization training with neurofeedback therapy (NFVT) is a non-invasive method that could be used with standard post-operative physical rehabilitation to decrease AMI and help patients recover pre-operative functional mobility and strength. The motor regions of the brain (motor cortex) play a crucial role in planning, controlling, and executing voluntary movements. The motor cortex is not only active during actual movement; mentally rehearsing motor acts without physically moving also activates the motor cortex \[4\]. For example, one could imagine themselves performing squats without squatting (visualization), this process activates the brain regions related to squatting. Such visualization training can enhance the brain's ability to plan, control and execute movement without physical load on the body \[5\]. Theoretically, this training could help restore disrupted neurological pathways, leading to reduced AMI and improved patient recovery after surgery \[6\]. When a brain region has heightened activity, passive sensors on the scalp can detect the increased electrical activity, this technique is known as electroencephalography (EEG). A computer can process the EEG signal and provide users with real time feedback on their concentration level and whether they are activating their motor cortex through mental visualization of movements (neurofeedback). This feedback process enhances the visualization training \[6\]. This study aims to investigate the effect of visualization with neurofeedback on postoperative recovery in patients undergoing physical rehabilitation from 4 orthopedic surgical procedures: anterior cruciate ligament reconstruction (ACLR), total knee arthroplasty (TKA), total hip arthroplasty (THA), and hip arthroscopy (HA) for femoroacetabular impingement syndrome (FAIS). More specifically, neurofeedback training will be implemented using a novel technology developed by i-BrainTech™. The findings of this study have the potential to revolutionize physical rehabilitation protocols for patients, offering a novel approach that integrates visualization therapy with neurofeedback to enhance standard physical rehabilitation. This could lead to faster, more complete recoveries, and potentially mitigate the long-term impacts of AMI. The successful application of this technology would also help deepen current understanding of neuroplasticity, specifically the malleability of the neuromuscular pathways and how this can improve motor control. Purpose The purpose of this study is to investigate the effect of NFVT on postoperative recovery in patients rehabilitating from orthopedic surgeries. Hypothesis It was hypothesized that through targeted NFVT using i-BrainTech™, post-surgical participants will experience improved muscle activation, which in turn will contribute to better rehabilitation outcomes, strength, such as range of motion, and functional mobility. We also hypothesize that these improvements seen throughout the recovery period will have a positive impact on short-term patient-reported outcome surveys (PROs). 2. Methods Settings \& Locations Conducted at Rush University Medical Center, specifically within: * The main campus of Midwest Orthopaedics at Rush (MOR) Sofija and Jorge O. Galante Orthopedic Building, 1611 W Harrison St, Chicago, IL 60612 * Motion Laboratory in the MOR Orthopedic Building * Physical therapy facility (Chicago location) 3. Interventions Control group: Standard post-surgical rehabilitation therapy Intervention Group: Standard post-surgical rehabilitation therapy + i-BrainTech neurofeedback training * Procedure: Patients use EEG-based neurofeedback twice a week until 8 weeks post-operatively. * Neurofeedback setup: EEG cap monitors motor cortex activation, guiding visualization exercises * Training sessions: Patients visualize movements, and EEG feedback helps optimize motor activation Physical Therapy Patients will follow a standard physical therapy protocol. The protocol will be assigned by their respective surgeon who conducted the procedure and will be specific to the procedure that the patient underwent. The standardized physical therapy protocols will be attached in supplemental materials. Treatment Group Intervention: The main study intervention for the treatment group involves NFVT using the i-BrainTech™ Platform. This is a technology that uses electroencephalography (EEG) to read the electrical activities in the brain \[7\]. Active neurons in the brain causes change in electrical activities on the scalp, detectable by electrodes placed on the scalp. The sensing electrodes are completely passive, incapable of sending electrical current to the wearer. An EEG cap will be used with sensing electrodes aligned to the frontal cortex and the motor cortex. The detected electrical activity from these locations of the scalp will transmitted to the computer, which allows for assessment of focus and motor cortex activity \[8\]. There are multiple cap sizes to ensure a comfortable fit. By concentrating and imagining themselves performing the rehabilitation movements (visualization), patients activate their own motor and pre-frontal cortices. The EEG sensors detect the increased brain electrical activity, and the i-BrainTech™ software translates the EEG signal into a virtual avatar figure performing such movements on a computer monitor, providing feedback to the patients on their visualization efforts (neurofeedback). Patients will effectively play a video game using their own brain signals. By turning this feedback process into a video game, the i-BrainTech™ platform provides an incentive for the user to intensely focus and visualize the rehabilitation exercises, and in the process activate and strengthen the neural pathways responsible for these rehabilitation movements. The repeated activation of neural pathways theoretically improves their muscle control and reduces AMI \[6\]. Instruction to Participants (how to play the ""game"") The i-BrainTech™ training station has a laptop and EEG caps. Participants will be seated in front of the laptop and put on the appropriately sized EEG cap. A conductive gel is injected into 2 insertion points on the cap. The column of gel touches the participant's skin on one side and the sensor on the other. The gel is water-soluble and dries up in chunks and is not sticky. The conductive gel is routinely used in the clinic and pre-operative area for ultrasound. The wet gel can be wiped off with a paper towel and the dried gel can be pulled off the participant's scalp as it does not stick to hair. The remaining fragments will be washed away when the patient showers. The session will be started and the i-BrainTech™ software will provide on screen prompts and feedback to the user. First is a 2-minute calibration period. During this time, the user is prompted to relax their mind so baseline brain activity may be detected. The brain activity above the baseline is used to control the cartoon avatar performing rehabilitation exercises. After calibration, a 20-minute NFVT session begins. Participants are prompted to imagine themselves performing various rehabilitation exercises (visualization). The selections of exercises are the rehabilitation exercises they will eventually perform at a physical therapy session, specific to their surgical procedures (Table 1). The software provides real time feedback on how concentrated the user is with the task, and how well the user is at visualizing the specific therapy exercises. The video game incentivizes participants to concentrate on the visualization therapy to maximize their score. When the participant finishes the i-BrainTech™ training session, they will remove the EEG cap and move on to their standard-of-care physical therapy session. 4. Clinic Flow and Timing of Assessments Participants in the intervention group will perform virtual rehabilitation exercises for 20 minutes 2 times per week for the first 8 weeks postoperatively. Approximately 45 minutes total is required for setup, calibration, virtual rehabilitation, and clean up. After the virtual rehab session, patients in the intervention group will move on to their standard-of-care PT session based on the surgeon's protocol specific to their operation. Patients in the control group go directly to their standard PT session. The intervention group will spend an additional 45 minutes in clinic to perform the i-BrainTech™ training session for a total study visit time of no more than 1-1.5 hours. The control group will spend 45 minutes to 1 hour of total study visit time. Participants will continue receiving their standard clinical care with their attending healthcare team throughout the study. In addition, they will attend scheduled study visits at the Motion Laboratory in the Orthopedic Building at Rush University Medical Center for motion analysis and physical testing at 2 months, 4 months, and 6 months post-surgery. At each visit, anthropometric data (age, height, and weight) will be collected first. Participants will then change into standardized clothing provided by the research team. Surface Electromyography (sEMG) sEMG data will be collected from five muscles: rectus femoris, vastus medialis oblique, vastus lateralis, semitendinosus, and biceps femoris, using a research-grade sEMG system. Electrode placement will follow the SENIAM (Surface EMG for a Non-Invasive Assessment of Muscles) protocol. Per SENIAM (www.seniam.org) guidelines, the skin will be shaved, lightly abraded with abrasion wipes, and cleaned with alcohol wipes before electrode application. Electrodes will be placed at least 2 cm apart to minimize crosstalk, and voluntary contractions will be performed to confirm correct placement. Each muscle will be assessed individually before data collection. Once all sensors are verified, simultaneous sEMG and 3D kinematic data collection will be performed using Qualisys Track Manager software or similar. Motion Capture To evaluate patient-specific movement mechanics, a markerless multi-camera motion analysis system will be used to track kinematics, while instrumented force plates will measure ground reaction forces. The markerless system allows for accurate motion tracking while significantly reducing setup time-by up to 80% since no physical markers need to be placed on the skin Participants will be evaluated while completing the following functional tasks. At 2 months postoperatively, all patients-regardless of the surgical procedure-will undergo motion analysis and strength testing. The motion analysis will include walking, bilateral squats, and a procedure-specific lunge (forward lunge for ACLR and TKA; lateral lunge for THA and hip arthroscopy). Strength assessments will focus on knee extension for ACLR and TKA, and hip extension and abduction for THA and hip arthroscopy. At 4 months postoperatively, all groups will repeat the same motion analysis tasks as at 2 months, with the addition of a single-leg vertical jump. Strength testing will now include two joint actions: knee extension and flexion for ACLR and TKA, and hip extension and abduction for THA and hip arthroscopy. At 9 months postoperatively, assessments will mirror those conducted at the 4-month follow-up for all surgical groups, including the same motion tasks and strength tests. This schedule allows for tracking recovery progression over time using both movement quality and strength performance. Strength testing Strength testing will be conducted after sEMG placement and motion analysis. Participants will keep the sEMG sensors on while performing maximum voluntary contractions (MVC) for knee flexion and extension. Isometric and isokinetic strength will be assessed using either a Biodex dynamometer or a handheld dynamometer, depending on equipment availability and participant-specific considerations. Strength data will also be used to normalize sEMG signals, with mean amplitudes of each phase expressed as a percentage of MVC. A 30% MVC normalization will be applied to allow for valid comparisons across groups. Total Testing Time The full testing session-including subject setup, EMG placement, motion analysis, and strength testing-will take approximately 30 to 45 minutes. Participants will be offered opportunities for water and seated rest breaks as needed throughout the session to ensure comfort and minimize fatigue. 5. Outcomes Primary outcomes ACLR and TKA * Outcome Measure Title o Knee extension strength * Outcome Measure Description * Maximal isokinetic knee extensor strength (Newtons/BMI). Maximal isokinetic knee extensor strength will be assessed using standardized dynamometry procedures with Biodex Isokinetic Dynamometer (Biodex System 3) at 2, 4 and 6 months after surgery. Each participant will perform three to five maximal voluntary isometric contractions of the knee extensors. The average of the peak torque values will be used for analysis. To account for individual differences in body size, values will be normalized to the participant's body mass index (Newtons/BMI). The first assessment will occur at 2 months to ensure patient safety and measurement consistency, as early postoperative conditions (e.g., pain, swelling) could compromise the reliability and validity of strength testing. * Outcome Measure Time Frame o 2, 4 and 6 months * Statistical Analysis * Linear mixed-effects models : * Linear mixed-effects models will be used to analyze changes in knee extensor strength between the intervention and control group across the 2-, 4-, and 6-month follow-up assessments. This approach accounts for repeated measures within participants and allows for the evaluation of group differences over time. Group (intervention vs. control), time (2, 4 and 6 months), and their interaction will be entered as fixed effects, with subject-level random intercepts. Significant main effects or interactions will be further examined using pairwise comparisons of estimated marginal means, with Tukey's adjustment for multiple comparisons to determine pairwise differences. All results will be reported with estimated means, p-values, and 95% confidence intervals. . Hip arthroscopy and THA * Outcome Measure Title o Hip Abduction Strength * Outcome Measure Description o Maximal isokinetic hip abductor strength (Newtons/BMI). Maximal isokinetic hip abductor strength will be assessed using standardized dynamometry procedures with Biodex Isokinetic Dynamometer (Biodex System 3) at 2, 4 and 6 months after surgery. Each participant will perform three to five maximal voluntary isometric contractions of the hip abductors. The average of the peak torque values will be used for analysis. To account for individual differences in body size, values will be normalized to the participant's body mass index (Newtons/BMI). The first assessment will occur at 2 months to ensure patient safety and measurement consistency, as early postoperative conditions (e.g., pain, swelling) could compromise the reliability and validity of strength testing.. * Outcome Measure Time Frame o 2, 4 and 6 months * Statistical Analysis * Linear mixed-effects models : * Linear mixed-effects models will be used to analyze changes in hip abductor strength between the intervention and control group across the 2-, 4-, and 6-month follow-up assessments. This approach accounts for repeated measures within participants and allows for the evaluation of group differences over time. Group (intervention vs. control), time (2, 4 and 6 months), and their interaction will be entered as fixed effects, with subject-level random intercepts. Significant main effects or interactions will be further examined using pairwise comparisons of estimated marginal means, with Tukey's adjustment for multiple comparisons to determine pairwise differences. All results will be reported with estimated means, p-values, and 95% confidence intervals. Secondary outcomes are outlined in the supplementary material attached to this protocol and include EMG activation during functional tasks and strength tests; flexibility tests, PROs, and AMI classification 6. Statistical Methods Statistical methods are summarized in the supplementary material. For the primary outcome, linear mixed-effects models will be used to assess changes in knee and hip strength following ACLR, TKA, THA, and HA procedures. Strength outcomes will be compared between the intervention and control groups at 2, 4, and 6 months postoperatively. This modeling approach accounts for repeated measures within participants and allows for the evaluation of group differences over time. Group (intervention vs. control), time (2, 4 and 6 months), and their interaction will be entered as fixed effects, with subject-level random intercepts. Significant main effects or interactions will be further examined using pairwise comparisons of estimated marginal means, with Tukey's adjustment for multiple comparisons to determine pairwise differences. All results will be reported with estimated means, p-values, and 95% confidence intervals Secondary outcomes will follow a similar analytic approach using linear mixed-effects models, accounting for repeated measures and assessing group-by-time interactions, with appropriate post hoc testing as needed. To assess the time-series data of kinematics and kinetics across different conditions and time points, Statistical Parametric Mapping (SPM) will be utilized. SPM is a robust analytical approach that allows for the statistical evaluation of entire waveforms, reducing the limitations of discrete-point analysis in biomechanical research. SPM maintains the temporal structure of the data and enables the identification of significant differences across the entire movement cycle, offering a more comprehensive understanding of biomechanical adaptations post-surgery. SPM will be applied to joint angle waveforms, ground reaction forces, and external moment profiles to compare surgical groups, timepoints, and control conditions. This approach will help detect subtle but functionally relevant alterations in movement patterns that may not be captured using traditional peak or mean value analyses. Kinematic and kinetic data will be collected bilaterally to examine compensatory strategies in the contralateral limb. EMG and strength only in the affect side. The integration of markerless motion capture, inverse dynamics, and SPM analysis will provide a detailed and objective assessment of post-surgical movement patterns. Differences in the distribution of knee AMI classification (grades 0-3) between groups will be assessed using Fisher's exact test. Statistical significance for all analyses will be set at an a priori α of 0.05. All data analyses will be completed using R version 4.2.3 (R Core Team). Loss to Follow Up Data analysis will be conducted according to the intention-to-treat (ITT) principle. Patients who are lost to follow-up for any reason will be included in the primary analysis using the last observation carried forward (LOCF) method. 7. Power Analysis Strength Separate power analyses were conducted for the knee surgery cohort (ACL and TKA) and the hip surgery cohort (HA and THA). Knee Surgery (ACL and TKA) The power analysis for the knee surgery group was based on data from a previous randomized controlled trial, which evaluated the effects of motor imagery on quadriceps strength following total knee arthroplasty (TKA). The original study included 12 patients with unilateral TKA, assessed six months postoperatively (10 females, 2 males). The primary outcome was quadriceps maximum voluntary isometric contraction (MVIC), measured using a hand-held dynamometer. This method is highly correlated with the Biodex system currently used in the present trial (R = 0.91). Statistical analysis was performed in R version 4.3.2 using the pwr package. The mean quadriceps MVIC reported was 20.58 N/BMI (SD = 1.85). Assuming a two-group parallel design (intervention vs. control) with 30 participants per group (total n = 60), the study is powered at 80% to detect a between-group difference of 1.31 N/BMI at a two-tailed α = 0.05 (adjusted α = 0.025 to account for multiple comparisons). This corresponds to a minimum detectable difference (MDD) of 6.31% between groups. Hip Surgery (HA and THA) The power analysis for the hip surgery group was based on data from a retrospective study, which evaluated hip abductor strength before and three months after hip arthroscopy for femoroacetabular impingement (FAI). The study included 29 individuals (mean age 27.4 ± 7.5 years; 76% female). The primary outcome was hip abductor MVIC, also measured with a hand-held dynamometer. The reported mean abductor MVIC was 1.97 N/kg (SD = 0.42). A two-group parallel design with 30 participants per group (n = 60 total) provides 80% power to detect a between-group difference of 0.31 N/kg at a two-tailed α = 0.05 (adjusted α = 0.025). This represents an MDD of 15.6%. To contextualize the clinical relevance of the estimated minimal detectable differences (MDDs), previously published values for minimal clinically important differences (MCIDs) were reviewed. For quadriceps MVIC, a previous study reported an MCID of 26.9% in older adults with COPD, with improvements associated with enhanced performance in the six-minute walk test. In patients undergoing ACL reconstruction, a limb strength asymmetry of 10% is considered a clinically relevant threshold and a predictor of reinjury. For hip abductor strength, although there is no universally accepted MCID after hip surgery, many studies consider a relative difference of 10-15% to be clinically meaningful. These values serve as important clinical benchmarks and support the interpretation that the proposed sample size (n = 60 per pathology group) is adequate to detect both statistically and clinically relevant between-group differences in strength outcomes. Kinematics A separate power analysis was conducted for the secondary kinematic outcomes to estimate the minimum detectable differences achievable with the current sample size and 80% statistical power. This analysis helps ensure that the study is adequately powered to detect changes that are not only statistically significant but also clinically meaningful. The power analysis was based on data from a previous investigation conducted in the same laboratory where the current study will take place, using identical equipment, camera setup, and software configuration parameters. Individuals assessed in study were 5 healthy males (mean age 26) and 5 females (mean age 28) (n=10). The primary variables of interest for the power analysis were the knee peak flexion angle (for the ACL and TKA study arms) and the hip peak extension angle (for the hip arthroscopy and THA study arms) during the gait cycle, measured using a markerless motion capture system (Theia 3D, Theia Markerless Inc., Kingston, ON). The statistical analysis was conducted using R version 4.3.2 (R Core Team, 2023) and the pwr package (Champely, 2020). For the knee flexion angle, a previous investigation reported a mean of 19° with a standard deviation (SD) of 7.68°. Using these values, a two-group parallel design with 30 participants per group (total n = 60) was powered at 80% to detect a between-group difference of at least 5.65° at a two-sided α = 0.05 (adjusted α = 0.025 for sidedness). Similarly, for hip extension angle (mean = 9.25°, SD = 5.11°), the same sample size and power would yield a minimum detectable difference of 3.76°. To contextualize the clinical relevance of the estimated minimal detectable differences (MDDs), previously published values for minimal clinically important differences (MCIDs) were reviewed. For knee flexion angle, a previous study reported an MCID of 6.81 degrees based on gait analysis of the unaffected limb in stroke patients. In a different clinical context, another study identified an MCID of 5 degrees for passive range of motion following total knee arthroplasty, with improvements in flexion associated with better knee function and higher patient satisfaction. Regarding hip extension angle, it was established an MCID of 2.86 degrees in stroke patients using motion analysis of the unaffected limb. These values serve as clinical benchmarks to interpret the statistical power and meaningfulness of the differences targeted in this study. 8. Randomization Sequence Generation Randomized list generation before trial commencement utilizing the National Institute of Health (NIH) Clinical Trial Randomization Tool. A 1:1 allocation (intervention vs. Control) per procedure will be implemented. The randomization sequence will be generated before trial commencement by an independent data manager using the Clinical Trial Randomization Tool developed by the National Cancer Institute (NCI). The tool will use the Asymptotic Maximal procedure, a restricted randomization method that limits the imbalance between trial arms to a pre-specified Maximum Tolerated Imbalance (MTI) of 3. The randomization list will be created for a total of 70 participants, with no stratification applied. Type of Randomization A simple two-arm parallel group design will be used with a 1:1 allocation ratio for each procedure (ACLR, THA, TKA, and HA), with a separate randomization list of 35 participants per group (total n=70) generated independently for each procedure. Each procedure will be treated as a distinct trial with its own allocation sequence. The final participants will be randomly assigned in accordance with the MTI threshold, allowing minor tolerable imbalances between arms. No stratification or blocking will be implemented. The increased sample size per group (n=35 instead of n=30) accounts for potential losses or allocation issues during the study. Additional allocation slots beyond the target sample size will be generated to account for unexpected exclusions, dropouts before randomization, or technical errors during allocation. Allocation Concealment Mechanism Allocation concealment will be ensured using the REDCap (Research Electronic Data Capture) Randomization Module, which provides a secure, centralized, and automated platform for treatment allocation. The randomization sequence will be generated and implemented within REDCap by an independent data manager who will not be involved in participant enrollment, intervention, and outcome assessment. The system will be configured to assign participants in real time only after eligibility has been confirmed and baseline data have been entered, thereby preventing any foreknowledge of the upcoming assignment. Investigators, study staff, and participants will remain unaware of the allocation sequence prior to assignment. REDCap's access controls and audit logs will safeguard against manipulation and preserve allocation concealment throughout the trial. Implementation All patients referred for ACLR, TKA, THA, or HA procedures in the physician's office will be referred to the research team to assess eligibility criteria and initiate the enrollment process, either in person or by phone. Eligible patients will be enrolled in the study during the pre-operative period and will complete baseline assessments. Following surgery, participants will be assigned to one of the intervention groups one day prior to the intervention date. Group allocation will be performed by an independent data manager using the REDCap Randomization Module and communicated only to the team responsible for delivering the NFVT. The individual responsible for generating the allocation sequence will be distinct from those involved in enrolling participants and assigning interventions. Blinding Investigators and physicians will be blinded to group allocation to minimize bias in clinical decision-making and post-operative care. Patients will not be blinded due to the nature of the neurofeedback intervention, which cannot be masked. Both study groups will receive standard rehabilitation, with the only difference being the addition of NFVT in the intervention arm. The neurofeedback sessions will take place within the physical therapy clinic, immediately prior to scheduled physical therapy appointments. The team delivering the neurofeedback intervention will be the only personnel aware of group allocation. Treating physicians, physical therapists, outcome assessors, and the statistical analysis team will remain blinded to participant allocation throughout the trial. Statistical analyses will be performed by the Rush Statistical Analysis team, an independent third-party ancillary resource, using a coded dataset to ensure blinding is maintained during data analysis. Unblinding Procedures Given the non-invasive nature of the EEG-based neurofeedback intervention, adverse effects are not expected. However, in rare cases where unblinding is required-such as equipment malfunction, unexpected clinical events, or participant withdrawal-a formal request must be submitted to the principal investigator (PI) or Data and Safety Monitoring Board (DSMB). All unblinding events will be logged with justification and date. For emergencies, a dedicated study coordinator will have secure access to the REDCap randomization module and group allocation. This coordinator will be available to authorized clinical staff in urgent scenarios requiring immediate unblinding. Outcome assessors and data analysts will remain blinded throughout the study. These procedures align with CONSORT guidelines and will be included in staff training to ensure adherence. 9. Recruitment The investigators will identify eligible patients in the clinic, and the research study staff will discuss the study with eligible patients. The informed consent process may occur over a period of several discussions, culminating in the signing of a consent form in the office (iPad) or sent to their verified email address. Informed consent will be obtained via the eConsent process through the secured platform Patient IQ. The patient will be prompted to reply with the appropriate passcode to access the consent form and then provide the passcode again with their signature (secured). A copy of the time stamped document will be sent to the study team through the electronic platform and a copy will be sent to the participant. All participants will be consented prior to surgery and the performance of research related testing activities.",2025,English,Clinicaltrials.gov,embase,,https://doi.org/,,,,braincomputerinterfacevisualizationtrainingtooptimizemusclea+2025
938,939,304,,PLT,,,AOSSM Specialty Day,aossmspecialtyday,"The proceedings contain 19 papers. The topics discussed include: the ankle sprain: not so benign in the young and middle-aged athlete; comparing posteromedial and centrolateral talar dome ROC in young athletes; is articular width or articular length superior to age to optimize ROC matching in talar dome osteochondral allografts?; liposomal bupivacaine-based regional anesthesia provides excellent pain control and minimizes opioid consumption following anterior cruciate ligament reconstruction: a prospective randomized controlled trial; and the efficacy of blood flow restriction training to recover and retain quadriceps strength and function at a 6 months following an anterior cruciate ligament reconstruction. A secondary analysis of a double-blind, randomized, placebo controlled clinical trial.",2025,English,Orthopaedic journal of sports medicine,embase,,https://doi.org/,,,,aossmspecialtyday+2025
939,940,305,,PLT,,,Bracing and Reconstruction of the Anterior Cruciate Ligament for Efficacy Trial (BRACE-trial),bracingandreconstructionoftheanteriorcruciateligamentforeffi,"Brief SummarySeveral attempts have been made to reduce these failure rates and improve return to sports rates in high-risk populations, and one of these approaches has been postoperative bracing. A recent survey of the Anterior cruciate ligament (ACL) Study Group has shown that 53% of surgeons prefers functional bracing following ACL reconstruction. Currently, however, there is no clear consensus on whether functional bracing following ACL reconstruction leads to lower failure rates, improved stability or better patient-reported outcomes when compared to ACL reconstruction without bracing.Detailed DescriptionGiven the increased popularity in quadriceps tendon graft, the biomechanical advantages of postoperative functional bracing, and the graft elongation that occurs predominantly with soft tissue grafts, there might be a role for functional bracing following quadriceps ACL reconstruction. Additionally, no studies to date have assessed the role of psychological readiness of return to sport, kinesiophobia and return to sport rates with and without functional bracing following ACL reconstruction (ACLR). The purpose of this randomized controlled trial is to assess the 2-year outcomes of psychological readiness, patient-reported outcome measures (PROMs), clinical stability, return to sport and failure rates following quadriceps autograft ACL reconstruction with and without functional bracing in the postoperative phase in younger athletic patients and military patients with a higher risk of failure or not returning to sports or duty, respectively, in a randomized study: the Bracing and Reconstruction of the Anterior Cruciate Ligament for Efficacy trial (BRACE-trial).",2025,English,Clinicaltrials.gov,embase,,https://doi.org/,,,,bracingandreconstructionoftheanteriorcruciateligamentforeffi+2025
941,942,307,,PLT,,,Reducing the Burden of Post-traumatic Knee Osteoarthritis Targeting Persistent Abnormal Joint Loading and Quadriceps Muscle Dysfunctions in Young Adults with ACL Injury - a Pilot and Feasibility Study,reducingtheburdenofposttraumatickneeosteoarthritistargetingp,"Brief SummaryFROM RISK FACTORS TO THE PREVENTION OF LONG-TERM CONSEQUENCES AFTER CRUCIATE LIGAMENT INJURY (ACL injury) - This is a research project where we seek new knowledge about why some people have a high risk and others a low risk of developing long-term consequences such as persistent pain, thigh muscle dysfunctions and osteoarthritis after ACL surgery. Through more knowledge about risk factors for persistent pain, thigh muscle dysfunctions, and, in the long term, osteoarthritis, we have a greater opportunity to tailor preventive treatment measures to the individual. We know that a subgroup of those who have undergone ACL surgery does not regain the normal function of the quadriceps muscle, that it does not become as strong as it used to or not quite the same as on the other healthy side. Some may notice this very well, others may not notice as much in the short term. We know that quadriceps dysfunctions can affect the biomechanical joint loading in your knee and can be a contributing risk factor to developing long-term consequences such as persistent pain, thigh muscle function and osteoarthritis after ACL injury. We have methods to measure joint loading conditions in the knee and to identify changes in the cartilage, in the underlying bone tissue of the knee joint, and to measure various aspects of quadriceps muscle strength and dysfunctions. In this study, we want to develop new knowledge about whether there is a difference in knee joint loading conditions and quadriceps muscle function between those who have low risk and those with a higher risk of developing post-traumatic osteoarthritis and whether there is an association between joint loading conditions in the knee after ACL surgery and quadriceps muscle function and symptoms.Detailed DescriptionThe main risk factors for knee OA disease are well-known: joint injuries and obesity. For those with ACL injury, systematic reviews have reported between 4 to 6 times increased risk of developing OA after ACL injury (PTOA). The following risk factors have been identified for PTOA in a recent systematic review by our OPTIKNEE group: ACL injury with concomitant injuries (meniscus and cartilage injuries), re-injuries after ACL injury, long-lasting quadriceps dysfunction, and inflammation after joint injury. A better understanding of mechanisms to stratify the patients into different subgroups based on risk factors is critical. The mechanisms driving OA disease development are known to be 1) mechanical and 2) inflammatory. The mechanisms leading to PTOA combine mechanical, biological, structural, and neuromuscular factors. Mechanical stress with persistent abnormal joint loading is an undisputed mechanism driving OA disease development. Altering joint mechanics (underloading and overloading) after ACL injury and reconstruction (ACLR) can lead to uneven stress and changes in stress across the articular cartilage of the joint surfaces, contributing to abnormal joint function and muscular dysfunction over time. Whether such persistent abnormal knee joint loading patterns differ between individuals categorized as high risk compared to those at low risk of PTOA has not been investigated. We do not understand the main drivers of the shifts in joint loading (underloading or overloading) or biochemical changes and whether this knowledge can be translated into developing joint-loading therapeutic interventions. However, we do know that quadriceps muscle weakness is a modifiable risk factor for non-traumatic OA and PTOA. ACL injury has shown a decline in quadriceps muscle function, which mimics ageing, known as sarcopenia. Quadriceps muscle dysfunction persists for some individuals for several years after ACLR, even after the cessation of structured rehabilitation, and has been questioned if it ever returns to normal. Despite decades of high-quality rehabilitation, normalizing quadriceps function in all ACL-injured and reconstructed patients remains unsolved. This study has an overall aim of understanding more of the mechanisms for abnormal knee joint loading and quadriceps muscle dysfunctions in individuals at high- compared to low-risk PTOA (those with concomitant injuries and persistent symptoms compared to those with isolated ACL injury). This cross-sectional study includes 40 participants 9 months to 2 years after ACLR with an extensive test-protocol of biomechanical-, neuromuscular- and biological assessments and tests. Hence, it is also a feasibility study for a planned randomized controlled trial of the effect of joint-loading therapeutic interventions on changes in knee joint loading for those at risk of developing PTOA. Furthermore, a sample of 40 individuals will be included to investigate primary outcomes' mean and standard deviation needed to calculate sample size for future randomized controlled trials. Specific aims for the cross-sectional study are: 1. Investigate knee joint loading during gait, running and hopping, cellular, morphological, muscle inhibition and strength of the quadriceps muscle, and inflammatory knee joint markers in individuals who are 9 months to 2 years after an ACLR. 2. Characterize biomechanical, neuromuscular, and inflammatory factors in individuals classified as high-risk (concomitant injuries, persistent symptoms) for developing PTOA compared to those classified as low-risk (isolated ACL injury and no or minimal knee pain). 3. Explore the associations between abnormal knee joint loading, quadriceps muscle dysfunctions, and inflammatory markers in the knee joint 9 months to 2 years after ACLR 4. Describe the feasibility of the study regarding the recruitment of an extensive test-protocol 5. A pilot study for a future mechanistic RCT on the efficacy of a muscle- and joint-loading therapeutic exercise program on changes in knee joint loading and on surrogate outcomes of PTOA.",2025,English,Clinicaltrials.gov,embase,,https://doi.org/,,,,reducingtheburdenofposttraumatickneeosteoarthritistargetingp+2025
942,943,308,,PLT,,,Effects of a Low-intensity Muscle Strengthening Protocol in Combination With Blood Flow Restriction Training on Upper Limb Impairment in People With Multiple Sclerosis. A Randomized Controlled Trial,effectsofalowintensitymusclestrengtheningprotocolincombinati,"Brief SummaryAlthough the Blood Flow Restriction Training (BFRT) system has attracted the attention of health professionals, research on this tool in people with neurological pathology, particularly multiple sclerosis (MS), is very limited. Furthermore, to our knowledge, studies on the effect of the BFRT system on forearm-hand muscle strength and fatigability, coordination and dexterity, functionality and quality of life in people with MS are nonexistent. The main objective of our study are: -To know the effects of low intensity training in combination with the BFRT system on upper limb strength and forearm and hand fatigability, dexterity, functionality and quality of life in people with MS. Secondary Objectives * To know if a low-intensity muscle strengthening program in combination with the BFRT system is superior to a conventional strengthening program. * To know the adherence and satisfaction with the experimental intervention. The investigators propose to conduct a randomized controlled trial (RCT) with examiner blinding with pre-intervention, post-intervention and follow-up assessment, following the recommendations of the CONSORT guidelines, designed to study the effects of the application of a low-intensity muscle strengthening program in combination with the BFRT system. This intervention will be carried out at the Leganés Multiple Sclerosis Association (ALEM). Patients will be randomly assigned through the GraphPad Software® QuickCalcs application to 2 study groups. A control group, which will receive a low intensity strengthening program in combination with the BFRT system; and an experimental group, which will receive a high intensity strengthening program. Voluntary participation will be requested from patients diagnosed with MS in the Leganés Multiple Sclerosis Association (ALEM) who meet the inclusion criteria. Acceptance of the study and signature of the informed consent form will be required prior to the start of the program. As this is the first study to evaluate the effectiveness and feasibility of a low-intensity muscle strengthening protocol in combination with BFRT on forearm and hand muscle strength and fatigability, coordination, dexterity, functionality and quality of life in people with MS, the sample size will be determined based on the most similar scientific literature possible. Hill et al developed an investigation comparing the adaptations of MS patients to two types of intervention: high intensity or conventional strengthening program versus low intensity in combination with BFRT. Since this is the only investigation to date that includes MMSS exercises in their intervention, we consider that the sample size proposed by Hill et al is the most appropriate for our investigation. The sample size obtained in that investigation was 19 subjects, so for the sample size of the present investigation a total of 19 subjects is proposed. However, estimating a 10% possible percentage of losses, we estimate a total of 21 total participants to be recruited. Patients will be randomly assigned via the GraphPad Software® QuickCalcs application to 2 study groups. A control group, which will receive a low-intensity strengthening program in combination with the BFRT system; and an experimental group, which will receive a high-intensity strengthening program.Detailed DescriptionAmong the different physical exercise modalities, Blood Flow Restriction Training (BFRT) appears. This type of approach is a training modality performed with occlusion of blood flow in the extremities, partially restricting arterial flow and venous return of blood to the muscles involved. It is usually, but not always, performed in parallel with LL-RT, with repetitions close to muscle fatigue in each set, however, it can also be performed in parallel with functional or task-focused training, such as horizontal walking, aerobic work on a stationary bike. BFRT is applied via an external pneumatic tourniquet at the proximal end of the upper or lower extremity, applying occlusion pressure that promotes ischemia and blood pooling in the capillary beds of the musculature distal to the tourniquet. A 2020 investigation by Minitti et al indicated that the physiological mechanism behind the findings in muscle adaptations include acute muscle inflammation, increased recruitment of muscle fibers, decreased myostatins, decreased atrogenesis and satellite cell proliferation. Recent research has highlighted that the processes described above can be evoked in low-load strengthening in combination with the BFRT system, but not through conventional or high-load strengthening. In turn, these benefits have been observed in both young and older adults without increasing muscle damage, inflammation or pain perception. In the field of physiotherapy, BFRT has gained increasing importance, as it has awakened interest in its application as a complement to therapeutic exercise, especially in those subjects who cannot tolerate high loads due to their clinical considerations. Its validity as a tool has been proven both for sports performance in different populations (elite or amateur athletes; young and older adults with no training experience), and in populations with pathology (older adults with fragility, musculoskeletal rehabilitation, post-surgical or post-immobilization conditions, femoropatellar syndromes, meniscus tears, ligamentous strains, rehabilitation after anterior cruciate ligament surgery, people with type 2 Diabetes Myelitus, people with neurological pathologies, including multiple sclerosis, MS). The systematic review by Reina-Ruiz et al analyzed the effects of the use of the BFRT system in combination with LL-RT and aerobic exercise in people with different pathologies (anterior cruciate ligament reconstruction, stage two chronic kidney disease, coronary artery disease, end-stage renal disease, elderly comatose patients, knee osteoarthritis and recurrent non-specific low back pain). The results obtained in terms of strength, despite the heterogeneity of the outcome measures used, present the BFRT system as an effective tool for strength improvement, being equal or superior to HL-RT. In a study conducted in 2022, Vinolo-Gil et al conducted a systematic review on the use of the BFRT system in populations with different neurological pathologies (spinal cord injury (SCI), stroke, cerebral palsy and MS). Their results showed improvements in sensorimotor function, frequency, gait length symmetry, gait speed and muscle thickness. However, no improvements in balance were found. The systematic review by Jønsson et al published in the current year 2024 reported that BFRT generated greater improvements in strength in people with inclusion body myositis compared to those who received no intervention and in subjects with incomplete spinal cord injury who performed the BFRT protocol in combination with functional electrical stimulation (FES), showing greater muscle circumference in the quadriceps than those who only received FES-based treatment, with unclear results in people with MS. Given the idiosyncrasy of the tool, the safety of its use is a recurring theme in research, so a detailed analysis of the characteristics of the intervention is necessary. Since its origin in the 1980s, different types of cuffs have been used: pneumatic bicycle inner tubes, elastic bands and electronic devices. There is no scientific consensus on the use of one model over another; however, different investigations highlight certain determining characteristics for the safety and efficacy of the tool. The 4 main variables to take into account are: a) restriction pressure; b) cuff width; c) cuff type; d) cuff material. Another major concern of researchers about the BFRT system is the pain that may result from an intervention with these characteristics, which has increased significantly in recent years in this regard. The findings in terms of pain should be grouped into 2 sections: short term, medium term and long term. Short term: Korakakis et al analyzed the effects of an exercise protocol based on knee extension with low loads in combination with the BFRT system on anterior knee pain, observing that the 30 intervention subjects reduced their pain level in the 3 tests performed. In turn, the level of analgesia generated was maintained 45 minutes later, after a conventional physiotherapy session. Another investigation by Korakakis et al compared the effects of a low-intensity exercise protocol with a low-intensity exercise protocol in combination with the BFRT system. Analgesia in the low intensity and BFRT group was superior to that of the control group. Twenty percent of the participants in the control group reported greater discomfort after the intervention and 15% after 45 minutes. In turn, Lixandrão et al compared pain levels during and post-exercise compared to conventional training, finding no greater pain in the BFRT group. Medium and long term: Giles et al compared a low-load exercise protocol in combination with the BFRT system versus conventional training in patients with patellofemoral pain. The results showed significant differences in favor of the group that applied the BFRT system; in turn, the improvements were maintained in the follow-up assessment 6 months later. Beyond pain, the potential adverse effects derived from the BFRT system have been investigated in different investigations, finding no adverse effects in people with neurological pathology according to the systematic review by Jønsson et al of 2024 or only minor adverse effects in populations without neurological pathology such as small hematomas, paresthesias, stiffness, pain or stiffness. According to Nakajima et al (50), from a population of 13,000 subjects without neurological pathology, serious adverse effects derived from an intervention through the BFRT system were extremely rare (0.008-0.055%), some of these being rhabdomyolysis or thromboembolism. With respect to serious adverse effects, it should be noted that the research by Minniti et al (22) presented similar findings in terms of the frequency of occurrence of adverse effects, however, they include an analysis of the cases that presented such serious adverse effects. One patient presented deep vein thrombosis (DVT) having been exposed to continuous occlusion for 30 - 60 minutes and presenting a history of edema and alterations of sensibility of several years of evolution. Two subjects presented rhabdomyolysis, the first had a history of DVT after ankle surgery and was exposed to an arbitrary compression of 100mmHg; the second patient showed no history or apparent risk factors, but the investigators do not know the information regarding the pressure applied and the duration of this. Finally, it is worth noting that in the first case, once he was medicated for the rhabdomyolysis and the patient continued with the experimental protocol without any other adverse effects. Although the BFRT system has attracted the attention of health professionals, research on this tool in people with neurological pathology, particularly MS, is very limited. Furthermore, to our knowledge, studies on the effect of the BFRT system on forearm-hand muscle strength and fatigability, coordination and dexterity, functionality and quality of life in people with MS are nonexistent.",2025,English,Clinicaltrials.gov,embase,,https://doi.org/,,,,effectsofalowintensitymusclestrengtheningprotocolincombinati+2025
944,945,310,,AT,,,Sportskongres 2025,sportskongres2025,The proceedings contain 51 papers. The topics discussed include: effects of protein supplementation combined with rehabilitation on muscle volume after acute muscle strain injuries: a randomized controlled trial; treatment of knee osteoarthritis with autologous micro-fragmented adipose tissue is not superior to placebo saline. an RCT with 2-year follow-up; people's perceptions about their anterior cruciate ligament injury and its care - a systematic review and qualitative evidence synthesis; investigating missed days from school among high school athletes following sport-related concussion; psychological readiness to return to sport in athletes with hypermobile joints after anterior cruciate ligament reconstruction: a prospective cohort study; does leg dominance matter on the modified balance error scoring system? an investigation in secondary school and university athletes; and diagnostic information has an immediate effect on pain in patients with Achilles tendinopathy? a randomized controlled clinical experiment.,2025,English,Bmj open sport and exercise medicine,embase,,https://doi.org/,,,,sportskongres2025+2025
945,946,311,,AT,,,Abstracts Presented at the 38th Annual Meeting of the Arthroscopy Association of North America,abstractspresentedatthe38thannualmeetingofthearthroscopyasso,The proceedings contains 84 papers. The topics discussed include: Comparison of Tendon Lengthening with Traditional vs. Accelerated Rehab Following Achilles Tendon Repair: A Randomized Controlled Trial;Postoperative Opioid Usage Following Outpatient Arthroscopic Sports Medicine Procedures;Comparison of the Rate of Nonunion or Delayed Union in Fifth Metatarsal Fractures Receiving Anti-Inflammatory Medications;Preoperative Changes in the Biomarker Profile of the Knee before Anterior Cruciate Ligament (ACL) Reconstruction;Outcomes for Selective Repair of the Anterior Cruciate Ligament with Suture Augmentation and Minimum Two Year Follow-up;Failure and Reoperation Rates Following Arthroscopic Primary Repair versus Reconstruction of the Anterior Cruciate Ligament;Clinical Outcomes of Combined Anterior Cruciate and Anterolateral Ligament Reconstruction in A Series of Seventy Professional Athletes;Is Intraoperative Fluoroscopy Necessary to Confirm Device Position for Femoral Sided Cortical Suspensory Fixation during Anterior Cruciate Ligament Reconstruction?;Knee Lateral Extra-articular Tenodesis Decreases In-situ Force in the ACL;Epidemiological Evaluation of Meniscal Ramp Lesions in 3214 ACL-Injured Knees: A Risk Factor Analysis and Study of Secondary Meniscectomy Rates;Long-term Survival of Meniscus Allograft Transplantation in an Arthritic Population: Time to Abandon Restricted Indications for Transplantation.;Comparison of Traditional Physical Therapy to Internet-Based Physical Therapy after Knee Arthroscopy: A Prospective Randomized Controlled Trial Comparing Patient Outcomes and Satisfaction;The Risk of Extrusion: Insights on Meniscus Tear Patterns from the Osteoarthritis Initiative;Clinically Significant Outcomes in Isolated Arthroscopic Partial Meniscectomy: A Multivariate Time-To-Event Analysis;Avoiding Damage to the Popliteal Neurovascular Bundle in All-Inside Suturing of the Posterior Horn of the Lateral Meniscus: An MRI Assessment of Portal Selection and Safety;The Biomechanical Effects of Lateral Release on Lateral Patellar Displacement at Varying Flexion Angles,2019,English,Arthroscopy - journal of arthroscopic and related surgery,embase,,https://doi.org/,,,,abstractspresentedatthe38thannualmeetingofthearthroscopyasso+2019
946,947,312,,AT,,,Prospective Evaluation of Osseous Integration and Patient Outcomes In Allograft ACL Reconstruction Comparing Tightrope Versus Biocomposite Interference Screw Fixation,prospectiveevaluationofosseousintegrationandpatientoutcomesi,"Brief SummaryThe purpose of our study was to compare osseous integration of the bone block in Achilles tendon allograft ACL reconstruction using a cortical button versus biocomposite interference screw fixation. The primary outcome was bone block incorporation within the femoral tunnel at six months. Our null hypothesis was that there is no difference in osseous incorporation or outcome with either type of femoral fixation in primary ACL reconstruction with Achilles tendon allograft. Our secondary outcomes were pain and clinical outcome scores between the two groups.Detailed DescriptionAfter obtaining institutional review board approval the investigators conducted this prospective randomized controlled trial with goal of 1:1 allocation ratio between the two study groups. All subjects were recruited at the preoperative appointments. The senior investigator discussed ACL reconstruction with the patients. Appropriate preoperative counseling was performed regarding graft options. If inclusion criteria were met, patients received information about the study. Informed consent was obtained from those choosing to enroll in the study including consent for a CT scan at the six month postoperative time period. The patients were randomized for fixation technique on the day of surgery from a list using the medical record number. Patients underwent ACL reconstruction with Achilles tendon allograft with femoral-sided bone block fixation with either (1) a biocomposite interference screw (aperture fixation) or (2) cortical button (suspensory fixation). The inclusion criteria included patients between the ages of 18 and 50 able to provide informed consent with ACL tears meeting the indications for reconstruction and electing to undergo reconstruction with an Achilles tendon allograft. Excluded patients included those with a history of prior ACL reconstruction, pregnancy, inflammatory disease, a primary bone disorder, those taking bone resorption inhibitor medications, and those with injuries to the collateral ligaments or posterior cruciate ligament. All surgeries were performed by a single surgeon at a single institution using the same technique. Initial diagnosis of ACL deficiency was made on physical exam and magnetic resonance imaging. This was confirmed with arthroscopy at the beginning of the case. The Achilles-calcaneal bone allograft was thawed. The tendinous portion was tubularized and whip-stitched with a locking Fiberloop suture (Arthrex, North Naples, FL, USA). Sutures were passed through the bone block and the graft diameter was measured. The graft was then pre-tensioned. Femoral tunnels were made using the anteromedial portal at 120 degrees of knee flexion. The tibial tunnel was created using an outside-in technique over a pin centered at the ACL footprint. In the aperture fixation group, the bone graft end was pulled through into the femoral tunnel and secured with a biocomposite interference screw (BioComposite Screw, Arthrex, North Naples, FL; or MILAGRO screw, DePuy Mitek, Raynham, MA, USA). In the suspensory fixation group, a cortical button (TightRope, Arthrex, North Naples, FL, USA) was pulled through the femoral cortex and used to shuttle the Achilles bone plug into the femoral tunnel until it was just recessed within the medial intercondylar surface. In both groups, tibial fixation was identical with a bioabsorbable interference screw (BioComposite Screw, Arthrex, North Naples, FL, USA or Milagro screw) and a backup knotless anchor (4.5 mm Biomet Peek knotless anchor, Biomet, Warsaw, IN, USA). The graft was fixed at near full extension after having cycled the knee through range of motion with the graft tensioned. All patients underwent a specified ACL post-operative rehabilitation protocol depending on concomitant pathology. Cycling was permitted at the six-week mark. In-line jogging typically was allowed at four months with initiation of pivoting motions at seven to eight months. Full return to sports was allowed after nine months. Younger patients enrolled in a sports metrics program followed by a functional ACL exam prior to return to sports. A commuted tomography (CT) scan of the operative knee was obtained postoperatively at six months. Demographic data including age, gender, and body mass index were collected. The primary outcome measure was bony incorporation of the bone block within the femoral tunnel with CT scan. This was assessed with the femoral ossification score as determined by three board certified radiologists. The femoral ossification score was devised as a practical means of semi-quantitatively assessing the degree of bone incorporation around the femoral bone plug or screw fixation device present in each patient. Each CT scan score assessment was performed by one of three musculoskeletal fellowship-trained radiologists. Whenever an ossification score was deemed to be borderline between two categories, a consensus score was determined by two of the radiologists. The impression in the CT report included the femoral ossification score as well as a footnote with the entire scale to explain the score. Secondary outcome measures included pain score on a visual analogue scale (VAS) obtained preoperatively, at the first post-operative visit, and at return to sports. Physical examination findings included range of motion (ROM) and Lachman grading which were measured preoperatively and at return to sporting activities. Finally, the International Knee Documentation Committee (IKDC) subjective knee evaluation score, Tegner-Lysholm Knee score, and Cincinnati Knee Rating system scores were assessed both pre-operatively and post-operatively at return to sports.",2019,English,Clinicaltrials.gov,embase,,https://doi.org/,,,,prospectiveevaluationofosseousintegrationandpatientoutcomesi+2019
1028,1029,77,Sarfaraz (2019),BPTB,"Sarfaraz AH, Sah RK, Khan AI, Masood F, Ullah S, Nadeemn RD",Sarfaraz,Arthroscopic and Open Anterior Cruciate Ligament Reconstruction with Patellar Bone-Tendon-Bone Graft in Young Adult Knee,arthroscopicandopenanteriorcruciateligamentreconstructionwit,"Objective: To compare the outcome of arthroscopic assisted Anterior Cruciate Ligament (ACL) reconstruction of knee with limited open anterior cruciate ligament reconstruction in young patient with complete anterior cruciate ligament rupture. Methods: This randomized controlled trial single blinded study using probability simple rando sampling was conducted from October 2014 to October 2016. Total 30 patients fulfilling the inclusion and exclusion criteria were divided into two groups on the basis of availability of expertise of arthroscopy surgeon. Patients in group A was managed with arthroscopic ACL reconstruction while patient in group B were managed with limited open reconstruction. Each group consisted of 15 patients. The bone-tendon-bone was utilized as the graft material to reconstruct the ACL in both the groups. Rehabilitation protocol was same for both the groups. Duration of surgery, loss of range of motion (ROM) and Tegner Lysholm Knee score were compared in patients of both groups after 6 months of surgery. Result: Mean age of the patient in group A was 24.33 +/- 3.73 years (range 18-32 year) while that in group B was 24.89 +/- 5.37 years (range 18-34 years). The duration of surgery was statically significantly high in arthroscopic ACL reconstruction than that in open ACL reconstruction (92.00 +/- 2.64 vs 68.07 +/- 3.63 minutes in group A and B respectively) with p-value less than 0.0001. Loss of ROM at the end of 6th month was comparable (6.000 +/- 1.19 versus 5.730 +/- 1.33 in group A and B respectively) between the two groups with p-value of 0.526 at 95% confidence interval. We had 86.67% (13) patient in group A and 80% (12) in group B with good- excellent result according to Tegner Lysholm knee score. There was no statistically significant difference in Tegner Lysholm test between two groups with p-value of 0.497. Two patients in group A and 3 in group B had superficial wound infection. Two patients in group B had failure of graft following RTA. All the patients from both group had lost sensation on the anterior aspect of knee in both groups. Conclusion: The result did not substantiate superiority of either technique in terms of functional outcome. However, arthroscopic ACL reconstruction required more surgical time than the limited open technique.",2019,English,Annals of king edward medical university lahore pakistan,wos,,,,,Sarfaraz+arthroscopicandopenanteriorcruciateligamentreconstructionwit+2019,arthroscopicandopenanteriorcruciateligamentreconstructionwit+2019
1051,1052,100,Lu (2017),BPTB,"Lu C, Huang X",Lu,"The comparison of clinical efficacy of arthroscopic anterior cruciate ligament reconstruction via autologous bone-patellar tendon-bone, autologous hamstring tendon and allogeneic bone-patellar tendon-bone",thecomparisonofclinicalefficacyofarthroscopicanteriorcruciat,"Objective: To compare the clinical efficacy of anterior cruciate ligament (ACL) reconstruction via autologous bone-patellar tendon-bone (auBPB), autologous hamstring tendon (auHT) and allogeneic bone-patellar tendon-bone (alBPB) under arthroscope. Methods: One hundred and thirty four cases of patients who accepted ACL reconstruction in our hospital from December 2013 to January 2016 were randomly assigned to three groups: auBPB group (n=40), auHT group (n=59), alBPB group (n=35). The operative time, hospital days, postoperative fever time, Lysholm, Tegner and IKDC knee functional scores at the eighteenth month of follow-up, Lachman test results, pivot-shift test results and the incidence of adverse events of each group were observed and compared. Results: There was no significant difference in general conditions, injury time, stoller grade classification, Lysholm, Tegner and IKDC scores at the eighteenth month of follow-up, the results of Lachman test and pivot-shift test, postoperative average fever time, hospital days, the incidence of postoperative deep venous thrombosis and infection among three groups (all P>0.05). The operative time of alBPB group was significantly shorter than those of the other two groups (P<0.05). The anterior knee pain of auBPB group was significantly more than those of the other two groups (P=0.003 vs. auHT, P=0.029 vs. alBPB). Conclusion: All the reconstruction of ACL via auBPB, auHT and alBPB could achieve positive postoperative knee joint stability, but the incidence of postoperative anterior knee pain after reconstruction of ACL via auBPB was higher.",2017,English,International journal of clinical and experimental medicine,wos,,,,,Lu+thecomparisonofclinicalefficacyofarthroscopicanteriorcruciat+2017,thecomparisonofclinicalefficacyofarthroscopicanteriorcruciat+2017
1087,1088,136,Cappellino (2012),BPTB,"Cappellino F, Paolucci T, Zangrando F, Iosa M, Adriani E, Mancini P, Bellelli A, Saraceni VM",Cappellino,Neurocognitive rehabilitative approach effectiveness after anterior cruciate ligament reconstruction with patellar tendon. A randomized controlled trial,neurocognitiverehabilitativeapproacheffectivenessafteranteri,"Background. A proper knee rehabilitation after a surgical reconstruction of the anterior cruciate ligament (ACL) should start immediately after the injury and it should be focused on recovery of symmetry, proprioception, swelling reduction, gait training, hyperextension exercises, and even mental preparation. Aim. Aim of this study was to test a neurocognitive rehabilitative approach based on proprioceptive exercises and proper motor strategy choices, compared with conventional rehabilitation, assessing baropodometric, gait and clinical changes. Design. Randomized controlled trial. Setting. Ambulatory University Centre. Population. Fourteen subjects (27.9 +/- 5.2 years) underwent to a surgical reconstruction of ACL were divided into the two groups. Methods. The subjects were randomly assigned into a group who received a specific neurocognitive and perceptive rehabilitation treatment (TG), and into a control group who received the common physical therapy (CG). The following outcome measures were assessed pre-intervention, one, three and six months later: static and dynamic batropodometry, Visual Analog Scale for pain, Short Form SF-36, Range of Motion, trophism of thigh region, edema, Manual Muscle Test, magneto-resonance imaging assessment. Results. Lower impairment was observed in TG in respect of CG in terms of load asymmetry during static baropodometry (from 7% to 3% vs. from 10% to 7%, interaction time per treatment: P=0.037), less wide steps during gait (effect size=1.05 vs. 0.38 for CG), swelling (treatment effect: P=0.012). A significantly higher improvement (from 35% to 100%) in terms of SF-36 was recorded only in TG for physical activity (P=0.027). CG showed a quite higher walking speed (treatment effect: P=0.049). Conclusion. Even if further studies are needed on larger samples, the obtained results showed that a neuro-cognitive rehabilitative approach could be an effective treatment after ACL-reconstruction: in TG we observed a more rapid load symmetrization, the reduction of step width and a more rapid resolution of edema. Clinical Rehabilitation Impact. Posture, gait, clinical features and quality of life could benefit from a neuro-cognitive rehabilitation after ACL surgical reconstruction.",2012,English,European journal of physical and rehabilitation medicine,wos,,,22543555.0,https://pubmed.ncbi.nlm.nih.gov/22543555/,Cappellino+neurocognitiverehabilitativeapproacheffectivenessafteranteri+2012,neurocognitiverehabilitativeapproacheffectivenessafteranteri+2012
1193,1194,242,Lu (2017),HT,"Lu C, Huang X",Lu,"The comparison of clinical efficacy of arthroscopic anterior cruciate ligament reconstruction via autologous bone-patellar tendon-bone, autologous hamstring tendon and allogeneic bone-patellar tendon-bone",thecomparisonofclinicalefficacyofarthroscopicanteriorcruciat,"Objective: To compare the clinical efficacy of anterior cruciate ligament (ACL) reconstruction via autologous bone-patellar tendon-bone (auBPB), autologous hamstring tendon (auHT) and allogeneic bone-patellar tendon-bone (alBPB) under arthroscope. Methods: One hundred and thirty four cases of patients who accepted ACL reconstruction in our hospital from December 2013 to January 2016 were randomly assigned to three groups: auBPB group (n=40), auHT group (n=59), alBPB group (n=35). The operative time, hospital days, postoperative fever time, Lysholm, Tegner and IKDC knee functional scores at the eighteenth month of follow-up, Lachman test results, pivot-shift test results and the incidence of adverse events of each group were observed and compared. Results: There was no significant difference in general conditions, injury time, stoller grade classification, Lysholm, Tegner and IKDC scores at the eighteenth month of follow-up, the results of Lachman test and pivot-shift test, postoperative average fever time, hospital days, the incidence of postoperative deep venous thrombosis and infection among three groups (all P>0.05). The operative time of alBPB group was significantly shorter than those of the other two groups (P<0.05). The anterior knee pain of auBPB group was significantly more than those of the other two groups (P=0.003 vs. auHT, P=0.029 vs. alBPB). Conclusion: All the reconstruction of ACL via auBPB, auHT and alBPB could achieve positive postoperative knee joint stability, but the incidence of postoperative anterior knee pain after reconstruction of ACL via auBPB was higher.",2017,English,International journal of clinical and experimental medicine,wos,,,,,Lu+thecomparisonofclinicalefficacyofarthroscopicanteriorcruciat+2017,thecomparisonofclinicalefficacyofarthroscopicanteriorcruciat+2017
1382,1383,431,Zeman (2018),HT,"Zeman P, Kautzner J, Havel O, Matejka J, Pavelka T, Havlas V",Zeman,Anatomical All-Inside Anterior Cruciate Ligament Reconstruction Using Quadrupled Semitendinosus Tendon Graft with Posteromedial Harvest - Clinical Results of Prospective Study at a Minimum 12-Months Follow-up,anatomicalallinsideanteriorcruciateligamentreconstructionusi,"PURPOSE OF THE STUDY This original paper aims to present the conclusions of the prospective study evaluating the clinical results of anatomical all-inside ACL reconstruction using quadrupled semitendinosus tendon graft with posteromedial harvest using suspensory fixation by Tightrope implants at the follow-up of at least 12 months. MATERIAL AND METHODS The prospective study included a total of 119 patients (74 men/39 women) with the mean age of 28.3 (18-52) years, in whom demographic data was collected and a clinical examination was performed. The patients satisfying the ""inclusion"" and ""exclusion"" criteria were enrolled in the study and subsequently underwent the same, aforementioned surgical procedure performed by a single surgeon. Preoperatively and at a minimum 12-month follow-up the following subjective criteria were evaluated using the Lysholm and IKDC subjective scores and the Visual Analogue Scale (VAS) (0-10). The objective parameters comprised the side-to-side difference in anterior knee laxity assessed by Genourob arthrometer with an applied pressure of 134 and 250 N, anterior drawer test, and the pivot shift test. The occurrence of graft failure, complications and return to pre-injury sport levels were monitored. The obtained data was statistically evaluated at the statistical significance level of 0.05. RESULTS A total of 89 patients were assessed at the follow-up of at least 12 months after the surgery. The median Lysholm score increased over time from 58.7 preoperatively to 94.2 postoperatively (p < 0.05) and the IKDC subjective score went up from 46.3 to 91.4 (p < 0.05). The median postoperative VAS kept decreasing from 7.3 (Day 2), 5.1 (Day 14), 3.1 (Week 6), 1.2 (Month 6) to 0.3 at 12 months after the surgical procedure. Preoperatively, the results were significantly positive (i.e. C, D) in 52.8% (C) and 21.4% (D), whereas postoperatively the results of the PST were significantly positive only in 4%. Therefore, the surgical procedure was conducive to a statistically significant decrease in rotational knee laxity over time (p < 0.05). The median side-to-side difference in anterior laxity of the operated knee objectively assessed by GNRB arthrometer with the applied pressure of 134 N was 4.2 mm (3.1-6.8) as against the postoperative 1.2 mm (0.4-2.1) and with the applied pressure of 250 N it was 6.2 mm (4.6-8.7) prior to the surgical procedure versus 2.4 mm (1.6-3.5) postoperatively. That concerned a statistically significant decrease of postoperative side-to-side difference in anterior laxity of the operated knee at both the measured pressures (p < 0.05).The graft failed in 3 patients only (3.4%), no major complications associated with the surgical procedure were observed and 62 of the evaluated patients (69.6%) were able to return to the pre-injury level of sport within one year after the surgery. DISCUSSION When comparing the results obtained by our study with the conclusions of clinical studies carried out by other authors and evaluating similar clinical parameters with the identical surgical technique applied, it is obvious that in our group of patients we achieved similar clinical results as the other authors from abroad. CONCLUSIONS The results of our study showed that the all-inside ACL anatomical reconstruction using quadrupled semitendinosus tendon graft with posteromedial harvest with suspensory fixation by Tightrope implants at one year after the surgery bring very good subjective as well as objective clinical results and minimum complications.",2018,Czech,Acta chirurgiae orthopaedicae et traumatologiae cechoslovaca,wos,,,30295594.0,https://pubmed.ncbi.nlm.nih.gov/30295594/,Zeman+anatomicalallinsideanteriorcruciateligamentreconstructionusi+2018,anatomicalallinsideanteriorcruciateligamentreconstructionusi+2018
1385,1386,434,DÃ¶bele (2021),HT,"DÃ¶bele S, Ziegler P, Hofmann V, Histing T, Konrads C",DÃ¶bele,Combining ACL Reconstruction and Refixation: the Single Anteromedial Bundle Biological Augmentation and Refixation (SAMBBAR) Technique,combiningaclreconstructionandrefixation:thesingleanteromedia,"PURPOSE OF THE STUDY Anterior cruciate ligament (ACL) preservation surgical techniques have been rising lately. In the acute setting, proximal ACL tears and femoral avulsions of the ACL are good indications for primary repair of the ACL. However, literature shows a wide range of failure rates. An intact synovial membrane seems to be a predicational factor for the outcome of primary ACL repair. Disruption of the synovial membrane is associated with higher failure rates. We describe a surgical technique repairing the ACL in combination with a semitendinosus augmentation for proximal ACL tears with or without disruption of the synovial membrane. MATERIAL AND METHODS The procedure preserves as much of the original anatomy as possible by repairing the synovial membrane and ACL remnant to the femoral origin. To accomplish this, we have built on the so-called ""Single Anteromedial Bundle Biological Augmentation (SAMBBA) technique"" and developed it further to the ""Single Anteromedial Bundle Biological Augmentation and Refixation (SAMBBAR) technique"", which we firstly describe here. RESULTS All three patients treated with the SAMBBAR technique showed very good short-term clinical outcomes comparable with successful standard ACL reconstruction. There were no complications. Twelve months postoperatively, patients had no pain. They had normal range of motion in the affected knee without any signs of instability. DISCUSSION The SAMBBAR technique seems to be an adequate procedure to preserve as much proprioceptive native tissue as possible, while at the same time ensuring high tissue strength in order to reduce failure rates. Prospective randomized controlled trials are needed to compare the new SAMBBAR technique with standard ACL reconstruction, with the original SAMBBA technique, and with techniques of ACL refixation. CONCLUSIONS With the presented surgical procedure, it is possible to perform a standard ACL reconstruction using an autologous semitendinosus graft and at the same time preserving the tissue remnant of the ACL in all proximal tear patterns. This might contribute to improved proprioception and rehabilitation without sacrificing stability.",2021,English,Acta chirurgiae orthopaedicae et traumatologiae cechoslovaca,wos,,,34998445.0,https://pubmed.ncbi.nlm.nih.gov/34998445/,DÃ¶bele+combiningaclreconstructionandrefixation:thesingleanteromedia+2021,combiningaclreconstructionandrefixation:thesingleanteromedia+2021
1467,1468,516,Noh (2016),AT,"Noh JH, Kyung HS, Yoon KH, Roh YH",Noh,Supplementary tibial fixation in anterior cruciate ligament reconstruction - Direct cortical fixation using spiked washer screw vs. post-tie using washer screw,supplementarytibialfixationinanteriorcruciateligamentreconst,"We compare clinical outcomes of two different supplementary tibial fixation in anterior cruciate ligament (ACL) reconstruction using free tendon Achilles allograft. Eighty subjects underwent ACL reconstruction using Endobutton CL for femoral fixation and Bio-interference screw for tibial fixation. Supplementary tibial fixation was performed as direct cortical fixation using spiked washer screw (group I) or as post-tie using washer screw (group II). Lachman test, pivot shift test, IKDC classification, Lysholm score, and side-to-side difference (SSD) were evaluated. Thirty six in group I and thirty five in group II could follow up for at least 2 years. At the last followup, 7 in group I and 1 in group II showed 2+ or 3+ in Lachman test (p = 0.027). Mean SSD was 2.4mm in group I and 1 Amm in group II (p = 0.048). Post-tie using washer screw was more effective than direct cortical fixation using spiked washer screw to restore stability. Level of evidence : Therapeutic Level I; Randomized controlled clinical trial.",2016,English,Acta orthopaedica belgica,wos,,,27682300.0,https://pubmed.ncbi.nlm.nih.gov/27682300/,Noh+supplementarytibialfixationinanteriorcruciateligamentreconst+2016,supplementarytibialfixationinanteriorcruciateligamentreconst+2016
