,pmid,PubDate,EPubDate,Source,AuthorList,LastAuthor,Title,Volume,Issue,Pages,LangList,NlmUniqueID,ISSN,ESSN,PubTypeList,RecordStatus,PubStatus,ArticleIds,DOI,History,References,HasAbstract,PmcRefCount,FullJournalName,ELocationID,SO,abstract,year
0,42007318,2026 Jun,2026 Apr 3,J Orthop,"['Sahi G', 'Abbas A', 'Koucheki R', 'Hu SY', 'Lameire DL', 'Abouali J']",Abouali J,Quadrupled semitendinosus anterior cruciate ligament graft compared to a bone-patellar tendon bone approach: A systematic review and meta-analysis of functional outcomes.,76,,256-266,['English'],101233220,0972-978X,0972-978X,"['Journal Article', 'Review']",PubMed,,"['42007318', 'PMC13090695', 'pmc-id: PMC13090695;embargo-date: 2027/06/01;', '10.1016/j.jor.2026.04.004', 'S0972-978X(26)00148-0']",10.1016/j.jor.2026.04.004,"['2026/03/24 00:00', '2026/04/01 00:00', '2027/06/01 00:00', '2026/04/20 13:11', '2026/04/20 13:10', '2026/04/20 07:54']",[],1,46,Journal of orthopaedics,doi: 10.1016/j.jor.2026.04.004,2026 Jun;76:256-266,"BACKGROUND: The choice of graft in anterior cruciate ligament (ACL) reconstruction influences postoperative pain, stability, and functional outcomes. Bone-patellar tendon-bone (BTB) autografts provide robust reconstructions but may increase anterior knee pain whereas quadrupled semitendinosus (ST) grafts may reduce morbidity while maintaining comparable function. However, direct comparisons of BTB and quadrupled ST remain limited. The primary objective of this systematic review and meta-analysis was to compare postoperative pain between BTB and quadrupled ST autografts. Secondary objectives were to evaluate instrumented stability (KT-1000), clinical stability (Lachman), patient-reported outcomes (Lysholm, Tegner, IKDC grades), and graft rupture rates. METHODS: Following PRISMA guidelines, MEDLINE/PubMed, EMBASE, SCOPUS, and Cochrane Central were searched through March 1, 2026, for randomized and comparative cohort studies of primary ACL reconstruction comparing BTB and quadrupled ST autografts. Eligible studies involved patients >/=16 years with or without meniscal or chondral pathology and >/=3-month follow-up. Continuous and dichotomous outcomes were pooled as mean or standardized mean differences (SMD) and odds ratios (OR) with 95% confidence interval (CI) using random-effects models. Statistical heterogeneity was quantified using I(2). Risk of bias was assessed using RoB 2 for randomized trials and ROBINS-I for nonrandomized comparative cohort studies. RESULTS: Ten studies were included (n = 1029), comprising 692 males (67%) and 337 females (33%). The mean ages across studies ranged from 17.7 to 49.4 years, with follow-up periods spanning 6 months to 8 years. ST reduced postoperative pain (SMD 0.44; 95% CI 0.09-0.80, p = 0.015), whereas BTB improved KT-1000 stability (SMD -0.70; 95% CI -1.02 to -0.38, p < 0.0001). IKDC Grade A favored ST (OR 1.31; 95% CI 1.03-1.66, p = 0.039). Lachman, Lysholm, Tegner, and graft rupture did not differ between groups. CONCLUSION: Both BTB and quadrupled ST autografts are effective for ACL reconstruction. BTB provides greater anterior stability, while ST is associated with less postoperative pain and higher odds of achieving IKDC Grade A outcomes without increasing failure risk. These findings highlight the importance of individualized graft selection to balance mechanical stability with patient-reported recovery and donor-site morbidity.",2026
1,41976826,2026 Mar 26,2026 Mar 26,J Clin Med,"['Abdallah A', 'Assaf G', 'Chahine C', 'Orm GA', 'Jaber S', 'Chalfoun A', 'Chaaya JB', 'Soukarieh H', 'Chaiban C', 'Ghandour M', 'Ghosn A']",Ghosn A,Platelet-Rich Plasma in Anterior Cruciate Ligament Reconstruction: An Updated Systematic Review and Meta-Analysis of Clinical and Radiological Outcomes.,15,7,,['English'],101606588,2077-0383,2077-0383,"['Journal Article', 'Review']",PubMed,epublish,"['41976826', 'PMC13073889', 'pmc-id: PMC13073889;', '10.3390/jcm15072526', 'jcm15072526']",10.3390/jcm15072526,"['2026/02/05 00:00', '2026/03/04 00:00', '2026/03/13 00:00', '2026/04/14 06:33', '2026/04/14 06:32', '2026/04/14 01:06', '2026/03/26 00:00']",[],1,59,Journal of clinical medicine,doi: 10.3390/jcm15072526,2026 Mar 26;15(7),"Background/Objectives: To evaluate the efficacy of platelet-rich plasma (PRP) as an adjunctive treatment in anterior cruciate ligament reconstruction (ACLR) and its impact on key clinical outcomes. Methods: A systematic search was conducted across five databases until 11 November 2024, including 33 randomized controlled trials (RCTs) that investigated PRP in ACLR. Outcomes analyzed included ligamentization (MRI hypointensity grades), pain VAS scores, functional scores (IKDC, Lysholm, Tegner), knee stability (KT-1000 arthrometer), and tunnel characteristics. Subgroup analyses were performed based on PRP application site, graft type, risk of bias, and follow-up duration. Results: PRP significantly enhanced ligamentization, particularly at 12 months, with marked reductions in MRI hypointensity grades. Patellar tendon grafts demonstrated the most substantial benefits. PRP also significantly reduced postoperative pain, with effects most pronounced in the early recovery period (1-9 months). However, the analgesic benefits diminished over time. Improvements in IKDC scores were observed only in studies with a high risk of bias, while Lysholm and Tegner scores showed no consistent differences between PRP and controls. Knee stability improved significantly with PRP, but this effect was limited to early follow-up periods (3 months). The heterogeneity in PRP preparation methods, application protocols, and patient populations limited the generalizability of the findings. Conclusions: PRP enhances ligamentization and provides short-term pain relief and stability benefits in ACLR. However, its impact on long-term functional recovery and other clinical outcomes remains limited and inconsistent. Standardization of PRP protocols and further high-quality research are necessary to refine its application and therapeutic potential.",2026
2,41974310,2026 Apr 11,2026 Apr 11,J ISAKOS,"[""D'Ambrosi R"", 'Ackermann J', 'Deichsel A', 'Eckl L', 'Eggeling L', 'Kittl C', 'Laky B', 'Mathis D', 'Merkely GB', 'Muench LN', 'Muenchgesang M', 'Schmidt AF', 'Schuettler KF', 'Wafaisade A', 'Guenther D', 'Research Committe of Society for Arthroscopy and Joint-Surgery (AGA)']",Guenther D,Graft Choice Does Not Influence Outcomes After Anterior Cruciate Ligament Reconstruction in Patients Aged 50 Years and Older: A Systematic Review and Meta-analysis.,,,101111,['English'],101680867,2059-7754,2059-7762,"['Journal Article', 'Review']",PubMed - as supplied by publisher,aheadofprint,"['41974310', '10.1016/j.jisako.2026.101111', 'S2059-7754(26)00047-7']",10.1016/j.jisako.2026.101111,"['2026/03/08 00:00', '2026/03/31 00:00', '2026/04/02 00:00', '2026/04/14 00:32', '2026/04/14 00:32', '2026/04/13 19:37']",[],1,0,Journal of ISAKOS : joint disorders & orthopaedic sports medicine,doi: 10.1016/j.jisako.2026.101111,2026 Apr 11;:101111,"AIM: Anterior cruciate ligament reconstruction (ACLR) in patients over 50 years has traditionally been considered controversial due to concerns about graft failure, limited healing potential, and risk of degenerative progression. However, with increasing life expectancy and higher physical activity in older adults, the demand for ACLR in this population has grown, and the role of graft selection remains unclear. The aim of this study was to evaluate the influence of graft choice on clinical outcomes, graft survival, and re-rupture rates after ACLR in patients aged 50 years and older. It was hypothesized that (1) ACLR in this population would result in low re-rupture rates and satisfactory functional outcomes, and (2) no significant differences would be observed among different graft types. EVIDENCE REVIEW: A systematic literature search of PubMed, Embase, and the Cochrane Library was performed from database inception to July 20, 2025, according to the Preferred Reporting Items for Systematic Reviews and Meta-Analyses (PRISMA) guidelines. Eligible studies included skeletally mature patients >/=50 years undergoing primary ACLR with different grafts (hamstring tendon [HT], bone-patellar tendon-bone [BPTB], quadriceps tendon [QT], allograft, or synthetic). Outcomes of interest included graft re-rupture, Lysholm score, and International Knee Documentation Committee (IKDC) subjective score. Random-effects meta-analyses were conducted to pool results, and subgroup analyses were performed by graft type. FINDINGS: Twenty-one studies including a total of 1,093 patients were analyzed. The overall weighted mean age at surgery was 55.88 years (95% Confidence Interval [CI], 54.6-57.2). The majority of patients underwent HT reconstruction (n=744 - 68.1%), followed by QT (n=142 - 12.9%), BPTB (n=81 - 7.4%), allograft (n=110 - 10.1%), and synthetic grafts (LARS; n=16 - 1.5%). The overall re-rupture rate was 0.3% (95% CI, 0.0-1.4), with no statistically significant differences among graft types (p > 0.05), ranging from 0.0% for BPTB/QT to 1.8% for allograft/ligament augmentation and reconstruction system (LARS). The pooled mean Lysholm score was 91.2 (95% CI, 89.5-92.9), and the pooled mean IKDC score was 81.4 (95% CI, 77.9-84.9), showing no statistically significant graft-related differences. Odds ratio analysis confirmed no increased risk of re-rupture across graft types. CONCLUSIONS: ACL reconstruction in patients aged 50 years and older is associated with excellent functional outcomes and very low re-rupture rates. No statistically significant differences were observed among graft types. These findings should be interpreted with caution due to limited data for some graft categories and heterogeneity of the available evidence. Graft selection should be individualized based on patient characteristics and surgeon expertise rather than chronological age. STUDY REGISTRATION: PROSPERO Registry (CRD420251118537) STUDY DESIGN: Systematic review and meta-analysis; Level of evidence, III.",2026
3,41970205,2026 Apr,2026 Apr 8,Orthop J Sports Med,"['Hunter CDR', 'McNamara N', 'Rosenthal RM', 'Johnson BT', 'Featherall J', 'Greis P', 'Maak TG', 'Aoki SK', 'Ernat JJ']",Ernat JJ,"Evaluating Thigh Muscle Volume and Compensatory Muscle Changes in Bone-Patellar Tendon-Bone, Hamstring Autograft, and Allograft Anterior Cruciate Ligament Reconstructions: A Minimum 5-Year Follow-up.",14,4,23259671261432585,['English'],101620522,2325-9671,2325-9671,['Journal Article'],PubMed,,"['41970205', 'PMC13065282', 'pmc-id: PMC13065282;', '10.1177/23259671261432585', '10.1177_23259671261432585']",10.1177/23259671261432585,"['2026/02/02 00:00', '2026/02/08 00:00', '2026/04/13 18:18', '2026/04/13 18:17', '2026/04/13 06:32', '2026/04/08 00:00']",[],1,28,Orthopaedic journal of sports medicine,doi: 10.1177/23259671261432585,2026 Apr;14(4):23259671261432585,"BACKGROUND: Graft selection in anterior cruciate ligament reconstruction (ACLR) may lead to long-term, graft-specific muscle adaptations, yet their effect on functional outcomes remains poorly understood. Magnetic resonance imaging (MRI)-based 3D modeling enables precise quantification of muscle volume changes, offering insight into the relationship between postoperative muscle preservation and patient-reported outcomes. PURPOSE: To radiologically evaluate thigh muscle volume changes and patient-reported outcomes at minimum 5-year follow-up among patients after primary anterior cruciate ligament reconstruction (ACLR) using allograft, bone-patellar tendon-bone autograft (BPTB), or hamstring autograft (gracilis and semitendinosus; HS) with MRI-based 3D modeling. STUDY DESIGN: Cohort study; Level of evidence, 3. METHODS: Patients aged 18 to 45 years (mean +/- SD age, 26.9 +/- 7.2 years) with a body mass index (BMI) <30 who underwent primary ACLR with either allograft, BPTB, or HS with minimum 5-year follow-up were identified via retrospective chart review. Exclusion criteria were any history of a knee flexor or extensor injury/surgery, revision ACLR procedures, any concomitant surgical procedures other than chondral debridement and/or meniscectomy/repair, or any subsequent lower extremity surgery since the index ACLR. Bilateral thigh 3.0-T MRI scans were obtained, and images were rendered using 3D modeling software. Volume measurements were performed for (1) the individual muscles, (2) each compartment, and (3) the entire thigh. Specific individual muscles analyzed included the quadriceps (rectus femoris, vastus lateralis, vastus medialis, vastus intermedius) and sartorius in the anterior compartment; the hamstrings (biceps femoris long and short heads, semitendinosus, semimembranosus) in the posterior compartment; and the gracilis and combined adductor muscle group in the medial compartment. Individual muscle volumes were calculated for each thigh and then normalized as a percentage of the total volume of their respective muscle compartments. These compartment-relative percentages in the operative thigh were subsequently compared with the corresponding percentages in the contralateral, nonoperative thigh. Multivariable linear regression linked ratios of injured to contralateral muscle preservation (total and compartmental) to International Knee Documentation Committee (IKDC) scores, adjusting for age, sex, BMI, and graft type. Paired Student t tests and chi-square tests were used for statistical analysis. RESULTS: A total of 30 patients were included: 10 allograft, 10 BPTB, and 10 HS. The cohort consisted of 18 male patients (60%) and 12 female patients (40%), with a higher proportion of male patients in the BPTB group (9/10 male). Allograft patients (mean age, 34.6 years; range, 31-40 years) were significantly older at surgery than BPTB (mean age, 23.4 years; range, 17-33 years) and HS cohorts (mean age, 22.7 years; range, 16-28 years) (P < .001). The mean time interval from surgery to follow-up MRI was 6.7 +/- 1.2 years. No significant differences in total thigh or individual muscle volumes were found between operative and nonoperative limbs with allograft. BPTB demonstrated a significant reduction in mean muscle volume percentage of the vastus intermedius in the operative thigh compared with the nonoperative thigh (13.98% vs 16.48%; P < .001). With HS, significant reductions were observed in mean muscle volume percentages of the gracilis (15.61% vs 27.35%; P < .001) and semitendinosus (7.49% vs 17.49%; P = .001) muscles in the operative thigh. Conversely, the semimembranosus exhibited a significant increase in mean muscle volume percentage in the operative thigh relative to the nonoperative thigh (42.50% vs 36.57%; P = .006). Across graft types, greater preservation of operative-limb muscle volume predicted better function: Total-thigh preservation correlated with higher IKDC scores (B = 61.8; P = .043), and anterior-compartment preservation showed the strongest association (B = 110.3; P = .004; model R (2) = 0.48). No covariate (age, sex, BMI, graft type) independently influenced IKDC score. CONCLUSION: Five years after ACLR, thigh muscle adaptation depended on graft choice and carried meaningful functional consequences. Hamstring autografts were associated with lasting atrophy of the semitendinosus and gracilis with compensatory hypertrophy of the semimembranosus, whereas BPTB autografts were associated with selective loss of the vastus intermedius and no compensatory enlargement in the remaining quadriceps. Across all patients, larger differences in muscle volume between limbs, especially in the anterior compartment, were linked to lower IKDC scores.",2026
4,41818333,2026 Mar 12,2026 Mar 12,J Bone Joint Surg Am,"['Vosoughi F', 'Younesian S', 'Mousavi SM', 'Shaker F', 'Menbari Oskouie I']",Menbari Oskouie I,Comparison of Autograft Types in Anterior Cruciate Ligament Reconstruction: A Systematic Review and Bayesian Network Meta-Analysis of Randomized Clinical Trials.,,,,['English'],0014030,0021-9355,1535-1386,['Journal Article'],PubMed - as supplied by publisher,aheadofprint,"['41818333', '10.2106/JBJS.25.01315', '00004623-990000000-01739']",10.2106/JBJS.25.01315,"['2026/03/12 18:53', '2026/03/12 18:53', '2026/03/12 14:04']",[],1,0,The Journal of bone and joint surgery. American volume,doi: 10.2106/JBJS.25.01315,2026 Mar 12;,"BACKGROUND: The literature regarding optimal autograft choice for anterior cruciate ligament (ACL) reconstruction (ACLR) remains inconclusive. This network meta-analysis (NMA) compares common autografts for primary ACLR. METHODS: PubMed, Scopus, Web of Science, and Embase were searched up to May 3, 2025, for randomized clinical trials (RCTs) on primary ACLR in adults that compared >/=2 of the following tendon autografts: 4-strand semitendinosus (4SST), 4-strand semitendinosus-gracilis (4SSTG), its 5-strand variant (5SSTG), bone-patellar tendon-bone (BPTB), quadriceps tendon with bone (QTB), and free quadriceps tendon (FQT). Outcomes analyzed in the NMA were the International Knee Documentation Committee (IKDC) subjective score, Lysholm score, Tegner Activity Scale, anteroposterior (instrumented) and rotational (pivot-shift) stability, and rerupture or revision ACLR rate. Autografts were ranked using surface under the cumulative ranking (SUCRA) values. RESULTS: A total of 44 RCTs with 3,491 patients were included in the NMA. With respect to the IKDC, QTB was statistically superior to BPTB (mean difference = 3.46, 95% credible interval [CrI]: 0.29 to 6.77), although the difference was likely not clinically meaningful. QTB ranked highest for the IKDC (SUCRA = 90.1%) and Tegner (SUCRA = 85.3%), while BPTB ranked lowest for the IKDC and Lysholm. With respect to knee laxity, QTB ranked second in anteroposterior and first in rotational stability, and it carried a significantly lower risk of a 2+ or higher pivot-shift than 4SST (risk ratio = 0.26, 95% CrI: 0.07 to 0.85). QTB was associated with a decreased risk of rerupture/revision compared with other autografts (SUCRA = 83.3%). CONCLUSIONS: Based on the autograft rankings, QTB was found to lead to improved functional, activity-related, and stability outcomes overall, while also reducing the risk of graft failure. LEVEL OF EVIDENCE: Therapeutic Level I. See Instructions for Authors for a complete description of levels of evidence.",2026
5,41812771,2026 Mar 9,2026 Mar 9,J ISAKOS,"['Khan ZA', 'Stålman A', 'Impieri L', 'Butt U', 'Vuletic F']",Vuletic F,Ten-year risk of graft re-rupture and contralateral anterior cruciate ligament injury after primary anterior cruciate ligament reconstruction: A systematic review and meta-analysis.,18,,101094,['English'],101680867,2059-7754,2059-7762,"['Journal Article', 'Review']",PubMed - as supplied by publisher,aheadofprint,"['41812771', '10.1016/j.jisako.2026.101094', 'S2059-7754(26)00030-1']",10.1016/j.jisako.2026.101094,"['2025/12/02 00:00', '2026/02/24 00:00', '2026/02/27 00:00', '2026/03/12 01:09', '2026/03/12 01:09', '2026/03/11 20:16']",[],1,0,Journal of ISAKOS : joint disorders & orthopaedic sports medicine,doi: 10.1016/j.jisako.2026.101094,2026 Mar 9;18:101094,"IMPORTANCE: The second anterior cruciate ligament (ACL) injury after ACL reconstruction is a well-known complication. Several studies have suggested that the risk of contralateral ACL injury is comparable to that of graft re-rupture. However, this comparison is not well established in previous reviews for studies with minimum five-year follow-up and mean ten-year outcomes. OBJECTIVE: This systematic review and meta-analysis aimed to evaluate the ten-year risk of graft re-rupture and contralateral ACL injury after primary ACL reconstruction and to assess the influence of graft type, return-to-sport, and other factors on second ACL injuries. EVIDENCE REVIEW: A systematic search was conducted across the Cochrane Database of Systematic Reviews, the Cochrane Central Register of Controlled Trials, PubMed, EMBASE, and Cochrane from 2000 to 2025. The literature search strategy included the following keywords: ""anterior cruciate ligament reconstruction,"" ""ACL reconstruction,"" ""graft rupture,"" ""graft failure,"" ""contralateral anterior cruciate ligament injury,"" and ""contralateral ACL injury."" All studies that compare the risk of re-rupture and contralateral ACL injuries after ACL reconstruction and with a follow-up of at least five years after ACL reconstruction were included. Exclusion criteria included case reports, reviews, studies using allografts or artificial ligaments, and multi-ligament injuries. FINDINGS: A total of 18 studies were included in this meta-analysis with 5,735 participants. The pooled rates of graft rupture and contralateral injuries were 11 % and 12 %, respectively, with no statistically significant difference (p = 0.421). The ipsilateral graft-rupture rate was higher in patients with hamstring tendon (HT) autografts compared with bone-patellar tendon-bone (BPTB) autografts, at 13.0 % and 7.74 %, respectively (odds ratio [OR] = 1.75, 95 % confidence interval [CI]: 1.33-2.31; p = 0.004). Younger age (<18 years) was identified as the most substantial risk factor, with patients under 18 years showing nearly a threefold increased risk of graft rupture (OR 2.22, 95 % CI: 1.16-4.23, p = 0.016). Age <18 years also conferred increased risk for contralateral injury (OR 1.87, 95 % CI: 1.32-2.65, p = 0.001). Return to sport (RTS) was achieved by 51 %-73 % of patients in the included studies. However, delaying RTSs did not result in a statistically significant reduction in the risk of reinjury. CONCLUSION AND RELEVANCE: Contralateral anterior cruciate ligament injuries and graft re-ruptures occurred at similar rates (12 % and 11 %, respectively, p = 0.421), which suggests that risk of second injury is similar between ipsilateral graft failure and contralateral anterior cruciate ligament injury. Therefore, second ACL injuries remain a crucial concern over extended follow-up periods (mean: 10.3 years), driven primarily by younger age, hamstring graft use, and participation in high-demand sports. LEVEL OF EVIDENCE: Level III.",2026
6,41733021,2026 Feb 24,2026 Feb 24,Am J Sports Med,"['Petit CB', 'Hussain ZB', 'Read PJ', 'McPherson AL', 'Pradip K', 'Petushek EJ', 'White MS', 'Xerogeanes JW', 'Lamplot JD', 'Myer GD', 'Montalvo AM']",Montalvo AM,"Graft Failure Rates in Bone-Patellar Tendon-Bone, Hamstring, and Quadriceps Tendon Autografts in Patients Younger Than 25 Years: A Meta-analysis.",,,3635465261415842,['English'],7609541,0363-5465,1552-3365,['Journal Article'],PubMed - as supplied by publisher,aheadofprint,"['41733021', '10.1177/03635465261415842']",10.1177/03635465261415842,"['2026/02/24 18:46', '2026/02/24 18:46', '2026/02/24 06:23']",[],1,0,The American journal of sports medicine,doi: 10.1177/03635465261415842,2026 Feb 24;:3635465261415842,"BACKGROUND: Anterior cruciate ligament reconstruction (ACLR) is being increasingly performed in part because of higher injury rates among young athletes (</=25 years). High allograft failure rates support the use of autograft for ACLR in young patients. However, data examining the failure rates of the different autografts used in this population are lacking. PURPOSE: The purpose of this study was to compare graft failure rates among bone-patellar tendon-bone (BPTB), hamstring tendon (HT), and quadriceps tendon (QT) autografts in patients </=25 years old. The secondary aim was to stratify graft failure by potential modifiers, including sex, mean follow-up, time to graft rupture, and concomitant meniscal surgery. STUDY DESIGN: Systematic review and meta-analysis; Level of evidence, 4. METHODS: Studies were included that reported anterior cruciate ligament graft (BPTB, HT, QT) reinjury rates in patients </=25 years old with a minimum 24 months of follow-up. Studies were excluded if they examined revision ACLR, allograft ACLR, allograft augmentation ACLR, or concomitant lateral extra-articular tenodesis or if they failed to report reinjury rates by graft type and young age (</=25 years). RESULTS: This review included 46 studies comprising 10,624 patients (HT: n = 6090, 47.0% female, 54.5-month mean follow-up; BPTB: n = 3990, 63.0% female, 63.6-month mean follow-up; QT: n = 544, 40.3% female, 41.6-month mean follow-up). HT exhibited the highest failure rate at 11.1% (95% CI, 8.8%-13.9%). Failure rates for BPTB and QT were 5.1% (95% CI, 3.5%-7.2%) and 2.5% (95% CI, 0.5%-11.2%), respectively. HT had a significantly higher failure rate than BPTB (Q = 13.1; P < .001). There were no significant differences in failure rates between HT and QT (Q = 3.7; P = .06) or between BPTB and QT (Q = 0.8; P = .4). Males and females had a similar risk of graft failure regardless of graft type. CONCLUSION: The results of this meta-analysis suggest that HT grafts are not the optimal choice for young patients undergoing ACLR. Instead, these patients should consider BPTB to reduce the risk of graft failure. Further research including randomized controlled trials with larger sample sizes are required to determine how QT grafts compare with BPTB grafts in this population.",2026
7,41658706,2026 Jan,2026 Jan 6,Cureus,"['Muscat K', 'Calleja J']",Calleja J,Hamstring Tendon vs. Bone-Patellar Tendon-Bone Grafts for Primary Anterior Cruciate Ligament Reconstruction in Football (Soccer) Players: A Systematic Review and Meta-Analysis.,18,1,e100912,['English'],101596737,2168-8184,2168-8184,"['Journal Article', 'Review']",PubMed,,"['41658706', 'PMC12874929', 'pmc-id: PMC12874929;', '10.7759/cureus.100912']",10.7759/cureus.100912,"['2026/01/04 00:00', '2026/02/09 12:54', '2026/02/09 12:53', '2026/02/09 06:46', '2026/01/06 00:00']",[],1,24,Cureus,doi: 10.7759/cureus.100912,2026 Jan;18(1):e100912,"Anterior cruciate ligament (ACL) rupture is a common and career-impacting injury among football players, often requiring surgical reconstruction. The two most commonly used grafts, hamstring tendon (HT) and bone-patellar tendon-bone (BPTB), have both shown favorable outcomes, but the optimal choice remains debated. This systematic review aimed to evaluate and compare outcomes of ACL reconstruction using HT vs. BPTB autografts specifically in football players. A systematic literature search was conducted across PubMed, Cochrane Library, and MEDLINE databases from inception to January 2025. Eligible studies included randomized controlled trials and observational cohort or case-control studies comparing HT and BPTB autografts in football players undergoing primary ACL reconstruction. The primary outcome was graft failure rate. Secondary outcomes included return to sport, isokinetic muscle strength, patient-reported outcome measures (PROMs), donor-site morbidity, and knee stability. Meta-analyses were performed for outcomes reported in >/=2 studies with statistical heterogeneity (I(2)) </= 60%. Outcomes with high heterogeneity or limited reporting were summarized narratively using the Synthesis Without Meta-analysis (SWiM) guidelines. Risk of bias was assessed using the Risk of Bias 2 (RoB2) and Risk of Bias in Non-Randomized Studies of Interventions Version 2 (ROBINS-I V2) tools. Nine studies with 1,173 participants met the inclusion criteria. Meta-analysis of five studies (n = 1,013) showed no statistically significant difference in graft failure rates between the graft types (HT: 7.88%, BPTB: 6.34%, OR = 1.46, 95% CI: 0.80-2.67, p = 0.22). Return-to-sport rates were also comparable between graft types. Evidence for secondary outcomes was limited. Meta-analysis of extensor strength, based on two studies and heavily weighted toward a single trial, suggested greater strength following HT reconstruction, while flexor strength and donor-site morbidity findings were derived from single studies. PROMs and knee stability outcomes showed no consistent differences. Risk of bias was moderate to serious in most observational studies. This systematic review and meta-analysis found no clear superiority between HT and BPTB grafts in terms of failure rates, return to sport, or stability outcomes in football players. In contrast, evidence regarding muscle strength recovery and donor-site morbidity remains limited and preliminary. These secondary findings should be interpreted cautiously, highlighting the need for further high-quality, football-specific trials.",2026
8,41477109,2026 Mar,2025 Dec 8,J Orthop,"['Shah KP', 'Gelatt T', 'Damaraju K', 'Elias J', 'Shah S', 'Ford E', 'McMillan S']",McMillan S,Bridge Enhanced ACL Repair (BEAR) versus Bone Patella Tendon Bone (BPTB) ACL reconstruction among young athletes: A systematic review and meta-analysis.,73,,30-41,['English'],101233220,0972-978X,0972-978X,"['Journal Article', 'Review']",PubMed,,"['41477109', 'PMC12752715', 'pmc-id: PMC12752715;embargo-date: 2027/03/01;', '10.1016/j.jor.2025.12.008', 'S0972-978X(25)00482-9']",10.1016/j.jor.2025.12.008,"['2025/11/05 00:00', '2025/12/06 00:00', '2027/03/01 00:00', '2026/01/01 07:38', '2026/01/01 07:37', '2026/01/01 04:44']",[],1,34,Journal of orthopaedics,doi: 10.1016/j.jor.2025.12.008,2026 Mar;73:30-41,"INTRODUCTION: Anterior cruciate ligament (ACL) tears are among the leading causes of injuries among young athletes and are traditionally treated with surgical intervention. Recently, the Bridge Enhanced ACL Restoration (BEAR) procedure has gained popularity among surgeons as an alternative to ACL reconstruction (ACLR). Previously, BEAR has been compared to hamstring ACLR; however, little has been reported in comparison to bone-patella-tendon-bone (BPTB) ACLR, auto-, and allograft. PURPOSE: To examine differences in the International Knee Documentation Committee (IKDC) scores of patients undergoing the BEAR procedure compared to BPTB for ACL tears. METHODS: A comprehensive search was conducted utilizing PRISMA 2020 guidelines. The search yielded 261 studies. Using Rayyan.ai, after the initial inclusion and exclusion, 14 studies underwent a full-text review. Inclusion criteria were randomized clinical trials for patients receiving either BEAR or BPTB with IKDC scores at 12- and 24-months. Statistical analysis was performed for random-effects meta-analysis using SPSS for the extracted IKDC scores. RESULTS: 5 studies were included in the meta-analysis. At 12 months, comparison of BEAR (Cohen's d = 3.14) and BPTB (Cohen's d = 2.68) demonstrated no statistical difference. BEAR was found to have a higher clinical significance with an effect size difference of 0.48. A 24-month analysis yielded no clinical or statistical significance for BEAR (Cohen's d = 3.56) compared to BPTB (Cohen's d = 3.39). CONCLUSION: Both BEAR and BPTB ACLR seemed to obtain comparable IKDC scores for addressing ACL injuries at 12- and 24-months post-procedure.",2026
9,41451632,2025 Dec 26,2025 Dec 26,Knee Surg Sports Traumatol Arthrosc,"['Bouchard MD', 'Haque O', 'Cruickshank M', 'Vivekanantha P', 'Tapasvi S', 'Meena A', 'de Sa D']",de Sa D,Ten-year outcomes of combined ACLR and lateral extra-articular tenodesis: A systematic review.,,,,['English'],9314730,0942-2056,1433-7347,"['Journal Article', 'Review']",PubMed - as supplied by publisher,aheadofprint,"['41451632', '10.1002/ksa.70231']",10.1002/ksa.70231,"['2025/10/28 00:00', '2025/07/04 00:00', '2025/11/24 00:00', '2025/12/26 07:40', '2025/12/26 07:40', '2025/12/26 05:42']",[],1,0,"Knee surgery, sports traumatology, arthroscopy : official journal of the ESSKA",doi: 10.1002/ksa.70231,2025 Dec 26;,"PURPOSE: This systematic review evaluates long-term outcomes after anterior cruciate ligament reconstruction (ACLR) with lateral extra-articular tenodesis (LET), including patient-reported outcome measures (PROMs), failure rates, objective knee scores and radiographic osteoarthritis (OA). METHODS: A search of MEDLINE, Embase and Emcare was conducted until April 2025. Studies were eligible if they reported >/=10-year outcomes following combined ACLR and LET in adults. Exclusion criteria included cadaveric, biomechanical, paediatric and non-English studies. Methodological quality was assessed using Risk of Bias 2.0 Tool (RoB 2) for randomized trials and methodological index for non-randomized studies (MINORS) for non-randomized studies. Narrative synthesis and descriptive statistics were performed. RESULTS: Eleven studies (n = 603) were included, with a mean follow-up of 15.8 years (standard deviation [SD] 5.9). Graft failure rates ranged from 0% to 19.5%, with lower rates in studies using stricter revision-based definitions. LET was associated with lower failure and instability rates compared to isolated ACLR in three studies. Radiographic OA findings were mixed: some reported increased lateral OA (notably with bone-patellar tendon-bone [BTB] grafts), while others suggested protective effects, especially in patients with hamstring grafts and prior meniscectomy. Lysholm scores consistently exceeded 85, while Tegner activity levels declined modestly. International Knee Documentation Committee Subjective Knee Form (IKDC-SKF) and Knee Injury and Osteoarthritis Outcome Score (KOOS) scores were favourable, and most patients achieved IKDC objective Grade A or B. CONCLUSION: This review demonstrated that ACLR augmented with LET provided durable long-term outcomes, including high rates of subjective satisfaction and objective stability, without being consistently associated with increased radiographic OA or unacceptable failure rates. However, heterogeneity in study design, surgical technique and outcome reporting limits definitive conclusions. LEVEL OF EVIDENCE: Level IV.",2025
10,41235442,2026 Feb,2025 Nov 14,Knee Surg Sports Traumatol Arthrosc,"['Hasan M', 'Berkovich Y', 'Khatib M', 'Yonai Y', 'Ben Zvi L', 'Alhija AA', 'Shpigelman A', 'Ginesin E']",Ginesin E,Graft selection in ACL reconstruction: Clinical and functional outcomes based on level I-II evidence.,34,2,543-552,['English'],9314730,0942-2056,1433-7347,"['Journal Article', 'Systematic Review']",PubMed - indexed for MEDLINE,ppublish+epublish,"['41235442', '10.1002/ksa.70167']",10.1002/ksa.70167,"['2025/10/09 00:00', '2025/07/25 00:00', '2025/10/12 00:00', '2026/01/28 19:20', '2025/11/14 06:28', '2025/11/14 05:13']",[],1,0,"Knee surgery, sports traumatology, arthroscopy : official journal of the ESSKA",doi: 10.1002/ksa.70167,2026 Feb;34(2):543-552,"PURPOSE: This systematic review aimed to evaluate the clinical and functional outcomes of anterior cruciate ligament reconstruction (ACLR) using various graft types, based exclusively on studies with Level I-II evidence published in Q1-Q2 journals. The goal was to synthesise high-confidence data that can guide graft selection in orthopedic practice. METHODS: A comprehensive literature search of PubMed and Embase was conducted in accordance with PRISMA guidelines. Inclusion criteria were: (1) Level I-II study design, (2) publication in Q1-Q2 journals, (3) comparison of graft types (e.g., BPTB, HT, QT and allografts), and (4) reporting of outcomes including graft failure (GF), return to sport (RTS), anterior knee laxity, and patient-reported outcome measures (PROMs). Eighteen studies met all inclusion criteria. RESULTS: BPTB autografts demonstrated the lowest failure rates (2%-6%) and highest RTS (~81%) but were associated with higher anterior knee pain. Hamstring autografts showed higher failure rates (11%-17%) and lower RTS (~52%) but favourable PROMs. QT autografts had low failure rates (2%-3%), good stability, and reduced donor-site morbidity, with RTS ~ 64% based on limited data. Allograft results were variable: BPTB allografts demonstrated good function in selected populations, while hamstring and tibialis posterior allografts showed higher failure rates (6.2%-13.8%), particularly in younger patients. CONCLUSIONS: BPTB and QT autografts appear to offer the best combination of Failure rate and functional outcomes for high-demand patients. Hamstring autografts remain a practical option but may be less suitable for younger athletes. Allografts-particularly tibialis posterior-should be used cautiously due to elevated failure risk. LEVEL OF EVIDENCE: N/A.",2026
11,41221329,2025,2025 Oct 24,Ann Jt,"['Hauer TM', 'Herman ZJ', 'Cunningham M', 'Fisch A', 'Hughes JD']",Hughes JD,Considerations in revision of anterior cruciate ligament reconstruction in the high-level athlete.,10,,39,['English'],101711195,,2415-6809,"['Journal Article', 'Review']",PubMed,,"['41221329', 'PMC12598426', 'pmc-id: PMC12598426;', '10.21037/aoj-25-25', 'aoj-10-39']",10.21037/aoj-25-25,"['2025/04/22 00:00', '2025/08/15 00:00', '2025/11/12 06:32', '2025/11/12 06:31', '2025/11/12 04:34', '2025/10/24 00:00']",[],1,72,Annals of joint,doi: 10.21037/aoj-25-25,2025;10:39,"Anterior cruciate ligament (ACL) graft failure following ACL reconstruction (ACLR) remains a persistent challenge, especially in the high-level athlete. This review aims to provide a comprehensive overview of the key considerations in revision ACLR, with a particular focus on the high-level athlete. ACL graft failure is multifactorial in origin, with the most common technical error being femoral tunnel malposition. Preoperative evaluation should include a thorough history, physical examination, and advanced imaging such as magnetic resonance imaging and three-dimensional (3D) computed tomography (CT) to assess tunnel position, osteolysis, and associated intra-articular pathology. Concomitant injuries, including meniscal tears and collateral ligament insufficiencies, must be identified and appropriately addressed during revision surgery. Surgical planning must consider prior ACL graft choice, ACL tunnel position, and the potential need for a staged procedure. ACL graft selection should be individualized, though autografts, particularly bone-patellar tendon-bone (BPTB) and quadriceps tendon (QT), are preferred over hamstring tendon (HT) or allograft due to superior outcomes. The decision to perform a single-stage versus two-stage revision is influenced by tunnel placement and tunnel lysis, with a CT scan aiding in preoperative planning. Adjunctive procedures such as a lateral extra-articular tenodesis (LET) or anterolateral ligament (ALL) reconstruction may be considered when certain high-risk characteristics are present, such as young age, knee hyperextension >5 degrees, high-grade pivot shift, multiple revisions, and increased posterior tibial slope (PTS) not meeting criteria for slope-correcting osteotomy. Additionally, slope-reducing or coronal alignment-correcting osteotomies may be necessary in select cases to optimize knee biomechanics and prevent further failure, but literature regarding return to high-level sport following these procedures is limited. Return to sport (RTS) following revision ACLR should be approached as a continuum, incorporating strength, neuromuscular control, and psychological readiness, with emphasis on individualized, criteria-based protocols. Delaying RTS to at least 9 months postoperatively has been associated with reduced ACL graft failure risk. Overall, revision ACLR in the high-level athlete is a complex and nuanced procedure that requires a meticulous, multifactorial approach. By tailoring surgical strategies and postoperative rehabilitation, surgeons can optimize outcomes and facilitate a safe return to competitive sport.",2025
12,40995415,2025 Sep,2025 Sep 22,Orthop J Sports Med,"['Tartibi S', 'Knapik DM', 'Pierson SR', 'Bozorgmehr CK', 'Touhey DC', 'Matava MJ', 'Smith MV', 'Brophy RH']",Brophy RH,Global Variations in Surgical Techniques for Primary Anterior Cruciate Ligament Reconstruction at Minimum 2-Year Follow-up: A Systematic Review of Randomized Clinical Trials.,13,9,23259671251376574,['English'],101620522,2325-9671,2325-9671,['Journal Article'],PubMed,,"['40995415', 'PMC12454979', 'pmc-id: PMC12454979;', '10.1177/23259671251376574', '10.1177_23259671251376574']",10.1177/23259671251376574,"['2025/05/15 00:00', '2025/07/01 00:00', '2025/09/25 06:29', '2025/09/25 06:28', '2025/09/25 05:11', '2025/09/22 00:00']",[],1,205,Orthopaedic journal of sports medicine,doi: 10.1177/23259671251376574,2025 Sep;13(9):23259671251376574,"BACKGROUND: Regional differences in primary anterior cruciate ligament (ACL) reconstruction (ACLR) remain largely unknown. PURPOSE: To systematically review the literature examining Level 1 and Level 2 studies to identify global differences in surgical techniques associated with primary ACLR. STUDY DESIGN: Scoping review; Level of evidence, 1. METHODS: A literature search was conducted following the 2020 PRISMA (Preferred Reporting Items for Systematic Reviews and Meta-Analyses) guidelines using keywords and Boolean phrases in Embase, Cochrane, and PubMed on October 25, 2024. A total of 741 articles were identified. The inclusion criteria were as follows: Level 1 and Level 2 human studies reporting on primary ACLR, with a minimum 2-year follow-up. Studies were categorized into 3 regions (Europe, Asia, and North America), and patient characteristics, surgical details, and graft failure/revision rates were compared between regions using parametric/nonparametric tests. RESULTS: In the 141 studies (n = 11,048 patients) identified, the mean patient age of 28.9 years (range, 13-79 years) and the follow-up of 53.8 months (range, 24-252 months) did not differ by region. Hamstring tendon (HT) autograft use was associated with Asian studies, while bone-patellar tendon-bone (BPTB) and quadriceps tendon (QT) autograft use were associated with European and North American studies. Suspensory fixation was the most common femoral fixation method (n/N = 4605/10,403 patients; 44%), associated with use in Asian studies and with HT autografts, whereas bioabsorbable screws were the most common overall method of tibial fixation (n/N = 4470/10,235 patients; 44%). Graft failure (n/N = 399/8314; 4.8%) was reported less often in Asian than in North American studies. Revision surgery (n/N = 222/6065; 3.7%) was reported less often in Asian than European and North American studies. CONCLUSION: Our study demonstrated that European and North American studies were associated with BPTB and QT autografts, whereas studies from Asia were associated with HT autografts. Femoral suspensory fixation and tibial bioabsorbable screw were most commonly reported. Graft failure and revision rates were broadly similar between regions. These findings suggest potential cultural and training differences worldwide to improve patient treatment outcomes.",2025
13,40977596,2025 Sep 22,2025 Sep 22,Knee Surg Sports Traumatol Arthrosc,"['Hamrin Senorski R', 'Högberg J', 'Teow K', 'Nordenholm A', 'Kaarre J', 'Snaebjörnsson T', 'Musahl V', 'Samuelsson K', 'Hamrin Senorski E']",Hamrin Senorski E,"Smaller hamstrings autograft size after primary ACL reconstruction is associated with higher odds for graft failure: A meta-analysis on autografts sizes covering 46,268 patients.",,,,['English'],9314730,0942-2056,1433-7347,"['Journal Article', 'Review']",PubMed - as supplied by publisher,aheadofprint,"['40977596', '10.1002/ksa.70069']",10.1002/ksa.70069,"['2025/08/13 00:00', '2025/06/11 00:00', '2025/08/14 00:00', '2025/09/22 12:45', '2025/09/22 12:45', '2025/09/22 06:54']",[],1,0,"Knee surgery, sports traumatology, arthroscopy : official journal of the ESSKA",doi: 10.1002/ksa.70069,2025 Sep 22;,"PURPOSE: To investigate the association between autograft size and graft failure for hamstrings tendon (HT), patellar tendon (PT) and quadriceps tendon (QT) autografts. METHODS: Medline, PubMed, Cochrane Library, Embase, Amed and Web of Science were searched at four separate time points, with the most recent search in February 2025. Eligible studies included patients with primary anterior cruciate ligament reconstruction (ACLR) with (graft failures) or without (survivals) graft failure who had specified autograft size for primary ACLR. Graft failure was defined as a re-rupture of the reconstructed ACL and/or positive pivot shift. Standardised mean differences were calculated for continuous variables, and odds ratios expressed with 95% confidence interval for dichotomous variables of autograft size for survivals versus graft failures. Risk of bias was assessed with RoBANS 2/RoB2 and certainty of evidence with GRADE. RESULTS: In total, 46,268 patients, of which 43,660 HT autograft, 2410 PT autograft and 198 QT autograft were covered in 35 studies. An HT autograft size of < 7 mm had 81% greater odds for a graft failure compared to >/= 7 mm (p = 0.01), <8 mm HT autograft size had 46% greater odds for a graft failure compared to >/= 8 mm (p < 0.0001), <9 mm HT autograft size had 34% greater odds for a graft failure compared to >/= 9 mm (p = 0.001). No significant odds for a graft failure were observed for patients with >/= 10 mm HT autograft size compared to < 10 mm, or for patients with PT autograft. Only two of the included studies provided data on the QT autograft where none presented standard deviation, thus these studies could not be pooled and were presented qualitatively. CONCLUSION: Patients treated with a smaller HT autograft size have greater odds for a graft failure compared to patients with a greater autograft size. There was no association between autograft size for patients treated with PT autograft and graft failure. Surgeons should consider autograft size when performing ACLR as the size of HT autografts influences the risk of a graft failure. LEVEL OF EVIDENCE: Level IV.",2025
14,40953143,2025 Nov 5,2025 Sep 15,J Bone Joint Surg Am,"['Chung K', 'Han JH', 'Jung SH', 'Moon HS', 'Jung M', 'Kim SH']",Kim SH,Hamstring Tendon Versus Bone-Patellar Tendon-Bone Autograft for ACL Reconstruction with Concurrent Lateral Extra-Articular Procedure: A Systematic Review and Network Meta-Analysis of Randomized Controlled Trials.,107,21,2425-2436,['English'],0014030,0021-9355,1535-1386,"['Journal Article', 'Systematic Review', 'Comparative Study', 'Network Meta-Analysis']",PubMed - indexed for MEDLINE,ppublish+epublish,"['40953143', '10.2106/JBJS.25.00068', '00004623-202511050-00013']",10.2106/JBJS.25.00068,"['2025/11/05 12:33', '2025/09/15 18:34', '2025/09/15 14:03']",[],1,0,The Journal of bone and joint surgery. American volume,doi: 10.2106/JBJS.25.00068,2025 Nov 5;107(21):2425-2436,"BACKGROUND: No studies have yet evaluated the clinical outcomes of different anterior cruciate ligament (ACL) autografts in combination with a lateral extra-articular procedure (LEP). Thus, we systematically reviewed randomized controlled trials (RCTs) and conducted a network meta-analysis (NMA) to compare graft options for ACL reconstruction (ACLR) with concurrent LEP. METHODS: A systematic search in the PubMed, Embase, Cochrane Library, and Google Scholar databases identified RCTs on primary ACLR plus LEP. Data on ACLR failure, residual knee instability, patient-reported outcome measures, and complications were analyzed using NMA. RESULTS: On the basis of 13 studies (1,690 patients), ACLR with a hamstring tendon (HT) autograft plus LEP was associated with significantly lower odds of graft rupture (odds ratio [OR]: 0.28; 95% confidence interval [CI]: 0.16 to 0.50), graft failure (OR: 0.27; 95% CI: 0.15 to 0.47), clinical failure (OR: 0.48; 95% CI: 0.36 to 0.65), and residual pivot shift (OR: 0.43; 95% CI: 0.22 to 0.84) compared with isolated ACLR. Bone-patellar tendon-bone (BPTB) autograft plus LEP was associated with a significantly lower clinical failure rate (OR: 0.30; 95% CI: 0.12 to 0.80) compared with isolated ACLR. Both HT (mean difference [MD]: 2.40; 95% CI: 1.25 to 3.55) and BPTB (MD: 3.70; 95% CI: 0.85 to 6.55) autograft plus LEP were associated with higher Lysholm scores compared with isolated ACLR. The outcomes did not differ between the graft types when combined with LEP. CONCLUSIONS: The odds of graft rupture, graft failure, and clinical failure after ACLR with HT autograft plus LEP were lower by 72%, 73%, and 52%, respectively, than the odds after isolated ACLR. ACLR with BPTB autograft plus LEP significantly lowered only the odds of clinical failure, by approximately 70%, potentially due to the smaller sample size. Both grafts remain viable options for ACLR plus LEP, with the benefit of LEP requiring further validation. LEVEL OF EVIDENCE: Therapeutic Level I . See Instructions for Authors for a complete description of levels of evidence.",2025
15,40829023,2025 Dec 1,2025 Aug 13,Clin Orthop Relat Res,"['Chen CF', 'Qian SY', 'Li T', 'Yao L', 'Xu Y', 'Wang L', 'Li J']",Li J,Which Graft Is Associated With Better Outcomes in ACL Reconstruction? A Systematic Review and Network Meta-analysis of Randomized Controlled Trials.,483,12,2334-2349,['English'],0075674,0009-921X,1528-1132,"['Journal Article', 'Systematic Review', 'Network Meta-Analysis']",PubMed - indexed for MEDLINE,ppublish+epublish,"['40829023', 'PMC12629372', 'pmc-id: PMC12629372;embargo-date: 2026/12/01;', '10.1097/CORR.0000000000003585', '00003086-202512000-00024']",10.1097/CORR.0000000000003585,"['2025/03/05 00:00', '2025/05/28 00:00', '2026/12/01 00:00', '2025/12/01 18:50', '2025/08/19 18:29', '2025/08/19 15:13']",['doi: 10.1097/CORR.0000000000003628'],1,55,Clinical orthopaedics and related research,doi: 10.1097/CORR.0000000000003585,2025 Dec 1;483(12):2334-2349,"BACKGROUND: In clinical practice, different surgical methods, including autografts, allografts, and artificial ligaments, have been used in reconstruction after ACL injuries. However, the available evidence is conflicting in terms of which approach has yielded better patient-reported outcomes, joint stability, and risk of graft reinjury. A network meta-analysis allows the comparison of approaches that have not been compared head-to-head in individual RCTs. Although several network meta-analyses have been performed on this topic, they are hampered by methodological limitations. QUESTIONS/PURPOSES: We performed an updated network meta-analysis of RCTs to answer the following questions: Considering different grafts applied in ACL reconstruction, which graft is superior in terms of (1) patient-reported outcomes (International Knee Documentation Committee [IKDC] objective score, Lysholm score, and Tegner score), (2) knee stability results (Lachman test, pivot-shift test, and KT-1000/2000 arthrometer side-to-side difference), and (3) risk of graft reinjury? METHODS: We searched the PubMed, Embase, Cochrane Library, and Web of Science databases from January 2000 to November 2024 for completed studies. We reviewed 30,976 papers, and 27 met inclusion criteria, which were as follows: RCTs published in English, RCTs that involved ACL reconstruction with different grafts (autografts, allografts, and artificial ligaments) with fully described surgical techniques, RCTs that reported on at least one of the relevant outcome measures (preoperative and postoperative IKDC objective score, Lysholm score, Tegner score, Lachman test, pivot-shift test, KT-1000/2000 arthrometer side-to-side difference, and risk of graft reinjury), and RCTs that reported a minimum follow-up period of 12 months with at least 80% follow-up completeness. The Cochrane risk-of-bias tool (RoB 2.0) was used to assess the quality of the included studies, with 18 studies judged as being at a low risk of bias and 9 studies assessed as being at an unclear risk of bias. In total, 2572 patients were treated with 16 different types of grafts. The mean length of follow-up was 47 months. The mean age of the included patients was 28 years, and 71% of the patients were male. A Bayesian network meta-analysis was performed via the ""gemtc"" and ""coda"" packages of R Studio, version 4.2.1, and the ""networkplot"" command of Stata 15 software was used to plot network relationships for direct and indirect comparisons between different interventions. The surface under the cumulative ranking curve (SUCRA) was calculated to rank the intervention effects of different interventions. A SUCRA value approaching 1 (100%) indicates a greater probability that the corresponding treatment is superior in terms of efficacy or safety. The most common treatment comparisons were the single-bundle 4-strand semitendinosus with gracilis tendon autograft versus the bone-patellar tendon-bone autograft and the single-bundle 4-strand semitendinosus with gracilis tendon autograft versus the double-bundle 4-strand semitendinosus with gracilis tendon autograft. RESULTS: Although there were no differences when comparing different grafts for traditional pairwise comparisons of patient-reported outcomes, joint stability, and graft reinjury, the network meta-analysis allows ranking of interventions by efficacy or safety through the SUCRA. In terms of patient-reported outcomes, the double-bundle 4-strand semitendinosus with gracilis tendon autograft had the highest ranking for the IKDC objective score (SUCRA 77%), the single-bundle 3-strand semitendinosus tendon autograft was ranked most favorably for the Lysholm score (SUCRA 78%), and the single-bundle 4-strand semitendinosus with gracilis tendon autograft with synthetic artificial ligament had the highest ranking for the Tegner score (SUCRA 90%). Concerning knee stability, the double-bundle 4-strand semitendinosus with gracilis tendon autograft ranked first (SUCRA 58%) on the Lachman test, the single-bundle 5-strand semitendinosus with gracilis tendon autograft ranked first (SUCRA 64%) in terms of the pivot-shift test, and the bone-patellar tendon-bone autograft was ranked most favorably for the KT-1000/2000 arthrometer side-to-side difference (SUCRA 91%). The most effective treatment in terms of graft reinjury was the double-bundle 4-strand semitendinosus with gracilis tendon autograft (SUCRA 70%). Again, a higher SUCRA value (close to 1) represents higher probability of a treatment being ranked among the most effective interventions. CONCLUSION: In ACL reconstruction, based on the results of SUCRA rankings, patients should be counseled that the double-bundle 4-strand semitendinosus with gracilis tendon autograft and the bone-patellar tendon-bone autograft represent potentially superior surgical techniques for simultaneously enhancing patient comfort, restoring knee anterior stability, and having low reinjury risk, and the single-bundle 5-strand semitendinosus with gracilis tendon autograft has the potential advantage in restoring rotational knee stability. To achieve best patient-reported outcomes, the single-bundle 3/4-strand semitendinosus tendon autograft and the single-bundle 4-strand semitendinosus with gracilis tendon autograft with synthetic artificial ligament are also recommended. Further comparisons of different grafts should be performed to determine whether meaningful differences exist between men and women in terms of these surgical outcomes. LEVEL OF EVIDENCE: Level I, therapeutic study.",2025
16,40808857,2025 Jul-Aug,2025 Aug 12,Video J Sports Med,"['Bohn C', 'Hand C', 'Chang J', 'Khazi-Syed D', 'Gornbein C', 'Moran T', 'Forsythe B']",Forsythe B,Re-Revision ACL Reconstruction: A Double-Bundle Technique Video.,5,4,26350254251335672,['English'],9918367588406676,,2635-0254,['Journal Article'],PubMed,,"['40808857', 'PMC12344238', 'pmc-id: PMC12344238;', '10.1177/26350254251335672', '10.1177_26350254251335672']",10.1177/26350254251335672,"['2024/10/21 00:00', '2025/02/19 00:00', '2025/08/14 06:29', '2025/08/14 06:28', '2025/08/14 05:16', '2025/08/12 00:00']",[],1,11,Video journal of sports medicine,doi: 10.1177/26350254251335672,2025 Jul-Aug;5(4):26350254251335672,"BACKGROUND: Anterior cruciate ligament (ACL) tears are a prevalent knee injury, often requiring surgery. While single-bundle reconstruction is the most employed technique for revision procedures, the native ACL consists of 2 anatomic bundles, and the double-bundle reconstruction technique aims to more accurately replicate this native anatomy. This video demonstrates a reproducible method for performing ACL reconstruction (ACLR) utilizing the double-bundle technique. INDICATIONS: Relative indications for revision double-bundle ACLR include revision or re-revision ACLR, previous lateral extra-articular tenodesis (LET), 2 to 3+ pivot shift, normal posterior tibia slope, and large lateral femoral condyles. TECHNIQUE DESCRIPTION: Arthroscopic delineation of the ACL footprint is performed. With a curved, flexible reamer, the anteromedial socket is drilled. The posterolateral socket is reamed secondarily, providing a 2-mm bone bridge separating the 2 femoral tunnels. Two tibial tunnels are drilled under direct arthroscopic visualization. On the back table, a tibialis anterior allograft and bone-patellar tendon-bone allograft are prepared. The posterior bundle graft is initially passed. A cortical button is passed across the femoral cortex, and its position is confirmed. The anteromedial bundle graft is passed secondarily. Femoral fixation is established with a polyether ether ketone (PEEK) interference screw, and both grafts are fixed on the tibial side with a PEEK anchor. Standard closure follows, and the patient is placed in a hinged knee brace locked in extension. RESULTS: A clinical trial including 81 patients with a mean 10.7-year follow-up indicated an 85% survival rate from needing a second revision ACLR when using an allograft. A meta-analysis by Seppanen et al indicated that the double-bundle technique was superior to the single-bundle technique in International Knee Documentation Committee subjective evaluations (P < .05). Another meta-analysis by Dong et al found no statistical difference in clinical outcomes between the single-bundle versus the double-bundle ACLR techniques. DISCUSSION/CONCLUSION: Double-bundle ACLR offers significant anatomic and biomechanical benefits. In the context of re-revision ACLR, the double-bundle method provides additional collagen graft material and enhanced stability, especially in cases where concurrent LET has been performed and the posterior tibial slope remains normal. PATIENT CONSENT DISCLOSURE STATEMENT: The author(s) attests that consent has been obtained from any patient(s) appearing in this publication. If the individual may be identifiable, the author(s) has included a statement of release or other written form of approval from the patient(s) with this submission for publication.",2025
17,40708887,2025 Jul,2025 Jul 24,J Exp Orthop,"['Fritz J', 'Getgood A', 'van Heerwaarden R', 'Parratte S', 'Brown C', 'Tollefson LV', 'LaPrade RF']",LaPrade RF,Combined revision ACL reconstruction with slope-correction osteotomy and lateral extra-articular tenodesis improves stability in patients with high posterior tibial slope and pivot shift.,12,3,e70384,['English'],101653750,2197-1153,2197-1153,['Journal Article'],PubMed,,"['40708887', 'PMC12287818', 'pmc-id: PMC12287818;', '10.1002/jeo2.70384', 'JEO270384']",10.1002/jeo2.70384,"['2025/04/19 00:00', '2025/06/19 00:00', '2025/06/24 00:00', '2025/07/25 06:39', '2025/07/25 06:38', '2025/07/25 04:29', '2025/07/24 00:00']",[],1,39,Journal of experimental orthopaedics,doi: 10.1002/jeo2.70384,2025 Jul;12(3):e70384,"PURPOSE: The purpose of this study was to evaluate the outcomes of patients undergoing single-stage revision anterior cruciate ligament (ACL) reconstruction (ACLR) with bone-patellar tendon-bone (BPTB) autograft, anterior closing wedge proximal tibial osteotomy (ACWPTO) and lateral extra-articular tenodesis (LET). METHODS: An institutional review board-approved retrospective study of all patients who underwent a revision ACLR using a BPTB autograft, ACWPTO and LET from a single centre from 2018 to 2023 was performed. Inclusion criteria were patients >18 years of age with a failed ACLR, posterior tibial slope (PTS) of >15 degrees , previous ACL-tunnel diameters of <14 mm, and intact ipsilateral patellar tendon. PTS and anterior tibial translation (ATT) were measured using the mechanical axis on long weight-bearing lateral tibial radiographs. RESULTS: Nine patients, all men, were evaluated with a mean age of 31.1 years and a mean follow-up of 31.4 months. The PTS significantly decreased from 16.8 degrees  (range: 15.1 degrees -18.9 degrees ) preoperatively to 9.3 degrees  (range: 5.0 degrees -14.7 degrees ) post-operatively (p < 0.001) and ATT significantly decreased from 14.6 mm (range: 10.7-19.0 mm) preoperatively to 6.3 mm (range: 1.3-11.5 mm) post-operatively (p < 0.001). Preoperatively, all patients showed significant instability with the Lachman test Grade 2/3 and the pivot shift test Grade 2/3. Post-operatively, Lachman test grade was 0 and Pivot shift test grade was 0 in all patients (p < 0.01), and the average post-operative subjective International Knee Documentation Committee (IKDC) score was 79.4 (range: 60.9-95.4). CONCLUSIONS: Single-stage revision ACLR using BPTB autograft, ACWPTO and LET in an ACL-deficient knee with high-grade pivot shift and increased PTS was safe and reliable, with significantly improved clinical and objective outcomes. LEVEL OF EVIDENCE: Level IV, case series.",2025
18,40689103,2025 Jul,2025 Jul 18,J Exp Orthop,"['Mercurio M', 'Cofano E', 'Cosentino O', 'Corona K', 'Mocini F', 'Rossi U', 'Galasso O', 'Gasparini G', 'Cerciello S']",Cerciello S,"Hamstring autograft, bone-patellar-tendon-bone autograft and synthetic graft in primary anterior cruciate ligament reconstruction: A meta-analysis of comparative studies.",12,3,e70326,['English'],101653750,2197-1153,2197-1153,"['Journal Article', 'Review']",PubMed,,"['40689103', 'PMC12272514', 'pmc-id: PMC12272514;', '10.1002/jeo2.70326', 'JEO270326']",10.1002/jeo2.70326,"['2025/02/20 00:00', '2025/03/18 00:00', '2025/07/21 17:25', '2025/07/21 17:24', '2025/07/21 07:37', '2025/07/18 00:00']",[],1,42,Journal of experimental orthopaedics,doi: 10.1002/jeo2.70326,2025 Jul;12(3):e70326,"PURPOSE: Anterior cruciate ligament reconstruction (ACLR) yields favourable results, but failure and reinjury rates are still a concern. Graft choice is a modifiable risk factor for surgeons to avoid failure. The topic of optimal graft selection remains a subject of ongoing debate. Graft choices include autografts, allografts and synthetic grafts. The purpose of this meta-analysis was to compare functional outcomes and complications between autografts, hamstring (HT) tendon and bone-patellar-tendon-bone, and synthetic graft in primary ACLR. METHODS: The PubMed, MEDLINE, Scopus and Cochrane Central databases were used for the research, and nine studies were included. The first author, journal name, year of publication, patient demographics, type of surgery, type of graft used for ACLR, time from injury to surgery, and follow-up period were recorded. The data extracted for quantitative analysis included Lysholm activity scale score, Tegner activity scale score, International Knee Documentation Committee (IKDC) score, laxity measured with the KT-1000 knee arthrometer (KT-1000), number of complications, re-rupture, and re-intervention rates. Random and fixed effect models were used for the meta-analysis of pooled mean differences (MDs) and odds ratios (ORs). RESULTS: A total of 734 patients were identified, 377 of whom underwent ACLR with autograft and 326 with synthetic graft. The mean age was 28.7 +/- 20.3 and 31.6 +/- 9.3 years for the ACLR with autograft and ACLR with synthetic graft groups. The mean follow-up durations were 82.3 +/- 38 and 81.4 +/- 39.2 months. Comparable postoperative Lysholm knee score (p = 0.06), Tegner activity scale score (p = 0.64) and IKDC score (p = 0.15) were found between groups. Significantly greater knee laxity was found in the autograft group (2.6 +/- 1.4 and 1.5 +/- 1.4 mm; MD = 1.22, 95% confidence interval [CI]: 0.96, 1.48; p < 0.001). Comparable overall complications (p = 0.70), re-rupture (p = 0.81) and re-intervention (p = 0.85) rates were found between groups. CONCLUSIONS: Compared to ACLR with HT autograft, the ACLR with synthetic graft showed statistically but not clinically important decreased knee laxity. Comparable functional outcomes, complication and re-rupture rates were found between the two groups. LEVEL OF EVIDENCE: Level I, meta-analysis.",2025
19,40679231,2025 Jul 18,2025 Jul 18,Knee Surg Sports Traumatol Arthrosc,"['White T', 'Castro M', 'Antonio L', 'Hing W', 'Tudor F', 'Sattler L']",Sattler L,"Quadriceps, hamstring and patella tendon autografts for primary anterior cruciate ligament reconstruction demonstrate similar clinical outcomes, including graft failure, joint laxity and complications: A systematic review with meta-analysis of randomised controlled trials.",,,,['English'],9314730,0942-2056,1433-7347,"['Journal Article', 'Review']",PubMed - as supplied by publisher,aheadofprint,"['40679231', '10.1002/ksa.12755']",10.1002/ksa.12755,"['2025/05/20 00:00', '2025/02/19 00:00', '2025/05/22 00:00', '2025/07/18 12:30', '2025/07/18 12:30', '2025/07/18 08:42']",[],1,0,"Knee surgery, sports traumatology, arthroscopy : official journal of the ESSKA",doi: 10.1002/ksa.12755,2025 Jul 18;,"PURPOSE: Graft failure following anterior cruciate ligament reconstruction (ACLR) remains a significant challenge, driving discussion for optimal graft choice. Traditionally, hamstring tendon (HT) and bone-patella tendon-bone (BPTB) autografts have been favoured for ACLR. Recently, quadriceps tendon (QT) usage has increased. This systematic review with meta-analysis aims to investigate the available evidence for QT compared to HT and BPTB autografts in terms of graft failure, clinical outcomes, functional outcomes and patient-reported outcome measures (PROMs). METHODS: Five databases (PubMed, Cochrane, Embase, SPORTDiscus and CINAHL) were searched to identify randomised controlled trials comparing QT versus HT or BPTB autografts. Outcomes included graft failure, donor site morbidity, complications, reoperations, clinical measures, functional outcomes, and PROMs. Risk of bias was assessed using the Cochrane risk-of-bias tool (RoB2). Meta-analysis using a random effects model was conducted to determine the pooled risk ratio (RR) or mean difference (MD) with 95% confidence intervals (CIs), and certainty of evidence was evaluated via the GRADE approach. RESULTS: Twelve RCTs consisting of 636 patients were included. Meta-analysis revealed no differences in graft failure rates (RR = 1.00; 95% CI = 0.97-1.04; p = 0.83; I(2) = 0%; high certainty). QT autografts demonstrated lower donor site morbidity when compared to HT and BPTB autografts (RR = 1.45; 95% CI = 1.24-1.70; p < 0.001; I(2) = 0%; high certainty). No differences were observed in joint laxity or PROM scores at 12 and 24 months, except for Knee injury and Osteoarthritis Outcome Score favouring HT and BPTB at 12 months (RR = 2.49; 95% CI = -4.69 to -0.28; p = 0.03; I(2) = 0%; very low certainty). CONCLUSION: QT autografts have similar outcomes for graft failure, laxity and PROMs compared to HT and BPTB; however, QT autografts may have lower donor site morbidity. While each graft type is associated with specific complications and post-operative strength deficits, all three remain viable options for ACLR. LEVEL OF EVIDENCE: Level I, systematic review of Level I randomised controlled studies.",2025
20,40529186,2025,2025 Jun 10,Case Rep Orthop,"['Rolfs H', 'Frousiakis P', 'Sanderson B', 'Kwan B']",Kwan B,Management of Isolated Tibial Plateau Defect in the Setting of Anterior Cruciate Ligament Reconstruction and Meniscus Repair: A Case Report and Review of the Literature.,2025,,5136390,['English'],101591806,2090-6749,2090-6757,"['Case Reports', 'Journal Article']",PubMed,,"['40529186', 'PMC12173553', 'pmc-id: PMC12173553;', '10.1155/cro/5136390']",10.1155/cro/5136390,"['2025/03/17 00:00', '2025/05/08 00:00', '2025/06/18 06:26', '2025/06/18 06:25', '2025/06/18 05:28', '2025/06/10 00:00']",[],1,24,Case reports in orthopedics,doi: 10.1155/cro/5136390,2025;2025:5136390,"Purpose: Our work describes the use of matrix-induced autologous chondrocyte implantation (MACI) for a lateral tibial plateau osteochondral defect, in the setting of a concomitant meniscus repair and anterior cruciate ligament (ACL) reconstruction. To our knowledge, there is minimal research describing the application of MACI for cartilage defects of the tibial plateau, which brings about its own challenges. Methods: A 26-year-old male presented with lateral right knee pain and instability following a soccer injury. A bucket-handle lateral meniscus tear, 2 cm by 2 cm osteochondral defect of the lateral tibial plateau, and complete ACL tear were identified on magnetic resonance imaging (MRI). Our case vignette describes a two-stage MACI procedure for an osteochondral defect of the lateral tibial plateau with concurrent all-inside meniscus repair and ACL reconstruction using bone-patellar tendon-bone (BTB) autograft. Results: Follow up period was 20 months with excellent patient satisfaction and resolution of pain. Outcome measures (International Knee Documentation Committee (IKDC)) and Knee Injury and Osteoarthritis Outcome Score (KOOS) returned to preinjury levels at 8.5 months. Return to sport was achieved at 10 months postoperatively. Conclusion: The miniopen MACI procedure provides a logistically reasonable technique mitigating the anatomic challenges of tibial plateau osteochondral defects and potentially providing improved long-term outcomes. It is our hope that this work will contribute to the current understanding of the treatment options for osteochondral defects of the tibial plateau.",2025
21,40334447,2025 Jun,2025 Apr 25,Int J Surg Case Rep,"['Zied M', 'Jihed BS', 'Hedhili G', 'Abderrahmen S', 'Zied J', 'Slah S']",Slah S,Simultaneous rupture of the anterior cruciate ligament and patellar tendon: report of a case and review of the literature.,131,,111376,['English'],101529872,2210-2612,2210-2612,"['Case Reports', 'Journal Article']",PubMed,ppublish+epublish,"['40334447', 'PMC12127593', 'pmc-id: PMC12127593;', '10.1016/j.ijscr.2025.111376', 'S2210-2612(25)00562-0']",10.1016/j.ijscr.2025.111376,"['2025/02/24 00:00', '2025/04/15 00:00', '2025/04/24 00:00', '2025/05/07 18:49', '2025/05/07 18:48', '2025/05/07 18:07', '2025/04/25 00:00']",[],1,7,International journal of surgery case reports,doi: 10.1016/j.ijscr.2025.111376,2025 Jun;131:111376,"INTRODUCTION AND IMPORTANCE: Simultaneous rupture of the anterior cruciate ligament (ACL) and patellar tendon is a rare and complex injury, often resulting from high-energy trauma. This dual injury presents significant challenges in diagnosis and treatment. CASE PRESENTATION: This is a 29-year-old patient who sustained simultaneous ruptures of the ACL and patellar tendon following right knee trauma. A single-stage surgical treatment was performed, which involved ACL ligament reconstruction using a tendon graft from the contralateral knee and an end-to-end suture of the patellar tendon reinforced with a figure-8 plasty from the ipsilateral knee. The functional results were good: 140 degrees of flexion and full extension with stable support. Clinical evaluation included IKDC, Lysholm, and KOOS scores. The patient returned to work after three months. DISCUSSION: Such combined injuries are rare, and their diagnosis often requires thorough clinical assessment and imaging, especially MRI. Treatment protocols remain debated, with differing opinions on one-stage versus two-stage surgeries. However, early diagnosis and repair of the patellar tendon have been shown to provide the best outcomes. Our proposed technique aims for optimal functional results, emphasizing early intervention, precise repair, and personalized rehabilitation: analgesic physiotherapy, active extension and strengthening work. CONCLUSION: In conclusion, suspicion of simultaneous ACL and patellar tendon rupture should arise in high velocity acute knee trauma with ligamentous laxity and significant hemarthrosis. Prompt diagnosis is the key of management. While a well-established treatment protocol is lacking, the general consensus is that prompt intervention is crucial for the patellar tendon.",2025
22,40297074,2025 Apr,2024 Nov 5,Arthrosc Sports Med Rehabil,"['Dave U', 'Villarreal-Espinosa JB', 'Shah H', 'Cotter EJ', 'Gómez-Verdejo F', 'Carpenter M', 'Gerhold C', 'Mamonov A', 'Chahla J', 'Verma NN']",Verma NN,"Patients Have Similar Clinical Outcomes and Failure Rates After Anterior Cruciate Ligament Reconstruction With Tibialis Anterior Tendon, Bone-Patellar Tendon-Bone, Hamstring Tendon, or Achilles Tendon Allografts: A Systematic Review.",7,2,101035,['English'],101765256,,2666-061X,"['Journal Article', 'Review']",PubMed,,"['40297074', 'PMC12034080', 'pmc-id: PMC12034080;', '10.1016/j.asmr.2024.101035', 'S2666-061X(24)00178-0']",10.1016/j.asmr.2024.101035,"['2024/07/09 00:00', '2024/10/17 00:00', '2025/04/29 11:13', '2025/04/29 11:12', '2025/04/29 04:56', '2024/11/05 00:00']",[],1,38,"Arthroscopy, sports medicine, and rehabilitation",doi: 10.1016/j.asmr.2024.101035,2025 Apr;7(2):101035,"PURPOSE: To compare postoperative outcomes and functionality in patients who undergo primary allograft anterior cruciate ligament reconstruction (ACLR) with tibialis anterior (TA) tendon, bone-patellar tendon-bone (BPTB), hamstring tendon (HT), and Achilles tendon allografts. METHODS: In April 2024, a comprehensive search of the PubMed, Embase, and Cochrane Library databases was performed in accordance with Preferred Reporting Items for Systematic Reviews and Meta-analyses guidelines. Studies were included if they evaluated primary ACLR using allograft, were prospective randomized controlled trials or retrospective studies, compared outcomes in patients undergoing primary ACLR with different allograft types, and were published between 2000 and 2024. Data collection included patient demographic characteristics, graft type, activity level, drilling technique, concomitant and augmentation procedures, patient-reported outcome measures, complications, and graft rerupture rates. Pooling of data was avoided, and qualitative data comparison was conducted. RESULTS: The initial search identified 957 studies, 7 of which were included in this systematic review. Of these, 5 were randomized controlled trials and 2 were retrospective studies. A total of 735 patients were included, with 167 HT patients, 252 BPTB patients, 162 TA patients, and 153 Achilles patients. The mean ages within the cohorts ranged from 23.9 to 37.2 years. The mean follow-up times across studies ranged from 25.6 to 90.0 months. Demographic characteristics were similar among the graft cohorts, and each study had a low risk of bias. Failure rates ranged from 2% to 65% across studies. Similar International Knee Documentation Committee, Lysholm, and Tegner scores were reported among the graft types. Additionally, similar functional outcomes as measured by side-by-side differences in arthrometer readings and similar complication rates after primary ACLR with HT, BPTB, TA, and Achilles allografts were found. CONCLUSIONS: Primary ACLR with allografts in patients older than 23 years is safe and effective with few differences in patient-reported outcomes, postoperative function, and graft failure rates among graft options. LEVEL OF EVIDENCE: Level IV, systematic review of Level I to IV studies.",2025
23,40297067,2025 Apr,2025 Jan 15,Arthrosc Sports Med Rehabil,"['Lee J', 'McCormick JR', 'Credille K', 'Dandu N', 'Wang Z', 'Trasolini NA', 'Darwish RY', 'Chahla J', 'Yanke AB']",Yanke AB,"Patient Age and Activity Level, Posterior Tibial Slope, and Use of Allograft Are Significant Risk Factors for Anterior Cruciate Ligament Reconstruction Failure: A Systematic Review.",7,2,101075,['English'],101765256,,2666-061X,"['Journal Article', 'Review']",PubMed,,"['40297067', 'PMC12034086', 'pmc-id: PMC12034086;', '10.1016/j.asmr.2025.101075', 'S2666-061X(25)00001-X']",10.1016/j.asmr.2025.101075,"['2023/04/10 00:00', '2024/11/25 00:00', '2025/04/29 06:27', '2025/04/29 06:26', '2025/04/29 04:56', '2025/01/15 00:00']",[],1,55,"Arthroscopy, sports medicine, and rehabilitation",doi: 10.1016/j.asmr.2025.101075,2025 Apr;7(2):101075,"PURPOSE: To assess the consistency of risk factor reporting for anterior cruciate ligament reconstruction (ACLR) failure after primary reconstruction, identify risk factors more frequently associated with ACLR failure, and help clinicians prevent reinjury in patients with risk factors for ACLR failure. METHODS: Preferred Reporting Items for Systematic Reviews and Meta-Analyses guidelines were used to conduct a systematic review. Initial title and abstract screening yielded 561 studies, from which 76 studies were assessed for eligibility. Thirty-two full-text studies met the following inclusion criteria: (1) clinical studies of anterior cruciate ligament injuries; (2) patients undergoing ACLR; (3) clinical outcome data, including failure rate; (4) studies assessing preoperative risk factors for failure; and (5) manuscripts published within the past 6 years. These studies were subdivided into those that defined ACLR failure as revision surgery or graft failure. RESULTS: Ten risk factors were included in the review for 22 studies defining ACLR failure as revision surgery. Eight risk factors were included in the review for 10 studies defining ACLR failure as graft failure. Posterior tibial slope (PTS) (80%, 4/5 studies), age (79%, 11/14 studies), and graft characteristics (71%, 5/7 studies) such as allograft versus bone-patellar tendon-bone autograft, high-dose radiation, and BioCleanse preparation technique were the most significant risk factors for revision ACLR. PTS (100%, 2/2 studies) and activity level (67%, 2/3 studies) were the most significant risk factors for graft failure. CONCLUSIONS: Age, PTS, use of allograft, and activity level are significant preoperative risk factors that should be considered when attempting to prevent reinjury in ACLR candidates. Studies investigating risk factors for ACLR failure often fail to control for confounding variables that can influence outcomes. LEVEL OF EVIDENCE: Level IV, systematic review of Level II to IV studies.",2025
24,40297041,2025 Apr,2025 Apr 16,Orthop J Sports Med,"['Gopinatth V', 'Tartibi S', 'Smith MV', 'Matava MJ', 'Brophy RH', 'Knapik DM']",Knapik DM,Long-term Results of Bone-Patellar Tendon-Bone Versus Hamstring Tendon Autograft for Primary Anterior Cruciate Ligament Reconstruction: A Meta-analysis of Randomized Controlled Trials.,13,4,23259671251330307,['English'],101620522,2325-9671,2325-9671,['Journal Article'],PubMed,,"['40297041', 'PMC12034979', 'pmc-id: PMC12034979;', '10.1177/23259671251330307', '10.1177_23259671251330307']",10.1177/23259671251330307,"['2024/10/17 00:00', '2024/11/22 00:00', '2025/04/29 06:27', '2025/04/29 06:26', '2025/04/29 04:55', '2025/04/16 00:00']",[],1,49,Orthopaedic journal of sports medicine,doi: 10.1177/23259671251330307,2025 Apr;13(4):23259671251330307,"BACKGROUND: Bone-patellar tendon-bone (BTB) and hamstring tendon (HT) autografts are the most commonly utilized grafts for primary anterior cruciate ligament reconstruction (ACLR). While previous studies have compared outcomes using BTB and HT grafts for ACLR at short- and mid-term follow-ups, outcomes at long-term follow-ups remain unclear. PURPOSE: To perform a systematic review and meta-analysis of randomized controlled trials (RCTs) evaluating BTB versus HT autografts for primary ACLR at a minimum 10-year follow-up. STUDY DESIGN: Systematic review; Level of evidence, 2. METHODS: A systematic review was performed in accordance with the 2020 PRISMA (Preferred Reporting Items for Systematic Reviews and Meta-Analyses) guidelines by querying 5 databases from inception through May 2024 to identify level 1 and 2 RCTs evaluating outcomes of BTB versus HT autografts for primary ACLR at a minimum 10-year follow-up. A meta-analysis was performed using random-effects models with risk ratios (RRs) for discrete outcomes and mean differences (MDs) for continuous outcomes. RESULTS: Six RCTs-consisting of 495 (BTB, n = 235; HT, n = 260) patients-were identified. The mean age at the follow-up was 41.3 +/- 7.4 years, with men comprising 64% (n = 316/495) of patients. The mean final follow-up time was 14.6 +/- 0.7 years (range, 10-17 years). No significant differences were observed in ACL graft rupture or revision rates (RR, 0.88; P = .70), contralateral ACL rupture rates (RR, 1.27; P = .46), Lysholm scores (MD, -1.27; P = .45), Tegner scores (MD, -0.01; P = .97), extension deficits (RR, 2.67; P = .23), or KT-1000 side-to-side differences (MD, -0.56; P = .10). There was a significantly greater risk of osteoarthritis (OA) progression in ACLR knees compared with the contralateral knee (RR, 3.64; P < .0001); however, there was no difference in OA progression between BTB and HT groups (RR, 1.01; P = .91). CONCLUSION: BTB and HT autografts for primary ACLR demonstrate similar outcomes and rates of OA progression at long-term follow-ups. Knees undergoing ACLR have a greater risk of OA progression compared with healthy contralateral knees.",2025
25,40180134,2025 Oct,2025 Apr 1,Arthroscopy,"['Parmar R', 'Tummala SV', 'Brinkman JC', 'Economopoulos KJ']",Economopoulos KJ,Lateral Extra-Articular Tenodesis With Iliotibial Band in Anterior Cruciate Ligament Autograft Reconstruction for Female Soccer Athletes With Generalized Ligamentous Laxity Yields Graft Failure and Return-to-Sport Rates Comparable With Athletes Without Generalized Laxity.,41,10,4136-4144,['English'],8506498,0749-8063,1526-3231,['Journal Article'],PubMed - indexed for MEDLINE,ppublish+epublish,"['40180134', '10.1016/j.arthro.2025.03.045', 'S0749-8063(25)00241-5']",10.1016/j.arthro.2025.03.045,"['2024/12/19 00:00', '2025/03/05 00:00', '2025/03/16 00:00', '2025/10/25 00:30', '2025/04/04 00:25', '2025/04/03 19:31']",[],1,0,Arthroscopy : the journal of arthroscopic & related surgery : official publication of the Arthroscopy Association of North America and the International Arthroscopy Association,doi: 10.1016/j.arthro.2025.03.045,2025 Oct;41(10):4136-4144,"PURPOSE: To evaluate the effectiveness of adding lateral extra-articular tenodesis (LET) to primary anterior cruciate ligament reconstruction (ACLR) in competitive female soccer athletes with greater preoperative generalized ligamentous laxity. METHODS: A retrospective review of female high school and collegiate soccer players who underwent primary ACLR from 2013 to 2021, with a minimum of 2 years of follow-up, was conducted. Participants were divided into 2 groups: those who received ACLR alone and those who received ACLR with LET. Generalized ligamentous laxity was defined as a Beighton score >/=4 and was not considered an indication for LET. Anterior cruciate ligament (ACL) autografts included the quadriceps, bone-patellar tendon-bone, and hamstrings in both groups. Patient demographics and physical examination findings, including pivot shift results, were collected. Positive pivot-shift refers to a grade >/=2. Patient outcomes included graft failure (defined as ACL retear), International Knee Documentation Committee score, Lysholm score, return to sport, and complications. Independent t tests, chi(2) tests, and Mann-Whitney U tests were conducted to compare outcomes between the 2 groups. Minimally clinical important difference was calculated from preoperative to final follow-up. RESULTS: A total of 133 female soccer players who underwent ACLR met inclusion criteria, including 43 patients that received an ACLR + LET and 90 patients who underwent isolated ACLR. Average follow-up was 39.0 and 36.1 months in the LET group and the control group, respectively. Patients who underwent LET had a greater generalized ligamentous laxity rate (48.8% vs 18.9%; P < .001) and greater median Beighton score (3.0 vs 1.0; P < .001) than those without LET. There was a similar rate of graft failure in patients who underwent LET compared with the control group (4.7% vs 3.0%; P = .658). On the basis of minimally clinical important difference thresholds, there were no clinically relevant differences in International Knee Documentation Committee or Lysholm scores noted between the 2 groups. Return-to-sport rates also were comparable between the LET and control cohorts (90.7% vs 85.6%; P = .807). CONCLUSIONS: The addition of LET during ACLR in female soccer players with preoperative generalized ligamentous laxity yields graft retear and return-to-sport rates comparable with those of athletes without ligamentous laxity. LEVEL OF EVIDENCE: Level III, retrospective comparative study.",2025
26,40147599,2025 Oct,2025 Mar 25,Arthroscopy,"['Emmert AS', 'Hale I', 'Lake LP', 'McMillan P', 'Johnson BM', 'Kurkowski SC', 'Kuechly HA', 'Grawe BM']",Grawe BM,"Varying Definitions of Return to Sport, Study Quality, and Outcome Measurements Limit Comparison of Primary Anterior Cruciate Ligament Reconstruction With Quadriceps Tendon Autografts to Hamstring and Bone-Patellar Tendon-Bone Autografts: A Systematic Review.",41,10,4335-4345,['English'],8506498,0749-8063,1526-3231,"['Journal Article', 'Systematic Review', 'Comparative Study']",PubMed - indexed for MEDLINE,ppublish+epublish,"['40147599', '10.1016/j.arthro.2025.03.036', 'S0749-8063(25)00232-4']",10.1016/j.arthro.2025.03.036,"['2024/10/31 00:00', '2025/03/03 00:00', '2025/03/16 00:00', '2025/10/25 00:30', '2025/03/28 00:24', '2025/03/27 20:32']",[],1,0,Arthroscopy : the journal of arthroscopic & related surgery : official publication of the Arthroscopy Association of North America and the International Arthroscopy Association,doi: 10.1016/j.arthro.2025.03.036,2025 Oct;41(10):4335-4345,"PURPOSE: To systematically review the existing literature on return-to-sport (RTS) outcomes for quadricep tendon (QT) autografts compared to hamstring tendon (HT) and/or bone-patellar tendon-bone (BPTB) autografts for primary anterior cruciate ligament reconstruction (ACLR). METHODS: PubMed/Medline, Scopus, Embase, and Cochrane Library databases were queried for studies comparing RTS data for ACLR with QT autografts versus HT and/or BPTB autografts in accordance with Preferred Reporting Items for Systematic Reviews and Meta-Analyses guidelines. Inclusion criteria were randomized and nonrandomized prospective or retrospective studies evaluating primary ACLR containing RTS data for QT autograft and at least 1 other graft type. Exclusion criteria included patients <18 years of age, patients undergoing revision ACLR, cadaveric/animal studies, and studies lacking graft outcome data. Included studies were analyzed for methodologic data, RTS data, quality, and risk of bias. RESULTS: Ten articles (2 randomized controlled trials, 3 prospective studies, and 5 retrospective studies) comprising 1,006 reconstructions with a level of evidence of II to III and average follow-up of 8 to 120 months were included. Nonrandomized studies most frequently possessed a Methodological Index for Non-Randomized Studies quality rating of ""moderate,"" while half of the randomized studies had a Risk of Bias 2.0 rating of ""some concern of bias."" Four subjective definitions of RTS were identified: (1) return to preinjury activity level based on the Tegner activity scale, (2) return to play, (3) return to level I/II (cutting) sports, and (4) return to preinjury sports. RTS and mean time to RTS rates ranged from 16% to 100% and 8.4 to 11.1 months for QT autografts, 32% to 100% and 8.8 months for HT autografts, and 64% to 85% and 8.1 months for BPTB autografts. CONCLUSIONS: Primary ACLR with QT autografts shows similar overall RTS rates and mean time to RTS as HT and BPTB autografts. However, insufficient quality and quantity of studies investigating RTS outcomes for QT autografts underscore the unreliability of the current literature and need for high-quality, prospective studies. LEVEL OF EVIDENCE: Level III, systematic review of Level II and III studies.",2025
27,39836368,2025 Jul,2025 Jan 21,Am J Sports Med,"['Connors JP', 'Cusano A', 'Saleet J', 'Hao KA', 'Efremov K', 'Parisien RL', 'Seil R', 'Li X']",Li X,Return to Sport and Graft Failure Rates After Primary Anterior Cruciate Ligament Reconstruction With a Bone-Patellar Tendon-Bone Versus Hamstring Tendon Autograft: A Systematic Review and Meta-analysis.,53,8,1996-2006,['English'],7609541,0363-5465,1552-3365,"['Journal Article', 'Systematic Review', 'Meta-Analysis', 'Comparative Study']",PubMed - indexed for MEDLINE,ppublish+epublish,"['39836368', '10.1177/03635465241295713']",10.1177/03635465241295713,"['2025/07/01 09:30', '2025/01/21 12:26', '2025/01/21 11:22']",[],1,0,The American journal of sports medicine,doi: 10.1177/03635465241295713,2025 Jul;53(8):1996-2006,"BACKGROUND: Anterior cruciate ligament (ACL) tears are frequent injuries in athletes that often require surgical reconstruction so that patients may return to their previous levels of performance. While existing data on patient-reported outcomes are similar between bone-patellar tendon-bone (BTB) and hamstring tendon (HT) autografts, the literature regarding return to sport (RTS), return to previous levels of sport activity, and graft failure rate remains limited. PURPOSE: To compare rates of RTS, return to previous activity levels, and graft retears among athletes undergoing primary ACL reconstruction using a BTB versus HT autograft. STUDY DESIGN: Systematic review and meta-analysis; Level of evidence, 4. METHODS: The MEDLINE, Embase, and Cochrane Library databases were queried, and studies reporting on RTS after primary ACL reconstruction using a BTB or HT autograft were included. Exclusion criteria included revision reconstruction, ACL repair, quadriceps tendon autografts, allografts, graft augmentation, or double-bundle autografts. Rates of RTS, return to previous levels of activity, and retears were extracted and analyzed across included studies. RESULTS: A total of 33 articles met inclusion criteria, with a patient cohort of 4810 athletes. The overall RTS rate for all athletes was 80.4% (95% CI, 75.3%-84.6%) at a mean follow-up of 35.7 months, with 54.6% (95% CI, 48.5%-60.6%) returning to preinjury levels of activity. No significant difference was found between BTB and HT autografts with respect to rates of RTS, return to preinjury activity levels, or reruptures. The overall RTS rate in patients after primary ACL reconstruction with a BTB autograft was 83.3% (95% CI, 77.0%-88.2%), with 56.1% (95% CI, 49.3%-62.7%) returning to preinjury levels of activity. Conversely, the overall RTS rate in patients after primary ACL reconstruction with an HT autograft was 77.9% (95% CI, 70.3%-84.0%), with 53.5% (95% CI, 42.8%-63.9%) returning to preinjury levels of activity. The overall graft rerupture rate for the entire patient cohort was 3.6% (95% CI, 2.5%-5.1%), for patients with BTB grafts was 3.2% (95% CI, 1.9%-5.3%), and for patients with HT grafts was 4.4% (95% CI, 2.8%-6.8%). CONCLUSION: Primary ACL reconstruction using BTB autografts demonstrated similar rates of RTS, return to previous activity levels, and reruptures compared with reconstruction using HT autografts.",2025
28,39768969,2024 Dec 20,2024 Dec 20,Medicina (Kaunas),"['Ostojic M', 'Indelli PF', 'Lovrekovic B', 'Volcarenghi J', 'Juric D', 'Hakam HT', 'Salzmann M', 'Ramadanov N', 'Królikowska A', 'Becker R', 'Prill R']",Prill R,Graft Selection in Anterior Cruciate Ligament Reconstruction: A Comprehensive Review of Current Trends.,60,12,,['English'],9425208,1010-660X,1648-9144,"['Journal Article', 'Review']",PubMed - indexed for MEDLINE,epublish,"['39768969', 'PMC11678177', 'pmc-id: PMC11678177;', '10.3390/medicina60122090', 'medicina60122090']",10.3390/medicina60122090,"['2024/11/08 00:00', '2024/12/06 00:00', '2024/12/18 00:00', '2025/01/08 12:25', '2025/01/08 06:21', '2025/01/08 01:21', '2024/12/20 00:00']",[],1,119,"Medicina (Kaunas, Lithuania)",doi: 10.3390/medicina60122090,2024 Dec 20;60(12),"Anterior cruciate ligament (ACL) injuries are common in sports and often require surgical intervention, e.g., ACL reconstruction (ACLR), aimed at restoring knee stability and enabling a return to pre-injury activity levels. The choice of graft is crucial, impacting biomechanical properties, clinical outcomes, and complication rates, and is especially important in revision surgeries after graft failure. Over the past 30 years, trends in graft selection have evolved towards more individualized approaches, considering factors such as patient activity level, prior injuries, and tissue availability. In Europe, autografts like hamstring tendon (HT), bone-patellar tendon-bone (BTB), and quadriceps tendon (QT) are preferred, with the increasing use of QT grafts. This review synthesizes the current literature on graft selection and its influence on ACLR outcomes.",2024
29,39762838,2025 Jan 6,2025 Jan 6,BMC Musculoskelet Disord,"['Su HR', 'Gong X', 'Wang C', 'Wang HJ', 'Gao YT', 'Wang J', 'Ma Y', 'Wang JQ', 'Shi WL']",Shi WL,Higher incidence of postoperative complications in patients with simultaneous patellar tendon and anterior cruciate ligament ruptures following single surgery: a case series and literature review.,26,1,20,['English'],100968565,,1471-2474,"['Journal Article', 'Review']",PubMed - indexed for MEDLINE,epublish,"['39762838', 'PMC11702181', 'pmc-id: PMC11702181;', '10.1186/s12891-024-08173-8', '10.1186/s12891-024-08173-8']",10.1186/s12891-024-08173-8,"['2024/08/07 00:00', '2024/12/09 00:00', '2025/01/07 06:22', '2025/01/07 00:21', '2025/01/06 23:47', '2025/01/06 00:00']",[],1,43,BMC musculoskeletal disorders,doi: 10.1186/s12891-024-08173-8,2025 Jan 6;26(1):20,"BACKGROUND: Patients with simultaneous ruptures of the patellar tendon (PT) and anterior cruciate ligament (ACL) underwent PT repair and ACL reconstruction in a single or staged surgery. However, due to the limited cases, the design of previous studies was mostly case report with varying conclusions regarding recommended surgical strategy selection, the optimal surgical strategy remains a subject of debate. METHODS: We conducted a retrospective case series and literature review, including 10 cases from local institution and 27 cases from 17 studies. Demographic information, injury causes, surgical strategies, combined injuries, whether to return to (pre-injury level) sports, postoperative complications, Lysholm score and International Knee Documentation Committee (IKDC) score were identified retrospectively or reviewed from previous studies. The Fisher's exact test was used to compare the incidence of postoperative complications between different surgical strategy groups, and linear logistic regression was used to analyze factors influencing postoperative knee function scores. RESULTS: Of the 37 patients, 15 patients (40.5%) underwent single surgery and 22 patients (59.5%) underwent staged surgery. Postoperative complications occurred in 5 (33.3%) patients after single surgery and in none after staged surgery, with the former being significantly more frequent than the latter (P = 0.007). Linear regression of postoperative knee function scores showed that surgical strategy did not significantly affect postoperative Lysholm and IKDC scores (P = 0.327 and P = 0.348, respectively). CONCLUSIONS: This study demonstrates that staged surgery significantly reduces postoperative complications compared to single surgery in patients with simultaneous PT and ACL ruptures and should be considered the preferred approach, especially when an expedited return to sports is not a priority.",2025
30,39754419,2025 Mar,2025 Jan 4,Am J Sports Med,"['Tabbaa A', 'Atkins M', 'Montalvo AM', 'Petit CB', 'White MS', 'Petushek EJ', 'Diekfuss JA', 'Myer GD', 'Lamplot JD']",Lamplot JD,Lower ACLR Failure Rates in Bone-Soft Tissue Versus Soft Tissue-Only Allografts in Adults: A Systematic Review and Meta-analysis.,53,3,734-744,['English'],7609541,0363-5465,1552-3365,"['Journal Article', 'Systematic Review', 'Meta-Analysis']",PubMed - indexed for MEDLINE,ppublish+epublish,"['39754419', '10.1177/03635465241250016']",10.1177/03635465241250016,"['2025/03/01 14:41', '2025/01/04 20:07', '2025/01/04 04:13']",[],1,0,The American journal of sports medicine,doi: 10.1177/03635465241250016,2025 Mar;53(3):734-744,"BACKGROUND: While allografts are commonly used for anterior cruciate ligament reconstruction (ACLR), evidence to guide specific allograft selection is lacking. PURPOSE: To compare clinical and graft failure rates after ACLR using soft tissue-only allografts and bone-soft tissue allografts in adults. STUDY DESIGN: Systematic review and meta-analysis; Level of evidence, 4. METHODS: English-language studies with clinical outcome data on primary and revision ACLR in adults with nonirradiated soft tissue-only and bone-soft tissue grafts were identified in the search. Data extracted included allograft type, patient characteristics, follow-up time, and failure rates. The cumulative failure rate was defined as International Knee Documentation Committee grade C/D, graft retear, grade >/=2+ Lachman, grade >/=2+ pivot shift, and/or side-to-side KT-1000 laxity of >5 mm. The graft rupture rate was defined solely by the proportion of patients who had a graft rupture. Meta-analyses using the inverse variance method were used to estimate the pooled rates with 95% CIs. Subgroup analysis was conducted to compare allograft types and determine whether age, sex, and follow-up time influenced the estimates. RESULTS: A total of 14 studies met the inclusion criteria: 7 investigated bone-soft tissue allografts, 6 investigated soft tissue-only allografts, and 1 investigated both. The comparative study showed a difference in the cumulative failure rate between bone-patellar tendon-bone and soft tissue-only allografts. The pooled cumulative failure rates for bone-soft tissue and soft tissue-only allografts were 11% (95% CI, 7-17) and 20% (95% CI, 14-29), respectively (P = .05). The pooled graft rupture rates for bone-soft tissue and soft tissue-only allografts were 6% (95% CI, 4-9) and 13% (95% CI, 7-23), respectively (P = .07). CONCLUSION: The meta-analysis results showed that bone-soft tissue allografts have lower cumulative failure rates than soft tissue-only allografts. Bone-soft tissue allografts may be the preferred allograft choices for ACLR.",2025
31,41659129,2025,2025 Dec 30,Acta Med Litu,"['Strašunskas K', 'Jurkonis R']",Jurkonis R,"Biological Versus Synthetic Grafts in ACL Reconstruction: A Comparative Analysis of Failure Rates, Knee Stability, and Functional Outcomes.",32,2,267-288,['English'],9442465,1392-0138,2029-4174,['Journal Article'],PubMed,ppublish+epublish,"['41659129', 'PMC12875541', 'pmc-id: PMC12875541;', '10.15388/Amed.2025.32.2.13', 'amed-32-267']",10.15388/Amed.2025.32.2.13,"['2025/07/01 00:00', '2025/08/18 00:00', '2025/09/20 00:00', '2025/01/01 00:01', '2025/01/01 00:00', '2026/02/09 06:50', '2025/01/01 00:00']",[],1,42,Acta medica Lituanica,doi: 10.15388/Amed.2025.32.2.13,2025;32(2):267-288,"BACKGROUND: Anterior cruciate ligament (ACL) injuries are among the most common and impactful musculoskeletal injuries, particularly in athletic populations. A variety of biological and synthetic grafts are used in surgical reconstruction, each offering different biomechanical properties and long-term outcomes. MATERIALS AND METHODS: This narrative review analyzed 42 original clinical studies published between 1989 and 2024. Articles were retrieved from PubMed and Google Scholar by using terms such as 'ACL reconstruction', 'BPTB', 'hamstring tendon', 'quadriceps tendon', 'LARS', 'Leeds-Keio', and 'GORE-TEX'. Key outcomes included graft failure rates, postoperative knee stability (e.g., KT-1000, Lachman test), and functional outcomes (Lysholm, Tegner, IKDC). Numerical data were pooled descriptively; no formal meta-analysis was performed. RESULTS: Biological grafts, particularly BPTB and quadriceps tendon autografts, demonstrated the lowest failure rates (as low as 1.2%) and superior mechanical stability (>95% achieving Grade 0-1 laxity) compared to synthetic options. Hamstring tendon autografts were slightly less durable but still reliable. Synthetic grafts, and especially GORE-TEX and Leeds-Keio, were associated with higher failure rates (up to 33%) and complications related to poor biological integration. CONCLUSIONS: BPTB and QT autografts remain the most reliable options for ACL reconstruction, offering excellent long-term outcomes. While synthetic grafts may be appropriate in select patients, they carry a higher risk of failure and complications. Graft selection should be individualized based on the patient activity level, anatomical considerations, and tolerance for donor-site morbidity.",2025
32,39694948,2024 Dec 18,2024 Dec 18,J Orthop Traumatol,"['Zhang XF', 'Liu P', 'Huang JW', 'He YH']",He YH,Efficacy and safety of quadriceps tendon autograft versus bone-patellar tendon-bone and hamstring tendon autografts for anterior cruciate ligament reconstruction: a systematic review and meta-analysis.,25,1,65,['English'],101090931,1590-9921,1590-9999,"['Journal Article', 'Meta-Analysis', 'Systematic Review']",PubMed - indexed for MEDLINE,epublish,"['39694948', 'PMC11656020', 'pmc-id: PMC11656020;', '10.1186/s10195-024-00801-2', '10.1186/s10195-024-00801-2']",10.1186/s10195-024-00801-2,"['2023/12/28 00:00', '2024/11/01 00:00', '2024/12/19 00:21', '2024/12/19 00:20', '2024/12/18 23:14', '2024/12/18 00:00']",[],1,64,Journal of orthopaedics and traumatology : official journal of the Italian Society of Orthopaedics and Traumatology,doi: 10.1186/s10195-024-00801-2,2024 Dec 18;25(1):65,"BACKGROUND: Quadriceps tendon (QT), bone-patellar tendon-bone (BPTB), and hamstring tendon (HT) autografts are widely used for anterior cruciate ligament reconstruction (ACLR), but the optimal autograft choice remains controversial. This study assessed the treatment effects of QT versus BPTB and HT autografts for ACLR. METHODS: The PubMed, Embase, and Cochrane Library databases were systematically searched for eligible studies published from inception until July 2022. Effect estimates were presented as odds ratios (OR) and weighted mean differences (WMD) with 95% confidence intervals (CI) for categorical and continuous variables, respectively. All pooled analyses were performed using a random-effects model. RESULTS: Twenty-one studies (3 randomized controlled trials [RCTs], 3 prospective studies, and 15 retrospective studies) involving 2964 patients with ACLR were selected for meta-analysis. Compared with the HT autograft, the QT autograft was associated with a reduced risk of graft failure (OR: 0.46; 95% CI: 0.23-0.93; P = 0.031). Compared with the BPTB autograft, the QT autograft was associated with a reduced risk of donor site pain (OR: 0.16; 95% CI: 0.10-0.24; P < 0.001). Moreover, the QT autograft was associated with a lower side-to-side difference than that observed with the HT autograft (WMD: - 0.74; 95% CI: - 1.47 to - 0.01; P = 0.048). Finally, compared with the BPTB autograft, the QT autograft was associated with a reduced risk of moderate-to-severe kneecap symptoms during sports and work activities (OR: 0.14; 95% CI: 0.05-0.37; P < 0.001). CONCLUSIONS: The findings of this study suggest that the QT autograft can be defined as a safe and effective alternative choice for ACLR, but its superiority is yet to be proven by RCTs and prospective studies. Level of evidence Level III.",2024
33,39583150,2024 Nov,2024 Nov 21,Orthop J Sports Med,"['Petit CB', 'Hussain ZB', 'McPherson A', 'Petushek EJ', 'Montalvo AM', 'White MS', 'Slone HS', 'Lamplot JD', 'Xerogeanes JW', 'Myer GD']",Myer GD,"Graft Failure in Pediatric Patients After Bone-Patellar Tendon-Bone, Hamstring Tendon, or Quadriceps Tendon Autograft ACLR: A Systematic Review and Meta-analysis.",12,11,23259671241289140,['English'],101620522,2325-9671,2325-9671,"['Journal Article', 'Review']",PubMed,,"['39583150', 'PMC11585031', 'pmc-id: PMC11585031;', '10.1177/23259671241289140', '10.1177_23259671241289140']",10.1177/23259671241289140,"['2024/04/07 00:00', '2024/04/18 00:00', '2024/11/25 11:35', '2024/11/25 11:34', '2024/11/25 05:07', '2024/11/21 00:00']",[],1,67,Orthopaedic journal of sports medicine,doi: 10.1177/23259671241289140,2024 Nov;12(11):23259671241289140,"BACKGROUND: Anterior cruciate ligament (ACL) reinjury risk is high in young athletes, with graft failure rates as high as 23%. The optimal autograft choice to minimize reinjury risk in this population is unclear. PURPOSE: To compare graft failure rates between bone-patellar tendon-bone (BPTB), hamstring tendon (HT), and quadriceps tendon (QT) autografts in patients aged </=18 years with a minimum follow-up (FU) of 24 months. STUDY DESIGN: Systematic review; Level of evidence, 4. METHODS: A systematic review of the literature between database inception and March 2022 encompassed PubMed/MEDLINE, Cochrane CENTRAL, Embase, and Web of Science Core Collection databases. Studies on autograft ACL reconstruction (ACLR) using HT, QT, or BPTB autograft in patients </=18 years old with a minimum FU of 2 years were included. Graft failure rates were pooled and estimated using random-effects models via the inverse variance method and logit transformations. Meta-analyses were used to estimate failure rates and pairwise comparisons were conducted by autograft type when appropriate. RESULTS: A total of 24 studies comprising 2299 patients (HT: n = 1237, 44.8% female, 59.1-month mean FU; BPTB: n = 913, 67.3% female, 79.9-month mean FU; QT: n = 149, 36.4% female, 35.3-month mean FU) were included. HT exhibited the highest failure rate at 11.8% (95% CI, 9.0%-15.4%); failure rates for BPTB and QT were 7.9% (95% CI, 6.2%-10.0%) and 2.7% (95% CI, 1.0%-7.5%), respectively. HT had a significantly higher failure rate than both BPTB (Q = 5.01; P = .025) and QT (Q = 7.70; P = .006); BPTB had a significantly higher failure rate than QT (Q = 4.01; P = .045). Male patients were less likely than their female counterparts to experience graft failure after HT ACLR (odds ratio, 0.48; 95% CI, 0.25-0.95). CONCLUSION: While the HT remains a common choice for ACLR, the current aggregate data indicate that BPTB and QT demonstrated significantly lower failure rates than HT ACLR in adolescent athletes </=18 years old. The QT demonstrated the lowest failure rate in adolescents but also the lowest proportion of patients represented due to a paucity of published QT data, indicating a need for future studies with larger sample sizes that include QT autografts, reduced risk of bias, and consistent reporting on skeletal maturity and surgical technique to better determine the ideal autograft for active athletic populations </=18 years old.",2024
34,39378699,2024 Dec,2024 Oct 7,Knee,"['Chhabra Y', 'Saroha S', 'Hasan K', 'Thakrar R', 'Patel A']",Patel A,Bone Patella Bone allografts show superior outcomes in revision ACL reconstruction: A systematic review and meta-analysis.,51,,206-220,['English'],9430798,0968-0160,1873-5800,"['Journal Article', 'Systematic Review', 'Meta-Analysis']",PubMed - indexed for MEDLINE,ppublish+epublish,"['39378699', '10.1016/j.knee.2024.09.006', 'S0968-0160(24)00160-1']",10.1016/j.knee.2024.09.006,"['2024/01/21 00:00', '2024/09/12 00:00', '2024/09/13 00:00', '2024/12/06 05:30', '2024/10/09 04:50', '2024/10/08 18:06']",[],1,0,The Knee,doi: 10.1016/j.knee.2024.09.006,2024 Dec;51:206-220,"BACKGROUNDS AND AIMS: This study explores the impact of allograft selection in revision ACL reconstruction (RACLR). Allografts reduce donor-site morbidity and surgery duration but are costly and may prolong graft integration times. We aimed to assess various allograft subtypes for their efficacy and failure rates in RACLR. MATERIALS AND METHODS: Following Preferred Reporting Items for Systematic Review and Meta-Analysis (PRISMA) guidelines and a pre-defined protocol (ID: CRD42023432517), a systematic review of Cochrane Library, Embase, MEDLINE, Web of Science, and Scopus was performed for allograft studies. The primary outcome was failure rate (graft re-rupture/revision). Secondary outcomes included functional scores, infection rates, and return to sport levels. The meta-analysis weighted studies by standard error. RESULTS: Studies assessing Bone Patella Bone (BPTB), Tibialis Anterior, and Achilles allografts were included. The results indicate non-statistically significant odds ratios when comparing re-rupture rates for BPTB versus both Achilles (OR 3.69) and Tibialis Anterior (OR 1.26) with low or no heterogeneity. Tibialis Anterior displayed a lower failure rate than Achilles (OR 1.26 vs. 3.69). Secondary outcomes favoured BPTB, showing positive KOOS and IKDC scores, while Achilles reported Lysholm scores (83.8 +/- 11.3) and 62% return to sport. Tibialis Anterior outcomes included a Lysholm score (92 +/- 4.0). CONCLUSION: This study provides insights into graft selection for RACLR. BPTB demonstrated favourable graft failure rates compared to Tibialis Anterior and Achilles allografts. No statistically significant differences were observed in other outcomes between subtypes, emphasising the need for standardised reporting in RACLR studies and supporting avenues for future research.",2024
35,39212690,2024 Dec,2024 Aug 30,Eur J Orthop Surg Traumatol,"['Fortier LM', 'Adelstein JM', 'Sinkler MA', 'Moyal AJ', 'Burkhart RJ', 'Vakharia AM', 'Dasari SP', 'Chahla J']",Chahla J,Patellar tendon restoration techniques: a systematic review of outcomes for repair and reconstruction methods.,34,8,3827-3845,['English'],9518037,1633-8065,1432-1068,"['Journal Article', 'Systematic Review']",PubMed - indexed for MEDLINE,ppublish+epublish,"['39212690', '10.1007/s00590-024-04078-3', '10.1007/s00590-024-04078-3']",10.1007/s00590-024-04078-3,"['2024/06/23 00:00', '2024/08/18 00:00', '2024/10/28 18:23', '2024/08/31 09:45', '2024/08/30 11:13']",[],1,0,European journal of orthopaedic surgery & traumatology : orthopedie traumatologie,doi: 10.1007/s00590-024-04078-3,2024 Dec;34(8):3827-3845,"PURPOSE: This systematic review aims to delineate the various methods to repair or reconstruct the patellar tendon using the available literature. METHODS: MEDLINE and PubMed electronic databases were searched for English language clinical studies involving patellar tendon rupture repair or reconstruction that reported patient-reported outcome scores (PROS) between January 1st, 1953 and June 17th, 2021. Data was extracted on full text articles to collect functional outcome scores and rupture category, including acute, chronic, post-total knee arthroplasty (TKA) and post-anterior cruciate ligament reconstruction (ACLR). RESULTS: Twenty-three studies with a total of 738 patients were included. Of the 14 studies including acute repairs, mean postoperative Lvsholm scores ranged from 84 to 99.5. Knee Society Score (KSS) and knee range of motion (ROM) measurement were the most widely reported outcomes in the chronic setting. The average postoperative KSS scores ranged from 70 to 87.7. Of the six studies that included patellar tendon repairs/reconstructions in the setting of prior TKA, the most frequently reported outcomes were KSS scores and knee ROM measurements. The average postoperative KSS scores for the three cohorts reporting reconstruction with allograft ranged from 79 to 88 as compared to the average postoperative KSS score for reconstruction with autograft of 70. CONCLUSION: Despite this heterogeneity, we concluded: (1) in the primary setting, cerclage augmentation yields the lowest lysholm scores and should not be considered, although primary repairs with and without augmentation yield comparable postoperative lysholm scores, (2) in the chronic setting, repair with augmentation and reconstruction yielded similar results aside from in post-TKA patients where allograft reconstruction yielded superior KSS scores.",2024
36,39209072,2025 Jun,2024 Aug 28,Arthroscopy,"['Paschos NK', 'Reikersdorfer K', 'Jayne C', 'McGauley C', 'Brodeur J', 'Medina G', 'Cote M']",Cote M,"Revision Anterior Cruciate Ligament Reconstruction in Pediatric and Adolescent Patients Yields Low Rates of Graft Failure and Good Functional Scores, but Low Rates of Return to Sport: A Systematic Review.",41,6,2134-2142,['English'],8506498,0749-8063,1526-3231,"['Journal Article', 'Systematic Review']",PubMed - indexed for MEDLINE,ppublish+epublish,"['39209072', '10.1016/j.arthro.2024.08.014', 'S0749-8063(24)00612-1']",10.1016/j.arthro.2024.08.014,"['2024/03/03 00:00', '2024/08/01 00:00', '2024/08/03 00:00', '2025/05/31 00:36', '2024/08/31 09:44', '2024/08/29 19:26']",[],1,0,Arthroscopy : the journal of arthroscopic & related surgery : official publication of the Arthroscopy Association of North America and the International Arthroscopy Association,doi: 10.1016/j.arthro.2024.08.014,2025 Jun;41(6):2134-2142,"PURPOSE: To evaluate outcomes after revision anterior cruciate ligament reconstruction (ACLR) in pediatric and adolescent patients in terms of graft failure rate and functional patient outcomes. METHODS: A systematic review of Cochrane, Embase, Scopus, Ovid, and PubMed databases was performed for all original clinical studies that reported outcomes of pediatric and adolescent patients undergoing revision ACLR. Non-English studies and studies not reporting both graft failure rates and an additional outcome measure were excluded. We evaluated patient demographics, injury mechanisms, surgical technique characteristics, concomitant injuries, failure rates, patient-reported outcome measures (PROMs), complications, and return to sports rates. Risk of bias (ROB) was assessed with the methodological index for nonrandomized studies (MINORS). RESULTS: Five studies with a total of 239 knees in 234 patients were included. Failure of the revision ACLR ranged from 9% to 21%. Return to previous level of activity ranged between 27% and 68%. PROMs were variable, with good Lysholm Knee Scoring Scale score (range 84.5-93.7), moderate Tegner Activity Score (range 5.5-9.0), and good International Knee Documentation Committee knee scores (range 79.9-80.0). Allograft was used in 48% of revisions, followed by bone patellar tendon bone autograft in 34%, and hamstrings (HS) autograft in 14%. Meniscus injury and cartilage injury was present in 53.1% to 92.5% and 5.5% to 59.4% of knees, respectively. Gwet's AC1 coefficient was 0.89, indicating a high degree of interrater reliability. The average MINORS score was 6, and heterogeneity was low (I(2) = 9%). The included studies did not present with sufficient detail to disaggregate clinical outcomes by patient sex. CONCLUSIONS: Revision ACLR yields a graft failure ranging from 9 to 20%. Revision patients experience good PROMs but low rates of return to preinjury level of sport. Further, revision ACLR was associated with high rates of intra-articular damage and relatively low rates of meniscal repair at the time of second surgery. LEVEL OF EVIDENCE: Level IV, systematic review of Level IV studies.",2025
37,39043018,2024 Aug,2024 Jul 22,Knee,"['Raj S', 'Ridha A', 'Searle HKC', 'Khatri C', 'Ahmed I', 'Metcalfe A', 'Smith N']",Smith N,Quadriceps tendon versus hamstring tendon graft for primary anterior cruciate ligament reconstruction: A systematic review and meta-analysis of randomised trials.,49,,226-240,['English'],9430798,0968-0160,1873-5800,"['Journal Article', 'Systematic Review', 'Meta-Analysis']",PubMed - indexed for MEDLINE,ppublish+epublish,"['39043018', '10.1016/j.knee.2024.07.002', 'S0968-0160(24)00100-5']",10.1016/j.knee.2024.07.002,"['2024/03/06 00:00', '2024/05/13 00:00', '2024/07/02 00:00', '2024/08/23 00:43', '2024/07/24 00:42', '2024/07/23 18:03']",[],1,0,The Knee,doi: 10.1016/j.knee.2024.07.002,2024 Aug;49:226-240,"BACKGROUND: Anterior cruciate ligament reconstruction (ACLR) is most commonly performed with hamstring tendon (HT) or bone-patellar tendon-bone (BTB) autografts, although the quadriceps tendon (QT) autograft has recently increased in popularity. This systematic review and meta-analysis review compares QT and HT autografts for primary ACLR with a sole focus on randomised controlled trials (RCTs). METHODS: A prospective protocol was registered on PROSPERO (CRD42023427339). The search included MEDLINE, Embase and Web of Science until February 2024. Only comparative RCTs were included. The primary outcome was the International Knee Documentation Committee (IKDC) Subjective Knee Evaluation Form score. Secondary outcomes included: other validated patient-reported outcome measures (PROMs), objective strength scores, complications, and return to sport and work. RESULTS: From 2,609 articles identified, seven were included (n = 474 patients). This meta-analysis did not identify a significant difference in post-operative IKDC scores (5 articles; p = 0.73), Lysholm scores (3 studies; p = 0.80) or Tegner activity scales (2 studies; p = 0.98). There were no differences in graft failure rates (4 studies; p = 0.92) or in overall adverse events (4 studies; p = 0.83) at 24 months post-ACLR as per meta-analysis. Donor site morbidity scores were significantly lower in the QT group (MD -4.67, 95% CI -9.29 to -0.05; 2 studies, 211 patients; p = 0.05, I(2) = 34%). CONCLUSION: There were no differences between QT and HT in PROMs, graft failure rates or overall complications based on low- to moderate-quality evidence. There may possibly be lower donor site morbidity with the QT autograft, however, the evidence is not sufficient to draw definitive conclusions.",2024
38,39019692,2025 Apr,2024 Jul 17,Orthop Traumatol Surg Res,"['Khalefa MA', 'Aujla RS', 'Aslam N', 'Boutefnouchet T', ""D'Alessandro P"", 'MacDonald PB', 'Malik SS']",Malik SS,No increased complication rate with the use of soft tissue quadriceps tendon autograft for primary ACL reconstruction - a systematic review.,111,2,103926,['English'],101494830,,1877-0568,"['Journal Article', 'Systematic Review']",PubMed - indexed for MEDLINE,ppublish+epublish,"['39019692', '10.1016/j.otsr.2024.103926', 'S1877-0568(24)00173-7']",10.1016/j.otsr.2024.103926,"['2023/08/06 00:00', '2024/05/07 00:00', '2024/07/03 00:00', '2025/03/30 23:02', '2024/07/18 00:42', '2024/07/17 21:58']",[],1,0,"Orthopaedics & traumatology, surgery & research : OTSR",doi: 10.1016/j.otsr.2024.103926,2025 Apr;111(2):103926,"BACKGROUND: The autograft of choice for anterior cruciate ligament reconstruction (ACLR) remains debateable. Recently there has been increased popularity of soft tissue quadriceps tendon (s-QT) autograft due to less donor site morbidity, reduced anterior knee pain and comparable re-operation and complication rates. The aim of this review was to analyse functional outcomes of primary ACLR using s-QT in adult population without the bone plug and to report its complication profile against other autografts. PATIENT AND METHODS: This systematic review was performed in accordance with PRISMA guidelines and a review of literature was conducted on four online databases (Medline, EMBASE, Cochrane and Google Scholar). Clinical studies reporting on patients undergoing primary ACLR with s-QT autograft or in comparison to BPTB or HS autografts with a minimum of 6 months follow-up were included. The studies were inclusive of only all soft tissue QT autograft regardless of the implants or fixation method used. Critical appraisal of studies was conducted using the Methodological Index for Non-Randomized Studies (MINORS) tool. RESULTS: Fourteen studies were eligible. There were three randomised control studies (RCT) and 11 non-randomised comparative studies with 1543 patients who underwent ACLR. 682 underwent s-QT, 498 had hamstring tendon (HT) and 174 had bone-patellar tendon-bone (BPTB). 60% (n = 930) were males and mean follow up was 23.6 months (6-65). Eight studies reported post-operative patient reported outcome measures (PROMs). The mean International Knee Documentation Committee (IKDC) score was 91.5 +/- 15.1 whereas mean Lysholm score was 90 +/- 3.9. Five studies reported on laxity with mean anterior tibial translation (ATT) of 1.28 +/- 1.09 mm. Overall complication rate of s-QT ACLR was 6% with 3% graft failure, 0.52% arthrofibrosis, 0.2% infection, 0.75% revision ACLR. There was no significant difference in functional outcome scores, knee stability and range of motion (ROM) between s-QT, HT and BPTB. CONCLUSION: s-QT for ACLR has a comparable functional outcome, laxity, failure and with overall graft failure rate of 3%. LEVEL OF EVIDENCE: III; Systematic review and meta-analysis.",2025
39,39015051,2025 Feb,2024 Jul 17,Knee Surg Sports Traumatol Arthrosc,"['Vivekanantha P', 'Kahlon H', 'Hassan Z', 'Slawaska-Eng D', 'Abdel-Khalik H', 'Johnson J', 'de Sa D']",de Sa D,Hamstring autografts demonstrate either similar or inferior outcomes to quadriceps or bone-patellar tendon-bone autografts in revision anterior cruciate ligament reconstruction: A systematic review of comparative studies.,33,2,413-427,['English'],9314730,0942-2056,1433-7347,"['Journal Article', 'Systematic Review']",PubMed - indexed for MEDLINE,ppublish+epublish,"['39015051', '10.1002/ksa.12366']",10.1002/ksa.12366,"['2024/06/26 00:00', '2023/09/19 00:00', '2024/07/04 00:00', '2025/02/04 17:06', '2024/07/17 06:43', '2024/07/17 03:53']",[],1,0,"Knee surgery, sports traumatology, arthroscopy : official journal of the ESSKA",doi: 10.1002/ksa.12366,2025 Feb;33(2):413-427,"PURPOSE: To evaluate the clinical outcomes in patients undergoing revision anterior cruciate ligament reconstruction (r-ACLR) using hamstring tendon (HT) autografts with those using either quadriceps tendon (QT) or bone-patellar tendon-bone (BPTB) autografts or allografts. METHODS: Three databases were searched on 8 August 2023. The authors adhered to the Preferred Reporting Items for Systematic Reviews and Meta-Analyses (PRISMA) and Revised Assessment of Multiple Systematic Reviews (R-AMSTAR) guidelines and the Cochrane Handbook for Systematic Reviews of Interventions. Data on demographics, surgical details, patient-reported outcome measures (PROMs), rates of instability, failure and return to sport (RTS) were extracted. RESULTS: Eleven studies comprising 859 patients were included in this review. Five studies compared HT and QT autografts. One study each reported greater IKDC scores (p = 0.04) and Tegner scores (p = 0.04) in the QT group, while one study each reported higher anterior translation (p = 0.04), rates of positive pivot shift (p = 0.03) and rates of failure (p = 0.03) in the HT group. Six studies compared HT and BPTB autografts with one study each reporting greater Lysholm scores (p = 0.02) and less side-to-side anterior laxity (p < 0.01) in the BPTB group. Two studies compared HT autografts with allografts with only one study reporting a faster time to RTS in the HT group than the allograft group (p < 0.001). All other comparisons were not significant. CONCLUSIONS: HT autografts result in either similar or inferior outcomes in r-ACLR when compared to QT or BPTB autograft options. Allografts resulted in similar outcomes to HT autografts apart from greater time to RTS for r-ACLR. LEVEL OF EVIDENCE: Level III.",2025
40,38846230,2024 May,2024 May 7,Cureus,"['Krumbach B', 'Meretsky C', 'Schiuma AT', 'Ajebli M']",Ajebli M,"A Comparative Analysis of Quadriceps Tendon, Patellar Tendon Bone Allograft, and Cadaver Graft in Anterior Cruciate Ligament (ACL) Repair and Reconstructive Surgery.",16,5,e59836,['English'],101596737,2168-8184,2168-8184,"['Journal Article', 'Review']",PubMed,,"['38846230', 'PMC11156480', 'pmc-id: PMC11156480;', '10.7759/cureus.59836']",10.7759/cureus.59836,"['2024/05/07 00:00', '2024/06/07 06:43', '2024/06/07 06:42', '2024/06/07 04:41', '2024/05/07 00:00']",[],1,56,Cureus,doi: 10.7759/cureus.59836,2024 May;16(5):e59836,"Anterior cruciate ligament (ACL) injuries are a common occurrence among athletes and active individuals, often necessitating surgical intervention for optimal recovery. The choice of graft material for ACL reconstruction remains a topic of debate, with various options available, including quadriceps tendon (QT), patellar tendon bone allograft (PTBA), and cadaver graft (CG). This paper aims to provide an extensive review and comparison of the efficacy, outcomes, and complications associated with these graft types based on recent research. A systematic literature search following PRISMA guidelines was conducted to identify relevant studies published in the past six years. The findings suggest that while each graft type has its advantages and limitations, there is no definitive superior choice. Factors such as patient age, activity level, comorbidities, and surgeon preference should be considered when selecting the most appropriate graft for ACL repair surgery. QT grafts are associated with lower donor-site morbidity compared to patellar tendon grafts. However, QT grafts may have a higher risk of graft rupture and decreased knee flexion strength. PTBA grafts, compared to QT grafts, have a higher risk of donor-site morbidity but a lower risk of graft rupture and improved knee stability. CG grafts have lower donor-site morbidity compared to PTBA grafts but may have a higher risk of graft rupture and decreased knee flexion strength compared to PTBA grafts. In conclusion, the choice of graft material for ACL reconstruction is a complex decision that requires careful consideration of various factors, including patient age, activity level, comorbidities, and surgeon preference. While each graft type has its advantages and limitations, there is no definitive superior choice. Therefore, it is essential to carefully weigh the risks and benefits of each graft type to ensure optimal outcomes for patients undergoing ACL repair surgery.",2024
41,38587546,2024 Apr,2024 Apr 8,Oper Orthop Traumatol,"['Petersen W', 'Al Mustafa H', 'Häner M', 'Harrer J', 'Braun K']",Braun K,[Subtuberosity anterior closing wedge osteotomy to correct the increased posterior slope of the tibial plateau].,36,2,117-124,['German'],9604937,0934-6694,1439-0981,"['English Abstract', 'Journal Article', 'Review']",PubMed - indexed for MEDLINE,ppublish+epublish,"['38587546', '10.1007/s00064-024-00845-x', '10.1007/s00064-024-00845-x']",10.1007/s00064-024-00845-x,"['2023/05/01 00:00', '2023/09/01 00:00', '2023/08/27 00:00', '2024/04/15 06:43', '2024/04/08 12:44', '2024/04/08 11:04']",[],1,0,Operative Orthopadie und Traumatologie,doi: 10.1007/s00064-024-00845-x,2024 Apr;36(2):117-124,"OBJECTIVE: Reduction of increased reclination of the tibial plateau (posterior slope) to improve the anterior stability of the knee joint. INDICATIONS: Increased posterior reclination of the tibial plateau greater than 12 degrees  in combination with recurrent instability after anterior cruciate ligament (ACL) reconstruction. CONTRAINDICATIONS: Hyperextension of more than 15 degrees  (relative). SURGICAL TECHNIQUE: Anterior skin incision approximately 8-10 cm above the tibial tuberosity. Insertion of two converging guidewires directly below the patellar tendon ending obliquely in the area of the posterior cruciate ligament (PCL) insertion. Control of the wire position with the image intensifier core. Oscillating saw osteotomy. Removal of the wedge and closure of the osteotomy. Osteosynthesis with interfragmentary screw and medial angle-stable plate. POSTOPERATIVE MANAGEMENT: Partial load with 10-20 kg for 2 weeks, then step by step increase in load. Mobility: free. RESULTS: To date we have operated on 36 patients with recurrent instability after ACL reconstruction (20 men, 16 women, average age 34.4 years) in the manner described in this article. In 25 cases, enlarged bone tunnels were filled with allogeneic bone at the same time. The posterior slope of the tibial plateau could be reduced from an average of 14.5 degrees  to 8.8 degrees . In 28 cases another ACL reconstruction was performed after an interval of 4-12 months. The Lysholm score significantly increased from 76.3 points to 89.2 points.",2024
42,38577065,2024 Apr,2024 Apr 4,J Exp Orthop,"[""D'Ambrosi R"", 'Carrozzo A', 'Meena A', 'Corona K', 'Yadav AK', 'Annibaldi A', 'Kambhampati SBS', 'Abermann E', 'Fink C']",Fink C,A slight degree of osteoarthritis appears to be present after anterior cruciate ligament reconstruction compared with contralateral healthy knees at a minimum of 20 years: A systematic review of the literature.,11,2,e12017,['English'],101653750,2197-1153,2197-1153,"['Journal Article', 'Review']",PubMed,,"['38577065', 'PMC10993150', 'pmc-id: PMC10993150;', '10.1002/jeo2.12017', 'JEO212017']",10.1002/jeo2.12017,"['2023/12/28 00:00', '2024/03/03 00:00', '2024/03/14 00:00', '2024/04/05 06:45', '2024/04/05 06:44', '2024/04/05 04:02', '2024/04/04 00:00']",[],1,48,Journal of experimental orthopaedics,doi: 10.1002/jeo2.12017,2024 Apr;11(2):e12017,"PURPOSE: The aim of the present systematic review was to quantitatively synthesize the best literature evidence regarding osteoarthritis developing after anterior cruciate ligament reconstruction (ACLR), including only studies with a follow-up duration of at least 20 years. MATERIAL AND METHODS: A systematic review was conducted based on the Preferred Reporting Items for Systematic Reviews and Meta-Analyses (PRISMA) guidelines on four electronic databases (PubMed, Scopus, EMBASE and Cochrane Library). The outcome measures extracted from the studies were failure rate, subsequent knee surgery on the same knee, radiographic development of osteoarthritis measured with Kellgren-Lawrence, International Knee Documentation Committee (IKDC) radiographic score and Ahlback classification. The health of both the ACLR knee and the contralateral knee was compared. RESULTS: A total of 1552 patients were included in the study, of which 1290 (83.11%) were operated on using a patellar tendon graft, 190 (12.24%) with hamstrings, 27 (1.73%) with an iliotibial band and 45 (2.89%) with patellar tendon plus a ligament augmentation device (LAD). The mean age at the time of surgery was 25.18 +/- 1.91 years, and the mean follow-up time was 23.34 +/- 2.56 years. Analysing IDKC Score at final follow-up, ACLR Group showed a higher degree of OA compared with contralateral healthy knee (p < 0.01), but only 33.2% (324/976) of the patients showed a moderate to severe degree (Grade C or D) of osteoarthritis, while for Kellgren-Lawrence, ACLR Group showed a higher degree of OA compared with contralateral healthy knee (p < 0.01), but only 28.9% (196/678) of the patients showed a moderate to severe degree (Grade III or IV) of osteoarthritis. In total, 1552 patients were registered, 155 reruptures (9.98%) and a total of 300 (19.3%) new surgeries, of which 228 meniscectomy (14.69%), 21 (1.35%) knee arthroplasty and 17 (1.09%) hardware removal were recorded. CONCLUSIONS: ACL reconstruction appears to result in mild osteoarthritis in the long term in most of the patients and only less than 33.2% develop a moderate to severe degree of knee OA according to IKDC radiographic score. A slight degree of osteoarthritis appears to be present in ACLR knees compared with contralateral healthy knees. LEVEL OF EVIDENCE: Level IV.",2024
43,38574182,2024 Apr 1,2024 Apr 4,JBJS Rev,"['Beyer J', 'Jones R', 'Igo I', 'Furyes AR', 'Liu J', 'Sohn DH']",Sohn DH,Comparison of Graft Type and Fixation Method in Anterior Cruciate Ligament Reconstruction: A Systematic Review and Meta-analysis Based on Randomized Control Studies.,12,4,,['English'],101674872,,2329-9185,"['Meta-Analysis', 'Systematic Review', 'Journal Article']",PubMed - indexed for MEDLINE,,"['38574182', '10.2106/JBJS.RVW.23.00222', '01874474-202404000-00001']",10.2106/JBJS.RVW.23.00222,"['2024/04/08 06:43', '2024/04/04 18:43', '2024/04/04 14:13']",[],1,0,JBJS reviews,doi: 10.2106/JBJS.RVW.23.00222,2024 Apr 1;12(4),"BACKGROUND: The anterior cruciate ligament (ACL) is the most commonly injured ligament in the knee. ACL reconstruction (ACLR) proves the standard for treating this injury. However, graft choice and method of fixation remain a heavily debated topic. This study investigates the following: bone-patellar tendon-bone (BPTB) vs. hamstring tendon (HT) autograft, single-bundle vs. double-bundle hamstring graft, and metal vs. bioabsorbable screws in ACLR. METHODS: A systematic review was performed on PubMed and Google Scholar according to Preferred Reporting Items for Systematic Reviews and Meta-Analyses guidelines. Data were collected on patient demographics, complications, and functionality scores including International Knee Documentation Committee (IKDC) and Lysholm scores. A systematic review and meta-analysis were conducted with Review Manager. Outcome measurements were determined using forest plots with significant differences considered p < 0.05. RESULTS: Twenty-five studies were included, accounting for 2,170 patients. No statistically significant difference was appreciated when comparing BPTB to hamstring autografts. Patients who received a double bundle HT autograft exhibited significantly superior outcomes in terms of revision (p = 0.05), failure (p = 0.002), normal pivot shift tests (p = 0.04), and normal IKDC (p = 0.008). When comparing screw types, bioabsorbable screws had a greater Lysholm score (p = 0.01) and lower failure rates for copolymer screws (p = 0.03). CONCLUSION: Overall, the data collected suggested that BPTB and HT autografts display similar postoperative results. However, if an HT autograft is used, the data suggest a double-bundle graft improves both functionality and decreases the possible complications. Finally, bioabsorbable screws prove superior to metal screws when looking at both functionality and failure rates. Further research into the superior graft type is still needed. LEVEL OF EVIDENCE: Level II. See Instructions for Authors for a complete description of levels of evidence.",2024
44,38551115,2024 Dec,2024 Mar 29,Am J Sports Med,"['Allende F', 'Allahabadi S', 'Sachdev D', 'Gopinatth V', 'Saad Berreta R', 'LaPrade RF', 'Chahla J']",Chahla J,Comparing Clinical Outcomes and Knee Stability in Remnant-Preserving ACL Reconstruction Versus Standard ACL Reconstruction: A Systematic Review and Meta-analysis.,52,14,3651-3661,['English'],7609541,0363-5465,1552-3365,"['Systematic Review', 'Journal Article', 'Meta-Analysis', 'Comparative Study']",PubMed - indexed for MEDLINE,ppublish+epublish,"['38551115', '10.1177/03635465231225984']",10.1177/03635465231225984,"['2024/12/01 15:24', '2024/03/29 06:46', '2024/03/29 05:52']",[],1,0,The American journal of sports medicine,doi: 10.1177/03635465231225984,2024 Dec;52(14):3651-3661,"BACKGROUND: Anterior cruciate ligament reconstruction (ACLR) is one of the most frequently performed procedures in sports medicine, and undesirable outcomes still may range from 3-18%. One technique that has been explored to improve outcomes is preservation of the ACL remnant tibial stump, as opposed to stump debridement, at the time of reconstruction. PURPOSE: To review current high-level evidence and compare remnant-preserving anterior cruciate ligament reconstruction (ACLR) versus standard ACLR in terms of clinical outcomes and measures of knee stability. HYPOTHESIS: ACLR with remnant preservation would result in improved clinical outcomes and knee stability measures. STUDY DESIGN: Systematic review; Level of evidence, 2. METHODS: A systematic review of randomized controlled trials (RCTs) and cohort studies comparing remnant-preserving ACLR with standard ACLR with a minimum level of evidence of 2 was performed. Extracted data were summarized as general information, surgical characteristics, postoperative clinical outcomes, knee stability, graft evaluation, tunnel assessment, and postoperative complications. When feasible, a meta-analysis was performed. RESULTS: Seven RCTs and 5 cohort studies met the inclusion criteria. In total, 518 patients underwent remnant-preserving ACLR and 604 patients underwent standard ACLR. Ten studies performed the reconstruction with hamstring tendon (HT) autografts, 1 study with HT and bone-patellar tendon-bone autografts, and 1 study with HT and tibialis anterior allografts. On meta-analysis, remnant-preserving ACLR provided comparable outcomes with respect to International Knee Documentation Committee grades or Tegner scores. Even though there was a significant improvement in Lysholm scores (mean difference, -1.9; 95% CI, -2.89 to -0.91; P = .0002) with the remnant-preserving technique, this did not exceed previously reported minimal clinically important difference values. Remnant-preserving ACLR demonstrated superior knee stability in terms of patients achieving negative pivot shift when compared with the control group (88.89% vs 79.92%; P = .006). Although there was a significant improvement in the side-to-side difference in anterior tibial translation favoring remnant preservation (P = .004), the mean difference was 0.51 mm. CONCLUSION: Remnant-preserving ACLR, primarily with HT autografts, results in comparable clinical outcome scores and significantly improved knee stability relative to standard ACLR without remnant preservation without increasing the complication rate. Further studies will help clarify if remnant-preserving ACLR also has benefits in terms of enhancing graft integration and maturation, improving proprioception, limiting tunnel enlargement, and reducing complications.",2024
45,38331366,2024 Oct,2024 Feb 7,Arthroscopy,"['Vivacqua TA', 'Winkler PW', 'Lucidi GA', 'Firth AD', 'Musahl V', 'Getgood A']",Getgood A,Lateral Extra-articular Tenodesis Does Not Decrease Graft Failure in Revision Anterior Cruciate Ligament Reconstruction When Combined With Quadriceps or Patellar Tendon Grafts.,40,10,2601-2609,['English'],8506498,0749-8063,1526-3231,['Journal Article'],PubMed - indexed for MEDLINE,ppublish+epublish,"['38331366', '10.1016/j.arthro.2024.01.034', 'S0749-8063(24)00090-2']",10.1016/j.arthro.2024.01.034,"['2023/06/09 00:00', '2024/01/21 00:00', '2024/01/25 00:00', '2024/10/27 17:12', '2024/02/09 00:42', '2024/02/08 19:20']",[],1,0,Arthroscopy : the journal of arthroscopic & related surgery : official publication of the Arthroscopy Association of North America and the International Arthroscopy Association,doi: 10.1016/j.arthro.2024.01.034,2024 Oct;40(10):2601-2609,"PURPOSE: To compare return-to-sport (RTS) rates, graft failure rates, and clinical outcomes in patients who underwent revision anterior cruciate ligament reconstruction (R-ACLR) with additional lateral extra-articular tenodesis (LET) versus isolated R-ACLR. METHODS: A retrospective review of the medical records of patients who underwent R-ACLR with or without a modified Lemaire LET procedure was performed. Seventy-four patients with at least 2 years of follow-up who had high-grade positive pivot-shift test findings were included. Concomitant procedures such as meniscectomy and meniscal repair were collected, along with any complications and/or graft failure. The Knee Injury and Osteoarthritis Outcome Score (KOOS) and the International Knee Documentation Committee Subjective Knee Form score were collected. The ability to RTS was defined as fully, partially, or not returned. RESULTS: Of the patients, 39 underwent isolated R-ACLR (mean age +/- standard deviation, 29.2 +/- 12.2 years) whereas 35 underwent an additional LET procedure (mean age, 24.6 +/- 7.4 years). The mean length of follow-up in the R-ACLR group was 56.6 +/- 26.5 months compared with 44.3 +/- 17.6 months in the R-ACLR-LET group (P = .02) (range, 24-120 months). Patient-reported outcome measures were higher in the R-ACLR-LET group, with the KOOS Activities of Daily Living (93.5 +/- 2.0 vs 97.2 +/- 1.6, P = .03) and KOOS Sport (63.0 +/- 3.6 vs 74.3 +/- 3.8, P = .05) subdomain scores reaching the level of statistical significance. No differences were found in the other KOOS subdomain scores or the International Knee Documentation Committee scores. Failure rates were not significantly different between the groups (12.8% for R-ACLR vs 11.4% for R-ACLR-LET, P = .99). There were 13 patients (72.2%) in the R-ACLR group and 14 patients (60.8%) in the R-ACLR-LET group who did not RTS. CONCLUSIONS: R-ACLR with additional LET showed similar failure and RTS rates to isolated R-ACLR after failed ACLR. The R-ACLR-LET group showed better functional results with significantly higher KOOS subdomain scores for activities of daily living, as well as sports and recreation. However, this study was unable to recommend the modified Lemaire LET procedure to be routinely used in R-ACLR patients. LEVEL OF EVIDENCE: Level III, retrospective comparative therapeutic trial.",2024
46,38269417,2024 Jul,2024 Jan 25,Am J Sports Med,"['Maginnis C', 'Root C', 'Schiavo JH', 'Ierulli VK', 'Vopat B', 'Mulcahey MK']",Mulcahey MK,Analysis of Graft Types Augmented With an Internal Brace for ACL Reconstruction: A Systematic Review.,52,9,2415-2423,['English'],7609541,0363-5465,1552-3365,"['Systematic Review', 'Journal Article']",PubMed - indexed for MEDLINE,ppublish+epublish,"['38269417', '10.1177/03635465231196157']",10.1177/03635465231196157,"['2024/08/05 12:42', '2024/01/25 06:43', '2024/01/25 04:31']",[],1,0,The American journal of sports medicine,doi: 10.1177/03635465231196157,2024 Jul;52(9):2415-2423,"BACKGROUND: New techniques are being developed to decrease the failure rate of anterior cruciate ligament (ACL) grafts and prevent revision surgery. One such technique involves high-strength suture tape (ST), also referred to as internal bracing. Recent literature has highlighted the use of ST for ACL reconstruction, but no study has compared ST augmentation between graft types. PURPOSE: To compare the use of ST augmentation for ACL reconstruction based on the type of graft used (ie, bone-patellar tendon-bone [BPTB], quadriceps, hamstring). STUDY DESIGN: Systematic review; Level of evidence, 5. METHODS: An online search of multiple databases was performed according to PRISMA (Preferred Reporting Items for Systematic Reviews and Meta-Analyses) guidelines and was completed April 2022 to identify studies related to ST augmentation of ACL grafts. RESULTS: Of 926 studies identified, 10 met inclusion criteria. Five studies (50%) used hamstring tendon (HT), 3 (30%) used quadriceps tendon (QT), 1 (10%) used BPTB, and 1 (10%) used both HT and QT grafts. HT autografts augmented with ST had decreased dynamic and peak elongation (15%-56%), increased load to failure, and increased initial and final dynamic stiffness compared with controls. There was no significant difference in postoperative physical examination findings (range of motion, Lachman, pivot shift), except that ST-augmented grafts had significantly less laxity after surgery compared with HT alone (0.8 vs 1.9 mm; P < .05). QT allografts with ST augmentation showed increased graft strength. Human QT autograft studies showed higher Knee injury and Osteoarthritis Outcome Score scores compared with controls. BPTB allografts with ST augmentation had decreased cyclic displacement by 31% (P = .015) and increased load (758 +/- 128 N; P < .001) and stiffness (156 +/- 23 N/mm; P = .003) compared with nonaugmented groups. The complication rate was low or showed no increase in the ST augmentation groups compared with control groups. CONCLUSION: HT, QT, and BPTB grafts augmented with ST demonstrate an effective method for ACL reconstruction. All graft types with ST augmentation showed no evidence of clinical disadvantage, with some studies indicating significant biomechanical or clinical advantages compared with conventional ACL reconstruction.",2024
47,38226741,2024 Jan,2024 Jan 4,Knee Surg Sports Traumatol Arthrosc,"['Sun B', 'Vivekanantha P', 'Khalik HA', 'Slawaska-Eng D', 'Kay J', 'Johnson J', 'de Sa D']",de Sa D,Approximately half of pediatric or adolescent patients undergoing revision anterior cruciate ligament reconstruction return to the same level of sport or higher: A systematic review.,32,1,181-195,['English'],9314730,0942-2056,1433-7347,"['Systematic Review', 'Journal Article']",PubMed - indexed for MEDLINE,ppublish+epublish,"['38226741', '10.1002/ksa.12030']",10.1002/ksa.12030,"['2023/11/09 00:00', '2023/10/05 00:00', '2023/12/05 00:00', '2024/01/17 06:42', '2024/01/16 13:43', '2024/01/16 08:35']",[],1,0,"Knee surgery, sports traumatology, arthroscopy : official journal of the ESSKA",doi: 10.1002/ksa.12030,2024 Jan;32(1):181-195,"PURPOSE: To summarise the surgical techniques and clinical outcomes in paediatric and adolescent patients undergoing revision anterior cruciate ligament reconstruction (r-ACLR). METHODS: Three databases (MEDLINE, PubMed and EMBASE) were searched from inception to 29 July 2023. The authors adhered to the PRISMA and R-AMSTAR guidelines as well as the Cochrane Handbook for Systematic Reviews of Interventions. Data on demographics, surgical details, patient-reported outcome measures (PROMs), rates of instability, rupture and return to sport (RTS) were extracted. RESULTS: Eight studies comprising 706 (711 knees) patients were included (48.7% female). The mean age at r-ACLR was 17.1 years (range: 16.5-18.0). Autografts (67.5%) were more common than allografts (32.2%) in revision, with bone-patellar tendon-bone (BPTB) being the most prevalent autograft source (59.6%). Bone grafts were used in seven patients (4.8% of 146 patients). The most common femoral and tibial fixation techniques were interference screws (37.6% and 38.1%, of 244 patients, respectively). The most common tunnelling strategy was anatomic (69.1% of 236 patients), and meniscus repairs were performed in 39.7% of 256 patients. The re-rupture rate was 13.0% in 293 patients. RTS at the same level or higher was 51.6% in 219 patients. The mean (SD) Lysholm score was 88.1 (12.9) in 78 patients, the mean (SD) Tegner score was 6.0 (1.6) in 78 patients, and the mean (SD) IKDC score was 82.6 (16.0) in 126 patients. CONCLUSION: R-ACLR in paediatric and adolescent patients predominantly uses BPTB autografts and interference screw femoral and tibial fixation with concomitant meniscal procedures. Rates of re-rupture and RTS at the same level or higher were 13.0% and 51.6%, respectively. Information from this review can provide orthopaedic surgeons with a comprehensive understanding of the most commonly used operative techniques and their outcomes for revision ACLR in this population. LEVEL OF EVIDENCE: Level IV.",2024
48,37804345,2023 Dec,2023 Oct 7,Knee Surg Sports Traumatol Arthrosc,"['Ashy C', 'Bailey E', 'Hutchinson J', 'Brennan E', 'Bailey R', 'Michael Pullen W', 'Xerogeanes JW', 'Slone HS']",Slone HS,Quadriceps tendon autograft has similar clinical outcomes when compared to hamstring tendon and bone-patellar tendon-bone autografts for revision ACL reconstruction: a systematic review and meta-analysis.,31,12,5463-5476,['English'],9314730,0942-2056,1433-7347,"['Meta-Analysis', 'Systematic Review', 'Journal Article']",PubMed - indexed for MEDLINE,ppublish+epublish,"['37804345', '10.1007/s00167-023-07592-9', '10.1007/s00167-023-07592-9']",10.1007/s00167-023-07592-9,"['2023/04/23 00:00', '2023/09/11 00:00', '2023/12/17 09:44', '2023/10/07 16:42', '2023/10/07 11:05']",[],1,0,"Knee surgery, sports traumatology, arthroscopy : official journal of the ESSKA",doi: 10.1007/s00167-023-07592-9,2023 Dec;31(12):5463-5476,"PURPOSE: Research regarding revision anterior cruciate ligament reconstruction (RACLR) with quadriceps tendon (QT) autografts is lacking. The purpose of this study was to perform a systematic review and meta-analysis of RACLR with QT and compare its patient outcomes to RACLR with hamstring tendon (HT) and bone-patellar tendon-bone (BTB) autografts. METHODS: Adhering to PRISMA guidelines, a search for studies using QT in RACLR was performed within PubMed, Scopus, and CINAHL from database date of inception through December 26, 2022. Primary outcomes sought included: failure rate, Lysholm scores, International Knee Documentation Committee (IKDC) scores, IKDC grades, arthrometric knee side-to-side differences (STSD), pivot shift grade, donor site morbidity, return to sport, visual analog scale (VAS) pain scores. RESULTS: Nine studies were included consisting of 606 RACLR: 349 QT, 169 HT, and 88 BTB. Overall failure rates were 7.6% QT, 13.3% HT, and 8.7% BTB. Mean weighted Lysholm scores were 85.8 +/- 3.8 QT, 82.5 +/- 3.8 HT and 86.6 +/- 4.5 BTB. IKDC average scores were 82.3 +/- 1.6 QT, 80.1 +/- 1.7 HT, and 81.7 +/- 5.5BTB. Combined rates of IKDC A/B grades were 88.4% and 80.0% for QT and HT, respectively. VAS average scores were 0.9 +/- 1.1 QT, 1.4 +/- 0.2 HT, and 0.7 +/- 0.8 for BTB. Side-to-side difference was reported for QT and HT with average values of 1.7 +/- 0.6 mm and 2.1 +/- 0.5 mm, respectively. Grade 0 or 1 pivot shifts were reported in 96.2% of QT patients and 91.3% of HT. Donor site morbidity, only reported for QT and HT, was 14.6 +/- 9.7% and 23.6 +/- 14.1%, respectively. QT resulted in a mean Tegner score of 5.9 +/- 1.5 versus HT 5.7 +/- 1.5. Rate of return to pivoting sports was 38.0% QT, 48.6% HT, and 76.9% BTB. Across all outcomes, there was no significant difference when comparing QT to HT, QT to BTB, and QT compared to HT and BTB combined. CONCLUSIONS: RACLR with QT yields satisfactory patient reported outcomes, satisfactory improvement in knee laxity, expected return to sport rates, and has an overall 7.6% failure rate. Outcomes are comparative to those of HT and BTB making it an acceptable graft choice for RACLR. Surgeons should consider using QT autograft for RACLR, especially when other autografts are unavailable. LEVEL OF EVIDENCE: IV.",2023
49,37781640,2023 Sep,2023 Sep 26,Orthop J Sports Med,"['Renfree SP', 'Brinkman JC', 'Tummala SV', 'Economopoulos KJ']",Economopoulos KJ,ACL Reconstruction With Quadriceps Soft Tissue Autograft Versus Bone-Patellar Tendon-Bone Autograft in Cutting and Pivoting Athletes: Outcomes at Minimum 2-Year Follow-up.,11,9,23259671231197400,['English'],101620522,2325-9671,2325-9671,['Journal Article'],PubMed,,"['37781640', 'PMC10536859', 'pmc-id: PMC10536859;', '10.1177/23259671231197400', '10.1177_23259671231197400']",10.1177/23259671231197400,"['2023/04/10 00:00', '2023/05/04 00:00', '2023/10/02 06:43', '2023/10/02 06:42', '2023/10/02 04:49', '2023/09/26 00:00']",[],1,30,Orthopaedic journal of sports medicine,doi: 10.1177/23259671231197400,2023 Sep;11(9):23259671231197400,"BACKGROUND: The optimal graft choice for anterior cruciate ligament (ACL) reconstruction (ACLR) in the high-level cutting and pivoting athlete remains controversial. Studies have shown similar outcomes when directly comparing bone-patellar tendon-bone (BPTB) autograft versus quadriceps soft tissue (QST) autograft in the general population. However, no studies have directly compared these 2 grafts in athletes participating in cutting and pivoting sports. HYPOTHESIS: It was hypothesized that, compared with BPTB autograft, the QST autograft would result in similar patient-reported outcomes and rates of retear, return to sport, and complications. STUDY DESIGN: Cohort study; Level of evidence, 3. METHODS: A retrospective review was performed on athletes participating in cutting and pivoting sports (soccer, American football, lacrosse, and basketball) who underwent primary ACLR with either BPTB autograft or QST autograft chosen by the athlete between January 2015 and January 2019. The International Knee Documentation Committee (IKDC) subjective knee evaluation and Lysholm Knee Scoring Scale were used to evaluate patient-reported outcomes. Return-to-sport and complication rates were identified. Descriptive statistics were expressed using Mann-Whitney test or Student t test for continuous variables and the chi-square test for categorical variables. RESULTS: A total of 68 athletes (32 QST, 36 BPTB) were included for analysis. The percentage follow-up was 89% (32/36) for the QST autograft group and 86% (36/42) for the BPTB autograft group. The 2-year IKDC score (QST, 90.5 +/- 6.6 vs BPTB, 89.7 +/- 7.8) and 2-year Lysholm score (QST, 91.3 +/- 7.5 vs BPTB, 90.5 +/- 8.6) were similar between groups. The percentage of athletes able to return to sport within the follow-up period was also similar (88% vs 83%; P = .63). There were 2 retears requiring revision in the BPTB group (6%) and no retears in the QST group (P = .18). One contralateral ACL rupture occurred in the QST group (3%) and 4 in the BPTB group (11%) (P = .21). CONCLUSION: The QST and BPTB autografts demonstrated similar patient-reported outcomes, return-to-sport rates, and complication rates after primary ACLR at 2-year follow-up. Both autografts appear to be reliable and consistent options for ACLR in the cutting and pivoting athlete.",2023
50,37560145,2023 Oct,2023 Jul 29,Arthrosc Sports Med Rehabil,"['Jackson GR', 'Lee J', 'Tuthill T', 'Chan J', 'Sugrañes J', 'Mowers CC', 'Batra A', 'Khan ZA', 'Mameri ES', 'Brusalis CM', 'Chahla J', 'Verma NN']",Verma NN,Higher Rates of Residual Postoperative Instability after Anterior Cruciate Ligament Reconstruction in Female Patients: A Systematic Review of Level II Studies.,5,5,100772,['English'],101765256,,2666-061X,"['Journal Article', 'Review']",PubMed,,"['37560145', 'PMC10407150', 'pmc-id: PMC10407150;', '10.1016/j.asmr.2023.100772', 'S2666-061X(23)00122-0']",10.1016/j.asmr.2023.100772,"['2022/12/31 00:00', '2023/06/03 00:00', '2023/08/10 06:44', '2023/08/10 06:43', '2023/08/10 04:20', '2023/07/29 00:00']",[],1,41,"Arthroscopy, sports medicine, and rehabilitation",doi: 10.1016/j.asmr.2023.100772,2023 Oct;5(5):100772,"PURPOSE: To compare revision rates and residual postoperative instability after anterior cruciate ligament (ACL) reconstruction based on biological sex. METHODS: A systematic review was conducted according to the 2020 PRISMA guidelines. PubMed, Embase, MEDLINE, and Cochrane library databases were queried from database inception through October 2022. Level I and II prospectively-enrolling human clinical studies that compared revision rates and physical examination of postoperative stability after ACL reconstruction between male and female patients were included. Outcomes were stratified by patient sex and quantitatively compared using a chi(2) test. Study quality was assessed using the MINORS criteria. RESULTS: Four studies consisting of 406 patients (50% males) with a mean age of 25 years (range, 13.9-62 years) were identified. Mean follow-up time was 34.4 months (range, 22-60 months). Hamstring tendon autografts were used in 62% of ACL reconstructions in males and in 65% of ACL reconstructions in females, whereas bone-patellar tendon-bone autografts were used in 38% and 35% of procedures in males and females, respectively. A residual positive Lachman test result was more frequently reported among females compared to males (5.8% vs 0.6%; P = 0.03). No significant difference in revision rates or residual pivot-shift on examination was observed between males and females (P = 0.38 and P = 0.08, respectively). CONCLUSION: Female patients undergoing ACL reconstruction have higher reported rates of residual anterior instability with Lachman than male patients. However, no sex-based differences were identified with residual pivot-shift on examination or rate of revision ACL surgery. LEVEL OF EVIDENCE: II; Systematic Review of level II studies.",2023
51,37537529,2023 Aug 3,2023 Aug 3,BMC Musculoskelet Disord,"['Verhagen S', 'Dietvorst M', 'Delvaux E', 'van der Steen MC', 'Janssen R']",Janssen R,"Clinical outcomes of different autografts used for all-epiphyseal, partial epiphyseal or transphyseal anterior cruciate ligament reconstruction in skeletally immature patients - a systematic review.",24,1,630,['English'],100968565,,1471-2474,"['Systematic Review', 'Journal Article']",PubMed - indexed for MEDLINE,epublish,"['37537529', 'PMC10401849', 'pmc-id: PMC10401849;', '10.1186/s12891-023-06749-4', '10.1186/s12891-023-06749-4']",10.1186/s12891-023-06749-4,"['2023/01/31 00:00', '2023/07/24 00:00', '2023/08/07 06:42', '2023/08/04 01:08', '2023/08/03 23:34', '2023/08/03 00:00']",[],1,70,BMC musculoskeletal disorders,doi: 10.1186/s12891-023-06749-4,2023 Aug 3;24(1):630,"BACKGROUND: Different types of grafts can be used for anterior cruciate ligament reconstruction (ACLR). There is little published data regarding skeletally immature patients. The purpose of this systematic review was to assess the clinical outcomes and complications for different autograft types used in all-epiphyseal, transphyseal and partial epiphyseal/hybrid ACLR in skeletally immature children and adolescents. METHODS: PubMed, Embase and Cochrane databases were systematically searched for literature regarding ACLR using hamstrings, quadriceps or bone-patellar-tendon-bone (BPTB) autografts in skeletally immature patients. Studies were included if they examined at least one of the following outcomes: graft failure, return to sport(s), growth disturbance, arthrofibrosis or patient reported outcomes and had a minimum follow-up of 1 year. Case reports, conference abstracts and studies examining allografts and extra-articular or over-the-top ACL reconstruction techniques were excluded. Graft failure rates were pooled for each graft type using the quality effects model of MetaXL. A qualitative synthesis of secondary outcomes was performed. RESULTS: The database search identified 242 studies. In total 31 studies were included in this review, comprising of 1358 patients. Most patients (81%) were treated using hamstring autograft. The most common used surgical technique was transphyseal. The weighted, pooled failure rate for each graft type was 12% for hamstring tendon autografts, 8% for quadriceps tendon autografts and 6% for BPTB autografts. Confidence intervals were overlapping. The variability in time to graft failure was high. The qualitative analysis of the secondary outcomes showed similar results with good clinical outcomes and low complication rates across all graft types. CONCLUSIONS: Based on this review it is not possible to determine a superior graft type for ACLR in skeletally immature. Of the included studies, the most common graft type used was the hamstring tendon. Overall, graft failure rates are low, and most studies show good clinical outcomes with high return to sports rates.",2023
52,37390507,2023 Sep 1,2023 Jun 29,J Pediatr Orthop,"['Vasudevan RS', 'Paras T', 'Zogby AM', 'Wilps T', 'Bastrom TP', 'Bomar JD', 'Manhard CE', 'Pennock AT']",Pennock AT,Allograft Anterior Cruciate Ligament Reconstruction in Adolescent Patients May Result in Acceptable Graft Failure Rate in Nonpivoting Sports Athletes.,43,8,516-521,['English'],8109053,0271-6798,1539-2570,['Journal Article'],PubMed - indexed for MEDLINE,ppublish+epublish,"['37390507', '10.1097/BPO.0000000000002468', '01241398-202309000-00022']",10.1097/BPO.0000000000002468,"['2023/08/08 06:42', '2023/06/30 19:14', '2023/06/30 17:53']",[],1,0,Journal of pediatric orthopedics,doi: 10.1097/BPO.0000000000002468,2023 Sep 1;43(8):516-521,"BACKGROUND: Studies have demonstrated that pediatric patients have an increased risk of failure with allograft anterior cruciate ligament reconstruction (ACLR); however, there is no study investigating whether allograft ACLR may be safe in older adolescent patients who are not returning to competitive pivoting sports (ie, low risk). The purpose of this study was to assess outcomes for low-risk older adolescents selected for allograft ACLR. METHODS: We performed a retrospective chart review of patients younger than 18 years who received a bone-patellar-tendon-bone allograft or autograft ACLR by a single orthopaedic surgeon from 2012 to 2020. Patients were offered allograft ACLR if they did not intend to return to pivoting sports for 1 year. The autograft cohort was matched 1:1 based on age, sex, and follow-up. Patients were excluded for skeletal immaturity, multiligamentous injury, prior ipsilateral ACLR, or concomitant realignment procedure. Patients were contacted to obtain patient-reported outcomes at >/=2 years follow-up, including single assessment numerical evaluation, surgery satisfaction, pain scores, Tegner Activity Scale, and the Lysholm Knee Scoring Scale. Parametric and nonparametric tests were used as appropriate. RESULTS: Of the 68 allografts, 40 (59%) met inclusion and 28 (70%) were contacted. Among the 456 autografts, 40 (8.7%) were matched and 26 (65%) were contacted. Two allograft patients (2/40; 5%) failed at a median (interquartile range) follow-up of 36 (12, 60) months. There were 0/40 failures in the autograft cohort and 13/456 (2.9%) among the overall autografts; neither were significantly different from the allograft failure rate (both P > 0.05). Two (5.0%) patients in the autograft cohort required manipulation under anesthesia and arthroscopic lysis of adhesions. There were no significant differences between cohorts for single assessment numerical evaluation, Lysholm, Tegner, pain, and satisfaction scores (all P > 0.05). CONCLUSIONS: Although ACL allograft failure rates remain nearly two times higher than autograft failure rates in older adolescents, our study suggests that careful patient selection can potentially bring this failure rate down to an acceptable level. LEVEL OF EVIDENCE: Level III; retrospective matched cohort study.",2023
53,37296390,2023 Jun 9,2023 Jun 9,BMC Musculoskelet Disord,"['Carter HM', 'Lewis GN', 'Smith BE']",Smith BE,Preoperative predictors for return to physical activity following anterior cruciate ligament reconstruction (ACLR): a systematic review.,24,1,471,['English'],100968565,,1471-2474,"['Systematic Review', 'Journal Article']",PubMed - indexed for MEDLINE,epublish,"['37296390', 'PMC10250179', 'pmc-id: PMC10250179;', '10.1186/s12891-023-06489-5', '10.1186/s12891-023-06489-5']",10.1186/s12891-023-06489-5,"['2022/09/29 00:00', '2023/05/04 00:00', '2023/06/12 06:43', '2023/06/10 15:13', '2023/06/09 23:33', '2023/06/09 00:00']",[],1,59,BMC musculoskeletal disorders,doi: 10.1186/s12891-023-06489-5,2023 Jun 9;24(1):471,"BACKGROUND: Rates of return to physical activity after anterior cruciate ligament reconstruction surgery are sub-optimal. Optimising presurgical treatment may improve return rates. The purpose of this systematic review was to identify modifiable preoperative predictors for return to physical activity after anterior cruciate ligament reconstruction. METHODS: Seven electronic databases (CINAHL, MEDLINE and SPORTDiscus via EBSCOhost, AMED, PsycINFO and EMBASE via OVID and Web of Science) were searched from inception to 31 March 2023. The population of focus was adults aged 18-65 who had undergone primary anterior cruciate ligament reconstruction. Studies needed to identify at least one potential modifiable preoperative predictor variable and the relationship between the predictor(s) and return to physical activity. All time-points of assessment and study designs were included. Data extraction was completed by one reviewer and verified by a second reviewer. Two reviewers completed the risk of bias assessment using the Quality in Prognostic Studies tool and Grading of Recommendations Assessment, Development and Evaluation system. RESULTS: The search identified 2281 studies, eight met the inclusion criteria. Five studies scored 'high', and three studies scored 'moderate' risk-of-bias. All preoperative predictors were of very low-quality evidence. Five different outcome measures were used to assess return to physical activity including Tegner, Marx, Physical Activity Scale, return to play at the elite level and return to preinjury level (undefined). This was measured between 1- and 10-years post-surgery. Nine preoperative physical, six psychosocial and five demographic/clinical factors were assessed and four were found to be predictive. These included quadriceps strength, psychological profile, patient estimated ability to return and graft type (patella tendon, BPTB). CONCLUSION: Very-low level evidence suggests that increasing quadriceps strength, managing patient expectations of their treatment outcomes, improving motivation to resume preinjury activity levels and considering the use of a BPTB graft will support return to physical activity after ACLR. TRIAL REGISTRATION: This study was prospectively registered in PROSPERO: CRD 42020222567.",2023
54,37106008,2023 Apr 27,2023 Apr 27,Sci Rep,"['Migliorini F', 'Torsiello E', 'Trivellas A', 'Eschweiler J', 'Hildebrand F', 'Maffulli N']",Maffulli N,Bone-patellar tendon-bone versus two- and four-strand hamstring tendon autografts for ACL reconstruction in young adults: a Bayesian network meta-analysis.,13,1,6883,['English'],101563288,,2045-2322,"['Journal Article', ""Research Support, Non-U.S. Gov't"", 'Network Meta-Analysis']",PubMed - indexed for MEDLINE,epublish,"['37106008', 'PMC10140035', 'pmc-id: PMC10140035;', '10.1038/s41598-023-33899-1', '10.1038/s41598-023-33899-1']",10.1038/s41598-023-33899-1,"['2021/10/16 00:00', '2023/04/20 00:00', '2023/05/01 06:42', '2023/04/28 00:42', '2023/04/27 23:17', '2023/04/27 00:00']",[],1,149,Scientific reports,doi: 10.1038/s41598-023-33899-1,2023 Apr 27;13(1):6883,"Bone-patellar tendon-bone (BPTB), two- and four-strand hamstring tendon (4SHT and 2SHT, respectively) are the most common autografts used for anterior cruciate ligament (ACL) reconstruction. The present study compared BPTB, 2SHT, and 4SHT for ACL reconstruction in terms of joint laxity, patient reported outcome measures (PROMs), rate of failure and anterior knee pain (AKP). The time to return to sport and the peak torque between the autografts were also compared. Finally, prognostic factors leading to worse outcomes were also investigated. It was hypothesized that all grafts yield similar proprieties in terms of joint laxity, patient reported outcome measures (PROMs) and rate of failure, but that the BPTB autograft causes a greater rate of anterior knee pain (AKP). The literature search was conducted. All clinical trials comparing BTPB and/or 2SHT, and/or 4SHT were accessed. Grafts other than BTPB and/or 4SHT and/or 2SHT were not considered. Articles reporting outcomes of allografts or synthetic grafts were not eligible, nor were those concerning revision settings. Articles reporting ACL reconstruction in patients with multi-ligament damage were also not eligible. Data from 95,575 procedures were retrieved. The median length of follow-up was 36 months. The median age of the patients was 27.5 years. With regard to joint laxity, similarity was found in terms of Lachman and Pivot shift tests between all three autografts. The BPTB demonstrated the greatest stability in terms of instrumental laxity. BPTB demonstrated the greatest PROMs. BPTB demonstrated the greatest rate of AKP, while AKP in 2SHT and 4SHT was similar. Concerning failure, statistically significant inconsistency was found (P = 0.008). The 4SHT demonstrated the quickest return to sport, followed by BPTB, and 2SHT. There was evidence of a negative association between the time span between injury to surgery, Lysholm score (P = 0.04), and Tegner scale (P = 0.04). Furthermore, there was evidence of a weak positive association between the time span between injury to surgery and return to sport (P = 0.01). BPTB may result in lower joint laxity, greater PROMs, and greater peak flexion torque compared to 2SHT and 4SHT autografts. On the other hand, BPTB reported the lowest peak extension torque and the greatest rate of AKP. Finally, a longer time span between injury and surgery negatively influences outcome.",2023
55,37093236,2023 Aug,2023 Apr 24,Knee Surg Sports Traumatol Arthrosc,"['Ruelos VCB', 'Masood R', 'Puzzitiello RN', 'Moverman MA', 'Pagani NR', 'Menendez ME', 'Salzler MJ']",Salzler MJ,The reverse fragility index: RCTs reporting non-significant differences in failure rates between hamstring and bone-patellar tendon-bone autografts have fragile results.,31,8,3412-3419,['English'],9314730,0942-2056,1433-7347,"['Systematic Review', 'Journal Article']",PubMed - indexed for MEDLINE,ppublish+epublish,"['37093236', '10.1007/s00167-023-07420-0', '10.1007/s00167-023-07420-0']",10.1007/s00167-023-07420-0,"['2022/09/26 00:00', '2023/04/14 00:00', '2023/07/21 06:43', '2023/04/24 12:41', '2023/04/24 11:13']",[],1,0,"Knee surgery, sports traumatology, arthroscopy : official journal of the ESSKA",doi: 10.1007/s00167-023-07420-0,2023 Aug;31(8):3412-3419,"PURPOSE: The reverse fragility index (RFI) is a novel metric to appraise the results of studies reporting statistically non-significant results. The purpose of this study was to determine the statistical robustness of randomized controlled trials (RCTs) reporting non-significant differences in anterior cruciate ligament reconstruction (ACLR) graft failure rates, defined as re-rupture/revision ACLR rate, between hamstring tendon (HT) and bone-patellar tendon-bone (BTB) autografts by calculating RFIs. METHODS: A systematic review was performed to identify RCTs that compared HT to BTB grafts for ACLR through January 2022. Studies reporting non-significant differences in graft re-rupture and revision ACLR rate (n.s.) were included. The RFI, defined as the fewest number of event reversals needed to change the non-significant graft re-rupture/revision outcome to statistically significant (P < 0.05), was recorded for each study. In addition, the number of studies in which the loss to follow-up exceeded the RFI was recorded. RESULTS: Among the 16 included RCTs, the median (interquartile range [IQR]) sample size was 71 (64-114), and the median (IQR) total number of graft re-rupture/revision ACLR events was 4 (4-6). The median (IQR) graft re-rupture/revision ACLR rate was 4.3% (3.0-6.4) overall, 4.1% (2.6-6.7) in the BTB group, and 5.4% (3.0-6.3) in the HT group. The median (IQR) RFI was 3 (3-4), signifying that a reversal of the outcome in 3 patients in one arm was needed to flip the studies' result from non-significant to statistically significant (P < 0.05). The median (IQR) number of participants lost to follow-up was 11 (3-13), and 13 (81.3%) of the included studies had a loss to follow-up greater than the studies' RFI. CONCLUSION: The results of RCTs reporting statistically non-significant re-rupture/revision ACLR rates between HT and BTB autografts would become significant if the outcome were reversed in a small number of patients-a number that was less than the loss to follow-up in the majority of studies. Thus, the neutrality of these studies is fragile, and a true statistically significant difference in re-rupture/revision rates may have been undetected. LEVEL OF EVIDENCE: Level I.",2023
56,36867049,2024 Mar,2023 Mar 3,Am J Sports Med,"['Belk JW', 'Littlefield CP', 'Smith JH', 'McCulloch PC', 'McCarty EC', 'Frank RM', 'Kraeutler MJ']",Kraeutler MJ,Autograft Demonstrates Superior Outcomes for Revision Anterior Cruciate Ligament Reconstruction When Compared With Allograft: A Systematic Review.,52,3,859-867,['English'],7609541,0363-5465,1552-3365,"['Systematic Review', 'Journal Article']",PubMed - indexed for MEDLINE,ppublish+epublish,"['36867049', '10.1177/03635465231152232']",10.1177/03635465231152232,"['2024/03/04 06:44', '2023/03/04 06:00', '2023/03/03 09:02']",[],1,0,The American journal of sports medicine,doi: 10.1177/03635465231152232,2024 Mar;52(3):859-867,"BACKGROUND: Multiple studies have compared outcomes among patients undergoing revision anterior cruciate ligament reconstruction (ACLR) with autograft versus allograft, but these data are inconsistently reported and long-term outcomes depending on graft type are yet to be determined. PURPOSE: To perform a systematic review of clinical outcomes after revision ACLR (rACLR) with autograft versus allograft. STUDY DESIGN: Systematic review; Level of evidence, 4. METHODS: A systematic review of the literature was performed by searching PubMed, the Cochrane Library, and Embase to identify studies that compared the outcomes of patients undergoing rACLR with autograft versus allograft. The search phrase used was autograft allograft revision anterior cruciate ligament reconstruction. Graft rerupture rates, return-to-sports rates, anteroposterior laxity, and patient-reported outcome scores (subjective International Knee Documentation Committee, Tegner, Lysholm, and Knee injury and Osteoarthritis Outcome Score) were evaluated. RESULTS: Eleven studies met inclusion criteria, including 3011 patients undergoing rACLR with autograft (mean age, 28.9 years) and 1238 patients undergoing rACLR with allograft (mean age, 28.0 years). Mean follow-up was 57.3 months. The most common autograft and allograft types were bone-patellar tendon-bone grafts. Overall, 6.2% of patients undergoing rACLR experienced graft retear, including 4.7% in the autograft group and 10.2% in the allograft group (P < .0001). Among studies that reported return-to-sports rates, 66.2% of patients with an autograft returned to sports as opposed to 45.3% of patients with an allograft (P = .01). Two studies found significantly greater postoperative knee laxity in the allograft group as compared with the autograft group (P < .05). Among all patient-reported outcomes, 1 study found 1 significant difference between groups: patients with an autograft had a significantly higher postoperative Lysholm score when compared with patients with an allograft. CONCLUSION: Patients undergoing revision ACLR with an autograft can be expected to experience lower rates of graft retear, higher rates of return to sports, and less postoperative anteroposterior knee laxity when compared with patients undergoing revision ACLR with an allograft.",2024
57,36863622,2023 Sep,2023 Feb 28,Arthroscopy,"['Gopinatth V', 'Casanova FJ', 'Knapik DM', 'Mameri ES', 'Jackson GR', 'Khan ZA', 'McCormick JR', 'Yanke AB', 'Cole BJ', 'Chahla J']",Chahla J,Consistent Indications and Good Outcomes Despite High Variability in Techniques for Two-Stage Revision Anterior Cruciate Ligament Reconstruction: A Systematic Review.,39,9,2098-2111,['English'],8506498,0749-8063,1526-3231,"['Systematic Review', 'Journal Article', ""Research Support, Non-U.S. Gov't""]",PubMed - indexed for MEDLINE,ppublish+epublish,"['36863622', '10.1016/j.arthro.2023.02.009', 'S0749-8063(23)00175-5']",10.1016/j.arthro.2023.02.009,"['2022/09/25 00:00', '2022/12/12 00:00', '2023/02/03 00:00', '2023/08/07 06:41', '2023/03/03 06:00', '2023/03/02 19:27']",[],1,0,Arthroscopy : the journal of arthroscopic & related surgery : official publication of the Arthroscopy Association of North America and the International Arthroscopy Association,doi: 10.1016/j.arthro.2023.02.009,2023 Sep;39(9):2098-2111,"PURPOSE: To systematically review the current literature regarding the indications, techniques, and outcomes after 2-stage revision anterior cruciate ligament reconstruction (ACLR). METHODS: A literature search was performed using SCOPUS, PubMed, Medline, and the Cochrane Central Register for Controlled Trials according to the 2020 Preferred Reporting Items for Systematic Reviews and Meta Analyses statement. Inclusion criteria was limited to Level I-IV human studies reporting on indications, surgical techniques, imaging, and/or clinical outcomes of 2-stage revision ACLR. RESULTS: Thirteen studies with 355 patients treated with 2-stage revision ACLR were identified. The most commonly reported indications were tunnel malposition and tunnel widening, with knee instability being the most common symptomatic indication. Tunnel diameter threshold for 2-stage reconstruction ranged from 10 to 14 mm. The most common grafts used for primary ACLR were bone-patellar tendon-bone (BPTB) autograft, hamstring graft, and LARS (polyethylene terephthalate) synthetic graft. The time elapsed from primary ACLR to the first stage surgery ranged from 1.7 years to 9.7 years, whereas the time elapsed between the first and second stage ranged from 21 weeks to 13.6 months. Six different bone grafting options were reported, with the most common being iliac crest autograft, allograft bone dowels, and allograft bone chips. During definitive reconstruction, hamstring autograft and BPTB autograft were the most commonly used grafts. Studies reporting patient-reported outcome measures showed improvement from preoperative to postoperative levels in Lysholm, Tegner, and objective International Knee and Documentation Committee scores. CONCLUSIONS: Tunnel malpositioning and widening remain the most common indications for 2-stage revision ACLR. Bone grafting is commonly reported using iliac crest autograft and allograft bone chips and dowels, whereas hamstring autograft and BPTB autograft were the most used grafts during the second-stage definitive reconstruction. Studies showed improvements from preoperative to postoperative levels in commonly used patient reported outcomes measures. LEVEL OF EVIDENCE: Level IV, systematic review of Level I, III, and IV studies.",2023
58,36646171,2023 Jun,2023 Jan 14,J ISAKOS,"['Marx RG', 'Hsu J', 'Fink C', 'Eriksson K', 'Vincent A', 'van der Merwe WM']",van der Merwe WM,Graft choices for paediatric anterior cruciate ligament reconstruction: State of the art.,8,3,145-152,['English'],101680867,2059-7754,2059-7762,"['Journal Article', 'Review']",PubMed - indexed for MEDLINE,ppublish+epublish,"['36646171', '10.1016/j.jisako.2023.01.001', 'S2059-7754(23)00001-9']",10.1016/j.jisako.2023.01.001,"['2022/09/22 00:00', '2022/11/15 00:00', '2023/01/03 00:00', '2023/06/12 06:42', '2023/01/17 06:00', '2023/01/16 19:23']",[],1,0,Journal of ISAKOS : joint disorders & orthopaedic sports medicine,doi: 10.1016/j.jisako.2023.01.001,2023 Jun;8(3):145-152,"The paediatric population is at particularly high risk for anterior cruciate ligament (ACL) injuries due to high rates of sports participation. Other risk factors for ACL injuries in children include but are not limited to being female, generalised ligamentous laxity, a high body mass index (BMI), and poor neuromuscular control. ACL reconstruction (ACLR) is commonly done to treat ACL injuries and allow for return to sports and daily activities. ACL repair is another option with ongoing techniques being developed. The high rates of graft failure in children reported in recent publications on ACL repair are very concerning. Special consideration must be taken in ACLR in the skeletally immature patient due to the risk of growth-related complications, such as limb deformity or growth arrest, that can arise from drilling across or disrupting the physis. Graft choices for paediatric ACLR include iliotibial band (ITB) over the top and over the front, hamstring autograft, bone patellar tendon bone (BTB) autograft, quadriceps tendon autograft, and allograft. Factors for each graft choice to consider include graft size, graft failure rates, donor site morbidity, requirement for bony tunnels, the post-op rehabilitation process, and return to sport outcomes. Each graft has its benefits and disadvantages for the individual patient, depending on age, skeletal maturity, and goals for recovery. Lateral extra-articular tenodesis (LET) is another option to consider with paediatric ACLR because LET has been shown to decrease the re-rupture rate in adult ACLR. After surgery, patient follow-up until at least the growth plates are closed is important. This article aims to provide an overview and comparison of the various graft types to aid in the graft choice decision making process for paediatric ACLR.",2023
59,36642768,2023 Mar,2023 Jan 16,Int Orthop,"['Li X', 'Yan L', 'Li D', 'Fan Z', 'Liu H', 'Wang G', 'Jiu J', 'Yang Z', 'Li JJ', 'Wang B']",Wang B,Failure modes after anterior cruciate ligament reconstruction: a systematic review and meta-analysis.,47,3,719-734,['English'],7705431,0341-2695,1432-5195,"['Meta-Analysis', 'Systematic Review', 'Journal Article', ""Research Support, Non-U.S. Gov't""]",PubMed - indexed for MEDLINE,ppublish+epublish,"['36642768', '10.1007/s00264-023-05687-z', '10.1007/s00264-023-05687-z']",10.1007/s00264-023-05687-z,"['2022/10/01 00:00', '2023/01/01 00:00', '2023/01/16 06:00', '2023/02/18 06:00', '2023/01/15 23:17']",[],1,0,International orthopaedics,doi: 10.1007/s00264-023-05687-z,2023 Mar;47(3):719-734,"PURPOSE: The reason for graft failure after anterior cruciate ligament reconstruction (ACLR) is multifactorial. Controversies remain regarding the predominant factor and incidence of failure aetiology in the literature. This review aimed to provide a meta-analysis of the literature to evaluate the relative proportion of various failure modes among patients with ACLR failure. METHODS: The PubMed, Embase, Cochrane Library, Web of Science, and EBSCO databases were searched for literature on ACLR failure or revision from 1975 to 2021. Data related to causes for ACLR surgical failure were extracted, and a random effects model was used to pool the results, which incorporates potential heterogeneity. Failure modes were compared between different populations, research methods, graft types, femoral portal techniques, and fixation methods by subgroup analysis or linear regression. Funnel plots were used to identify publication bias and small-study effects. RESULTS: A total of 39 studies were analyzed, including 33 cohort studies and six registry-based studies reporting 6578 failures. The results showed that among patients with ACLR failure or revision, traumatic reinjury was the most common failure mode with a rate of 40% (95% CI: 35-44%), followed by technical error (34%, 95% CI: 28-42%) and biological failure (11%, 95% CI: 7-15%). Femoral tunnel malposition was the most common cause of the technical error (29%, 95% CI: 18-41%), with more than two times higher occurrence than tibial tunnel malposition (11%, 95% CI: 6-16%). Traumatic reinjury was the most common factor for ACLR failure in European populations and in recent studies, while technical errors were more common in Asian populations, earlier studies, and surgery performed using the transtibial (TT) portal technique. Biological factors were more likely to result in ACLR failure in hamstring (HT) autografts compared to bone-patellar tendon-bone (BPTB) autografts. CONCLUSION: Trauma is the most important factor leading to surgical failure or revision following ACLR. Technical error is also an important contributing factor, with femoral tunnel malposition being the leading cause of error resulting in failure.",2023
60,36441213,2023 Jul,2022 Nov 28,Arch Orthop Trauma Surg,"['Sollberger VD', 'Korthaus A', 'Barg A', 'Pagenstert G']",Pagenstert G,Long-term results after anterior cruciate ligament reconstruction using patellar tendon versus hamstring tendon autograft with a minimum follow-up of 10 years-a systematic review.,143,7,4277-4289,['English'],9011043,0936-8051,1434-3916,"['Systematic Review', 'Journal Article']",PubMed - indexed for MEDLINE,ppublish+epublish,"['36441213', 'PMC10293370', 'pmc-id: PMC10293370;', '10.1007/s00402-022-04687-9', '10.1007/s00402-022-04687-9']",10.1007/s00402-022-04687-9,"['2022/08/17 00:00', '2022/10/28 00:00', '2023/06/28 06:42', '2022/11/29 06:00', '2022/11/28 11:14', '2022/11/28 00:00']",[],1,44,Archives of orthopaedic and trauma surgery,doi: 10.1007/s00402-022-04687-9,2023 Jul;143(7):4277-4289,"INTRODUCTION: A lot of research addresses superiority of the two commonly used autografts bone-patellar tendon-bone (BPTB) and hamstring tendon for anterior cruciate ligament (ACL) reconstruction, without getting to consensus. While there are numerous studies and reviews on short- to mid-term follow-up, not much literature is available on long-term follow-up. As patients suffering ACL injuries are often of young age and high athletic activity, it is crucial to have the best evidence possible for graft choice to minimize consequences, like osteoarthritis later on. MATERIALS AND METHODS: A search of the online databases, PubMed and Embase, was carried out last on 31st March 2022 for studies comparing BPTB and hamstring tendon (HT) autografts for ACL reconstruction in human patients with a minimum follow-up of 10 years. The methodological quality of each study has been evaluated using the modified Coleman Methodology Score. Results on the three variables patient-oriented outcomes, clinical testing and measurements and radiographic outcomes were gathered and are presented in this review. RESULTS: Of 1299 records found, nine studies with a total of 1833 patients were identified and included in this systematic review. The methodological quality of the studies ranged from a Coleman Score of 63-88. Many studies reported no or only few statistically significant differences. Significant results in favour of BPTB were found for activity levels and for instrumented laxity testing with the KT-1000 arthrometer. Better outcomes for HT were found in IKDC-SKF, the KOOS, donor site morbidity, pivot shift test, radiographic osteoarthritis (IKDC C or D) and contralateral ACL rupture. No studies presented significant differences in terms of Lysholm Score or Tegner Activity Score, Lachman test, single-legged hop test, deficits in range of motion, osteoarthritis using the Kellgren and Lawrence classification or graft rupture. CONCLUSION: We cannot recommend one graft to be superior, since both grafts show disadvantages in the long-term follow-up. Considering the limitation of our systematic review of no quantitative analysis, we cannot draw further conclusions from the many insignificant results presented by individual studies. LEVEL OF EVIDENCE: IV.",2023
61,36307618,2023 Aug,2022 Oct 29,Eur J Orthop Surg Traumatol,"['Turati M', 'Caliandro M', 'Gaddi D', 'Piatti M', 'Rigamonti L', 'Zanchi N', 'Di Benedetto P', 'Boerci L', 'Catalano M', 'Zatti G', 'Ollivier M', 'Bigoni M']",Bigoni M,Clinical outcomes and complications after anterior cruciate ligament reconstruction with bone-patellar tendon-bone in patient Tanner 3 and 4: a systematic review.,33,6,2191-2199,['English'],9518037,1633-8065,1432-1068,"['Systematic Review', 'Journal Article']",PubMed - indexed for MEDLINE,ppublish+epublish,"['36307618', 'PMC10368545', 'pmc-id: PMC10368545;', '10.1007/s00590-022-03402-z', '10.1007/s00590-022-03402-z']",10.1007/s00590-022-03402-z,"['2022/02/14 00:00', '2022/09/28 00:00', '2023/07/27 06:42', '2022/10/29 06:00', '2022/10/28 23:49', '2022/10/29 00:00']",[],1,41,European journal of orthopaedic surgery & traumatology : orthopedie traumatologie,doi: 10.1007/s00590-022-03402-z,2023 Aug;33(6):2191-2199,"BACKGROUND: Clinical outcomes and potential complications associated with Bone-Patellar Tendon-Bone (BPTB) graft in skeletally immature ACL reconstruction (ACLR) are poorly defined. Considering that in Tanner 1-2 patients this kind of graft is not recommended, we focused our systematic review on the evaluation of all the studies in the literature that reported clinical outcomes and rate of complications of the ACLR using BPTB graft in Tanner 3-4 patients. METHODS: This review was conducted in accordance with the PRISMA statement. PubMed, Cochrane Library, EMBASE and Scopus were examined from 1965 to 2020 using different combinations of the following keywords: ""ACL reconstruction"", ""skeletally immature"", ""young"", ""patellar tendon"" and ""BPTB"". The database search yielded 742 studies, on which we performed a primary evaluation. After carrying out a full-text evaluation for the inclusion criteria, 4 studies were included in the final review and assessed using the Newcastle-Ottawa scale. Ninety-six cases with mean age of 14.2 years were reported. RESULTS: Good stability and functional outcomes were reported with a mean follow-up of 49.5 months. Return to sport rate ranged from 91.7% to 100%. A KT-1000 side-to-side difference higher than 5 mm was observed in five patients (5.2%). No lower limb length discrepancy and angulation were reported. Graft rupture rate was 5.2%. CONCLUSION: According to these results, BTPB graft could be a good choice in Tanner 3-4 patients who want to achieve their preinjury sport level with a low risk of growth disturbances and graft failure. Further investigations in a wider population are needed.",2023
62,36255278,2022 Nov,2022 Oct 18,Am J Sports Med,"['Pioger C', 'Gousopoulos L', 'Hopper GP', 'Vieira TD', 'Campos JP', 'El Helou A', 'Philippe C', 'Saithna A', 'Sonnery-Cottet B']",Sonnery-Cottet B,Clinical Outcomes After Combined ACL and Anterolateral Ligament Reconstruction Versus Isolated ACL Reconstruction With Bone-Patellar Tendon-Bone Grafts: A Matched-Pair Analysis of 2018 Patients From the SANTI Study Group.,50,13,3493-3501,['English'],7609541,0363-5465,1552-3365,"['Review', 'Journal Article', ""Research Support, Non-U.S. Gov't""]",PubMed - indexed for MEDLINE,ppublish+epublish,"['36255278', '10.1177/03635465221128261']",10.1177/03635465221128261,"['2022/10/19 06:00', '2022/11/04 06:00', '2022/10/18 09:42']",[],1,0,The American journal of sports medicine,doi: 10.1177/03635465221128261,2022 Nov;50(13):3493-3501,"BACKGROUND: Bone-patellar tendon-bone (BPTB) autografts are widely considered the standard for anterior cruciate ligament reconstruction (ACLR). PURPOSE/HYPOTHESIS: The aims of this study were to compare the clinical outcomes after ACLR with gold standard BPTB autografts versus combined ACLR + anterolateral ligament reconstruction (ALLR) with hamstring tendon (HT) autografts at medium-term follow-up in a large series of propensity-matched patients. The hypothesis was that combined ACLR + ALLR with HT autografts would result in lower graft rupture rates and non-graft rupture-related reoperation rates. STUDY DESIGN: Cohort study; Level of evidence, 3. METHODS: Patients undergoing combined ACLR + ALLR using HT autografts between January 2003 and December 2019 were propensity matched in a 1:1 ratio to patients undergoing isolated ACLR using BPTB autografts. At the end of the study period, graft ruptures, contralateral knee injuries, and any other reoperations or complications after the index procedure were identified by a search of a prospective database and a review of medical records. RESULTS: A total of 1009 matched pairs were included. The mean duration of follow-up was 101.3 +/- 59.9 months. Patients in the isolated group were >3-fold more likely to have graft failure than those in the combined group (hazard ratio, 3.554 [95% CI, 1.744-7.243]; P = .0005). Patients aged <20 years were at a particularly high risk of graft ruptures compared with patients aged >30 years (hazard ratio, 5.650 [95% CI, 1.834-17.241]; P = .0002). Additionally, there was a significantly higher reoperation rate after isolated ACLR than after combined ACLR + ALLR (20.5% vs 8.9%, respectively; P < .0001). The overall rate of subsequent contralateral ruptures was 9.1% after index surgery (isolated: 10.2%; combined: 8.0%; P = .0934), indicating that the risk profiles for both groups were similar. CONCLUSION: Patients who underwent isolated ACLR with BPTB autografts experienced significantly worse graft survivorship and overall reoperation-free survivorship compared with those who underwent combined ACLR + ALLR with HT autografts. The risk of graft ruptures was >3-fold higher in patients who underwent isolated ACLR using BPTB autografts.",2022
63,36096362,2022 Dec,2022 Sep 9,J ISAKOS,"['Clinger B', 'Xerogeanes J', 'Feller J', 'Fink C', 'Runer A', 'Richter D', 'Wascher D']",Wascher D,Quadriceps tendon autograft for anterior cruciate ligament reconstruction: state of the art.,7,6,162-172,['English'],101680867,2059-7754,2059-7762,"['Journal Article', 'Review']",PubMed - indexed for MEDLINE,ppublish+epublish,"['36096362', '10.1016/j.jisako.2022.08.010', 'S2059-7754(22)00085-2']",10.1016/j.jisako.2022.08.010,"['2022/05/08 00:00', '2022/07/29 00:00', '2022/08/24 00:00', '2022/09/13 06:00', '2022/12/24 06:00', '2022/09/12 19:26']",[],1,0,Journal of ISAKOS : joint disorders & orthopaedic sports medicine,doi: 10.1016/j.jisako.2022.08.010,2022 Dec;7(6):162-172,"The ideal graft for anterior cruciate ligament reconstruction (ACLR) continues to be debated. Although first described in 1984, use of the quadriceps tendon (QT) autograft has only recently gained popularity. The biomechanical properties of the QT autograft are favourable compared to bone-patellar tendon-bone (BPTB) and doubled hamstring (HS) grafts with a higher load to failure and a modulus of elasticity that more closely approximates the native anterior cruciate ligament (ACL). The QT graft can be harvested with or without a bone plug, as either a full thickness or a partial thickness graft, and even through minimally invasive techniques. The surgeon must be aware of potential harvest risks including patellar fracture or a graft that is of insufficient length. Numerous short-term studies have shown comparable results when compared to BPTB or hamstring HS autografts with similar graft failure rates, patient-reported outcomes. A major advantage of QT ACLR is reduced donor site morbidity compared to BPTB. However, some persistent quadriceps weakness after QT ACLR has also been reported. The current literature shows that use of the QT autograft for ACLR provides equivalent clinical results compared to other autografts with less donor site morbidity. However, future studies with longer follow-up and higher level of evidence are needed to identify specific populations where the QT may have additional advantage.",2022
64,35721585,2022 Apr,,Arch Bone Jt Surg,"['Hoge CG', 'Matar RN', 'Khalil LS', 'Buchan JA', 'Johnson CM', 'Grawe BM']",Grawe BM,Outcomes Following Anterior Cruciate Ligament Reconstruction with Patellar Tendon vs Hamstring Autografts: A Systematic Review of Randomized Controlled Trials with a Mean Follow-up of 15 Years.,10,4,311-319,['English'],101636743,2345-4644,2345-461X,"['Journal Article', 'Review']",PubMed,ppublish,"['35721585', 'PMC9169734', 'pmc-id: PMC9169734;', '10.22038/ABJS.2021.53662.2668']",10.22038/ABJS.2021.53662.2668,"['2020/12/10 00:00', '2021/07/24 00:00', '2022/06/20 03:56', '2022/06/21 06:00', '2022/06/21 06:01', '2022/04/01 00:00']",[],1,32,The archives of bone and joint surgery,doi: 10.22038/ABJS.2021.53662.2668,2022 Apr;10(4):311-319,"BACKGROUND: The two most common surgical treatment modalities for anterior cruciate ligament reconstruction (ACL), patellar tendon (PT) and hamstring tendon (HS) autografts, have been shown to have outcomes that are both similar and favorable; however, many of these are short or intermediate-term. The objective of this systematic review is to evaluate randomized controlled trials (RCTs) with a minimum 10-year follow-up data to compare the long-term outcomes of ACL reconstructions performed using PT and HS autografts. METHODS: This systematic review followed the PRISMA (Preferred Reporting Items for Systematic Reviews and Meta-Analyses) guidelines. A search of three databases (PubMed, Cochrane and EMBASE) was performed to identify RCTs with a minimum of 10-year follow-up that compared clinical and/or functional outcomes between PT and HS autografts. RESULTS: Four RCTs with a total of 299 patients were included in the study. The mean follow-up ranged from 10.2 to 17 years (mean, 14.79 years). No significant differences in knee laxity or clinical outcome scores were demonstrated in any of the studies. One study found that PT autografts were significantly more likely to have osteoarthritis identified by radiographic findings. Two studies found that patients with PT autografts reported increase kneeling pain, while none of the four studies reported a difference in anterior knee pain. There were no significant differences in graft failure rates. CONCLUSION: This review demonstrates no long-term difference in clinical or functional outcomes between PT and HS autografts. However, radiographic and subjective outcomes indicate that patients with PT autografts may experience greater kneeling pain and osteoarthritis. Therefore, orthopaedic surgeons should consider patient-centric factors when discussing graft options with patients.",2022
65,35445330,2022 Nov,2022 Apr 20,Knee Surg Sports Traumatol Arthrosc,"['Zakharia A', 'Lameire DL', 'Abdel Khalik H', 'Kay J', 'Uddandam A', 'Nagai K', 'Hoshino Y', 'de Sa D']",de Sa D,Quadriceps tendon autograft for pediatric anterior cruciate ligament reconstruction results in promising postoperative function and rates of return to sports: A systematic review.,30,11,3659-3672,['English'],9314730,0942-2056,1433-7347,"['Journal Article', 'Systematic Review']",PubMed - indexed for MEDLINE,ppublish+epublish,"['35445330', '10.1007/s00167-022-06930-7', '10.1007/s00167-022-06930-7']",10.1007/s00167-022-06930-7,"['2021/11/18 00:00', '2022/03/03 00:00', '2022/04/22 06:00', '2022/10/19 06:00', '2022/04/21 05:47']",[],1,0,"Knee surgery, sports traumatology, arthroscopy : official journal of the ESSKA",doi: 10.1007/s00167-022-06930-7,2022 Nov;30(11):3659-3672,"PURPOSE: To assess the performance of the quadriceps tendon (QT) autograft in pediatric anterior cruciate ligament reconstruction (ACLR). METHODS: A systematic search of MEDLINE, PubMed, and EMBASE was conducted on March 1, 2021. Studies of all levels of evidence reporting outcomes and/or complications after QT autograft ACLR in pediatric patients (</= 18 years old) were eligible for inclusion. Study demographics, patient demographics, reported outcomes, and complications were abstracted. Screening and data abstraction were designed in accordance with PRISMA and R-AMSTAR guidelines. Descriptive statistics were presented when applicable, with data for heterogeneous outcomes presented in narrative summary fashion. RESULTS: A total of 14 studies examining 596 patients (46.3% female), mean age 15.4 years, were included in this systematic review. Mean postoperative Lysholm scores ranged from 94.0 to 99.5. Mean postoperative IKDC subjective scores ranged from 75.9 to 94.0. Limb symmetry index ranged from 96.8 +/- 10.4 to 100.4 +/- 7.6% across multiple hop tests. Return to sports (RTS) rates ranged from 88.9 to 91.7%. Eleven studies reported postoperative complications, whereby 16 patients (4.8%) experienced contralateral complications and injuries. Forty-six patients (9.4%) experienced ipsilateral complications, including ten graft failures (2.5%) and two growth disturbances (0.6%). CONCLUSIONS: QT autograft ACLR in the pediatric population retains the potential of regaining a preinjury level of knee stability, and yields promising postoperative function and rates of RTS, yielding comparable outcomes relative to HT autograft and the reference-standard BPTB ACLR that have previously been described in the literature. Moreover, use of the QT autograft is associated with low rates of postoperative complications, including graft failure and growth disturbances in this active and high-risk patient population in observational studies to date. Therefore, clinical equipoise exists to further appraise the influence of QT autograft on postoperative outcomes compared to aforementioned autograft options in a randomized control trial fashion. LEVEL OF EVIDENCE: IV.",2022
66,35428007,2022 May,2022 Apr 1,Clin Biomech (Bristol),"['Malige A', 'Baghdadi S', 'Hast MW', 'Schmidt EC', 'Shea KG', 'Ganley TJ']",Ganley TJ,Biomechanical properties of common graft choices for anterior cruciate ligament reconstruction: A systematic review.,95,,105636,['English'],8611877,0268-0033,1879-1271,"['Journal Article', 'Systematic Review']",PubMed - indexed for MEDLINE,ppublish+epublish,"['35428007', '10.1016/j.clinbiomech.2022.105636', 'S0268-0033(22)00066-3']",10.1016/j.clinbiomech.2022.105636,"['2021/10/02 00:00', '2022/03/21 00:00', '2022/03/25 00:00', '2022/04/16 06:00', '2022/05/27 06:00', '2022/04/15 20:17']",[],1,0,"Clinical biomechanics (Bristol, Avon)",doi: 10.1016/j.clinbiomech.2022.105636,2022 May;95:105636,"BACKGROUND: This systematic review explores the differences in the intrinsic biomechanical properties of different graft sources used in anterior cruciate ligament (ACL) reconstruction as tested in a laboratory setting. METHODS: Following Preferred Reporting Items for Systematic Reviews and Meta-Analyses (PRISMA) guidelines, two authors conducted a systematic review exploring the biomechanical properties of ACL graft sources (querying PubMed, Cochrane, and Embase databases). Using the keywords ""anterior cruciate ligament graft,"" ""biomechanics,"" and ""biomechanical testing,"" relevant articles of any level of evidence were identified as eligible and included if they reported on the biomechanical properties of skeletally immature or mature ACL grafts solely and if the grafts were studied in vitro, in isolation, and under similar testing conditions. Studies were excluded if performed on both skeletally immature and mature or non-human grafts, or if the grafts were tested after fixation in a cadaveric knee. For each graft, failure load, stiffness, Young's modulus, maximum stress, and maximum strain were recorded. FINDINGS: Twenty-six articles were included. Most studies reported equal or increased biomechanical failure load and stiffness of their tested bone-patellar tendon-bone, hamstring, quadriceps, peroneus longus, tibialis anterior and posterior, Achilles, tensor fascia lata, and iliotibial band grafts compared to the native ACL. All recorded biomechanical properties had similar values between graft types. INTERPRETATION: Most grafts used for ACL reconstruction are biomechanically superior to the native ACL. Utilizing a proper graft, combined with a standard surgical technique and a rigorous rehabilitation before and after surgery, will improve outcomes of ACL reconstruction.",2022
67,35343326,2022 Nov-Dec,2022 Mar 27,Sports Health,"['Etzel CM', 'Nadeem M', 'Gao B', 'Boduch AN', 'Owens BD']",Owens BD,Graft Choice for Anterior Cruciate Ligament Reconstruction in Women Aged 25 Years and Younger: A Systematic Review.,14,6,829-841,['English'],101518422,1941-7381,1941-0921,"['Systematic Review', 'Journal Article']",PubMed - indexed for MEDLINE,ppublish+epublish,"['35343326', 'PMC9631041', 'pmc-id: PMC9631041;', '10.1177/19417381221079632']",10.1177/19417381221079632,"['2022/03/29 06:00', '2022/11/03 06:00', '2022/03/28 08:53', '2023/03/27 00:00']",[],1,77,Sports health,doi: 10.1177/19417381221079632,2022 Nov-Dec;14(6):829-841,"CONTEXT: Although anterior cruciate ligament (ACL) tears are relatively common in athletic populations, few studies have systematically reviewed graft choice in young women. OBJECTIVE: To quantitatively and qualitatively examine reported outcomes for graft choice in women aged 25 years and younger undergoing primary ACL reconstruction. DATA SOURCE: A systematic review was performed using the PRISMA (Preferred Reporting Items for Systematic Reviews and Meta-Analyses) guidelines. An electronic search in the PubMed (includes MEDLINE) and EMBASE databases was completed using a combination of key terms. STUDY SELECTION: Studies were included if they reported graft choice outcomes in women aged 25 years and younger. STUDY DESIGN: Systematic review. LEVEL OF EVIDENCE: Level 4. DATA EXTRACTION: The following information was extracted: title, author, year of publication, number of female patients and age, graft type, follow-up, and patient-reported outcome measures. The following outcome scores were identified as being reported or not reported by each study: graft failure, contralateral ACL (CACL) rupture, IKDC (International Knee Documentation Committee), graft survival (Kaplan-Meier), Lysholm, Tegner, KT-1000, kneeling pain, return to sport, and Lachman. RESULTS: Of 1170 identified articles, 16 met inclusion criteria, reporting on 1385 female patients aged 25 years and younger. Comparison of 655 bone-patellar tendon-bone (BPTB) versus 525 hamstring tendon (HT) autografts showed significant differences in mean failure rate between BPTB autografts (6.13% +/- 2.58%) and HT autografts (17.35% +/- 8.19%), P = 0.001. No statistically significant differences in CACL failure rates were found between BPTB autografts and HT autografts (P = 0.25). Pooled results for IKDC were possible in 3 of the HT autograft studies, showing a mean score of 88.31 (95% CI 83.53-93.08). Pooled Lysholm score results were possible in 2 of the HT autograft studies, showing a mean score of 93.46 (95% CI 91.90-95.01). CONCLUSION: In female patients aged 25 years and younger, BPTB autografts showed significantly less graft failure compared with HT autografts. However, BPTB autografts had comparable patient-reported outcomes compared with HT autografts with the available data. The overall state of evidence for graft choice in female patients aged 25 years and younger is low. Future studies should report statistics by age and sex to allow for further analysis of graft choice for this specific population that is known to be more vulnerable to ACL injury.",2022
68,35127959,2022 Jan,2022 Jan 31,Orthop J Sports Med,"['Zhu T', 'Zhou J', 'Hwang J', 'Xu X']",Xu X,Effects of Platelet-Rich Plasma on Clinical Outcomes After Anterior Cruciate Ligament Reconstruction: A Systematic Review and Meta-analysis.,10,1,23259671211061535,['English'],101620522,2325-9671,2325-9671,"['Journal Article', 'Review']",PubMed,,"['35127959', 'PMC8811441', 'pmc-id: PMC8811441;', '10.1177/23259671211061535', '10.1177_23259671211061535']",10.1177/23259671211061535,"['2021/08/05 00:00', '2021/09/03 00:00', '2022/02/07 05:35', '2022/02/08 06:00', '2022/02/08 06:01', '2022/01/31 00:00']",[],1,43,Orthopaedic journal of sports medicine,doi: 10.1177/23259671211061535,2022 Jan;10(1):23259671211061535,"BACKGROUND: Many studies have documented the use of platelet-rich plasma (PRP) alongside anterior cruciate ligament (ACL) reconstruction (ACLR) in the management of ACL injury, but evidence on the benefits of PRP in improving the clinical outcomes of ACLR is inconsistent. PURPOSE: To help in our understanding, we undertook a systematic review and meta-analysis of randomized controlled trials (RCTs) that evaluated the effects of PRP on patient-reported functional scores, the clinical assessments of knee function and structure, and complications. STUDY DESIGN: Systematic review; Level of evidence, 1. METHODS: We searched 9 online databases for RCTs published in English or Chinese that examined the effects of PRP on ACLR. The primary outcome measures were visual analog scale (VAS) for pain and International Knee Documentation Committee (IKDC) scores. The secondary outcomes included KT-1000 arthrometer, pivot-shift test, Lysholm and Tegner scores, tunnel widening, graft characterization, and complications. Subgroup analyses were performed according to time of assessments. Fixed- and random-effects models were selected for data analysis. RESULTS: A total of 14 studies were included. When PRP was injected to graft tunnels, the pooled VAS scores of the 2 groups were similar (P = .31), and the subgroup analysis found that VAS and IKDC only improved at 3 months postoperatively (P = .0003 and P < .00001, respectively). When PRP was used at the bone-patellar tendon-bone harvest sites, VAS was decreased in the first 6 months postoperatively (P < .00001), whereas IKDC score was not remarkably different (P = .07). After PRP injection, Lysholm scores at 3 months postoperatively was different between the 2 groups (P < .00001), but the Tegner scores (P = .86), KT-1000 measurements (P = .12), the positive rate of pivot-shift test (P = .64), the enlargement of tunnels (femoral, P = .91; tibial, P = .80), and the characterization of grafts (P = .05) were not different. No difference in complications was found in either group. CONCLUSION: PRP applied alongside ACLR could reduce postoperative pain and improve knee function in the short and medium terms but is ineffective in the long term. PRP does not improve knee stability and the enlargement of tunnels and does not accelerate the healing of grafts. Further studies would be required.",2022
69,35097143,2022 Jan,2022 Jan 25,Orthop J Sports Med,"['BEAR-MOON Design Group', 'Spindler KP', 'Imrey PB', 'Yalcin S', 'Beck GJ', 'Calbrese G', 'Cox CL', 'Fadale PD', 'Farrow L', 'Fitch R', 'Flanigan D', 'Fleming BC', 'Hulstyn MJ', 'Jones MH', 'Kaeding C', 'Katz JN', 'Kriz P', 'Magnussen R', 'McErlean E', 'Melgaard C', 'Owens BD', 'Saluan P', 'Strnad G', 'Winalski CS', 'Wright R']",Wright R,Design Features and Rationale of the BEAR-MOON (Bridge-Enhanced ACL Restoration Multicenter Orthopaedic Outcomes Network) Randomized Clinical Trial.,10,1,23259671211065447,['English'],101620522,2325-9671,2325-9671,['Journal Article'],PubMed,,"['35097143', 'PMC8793429', 'pmc-id: PMC8793429;', '10.1177/23259671211065447', '10.1177_23259671211065447']",10.1177/23259671211065447,"['2021/06/08 00:00', '2021/08/24 00:00', '2022/01/31 06:01', '2022/02/01 06:00', '2022/02/01 06:01', '2022/01/25 00:00']",[],1,62,Orthopaedic journal of sports medicine,doi: 10.1177/23259671211065447,2022 Jan;10(1):23259671211065447,"BACKGROUND: BEAR (bridge-enhanced anterior cruciate ligament [ACL] restoration), a paradigm-shifting technology to heal midsubstance ACL tears, has been demonstrated to be effective in a single-center 2:1 randomized controlled trial (RCT) versus hamstring ACL reconstruction. Widespread dissemination of BEAR into clinical practice should also be informed by a multicenter RCT to demonstrate exportability and compare efficacy with bone--patellar tendon-bone (BPTB) ACL reconstruction, another clinically standard treatment. PURPOSE: To present the design and initial preparation of a multicenter RCT of BEAR versus BPTB ACL reconstruction (the BEAR: Multicenter Orthopaedic Outcomes Network [BEAR-MOON] trial). Design and analytic issues in planning the complex BEAR-MOON trial, involving the US National Institute of Arthritis and Musculoskeletal and Skin Diseases, the US Food and Drug Administration, the BEAR implant manufacturer, a data and safety monitoring board, and institutional review boards, can usefully inform both clinicians on the trial's strengths and limitations and future investigators on planning of complex orthopaedic studies. STUDY DESIGN: Clinical trial. METHODS: We describe the distinctive clinical, methodological, and operational challenges of comparing the innovative BEAR procedure with the well-established BPTB operation, and we outline the clinical motivation, experimental setting, study design, surgical challenges, rehabilitation, outcome measures, and planned analysis of the BEAR-MOON trial. RESULTS: BEAR-MOON is a 6-center, 12-surgeon, 200-patient randomized, partially blinded, noninferiority RCT comparing BEAR with BPTB ACL reconstruction for treating first-time midsubstance ACL tears. Noninferiority of BEAR relative to BPTB will be claimed if the total score on the International Knee Documentation Committee (IKDC) subjective knee evaluation form and the knee arthrometer 30-lb (13.61-kg) side-to-side laxity difference are both within respective margins of 16 points for the IKDC and 2.5 mm for knee laxity. CONCLUSION: Major issues include patient selection, need for intraoperative randomization and treatment-specific postoperative physical therapy regimens (because of fundamental differences in surgical technique, initial stability construct, and healing), and choice of noninferiority margins for short-term efficacy outcomes of a novel intervention with evident short-term advantages and theoretical, but unverified, long-term benefits on other dimensions.",2022
70,35024368,2022 Jan,2022 Jan 7,Orthop J Sports Med,"['Grassi A', 'Pizza N', ""Al-Zu'bi BBH"", 'Fabbro GD', 'Lucidi GA', 'Zaffagnini S']",Zaffagnini S,Clinical Outcomes and Osteoarthritis at Very Long-term Follow-up After ACL Reconstruction: A Systematic Review and Meta-analysis.,10,1,23259671211062238,['English'],101620522,2325-9671,2325-9671,"['Journal Article', 'Review']",PubMed,,"['35024368', 'PMC8743946', 'pmc-id: PMC8743946;', '10.1177/23259671211062238', '10.1177_23259671211062238']",10.1177/23259671211062238,"['2021/08/30 00:00', '2021/09/16 00:00', '2022/01/13 12:32', '2022/01/14 06:00', '2022/01/14 06:01', '2022/01/07 00:00']",[],1,37,Orthopaedic journal of sports medicine,doi: 10.1177/23259671211062238,2022 Jan;10(1):23259671211062238,"BACKGROUND: Few studies on outcomes after anterior cruciate ligament (ACL) reconstruction (ACLR) have provided insight into the very long-term effects of this procedure. PURPOSE: To systematically review the outcomes, failure rate, incidence, and predictors of osteoarthritis (OA) for different ACLR techniques at a minimum 20-year follow-up. STUDY DESIGN: Systematic review; Level of evidence, 4. METHODS: A search of the PubMed, SCOPUS, and Cochrane databases was performed on June 2020 for studies of patients who underwent ACLR and had a minimum follow-up of 20 years. We extracted data on patient and surgical characteristics, patient-reported outcomes (Lysholm score, subjective International Knee Documentation Committee [IKDC] score, Knee injury and Osteoarthritis Outcome Score [KOOS], and Tegner score), clinical outcomes (IKDC grade, pivot shift, Lachman, and KT-1000 laxity), degree of OA (Kellgren-Lawrence, Ahlback, and IKDC OA grading), revisions, and failures. Relative risk (RR) of OA between the operated and contralateral knees was calculated as well as the pooled rate of revisions, failures, and conversion to total knee arthroplasty (TKA). RESULTS: Included were 16 studies (N = 1771 patients; mean age, 24.8 years; mean follow-up, 22.7 years); 80% of the patients underwent single-bundle bone-patellar tendon-bone (BPTB) reconstruction. The average Lysholm (89.3), IKDC (78.6), and KOOS subscale scores were considered satisfactory. Overall, 33% of patients had ""abnormal"" or ""severely abnormal"" objective IKDC grade, 6.7% had KT-1000 laxity difference of >/=5 mm, 9.4% had Lachman >/=2+, and 6.4% had pivot shift >/=2+. Signs of OA were reported in 73.3% of patients, whereas severe OA was reported in 12.8%. The operated knee had a relative OA risk of 2.8 (P < .001) versus the contralateral knee. Identified risk factors for long-term OA were male sex, older age at surgery, delayed ACLR, meniscal or cartilage injuries, BPTB autograft, lateral plasty, nonideal tunnel placement, residual laxity, higher postoperative activity, and postoperative range of motion deficits. Overall, 7.9% of patients underwent revision, and 13.4% of ACLRs were considered failures. TKA was performed in 1.1% of patients. CONCLUSION: Most patients had satisfactory subjective outcomes 20 years after ACLR; however, abnormal anteroposterior or rotatory laxity was found in nearly 10% of cases. The presence of radiographic OA was high (RR 2.8 vs uninjured knee), especially in patients with concomitant meniscal or cartilage injuries, older age, and delayed surgery; however, severe OA was present in only 12.8% of cases, and TKA was required in only 1.1%.",2022
71,34977654,2021 Dec,2021 Nov 14,Arthrosc Sports Med Rehabil,"['Sylvia SM', 'Gill TJ', 'Engler ID', 'Carroll KM', 'Salzler MJ']",Salzler MJ,Anterior Cruciate Ligament Reconstruction Using Bone-Patellar Tendon-Bone Allograft in Patients Aged 50 and Older Leads to Improved Activity Levels and Acceptable Patient-Reported Outcomes.,3,6,e1961-e1965,['English'],101765256,,2666-061X,['Journal Article'],PubMed,,"['34977654', 'PMC8689261', 'pmc-id: PMC8689261;', '10.1016/j.asmr.2021.09.018', 'S2666-061X(21)00182-6']",10.1016/j.asmr.2021.09.018,"['2021/02/08 00:00', '2021/09/17 00:00', '2022/01/03 05:55', '2022/01/04 06:00', '2022/01/04 06:01', '2021/11/14 00:00']",[],1,34,"Arthroscopy, sports medicine, and rehabilitation",doi: 10.1016/j.asmr.2021.09.018,2021 Dec;3(6):e1961-e1965,"PURPOSE: To evaluate patient-reported outcomes in patients aged 50 years and older undergoing anterior cruciate ligament reconstruction (ACLR) using bone-patellar tendon-bone (BPTB) allograft with minimum 2-year follow-up. METHODS: A retrospective review was performed on a consecutive series of patients aged 50 and older who underwent ACLR using BPTB allograft by a single surgeon with minimum 2-year follow-up. Postoperative International Knee Documentation Committee (IKDC), Lysholm, and Physical Component Summary of the 12-item Short-Form Health Survey were used to assess outcomes, as well as preoperative and postoperative Tegner activity scores, which were compared using a paired sample t test. RESULTS: Fifty patients met inclusion criteria, with a mean age of 55.3 +/- 4.4 years and mean follow-up of 4.8 +/- 1.9 years. Tegner activity scores improved from a mean preoperative score of 3.26 to a mean postoperative score of 5.25 (P < .001). The mean postoperative scores for Lysholm, IKDC, and Physical Component Summary were 87.3, 81.1, and 54.3, respectively. In total, 36 (72%) patients achieved a patient acceptable symptom state score for IKDC and 37 (74%) patients achieved a minimal clinically important difference for Tegner activity score. Thirty-eight (76%) patients reported good-to-excellent results, 6 (12%) patients reported fair results, and 6 (12%) patients reported poor results. CONCLUSIONS: ACLR with BPTB allograft in patients aged 50 and older leads to good patient-reported outcomes with significantly increased postoperative activity status at a minimum 2-year follow-up. LEVEL OF EVIDENCE: Level IV, therapeutic case series.",2021
72,34591691,2022 Aug,2021 Sep 30,Am J Sports Med,"['Everhart JS', 'Yalcin S', 'Spindler KP']",Spindler KP,Twenty-Year Outcomes After Anterior Cruciate Ligament Reconstruction: A Systematic Review of Prospectively Collected Data.,50,10,2842-2852,['English'],7609541,0363-5465,1552-3365,"['Journal Article', 'Systematic Review', 'Research Support, N.I.H., Extramural', ""Research Support, Non-U.S. Gov't""]",PubMed - indexed for MEDLINE,ppublish+epublish,"['34591691', '10.1177/03635465211027302']",10.1177/03635465211027302,"['2021/10/01 06:00', '2022/08/04 06:00', '2021/09/30 17:17']",[],1,0,The American journal of sports medicine,doi: 10.1177/03635465211027302,2022 Aug;50(10):2842-2852,"BACKGROUND: Several long-term (>/=20 years) follow-up studies after anterior cruciate ligament (ACL) reconstruction have been published in recent years, allowing for a systematic evaluation of outcomes. PURPOSE: To summarize outcomes at >/=20 years after ACL reconstruction and identify patient and surgical factors that affect these results. STUDY DESIGN: Systematic review; Level of evidence, 4. METHODS: Prospective studies of primary ACL reconstructions with hamstring or bone-patellar tendon-bone (BTB) autograft via an arthroscopic or a mini-open technique and with a mean follow-up of >/=20 years were identified. When possible, the mean scores for each outcome measure were calculated. Factors identified in individual studies as predictive of outcomes were described. RESULTS: Five studies met the inclusion and exclusion criteria with a total of 2012 patients. The pooled mean follow-up for patient-reported outcome measures was 44.2% (range, 29.6%-92.7%) and in-person evaluation was 33.2% (range, 29.6%-48.9%). Four studies (n = 584) reported graft tears at a mean rate of 11.8% (range, 2%-18.5%) and 4 studies (n = 773) reported a contralateral ACL injury rate of 12.2% (range, 5.8%-30%). Repeat non-ACL arthroscopic surgery (4 studies; n = 177) to the ipsilateral knee occurred in 10.4% (range, 9.5%-18.3%) and knee arthroplasty (1 study; n = 217) in 5%. The pooled mean of the International Knee Documentation Committee subjective knee function (IKDC) score was 79.1 (SD, 21.8 [3 studies; n = 644]). In 2 studies (n?= 221), 57.5% of patients continued to participate in strenuous activities. The IKDC-objective score was normal or nearly normal in 82.3% (n = 496; 3 studies), with low rates of clinically significant residual laxity. Moderate-severe radiographic osteoarthritis (OA) (IKDC grade C or D) was present in 25.9% of patients (n = 605; 3 studies). Medial meniscectomy is associated with increased risk of radiographic OA. Radiographic OA severity is associated with worse patient-reported knee function, but the association with knee pain is unclear. CONCLUSION: Currently available prospective evidence for ACL reconstruction with hamstring or BTB autograft provides several insights into outcomes at 20 years. The rates of follow-up at 20 years range from 30% to 93%. IKDC-objective scores were normal or nearly normal in 82% and the mean IKDC-subjective score was 79 points.",2022
73,34536121,2022 Nov,2021 Sep 18,Arch Orthop Trauma Surg,"['Haybäck G', 'Raas C', 'Rosenberger R']",Rosenberger R,Failure rates of common grafts used in ACL reconstructions: a systematic review of studies published in the last decade.,142,11,3293-3299,['English'],9011043,0936-8051,1434-3916,"['Journal Article', 'Systematic Review']",PubMed - indexed for MEDLINE,ppublish+epublish,"['34536121', 'PMC9522752', 'pmc-id: PMC9522752;', '10.1007/s00402-021-04147-w', '10.1007/s00402-021-04147-w']",10.1007/s00402-021-04147-w,"['2020/12/09 00:00', '2021/08/23 00:00', '2021/09/19 06:00', '2022/10/04 06:00', '2021/09/18 12:07', '2021/09/18 00:00']",[],1,26,Archives of orthopaedic and trauma surgery,doi: 10.1007/s00402-021-04147-w,2022 Nov;142(11):3293-3299,"INTRODUCTION: In this review paper, graft failure rates of different graft types (hamstring tendon autografts, bone-patellar tendon-bone autografts, quadriceps tendon autografts and diverse allografts) that are used for surgical reconstruction of the anterior cruciate ligament are compared and statistically analysed. METHODS: Literature search was conducted in PubMed according to Preferred Reporting Items for Systematic Reviews and Meta-Analysis (PRISMA) criteria. A total of 194 studies, which reported graft failure rates of at least one of the anterior cruciate ligament reconstruction methods mentioned above, were included in this systematic review. To be able to compare studies with different follow-up periods, a yearly graft failure rate for each reconstruction group was calculated and then investigated for significant differences by using the Kruskal-Wallis test. RESULTS: Overall, a total of 152,548 patients treated with an anterior cruciate ligament reconstruction were included in the calculations. Comparison of graft types showed that hamstring tendon autografts had a yearly graft failure rate of 1.70%, whereas the bone-patellar tendon-bone autograft group had 1.16%, the quadriceps tendon autograft group 0.72%, and the allografts 1.76%. CONCLUSION: The findings of this meta-data study indicate that reconstructing the anterior cruciate ligament using quadriceps tendon autografts, hamstring tendon autografts, patellar tendon autografts or allografts does not show significant differences in terms of graft failure rates.",2022
74,34494906,2022 Oct,2021 Sep 8,Am J Sports Med,"['Dai W', 'Leng X', 'Wang J', 'Cheng J', 'Hu X', 'Ao Y']",Ao Y,Quadriceps Tendon Autograft Versus Bone-Patellar Tendon-Bone and Hamstring Tendon Autografts for Anterior Cruciate Ligament Reconstruction: A Systematic Review and Meta-analysis.,50,12,3425-3439,['English'],7609541,0363-5465,1552-3365,"['Journal Article', 'Meta-Analysis', 'Systematic Review']",PubMed - indexed for MEDLINE,ppublish+epublish,"['34494906', '10.1177/03635465211030259']",10.1177/03635465211030259,"['2021/09/09 06:00', '2022/10/04 06:00', '2021/09/08 12:15']",[],1,0,The American journal of sports medicine,doi: 10.1177/03635465211030259,2022 Oct;50(12):3425-3439,"BACKGROUND: The best type of autograft for anterior cruciate ligament (ACL) reconstruction remains debatable. HYPOTHESIS: Compared with bone-patellar tendon-bone (BPTB) and hamstring tendon (HT) autografts, the quadriceps tendon (QT) autograft has comparable graft survival as well as clinical function and pain outcomes. STUDY DESIGN: Meta-analysis; Level of evidence, 4. METHODS: A systematic literature search was conducted in PubMed, Embase, Scopus, and the Cochrane Library to July 2020. Randomized controlled trials (RCTs) and observational studies reporting comparisons of QT versus BPTB or HT autografts for ACL reconstruction were included. All analyses were stratified according to study design: RCTs or observational studies. RESULTS: A total of 24 studies were included: 7 RCTs and 17 observational studies. The 7 RCTs included 388 patients, and the 17 observational studies included 19,196 patients. No significant differences in graft failure (P = .36), the International Knee Documentation Committee (IKDC) subjective score (P = .39), or the side-to-side difference in stability (P = .60) were noted between QT and BPTB autografts. However, a significant reduction in donor site morbidity was noted in the QT group compared with the BPTB group (risk ratio [RR], 0.17 [95% CI, 0.09-0.33]; P < .001). No significant differences in graft failure (P = .57), the IKDC subjective score (P = .25), or the side-to-side stability difference (P = .98) were noted between QT and HT autografts. However, the QT autograft was associated with a significantly lower rate of donor site morbidity than the HT autograft (RR, 0.60 [95% CI, 0.39-0.93]; P = .02). A similar graft failure rate between the QT and control groups was observed after both early and late full weightbearing, after early and late full range of motion, and after using the QT autograft with a bone plug and all soft tissue QT grafts. However, a significantly lower rate of donor site morbidity was observed in the QT group compared with the control group after both early and late full weightbearing, after early and late full range of motion, and after using the QT autograft with a bone plug and all soft tissue QT grafts. No difference in effect estimates was seen between RCTs and observational studies. CONCLUSION: The QT autograft had comparable graft survival, functional outcomes, and stability outcomes compared with BPTB and HT autografts. However, donor site morbidity was significantly lower with the QT autograft than with BPTB and HT autografts.",2022
75,34431012,2022 May,2021 Aug 24,Knee Surg Sports Traumatol Arthrosc,"['Lucena T', 'Cavaignac M', 'Marot V', 'Courtot L', 'Lutz C', 'Bérard E', 'Cavaignac E']",Cavaignac E,Iliotibial band autograft is a suitable alternative graft for anterior cruciate ligament reconstruction: a systematic review and meta-analysis of outcomes.,30,5,1679-1690,['English'],9314730,0942-2056,1433-7347,"['Journal Article', 'Meta-Analysis', 'Systematic Review']",PubMed - indexed for MEDLINE,ppublish+epublish,"['34431012', '10.1007/s00167-021-06701-w', '10.1007/s00167-021-06701-w']",10.1007/s00167-021-06701-w,"['2021/06/09 00:00', '2021/08/11 00:00', '2021/08/26 06:00', '2022/04/27 06:00', '2021/08/25 06:34']",[],1,0,"Knee surgery, sports traumatology, arthroscopy : official journal of the ESSKA",doi: 10.1007/s00167-021-06701-w,2022 May;30(5):1679-1690,"PURPOSE: Despite encouraging clinical, biomechanical and histological results, ACL reconstruction using the ITB was slowly abandoned. The hypothesis was that the current literature supports the use of ITB as the graft of choice for ACL reconstruction because of its good outcomes. METHODS: A systematic search of the literature was performed in the PubMed, MEDLINE, Cochrane, and Ovid databases to identify published clinical studies relevant to ACL reconstruction with ITB autograft and studies comparing ITB autograft with bone-patellar tendon-bone (BPTB) and hamstring (HT) autografts (none were found). The results of the eligible studies were analyzed in terms of graft failure, instrumented knee laxity measurements, Lachman test, pivot-shift test, Lysholm score, objective and subjective International Knee Documentation committee (IKDC) scores, Tegner activity score, return to sports rate, return to sports at pre-injury level and complications. RESULTS: Nineteen clinical studies including 1,210 patients with ACL reconstruction met the inclusion criteria. Graft failure occurred after ITB autograft in 4.2% of patients. Postoperative mean side-to-side laxity was 1.41 mm with 21% of patients having greater than 3 mm side-to-side difference. Lachman test and pivot-shift test were negative (grade 0) in 57% and 85%, respectively, and were grade 0 or 1 in 95% and 97%, respectively. Functional outcomes were satisfactory in 84% of patients with good to excellent results (Lysholm score > 84). Mean postoperative Lysholm score was 93.3 and 84% of patients had an objective IKDC grade of A or B. Mean postoperative Tegner score was 6.8. The return to sports rate was 89% and 61% of patients returned to their pre-injury level. A comparison of 89 ITB versus 80 BPTB autografts revealed no significant differences in graft failure (n.s.), instrumented mean side-to-side knee laxity difference (n.s.) or Tegner score (n.s.). CONCLUSION: The graft survival rate and clinical and functional outcomes for ITB autograft are satisfactory. By allowing ACL reconstruction and lateral tenodesis to be done with a single, continuous, pedicled graft through an outside-in femoral tunnel, this technique may become the preferred alternative for primary or secondary ACL surgery. LEVEL OF EVIDENCE: Level IV.",2022
76,34348750,2021 Aug 4,2021 Aug 4,J Orthop Surg Res,"['Fan D', 'Ma J', 'Zhang L']",Zhang L,Patellar tendon versus artificial grafts in anterior cruciate ligament reconstruction: a systematic review and meta-analysis.,16,1,478,['English'],101265112,,1749-799X,"['Journal Article', 'Meta-Analysis', 'Systematic Review']",PubMed - indexed for MEDLINE,epublish,"['34348750', 'PMC8336077', 'pmc-id: PMC8336077;', '10.1186/s13018-021-02624-x', '10.1186/s13018-021-02624-x']",10.1186/s13018-021-02624-x,"['2021/04/07 00:00', '2021/07/19 00:00', '2021/08/05 05:35', '2021/08/06 06:00', '2021/12/21 06:00', '2021/08/04 00:00']",[],1,39,Journal of orthopaedic surgery and research,doi: 10.1186/s13018-021-02624-x,2021 Aug 4;16(1):478,"BACKGROUND: The aim of anterior cruciate ligament reconstruction (ACLR) is to restore the function of the knee joint, protect the cartilage, and reduce the occurrence of osteoarthritis. However, due to the structural limitations of the human body, it is not possible to perform ACLR with conventional sutures. To restore normal functioning of the anterior cruciate ligament (ACL), a new ligament must be reconstructed in the position of the previous ACL. OBJECTIVE: To compare autografts and synthetic grafts in terms of postoperative knee stability and function SEARCH METHODS: The protocol for this study was registered with PROSPERO (CRD42021243451). Two reviewers independently searched the PubMed, Embase, and the Cochrane Library databases from database inception though February 10, 2021. The following search method was used: ((Autograft) OR (Autologous) OR (Autotransplant)) OR Artificial Ligament AND (Anterior Cruciate Ligament Injury [MeSH Terms]) AND (Randomized controlled trial [MeSH Terms]). Methodological quality was assessed by the Cochrane risk of bias tool. SELECTION CRITERIA: We only included randomized controlled trials (level I) that compared autograft and synthetic graft interventions in participants with ACL injury. We included trials that evaluated ACLR using at least one outcome (Lachman test, pivot shift test, IKDC grades, or complications). RESULTS: A total of 748 studies were identified in the initial literature search, and seven studies that examined only bone-patellar tendon-bone (BPTB) grafts compared with artificial grafts met the predetermined inclusion criteria. The results showed that BPTB grafts were associated with significantly better pivot shift test and Lachman test results and better IKDC grades and lower complication rates than synthetic grafts. CONCLUSIONS: This review indicates that for adults, BPTB grafts perform more favorably than synthetic grafts in ACLR in terms of knee stability, function, and complication. More research is needed to compare autologous tendons and allogeneic tendons with artificial ligaments, especially in elderly individuals. LEVEL OF EVIDENCE: Level I, systematic review and meta-analysis.",2021
77,34327033,2021,2021 Jul 15,Case Rep Orthop,"['Steiger C', 'Coulin B', 'Vendeuvre T', 'Tabard-Fougere A', 'De Marco G', 'Habre C', 'Dayer R', 'Ceroni D']",Ceroni D,Distal Patellar Tendon Avulsion Associated with an ACL Tear in a Teenager: A Case Report and Review of the Literature.,2021,,6686487,['English'],101591806,2090-6749,2090-6757,"['Case Reports', 'Journal Article']",PubMed,,"['34327033', 'PMC8302369', 'pmc-id: PMC8302369;', '10.1155/2021/6686487']",10.1155/2021/6686487,"['2020/11/13 00:00', '2021/07/03 00:00', '2021/07/30 06:46', '2021/07/31 06:00', '2021/07/31 06:01', '2021/07/15 00:00']",[],1,39,Case reports in orthopedics,doi: 10.1155/2021/6686487,2021;2021:6686487,"Distal patellar tendon avulsions are rare injuries in healthy individuals, and to date, no case affecting skeletally mature teenagers and adolescents has been reported. In the majority of cases, distal patellar tendon avulsions are associated with severe intra-articular knee lesions, signifying a high-energy trauma. We present the case of a 15.5-year-old female who was admitted to the emergency department after a knee injury. The mechanism of injury was a combination of landing after a jump off a scooter and sudden deceleration with a fixed foot. Lateral radiographs revealed a distal patellar tendon avulsion. An MRI was conducted to accurately diagnose concomitant lesions. The MRI revealed a complete tear of the ACL, and associated bone bruises on the lateral femoral condyle, and also on the posterolateral tibial plateau. A knee joint exam under general anesthesia demonstrated good stability during valgus stress testing and only a grade 1 positive Lachman test. Therefore, we decided to only reconstruct the extensor mechanism and to abstain from a primary ACL reconstruction. The presented case and review of the literature demonstrate the clinical relevance of this atypical lesion. In fact, a distal patellar tendon avulsion after physeal fusion of the proximal tibia should raise a strong suspicion of severe associated intra-articular knee lesions and requires prompt MRI investigation. However, controversy still exists regarding the management of these injuries, in particular concerning the question of whether to address both injuries in a single stage or in 2 stages.",2021
78,34322650,2020 Oct-Dec,2020 Dec 30,JB JS Open Access,"['Cruz AI Jr', 'Beck JJ', 'Ellington MD', 'Mayer SW', 'Pennock AT', 'Stinson ZS', 'VandenBerg CD', 'Barrow B', 'Gao B', 'Ellis HB Jr']",Ellis HB Jr,Failure Rates of Autograft and Allograft ACL Reconstruction in Patients 19 Years of Age and Younger: A Systematic Review and Meta-Analysis.,5,4,,['English'],101726219,,2472-7245,['Journal Article'],PubMed,,"['34322650', 'PMC8312832', 'pmc-id: PMC8312832;', '10.2106/JBJS.OA.20.00106', 'JBJSOA-D-20-00106']",10.2106/JBJS.OA.20.00106,"['2021/07/29 06:54', '2021/07/30 06:00', '2021/07/30 06:01', '2020/12/30 00:00']",[],1,60,JB & JS open access,doi: 10.2106/JBJS.OA.20.00106,2020 Oct-Dec;5(4),"BACKGROUND: Graft choice for pediatric anterior cruciate ligament reconstruction (ACLR) is determined by several factors. There is limited information on the use and outcomes of allograft ACLR in pediatric patients. The purpose of this systematic review and meta-analysis was to quantify reported failure rates of allograft versus autograft ACLR in patients </=19 years of age with >/=2 years of follow-up. We hypothesized that there would be higher rates of failure for allograft compared with autograft ACLR in this population. METHODS: PubMed/MEDLINE and Embase databases were systematically searched for literature regarding allograft and autograft ACLR in pediatric/adolescent patients. Articles were included if they described a cohort of patients with average age of </=19 years, had a minimum of 2 years of follow-up, described graft failure as an outcome, and had a Level of Evidence grade of I to III. Qualitative review and quantitative meta-analysis were performed to compare graft failure rates. A random-effects model was created to compare failure events in patients receiving allograft versus autograft in a pairwise fashion. Data analysis was completed using RevMan 5.3 software (The Cochrane Collaboration). RESULTS: The database search identified 1,604 studies; 203 full-text articles were assessed for eligibility. Fourteen studies met the inclusion criteria for qualitative review; 5 studies were included for quantitative meta-analysis. Bone-patellar tendon-bone (BTB) represented 58.2% (n = 1,012) of the autografts, and hamstring grafts represented 41.8% (n = 727). Hybrid allografts (autograft + supplemental allograft) represented 12.8% (n = 18) of all allograft ACLRs (n = 141). The unweighted, pooled failure rate for each graft type was 8.5% for BTB, 16.6% for hamstring, and 25.5% for allograft. Allografts were significantly more likely than autografts to result in graft failure (odds ratio, 3.87; 95% confidence interval, 2.24 to 6.69). CONCLUSIONS: Allograft ACLR in pediatric and adolescent patients should be used judiciously, as existing studies revealed a significantly higher failure rate for allograft compared with autograft ACLR in this patient population. Additional studies are needed to improve the understanding of variables associated with the high ACLR failure rate among pediatric and adolescent patients. LEVEL OF EVIDENCE: Therapeutic Level III. See Instructions for Authors for a complete description of levels of evidence.",2020
79,34310176,2022 Jul,2021 Jul 26,Am J Sports Med,"['Bergeron JJ', 'Sercia QP', 'Drager J', 'Pelet S', 'Belzile EL']",Belzile EL,Return to Baseline Physical Activity After Bone-Patellar Tendon-Bone Versus Hamstring Tendon Autografts for Anterior Cruciate Ligament Reconstruction: A Systematic Review and Meta-analysis of Randomized Controlled Trials.,50,8,2292-2303,['English'],7609541,0363-5465,1552-3365,"['Journal Article', 'Meta-Analysis', 'Systematic Review']",PubMed - indexed for MEDLINE,ppublish+epublish,"['34310176', 'PMC9227950', 'pmc-id: PMC9227950;', '10.1177/03635465211017522']",10.1177/03635465211017522,"['2021/07/27 06:00', '2022/06/28 06:00', '2021/07/26 17:15', '2022/06/24 00:00']",[],1,52,The American journal of sports medicine,doi: 10.1177/03635465211017522,2022 Jul;50(8):2292-2303,"BACKGROUND: Bone-patellar tendon-bone (BPTB) and hamstring tendon (HT) autografts are the most utilized grafts for primary anterior cruciate ligament (ACL) reconstruction. The ability of a patient to return to a preinjury level of physical activity is a key consideration in choice of graft; the influence of graft choice on this metric lacks consensus in the literature. PURPOSE: To assess the effects of autograft choice (BPTB vs HT) for primary ACL reconstruction on return to baseline level of physical activity and/or sports participation. STUDY DESIGN: Meta-analysis; Level of evidence, 1. METHODS: A systematic review of randomized controlled trials comparing the use of BPTB and HT autografts for primary ACL reconstruction was conducted. The electronic databases EMBASE, MEDLINE, Cochrane CENTRAL, and Web of Science were comprehensively queried through September 23, 2019. The primary outcome was return to preinjury level of activity/sports. Secondary outcomes included knee stability testing (Lachman, KT-1000 arthrometer, and pivot-shift tests) and clinical subjective knee scores (Tegner, Cincinnati, International Knee Documentation Committee, and Lysholm). Two independent reviewers were involved in the screening of titles and abstracts, data extraction, and the assessment of risk of bias. Meta-analyses were performed respecting the Cochrane Handbook for Systematic Reviews of Intervention. RESULTS: A total of 29 studies (N = 3099 patients) were eligible for this review, of which 13 (n = 1029 patients) reported on return to baseline level of sports as an endpoint. The risk ratio (RR) of using BPTB vs HT on return to baseline sport level was 1.03 (0.91-1.17; P = .63). Absence of a positive pivot-shift test was the only secondary outcome, with a statistically significant RR of 0.66 (95% CI, 0.50-0.86) in favor of BPTB autografts (P = .002). CONCLUSION: In reviewing the current literature, no recommendation can be made on the optimal graft choice when using a return to baseline level of physical activity and/or sports participation as a primary metric.",2022
80,34081882,2021 Jun,,Bull Hosp Jt Dis (2013),"['Roach R', 'Anil U', 'Bloom DA', 'Pham H', 'Jazrawi L', 'Alaia MJ', 'Gonzalez-Lomas G']",Gonzalez-Lomas G,Bone-Patellar Tendon-Bone Autograft Thickness Is a Risk Factor for Graft Failure. A Case-Control Analysis.,79,2,72-77,['English'],101614130,2328-4633,2328-5273,['Journal Article'],PubMed - indexed for MEDLINE,ppublish,['34081882'],,"['2021/06/03 20:11', '2021/06/04 06:00', '2021/10/26 06:00']",[],1,0,Bulletin of the Hospital for Joint Disease (2013),,2021 Jun;79(2):72-77,"BACKGROUND: Graft failure following anterior cruciate ligament reconstruction (ACLR) is a devastating complication. Risk factors such as patient characteristics and tunnel positions are well described. The relationship between graft dimension and failure rates has been investigated mainly in soft tissue grafts. Less studied are the effects of patella tendon (PT) dimensions on the risk of graft failure following patella tendon autograft (PTA) reconstructions. PURPOSE: The purpose of the current study was to investigate if patellar tendon thickness measured on preoperative magnetic resonance imaging (MRI) predicts failure after ACLR using PTA. METHODS: This was an institutional review board approved, single-center, retrospective case-control study comparing patients' preoperative patellar tendon thickness between July 2005 and January 2017. Sixteen patients (mean age 21.2 +/- 5.0 years) with PTA failure requiring revision surgery were identified and compared to 34 control patients who had undergone primary ACLR with PTA without failure with a minimum of 2-years follow-up. Patients with failure were matched at approximately 1:2 based on age, sex, height, weight, associated meniscus injury, and associated meniscal surgery. Patellar tendon dimensions were measured at the inferior pole of the patella (IPP), tibial tubercle insertion (TT), and longitudinal midpoint (MP) on preoperative axial and sagittal cut MRIs. Interclass correlation coefficeint (ICC) and Bland-Altman analyses were evaluated to determine inter-observer reliability. The two cohorts were compared using independent samples t-tests and analysis of variance. RESULTS: All ACLR failures occurred after a non-contact, pivot type injury. There were no significant differences in age, sex, height, weight, meniscal injury, or meniscal surgery between the two groups. Mean time between primary ACLR and revision was 2.6 +/- 2.6 years and mean follow-up time was 3.1 +/- 1.0 years in the control group. Patellar tendon length and width were not significantly different between the two groups. The average thickness at both the inferior pole and longitudinal midpoint was significantly higher in the failure group compared to controls (IPP: 5.04 +/- 1.1 mm versus 4.33 +/- 0.7 mm, p = 0.01; MP: 4.60 +/- 0.7 mm versus 4.22 +/- 0.5 mm, p = 0.03). Additionally, ICC was high across all measurements, with all values > 0.978. Similarly, all values demonstrated bias of less than +/- 0.05. CONCLUSION: Patella tendon autograft anterior cruciate ligament reconstruction failures had significantly thicker patellar tendons at the inferior pole and longitudinal midpoint of the patella tendon.",2021
81,33732450,2021 Mar,2021 Feb 23,Ann Med Surg (Lond),"['Tua Lubis AM', 'Budimansyah M', 'Made Febry Siswanto IG', 'Yanuarso Y', 'Marsetio AF']",Marsetio AF,Functional outcome of implant-free bone-patellar tendon autograft versus hamstring autograft in arthroscopic anterior cruciate ligament reconstruction: A prospective study.,63,,102184,['English'],101616869,2049-0801,2049-0801,['Journal Article'],PubMed,,"['33732450', 'PMC7937666', 'pmc-id: PMC7937666;', '10.1016/j.amsu.2021.102184', 'S2049-0801(21)00134-5']",10.1016/j.amsu.2021.102184,"['2021/01/11 00:00', '2021/02/13 00:00', '2021/02/14 00:00', '2021/03/18 06:49', '2021/03/19 06:00', '2021/03/19 06:01', '2021/02/23 00:00']",[],1,27,Annals of medicine and surgery (2012),doi: 10.1016/j.amsu.2021.102184,2021 Mar;63:102184,"INTRODUCTION: The use of implant in anterior cruciate ligament (ACL) reconstruction has been associated with several drawbacks including graft injury, implant osteolysis, implant migration and soft tissue irritation. Implant-free ACL reconstruction surgery offers additional benefits of cost-effective, improved graft incorporation and ease of revision surgery. Our study aimed to compare the functional outcome of ACL reconstruction by using bone-patellar tendon autograft with press-fit fixation technique and hamstring autografts with implant. METHODS: A prospective cohort study design was used. Between March 2013 and March 2014, 12 patients underwent patella tendon-bone graft fixated by press-fit fixation technique (implant-free), while 24 patients underwent ACL reconstruction using implant-fixated hamstring tendon graft. Objective functional outcome was measured by using rolimeter, and subjective functional outcome was measured according to the functional score of IKDC, Tegner-Lysholm and KOOS. RESULTS: Both techniques have shown no significant difference in terms of functional outcome, whether assessed by rolimeter measurement, IKDC score, Tegner-Lysholm, KOOS score between implant group and implant-free group, preoperatively and postoperatively. DISCUSSION: Our study results are in line with several other studies with various follow-up time and systematic review. With the right technique, graft harvesting of patella tendon-tibial tuberosity bone block can be successfully performed, and associated donor site morbidity can be avoided. CONCLUSION: Patients who underwent ACL reconstruction using implant-free technique by press-fit fixation had comparable outcome with ACL reconstruction with implant, objectively and subjectively. This technique should be further revisited and reevaluated.",2021
82,33621648,2021 Jul,2021 Feb 20,Arthroscopy,"['Krebs NM', 'Barber-Westin S', 'Noyes FR']",Noyes FR,Generalized Joint Laxity Is Associated With Increased Failure Rates of Primary Anterior Cruciate Ligament Reconstructions: A Systematic Review.,37,7,2337-2347,['English'],8506498,0749-8063,1526-3231,"['Journal Article', ""Research Support, Non-U.S. Gov't"", 'Systematic Review']",PubMed - indexed for MEDLINE,ppublish+epublish,"['33621648', '10.1016/j.arthro.2021.02.021', 'S0749-8063(21)00154-7']",10.1016/j.arthro.2021.02.021,"['2020/06/21 00:00', '2021/02/01 00:00', '2021/02/04 00:00', '2021/02/24 06:00', '2021/08/20 06:00', '2021/02/23 20:09']",['Arthroscopy. 2021 Jul;37(7):2348-2350. doi: 10.1016/j.arthro.2021.03.052. PMID: 34226016'],1,0,Arthroscopy : the journal of arthroscopic & related surgery : official publication of the Arthroscopy Association of North America and the International Arthroscopy Association,doi: 10.1016/j.arthro.2021.02.021,2021 Jul;37(7):2337-2347,"PURPOSE: To investigate patients with generalized joint laxity (GJL) after primary anterior cruciate ligament reconstruction (ACLR) as to the risk of ACLR failure, graft selection success rates, and overall clinical outcomes. METHODS: A systematic review of the PubMed and EMBASE databases was performed to identify studies published from the inception of the databases through February 4, 2020. The inclusion criteria were original studies written in English involving outcomes of patients with GJL who had undergone primary ACLR. RESULTS: Nine studies met the inclusion criteria, which included 1,869 patients. Most underwent isolated bone-patellar tendon-bone (BPTB; n = 1062) or hamstring autograft (n = 696) ACLR. Overall, higher graft failure rates tended to occur in patients with GJL compared with patients without GJL (range per study: 6%-30% vs 0%-12.3%). Inferior results were also found patients with GJL in patient-reported outcome measures and postoperative knee stability determined by KT, Lachman, and pivot-shift tests. BPTB autografts tended to have lower failure rates than hamstring autografts in patients with GJL (range per study: 6%-21% vs 17.6%-30%). Only 1 study determined outcomes of a combined ACLR and extra-articular augmentation in patients with GJL. CONCLUSIONS: Patients with GJL are at an increased risk of inferior outcomes and graft failure after primary ACLR. BPTB autografts may have more favorable stability outcomes compared with hamstring autografts in patients with GJL. However, the reported stability parameters and KT results, even with a BPTB autograft, remain inferior to non-GJL published results, and the added benefit of an extra-articular procedure to supplement the primary ACLR deserves consideration. LEVEL OF EVIDENCE: Level III, systematic review of Level II and III investigations.",2021
83,33437619,2021 Jan,2020 Apr 11,J Orthop Translat,"['Yang W', 'Huang X', 'Wang S', 'Wang H', 'Huang W', 'Shao Z']",Shao Z,The long-term outcomes of different grafts in anterior cruciate ligament reconstruction: a network meta-analysis.,26,,16-30,['English'],101625127,2214-031X,2214-0328,"['Journal Article', 'Review']",PubMed,,"['33437619', 'PMC7773980', 'pmc-id: PMC7773980;', '10.1016/j.jot.2020.03.008', 'S2214-031X(20)30038-3']",10.1016/j.jot.2020.03.008,"['2019/10/03 00:00', '2020/03/08 00:00', '2020/03/15 00:00', '2021/01/13 06:13', '2021/01/14 06:00', '2021/01/14 06:01', '2020/04/11 00:00']",[],1,97,Journal of orthopaedic translation,doi: 10.1016/j.jot.2020.03.008,2021 Jan;26:16-30,"OBJECTIVES: To compare the long-term prognosis of patients with different types of grafts used in anterior cruciate ligament reconstruction (ACLR). METHODS: PubMed, Ovid (MEDLINE and Embase) and the Cochrane library were searched up to Feb 2020. Eligible studies about different grafts in ACLR were searched for identifying the evidence comparing the long-term (mean or median follow-up time or the general description of the follow-up time>/=2 years) knee outcomes of different grafts for ACLR. The final included articles and evaluation criteria were confirmed by the authors and senior clinicians to ensure the validity of the included articles. Lysholm score, the results of pivot shift test, Lachman test and International Knee Documentation Committee (IKDC) evaluation were selected as prognostic indicators. A Bayesian network meta-analysis was conducted. RESULTS: A total of 30 articles were included in our network meta-analysis. Finally, we found that artificial graft or augmentation can provide the not bad Lysholm score but the worse result of IKDC evaluation for patients with ACLR compared with other types of grafts. Double-bundle hamstring autograft can provide a good Lysholm score as well as lower positive rate of pivot shift test and Lachman test. Patellar tendon autograft can provide the better result of IKDC evaluation. The patients with allogeneic tendon graft may get the higher positive rate of pivot shift test and Lachman test. Patients with single-bundle hamstring autograft may get the ordinary result of IKDC evaluation and Lysholm score. CONCLUSIONS: Double-bundle hamstring autograft may be a better choice because of more items of good prognosis for the patients with ACLR. Patellar tendon autograft is a right choice which only shows the disadvantage on the Lysholm score. The prognosis of patients with single-bundle hamstring autograft is ordinary. The effect of artificial graft or augmentation needs more evidence to prove. Allogeneic tendon graft is not a better choice when compared with other grafts referred in our network meta-analysis. TRANSLATIONAL POTENTIAL STATEMENT: In this study, we made a comprehensive comparison of the grafts commonly used in anterior cruciate ligament reconstruction. The evidence presented in this study provides a reference for clinicians to select a suitable anterior cruciate ligament graft.",2021
84,33294473,2020 Nov,2020 Nov 30,Orthop J Sports Med,"['Britt E', 'Ouillette R', 'Edmonds E', 'Chambers H', 'Johnson K', 'Bastrom T', 'Pennock A']",Pennock A,The Challenges of Treating Female Soccer Players With ACL Injuries: Hamstring Versus Bone-Patellar Tendon-Bone Autograft.,8,11,2325967120964884,['English'],101620522,2325-9671,2325-9671,['Journal Article'],PubMed,,"['33294473', 'PMC7708716', 'pmc-id: PMC7708716;', '10.1177/2325967120964884', '10.1177_2325967120964884']",10.1177/2325967120964884,"['2020/05/28 00:00', '2020/06/17 00:00', '2020/12/09 06:15', '2020/12/10 06:00', '2020/12/10 06:01', '2020/11/30 00:00']",[],1,23,Orthopaedic journal of sports medicine,doi: 10.1177/2325967120964884,2020 Nov;8(11):2325967120964884,"BACKGROUND: Although anterior cruciate ligament (ACL) injuries are common in female soccer players, the optimal graft option for ACL reconstruction is currently unclear. PURPOSE/HYPOTHESIS: To compare the outcomes of female soccer players after ACL reconstruction using either hamstring tendon autograft or bone-patellar tendon-bone (BTB) autograft. We hypothesized that there would be no difference in clinical outcome scores, return to sport, or retear rates between BTB and hamstring grafts in our study cohort. STUDY DESIGN: Case series; Level of evidence, 4. METHODS: We performed a retrospective review of all skeletally mature adolescent female soccer players who underwent primary ACL reconstruction using either hamstring tendon or BTB autograft between 2013 and 2016. Demographic, injury, and surgical variables were documented. Outcome measures included the Lysholm score, Single Assessment Numeric Evaluation, Tegner activity score, and visual analog scales for pain and for satisfaction, as well as ability to return to sport. RESULTS: Overall, 90 female soccer players met the inclusion criteria, of whom 79% (41 BTB and 30 hamstring) were available for a minimum 2-year follow-up or had a graft failure before the follow-up. The BTB group had a lower body mass index (mean +/- SD, 23 +/- 3 vs 25 +/- 4; P = .02) and shorter postoperative follow-up time in months (mean +/- SD, 37.4 vs 46.1; P </= .001); otherwise, no differences in demographic, injury, or surgical variables between groups were noted. Regarding outcome measures, the BTB group achieved a higher Tegner score (6.0 vs 4.2; P = .004), and there was no other difference between groups. Of the patients who did not return to soccer, 44.7% reported fear as the reason. Of the patients who did return to soccer, 31.9% sustained another ACL injury (retear or contralateral tear), with no differences in reinjury rates based on graft selection. CONCLUSION: Adolescent female soccer players undergoing ACL reconstruction had relatively high satisfaction and outcome scores independent of autograft choice. Notwithstanding, patients and families need to be counseled that less than half of patients will return to their preinjury level of sport and, if an athlete attempts to return, there is a high risk of further ACL injury.",2020
85,33235137,2020 Nov 25,,Medicine (Baltimore),"['Zhao L', 'Lu M', 'Deng M', 'Xing J', 'He L', 'Wang C']",Wang C,Outcome of bone-patellar tendon-bone vs hamstring tendon autograft for anterior cruciate ligament reconstruction: A meta-analysis of randomized controlled trials with a 5-year minimum follow-up.,99,48,e23476,['English'],2985248R,0025-7974,1536-5964,"['Journal Article', 'Meta-Analysis', 'Systematic Review']",PubMed - indexed for MEDLINE,ppublish,"['33235137', 'PMC7710199', 'pmc-id: PMC7710199;', '10.1097/MD.0000000000023476', '00005792-202011250-00085']",10.1097/MD.0000000000023476,"['2020/11/25 05:39', '2020/11/26 06:00', '2020/12/15 06:00', '2020/11/25 00:00']",['Medicine (Baltimore). 2022 Aug 26;101(34):e29873. doi: 10.1097/MD.0000000000029873. PMID: 36044668'],1,66,Medicine,doi: 10.1097/MD.0000000000023476,2020 Nov 25;99(48):e23476,"BACKGROUND: Many systematic reviews have compared the short-term outcomes of anterior cruciate ligment (ACL)reconstruction with hamstring and patellar tendon autograft,but few differences have been observed. The purpose of this meta-analysis was to compare the medium-term outcome of bone-patellar tendon-bone and hamstring tendon autograft for anterior cruciate ligament reconstruction in terms of clinical function, knee stability, postoperativecomplications, and osteoarthritis changes. METHODS: This meta-analysis followed the Preferred Reporting Items for Systematic Reviews and Meta-Analyses guidelines. The PubMed, Embase, and the Cochrane Library databases were searched from inception to November 2, 2019. This meta-analysis included only randomized controlled trials that compared BPTB and HT autografts for ACL reconstruction with a 5-year minimum follow-up. The Cochrane Collaboration's risk-of-bias tool was used to estimate the risk-of-bias for all included studies. RevMan 5.3 software was used to performed statistical analysis of the outcomes. RESULTS: Fifteen RCTs, involving 1298 patients (610 patients in the BPTB group and 688 patients in the HT group) were included. In terms of clinical function, no significant difference was found in the objective International Knee Documentation Committee score (OR = 0.94, 95%CI: 0.64-1.37, P = .75), Lysholm knee score (MD = -2.26, 95%CI: -4.56 to 0.05, P = .06), return to preinjury activity level (OR = 1.01, 95%CI: 0.67-1.52, P = .96), and Tegner activity level (OR = 0.03, 95%CI: -0.36 to 0.41, P = .89). There was no statistically significant difference in the Lachman test (OR = 0.86, 95%CI: 0.5-1.32, P = .50), pivot-shift test (OR = 0.68, 95%CI: 0.44-1.06, P = .09), and side-to-side difference (MD = -0.32, 95%CI: -0.81 to 0.16, P = .19). As for postoperative complications and OA changes, there were no statistically significant difference in flexion loss (OR = 1.09, 95%CI: 0.47-2.54, P = .85) and OA changes (OR = 0.76, 95%CI: 0.52-1.10, P = .15), but we found significant differences in favor of the HT group in the domains of kneeling pain (OR = 1.67, 95%CI: 1.04-2.69, P = .03), anterior knee pain (OR = 2.90, 95%CI: 1.46-5.77, P = .002), and extension loss (OR = 1.75, 95%CI: 1.12-2.75, P = .01). There was a significant difference in favor of the BPTB group in the domain of graft failure (OR = 0.59, 95%CI: 0.38-0.91, P = .02). CONCLUSIONS: Based on the results above, HT autograft is comparable with the BPTB autograft in terms of clinical function, postoperative knee stability, and OA changes, with a medium-term follow-up. The HT autograft for ACL reconstruction carries a lower risk of complications, such as anterior knee pain, kneeling pain, and extension loss, but an increased incidence of graft failure. Patients should be informed of the differences when deciding on graft choice with their physician.",2020
86,33135006,2020 Oct,2020 Sep 25,Arthrosc Sports Med Rehabil,"['Mo Z', 'Li D', 'Yang B', 'Tang S']",Tang S,Comparative Efficacy of Graft Options in Anterior Cruciate Ligament Reconstruction: A Systematic Review and Network Meta-Analysis.,2,5,e645-e654,['English'],101765256,,2666-061X,"['Journal Article', 'Review']",PubMed,,"['33135006', 'PMC7588648', 'pmc-id: PMC7588648;', '10.1016/j.asmr.2020.05.007', 'S2666-061X(20)30049-3']",10.1016/j.asmr.2020.05.007,"['2019/08/23 00:00', '2020/05/13 00:00', '2020/11/02 06:23', '2020/11/03 06:00', '2020/11/03 06:01', '2020/09/25 00:00']",[],1,77,"Arthroscopy, sports medicine, and rehabilitation",doi: 10.1016/j.asmr.2020.05.007,2020 Oct;2(5):e645-e654,"PURPOSE: To evaluate the effectiveness of various graft options for anterior cruciate ligament reconstruction using network meta-analysis. METHODS: A medical literature search was conducted of PubMed, the Cochrane Library, Embase, SCOPUS, and Web of Science from their inception through March 1, 2019. The outcomes, including International Knee Documentation Committee (IKDC) form, Lachman test, Lysholm score, Pivot shift test, and Tegner score, were evaluated among graft options. Data extraction was carried out according to inclusion and exclusion criteria, and a network meta-analysis was performed using STATA 14.0. RESULTS: A total of 45 trials with 3992 patients were included. The forest plots revealed no significant differences in IKDC, Lysholm, or Tegner score among the grafts. In Lachman score, a significant difference was found in the comparisons of hamstring tendon allograft (HT-AL) versus patellar tendon autograft (PT-AU) and HT-AL versus hamstring tendon autograft (HT-AU). In pivot shift test, PT-AU was superior to all the other grafts, and quadriceps tendon autograft (QT-AU) was superior to HT-AL and artificial ligament (Art-L) in the number of cases with negative results. According to surface under the cumulative ranking area (SUCRA), PT-AU had the highest probability to be the best intervention in Lachman test and Tegner score; tibialis anterior tendon allograft (TA-AL) in IKDC and Lysholm score; and QT-AU in pivot shift test. Based on the cluster analysis of SUCRA, PT-AU was considered the most appropriate intervention by IKDC and Lachman test. CONCLUSION: This study suggests that PT-AU may be the most appropriate graft for ACL reconstruction according to IKDC and Lachman test results. LEVEL OF EVIDENCE: Level I, network meta-analysis of randomized controlled trials.",2020
87,32732443,2020 Jun 30,,Ortop Traumatol Rehabil,"['Ragab A', 'Akeel W', 'Ghanate V', 'Elalfy O', 'Guro R', 'Chandratreya A']",Chandratreya A,Outcome of Single Stage Revision ACL Reconstruction. Retrospective Study and Review of Literature.,22,3,187-194,['English'],101240146,1509-3492,2084-4336,"['Journal Article', 'Review']",PubMed - indexed for MEDLINE,ppublish,"['32732443', '10.5604/01.3001.0014.3235', '01.3001.0014.3235']",10.5604/01.3001.0014.3235,"['2020/08/01 06:00', '2020/08/01 06:00', '2021/06/08 06:00']",[],1,0,"Ortopedia, traumatologia, rehabilitacja",doi: 10.5604/01.3001.0014.3235,2020 Jun 30;22(3):187-194,"BACKGROUND: Pragmatic review of outcomes for single stage revision ACL reconstruction performed in a single center and the reasons for failure in primary surgery. MATERIAL AND METHODS: Retrospective study included 59 patients with revision ACL reconstruction done by one surgeon from 2007 to 2017.Clinical records, operative notes and x-rays were assessed to find the reasons of failure. RESULTS: The cause of failure was traumatic in 26 (44.1%) patients after primary reconstruction, incorrect tunnel position in 18(30.5%) and biological failure in 15 (25.4%). All ACL revisions were done using autografts; patellar tendon grafts in 33 patients (55.9%), ipsilateral hamstrings in 12 (20.3%), contralateral hamstrings in 9 (15.3%) and quadriceps tendons in 5 (8.5%). Twenty-one patients were contactable as regards postoperative functional outcome scores. There was an average 18 point improvement in Oxford knee score (OKS) post-operatively, 1.6 point improvement in Tegner scores and 30 point improvement in Lysholm scores. One patient (1.7%) developed septic arthritis, 4 (6.8%) had superficial infection, while 6 (10.2%) had residual instability after revision but did not have further surgery. There was lack of full extension in 4 (6.8%) patients. In BTB grafts, 2 (6.1%) patients sustained a post-traumatic patellar fracture. CONCLUSIONS: 1. Good outcomes of single stage revision ACL reconstruction surgery are achievable as de-monstrated in our cohort. 2. There is need for good quality research to identify whether BTB, hamstrings or quadriceps autografts are better for ACL Reconstruction.",2020
88,32700496,2020 Jul 25,,Zhongguo Gu Shang,"['Li F', 'Gu XD', 'Wei XC']",Wei XC,[Outcomes of quadriceps tendon autograft versus bone-patellar tendon-bone autograft for anterior cruciate ligament reconstruction:a Meta-analysis].,33,7,677-83,['Chinese'],9815790,1003-0034,,"['Journal Article', 'Meta-Analysis']",PubMed - indexed for MEDLINE,ppublish,"['32700496', '10.12200/j.issn.1003-0034.2020.07.018']",10.12200/j.issn.1003-0034.2020.07.018,"['2020/07/24 06:00', '2020/07/24 06:00', '2020/08/28 06:00']",[],1,0,Zhongguo gu shang = China journal of orthopaedics and traumatology,doi: 10.12200/j.issn.1003-0034.2020.07.018,2020 Jul 25;33(7):677-83,"OBJECTIVE: To evaluate clinical effect of quadriceps tendon autograft and bone-patellar tendon-bone autograft on anterior cruciate ligament reconstruction by Meta-analysis. METHODS: From the time of building databases to May 2019, literatures on case control study on quadriceps tendon and bone-patellar tendon-bone autograft on anterior cruciate ligament reconstruction were searched form PubMed, EMbase, the Cochrane library, Wanfang and CNKI database. Literature screening, quality evaluation and data extraction were carried out according to include and exclude standard. Difference of forward displacement between the affected and health knee, Lachman test, axial shift test, Lysholm score, international knee documentation committee (IKDC) objective grade, anterior knee joint pain and transplant failure rate were analyzed by Meta analysis. RESULTS: Totally 6 literatures were included, including 915 patients with anterior cruciate ligament reconstruction, 495 patients with quadriceps tendon autograft and 420 patients with bone patellar tendon bone autograft. There were no statistical differences in anterior displacement of tibia was less than 3 mm[OR=1.53, 95%CI(0.68, 3.44), P=0.31], 3 to 5 mm [OR=0.64, 95%CI(0.31, 1.35), P=0.24], greater than 5 mm[OR=1.18, 95%CI(0.33, 4.22), P=0.80], negative rate of Lachman test[OR=0.88, 95%CI(0.38, 2.02), P=0.76], negative rate of axial shift test[OR=0.63, 95%CI(0.24, 1.68), P=0.36] between two groups. There were no differences in Lyshlom score[MD=-0.56, 95%CI(-2.00, 0.89), P=0.45], IKDC objective grade A and B[OR=0.87, 95%CI (0.47, 1.60), P=0.66], and transplant failure rate [OR=0.76, 95%CI (0.28, 2.02), P= 0.58]. In reducing anterior knee pain, quadriceps tendon autograft was better than that of bone patellar tendon bone autograft [OR=0.16, 95%CI (0.09, 0.29), P<0.000 01]. CONCLUSION: Quadriceps tendon autograft and bone patellar tendon bone autograft on anterior cruciate ligament reconstruction has equal clinical and functional outcomes, transplant failure rate, quadriceps tendon autograft could reduce anterior knee pain. For patients with anterior cruciate ligament reconstruction, quadriceps tendon autograft could be seen as suitable alternative bone graft substitutes for anterior cruciate ligament reconstruction.",2020
89,32612399,2020,2020 Jun 25,Orthop Res Rev,"['Bashaireh KM', 'Audat Z', 'Radaideh AM', 'Aleshawi AJ']",Aleshawi AJ,The Effectiveness of Autograft Used in Anterior Cruciate Ligament Reconstruction of the Knee: Surgical Records for the New Generations of Orthopedic Surgeons and Synthetic Graft Revisit.,12,,61-67,['English'],101531415,,1179-1462,['Journal Article'],PubMed,,"['32612399', 'PMC7323790', 'pmc-id: PMC7323790;', '10.2147/ORR.S253985', '253985']",10.2147/ORR.S253985,"['2020/03/15 00:00', '2020/06/10 00:00', '2020/07/03 06:00', '2020/07/03 06:00', '2020/07/03 06:01', '2020/06/25 00:00']",[],1,23,Orthopedic research and reviews,doi: 10.2147/ORR.S253985,2020;12:61-67,"OBJECTIVE: In this article, we aim to revisit the synthetic graft and review the advantages and disadvantages between different types of grafts for patients who underwent anterior cruciate ligament (ACL) reconstruction in a tertiary medical institute for the new generations of surgeons. PATIENTS AND METHODS: Retrospectively, we identified 115 patients who underwent arthroscopic ACL reconstruction between 2006 and 2009. We were able to retrieve 74 patients from them. The 74 patients were divided into 32 patients who underwent primary arthroscopic ACL reconstruction with hamstring and patellar tendon autograft and 42 cases with an active biosynthetic composite (ABC) ligament. The mean the follow-up period for both groups was 7 years. The following information was obtained: standard demographic information (age, sex), clinical presentation, presence of trauma, associated injuries, types of grafts (autograft versus synthetic graft) and postoperative complications. Moreover, functional and clinical outcomes in addition to the satisfaction of patients using the international knee documentation committee (IKDC) score and knee injury and osteoarthritis outcome score (KOOS) were measured. RESULTS: We found that the natural (autograft) was better in terms of clinical and functional outcome than the synthetic one (the scores of KOOS and IKDC were better in natural grafts). Furthermore, the immediate postoperative results for the pivot and Lachman tests were better in natural grafts. On the other hand, the rate of re-rupture was similar for both groups. However, the long-term inflammatory changes and stiffness that is attributed to the immunological reactions were more in the synthetic grafts. CONCLUSION: This study revisited the synthetic graft and provided evidence that the natural grafts are more beneficial with less complications, as they had better immediate and long-term postoperative clinical and functional outcomes. We recommend the utilization of autograft as first choice and the synthetic not to be used given the current criteria.",2020
90,32482429,2020 Aug,2020 May 23,Injury,"['He X', 'Yang XG', 'Feng JT', 'Wang F', 'Huang HC', 'He JQ', 'Hu YC']",Hu YC,Clinical Outcomes of the Central Third Patellar Tendon Versus Four-strand Hamstring Tendon Autograft Used for Anterior Cruciate Ligament Reconstruction: A Systematic Review and Subgroup Meta-analysis of Randomized Controlled Trials.,51,8,1714-1725,['English'],0226040,0020-1383,1879-0267,"['Journal Article', 'Meta-Analysis', 'Systematic Review']",PubMed - indexed for MEDLINE,ppublish+epublish,"['32482429', '10.1016/j.injury.2020.05.025', 'S0020-1383(20)30430-7']",10.1016/j.injury.2020.05.025,"['2019/08/31 00:00', '2020/05/07 00:00', '2020/05/10 00:00', '2020/06/03 06:00', '2021/06/22 06:00', '2020/06/03 06:00']",[],1,0,Injury,doi: 10.1016/j.injury.2020.05.025,2020 Aug;51(8):1714-1725,"BACKGROUND: The most frequently used auto-grafts for ACL reconstruction (ACLR) are bone-patellar tendon-bone (BPTB) and four-strand hamstring tendon (4S-HT), but significant controversy exists about which graft is better. This study aimed to compare the knee outcomes following ACLR with BPTB and 4S-HT autografts. METHODS: Subgroup meta-analyses were performed basing on available randomised controlled trials (RCTs) according to different follow-up intervals. 23 RCTs were eligible for inclusion, involving 933 participants in each treatment group. RESULTS: Only short-term (</=2 years) knee anteroposterior and rotational stability were significantly poorer with 4S-HT when compared to BPTB autograft, as judged by side-to-side difference on knee laxity (WMD=-0.50, 95%CI -0.81~-0.18, p=0.002) and pivot-shift test (OR=0.58, 95%CI 0.39~0.88, p=0.010), respectively. The IKDC objective grade was evident to be in favour of 4S-HT group in mid-term (3-5 years) follow-up (OR=0.63, 95%CI 0.43~0.92, p=0.017). Several donor-site related complications, including anterior knee pain, pain with kneeling and extension deficit, were more frequent in BPTB autograft group, while lower short-term iskinetic peak flexion torques both at 60 degrees /S (WMD=8.93, 95%CI 7.88~9.99, p<0.001) and 240 degrees /S (WMD=11.63, 95%CI 9.92~13.34, p<0.001) were caused by HT harvesting. CONCLUSION: BPTB was associated with inferior mid- to long-term (>5 years) knee functional outcomes, and increased frequency of donor-site complications. In contrast, only short-term knee laxity was increased for 4S-HT autograft, which is expected to be improved by providing more conservative rehabilitation protocol and aperture fixation methods.",2020
91,32440495,2020 May,2019 Aug 6,J Orthop Translat,"['Huang W', 'Ong TY', 'Fu SC', 'Yung SH']",Yung SH,Prevalence of patellofemoral joint osteoarthritis after anterior cruciate ligament injury and associated risk factors: A systematic review.,22,,14-25,['English'],101625127,2214-031X,2214-0328,"['Journal Article', 'Review']",PubMed,,"['32440495', 'PMC7231960', 'pmc-id: PMC7231960;', '10.1016/j.jot.2019.07.004', 'S2214-031X(19)30052-X']",10.1016/j.jot.2019.07.004,"['2019/03/12 00:00', '2019/06/23 00:00', '2019/07/09 00:00', '2020/05/23 06:00', '2020/05/23 06:00', '2020/05/23 06:01', '2019/08/06 00:00']",[],1,61,Journal of orthopaedic translation,doi: 10.1016/j.jot.2019.07.004,2020 May;22:14-25,"BACKGROUND: The prevalence of patellofemoral joint (PFJ) osteoarthritis (OA) after anterior cruciate ligament (ACL) injury was inconsistently reported in the literature. This review summarises the reported prevalence of PFJ OA and risk factors of PFJ OA after ACL injury. METHODS: PubMed, Embase, WoS, and MEDLINE (OVID) were searched up to 1 March 2019. A modified version of the Coleman methodology score was used to assess the methodological quality of the included studies. Prevalence of PFJ OA was pooled depended on different interventions in ACL injured populations. RESULTS: Thirty-eight studies were included. Five different radiographic classification methods were used: the Kellgren and Lawrence Grade 2, IKDC Grade B, Fairbank Grade 1, joint space narrowing of Grade 2 based on OARSI, and Ahlback Grade 1. One included study used MRI Osteoarthritis Knee Score to evaluate PFJ degenerative changes. The overall prevalence of PFJ OA after ACL injury in included studies varied between 4.5% and 80%. The large variation of PFJ OA prevalence is mainly because of different follow-up period and surgical techniques. The pooled data showed that bone-patellar tendon-bone graft, single-bundle ACL reconstruction (ACLR), and delayed ACLR are likely associated with PFJ degenerative changes after ACL injury. ACLR, delayed ACLR, body mass index (BMI), meniscectomy, patellofemoral chondral lesions, age at surgery, and TFJ OA were identified in the literature inducing PFJ OA after ACL injury. CONCLUSIONS: Large variations of PFJ OA after ACL injury are associated with different follow-up period and surgical techniques. ACL reconstructed population with bone-patellar tendon-bone graft, single-bundle reconstruction, and delayed operation time has a high prevalence of PFJ OA. THE TRANSLATIONAL POTENTIAL OF THIS ARTICLE: This review focuses more on the effect of surgical technique factors on the degenerative changes on PFJ. The results reveal that BPTB, single-bundle reconstruction, and delayed ACLR are more likely associated with PFJ degenerative changes after ACL injury. These findings imply that awareness of PFJ problems after surgical intervention will remind of surgeons taking PFJ into consideration in operations, which is likely to reduce the incidences of anterior knee pain, patellar maltracking, and over-constrained patella in the early stage after surgery.",2020
92,32387652,2020 Aug,2020 May 7,Arthroscopy,"['Chen H', 'Liu H', 'Chen L']",Chen L,Patellar Tendon Versus 4-Strand Semitendinosus and Gracilis Autografts for Anterior Cruciate Ligament Reconstruction: A Meta-analysis of Randomized Controlled Trials With Mid- to Long-Term Follow-Up.,36,8,2279-2291.e8,['English'],8506498,0749-8063,1526-3231,"['Comparative Study', 'Journal Article', 'Meta-Analysis']",PubMed - indexed for MEDLINE,ppublish+epublish,"['32387652', '10.1016/j.arthro.2020.04.024', 'S0749-8063(20)30341-8']",10.1016/j.arthro.2020.04.024,"['2019/10/14 00:00', '2020/04/08 00:00', '2020/04/10 00:00', '2020/05/11 06:00', '2021/01/27 06:00', '2020/05/11 06:00']",['Arthroscopy. 2020 Aug;36(8):2292-2294. doi: 10.1016/j.arthro.2020.05.034. PMID: 32747068'],1,0,Arthroscopy : the journal of arthroscopic & related surgery : official publication of the Arthroscopy Association of North America and the International Arthroscopy Association,doi: 10.1016/j.arthro.2020.04.024,2020 Aug;36(8):2279-2291.e8,"PURPOSE: To compare patellar tendon (PT) autografts with 4-strand semitendinosus and gracilis (STG) autografts concerning knee stability, functional outcomes, as well as complications after anterior cruciate ligament (ACL) reconstruction at minimal follow-up of 5 years. METHODS: A systematic search of the literature was performed in PubMed, Embase, and the Cochrane Library to identify published prospective randomized controlled trials on clinical studies comparing PT autograft and 4-strand STG autografts for ACL reconstruction. The results of the eligible studies were analyzed in terms of knee stability (laxity measurements, Lachman test, and pivot-shift test), functional outcomes (Lysholm score, International Knee Documentation Committee score, Cincinnati score, Tegner score, single-legged hop test, and return to preinjury activity level), and complications (loss of range of motion [ROM], pain, graft re-rupture, revision, and osteoarthritis [OA]). RESULTS: Nine clinical studies with 630 patients (313 PT and 317 STG autografts) met the inclusion criteria. No statistically significant differences were found between the PT and STG group in Lachman test, pivot-shift test, International Knee Documentation Committee score, Cincinnati score, loss of ROM, kneeling pain, graft re-rupture rate, revision rate, and OA rate. The STG group was found with less anterior knee pain (P = .003). There were no clinically significant differences for the outcomes of SSD, Lysholm score, and Tegner score. CONCLUSIONS: Except for significantly greater risk of anterior knee pain, PT autograft had comparable results with 4-strand STG autograft in terms of knee stability and functional outcomes after ACL reconstruction with mid- to long-term follow-up. Besides, we found no statistically significant difference in loss of ROM, kneeling pain, graft re-rupture rate, revision rate, and OA change, but these results were underpowered. LEVEL OF EVIDENCE: Level I, meta-analysis of Level I studies.",2020
93,32374646,2020 Nov/Dec,2020 May 6,Sports Health,"['Barber-Westin S', 'Noyes FR']",Noyes FR,One in 5 Athletes Sustain Reinjury Upon Return to High-Risk Sports After ACL Reconstruction: A Systematic Review in 1239 Athletes Younger Than 20 Years.,12,6,587-597,['English'],101518422,1941-7381,1941-0921,"['Journal Article', 'Systematic Review']",PubMed - indexed for MEDLINE,ppublish+epublish,"['32374646', 'PMC7785893', 'pmc-id: PMC7785893;', '10.1177/1941738120912846']",10.1177/1941738120912846,"['2020/05/07 06:00', '2020/11/20 06:00', '2020/05/07 06:00', '2021/05/06 00:00']",[],1,107,Sports health,doi: 10.1177/1941738120912846,2020 Nov Dec;12(6):587-597,"CONTEXT: Anterior cruciate ligament (ACL) reconstruction (ACLR) is frequently performed in patients younger than 20 years whose goal is to return to sport (RTS). Varying reinjury rates have been reported, and the factors responsible are unclear. Studies differ with regard to age, graft type, surgical techniques, postoperative rehabilitation, RTS guidelines, and methods used to determine ACL failures. OBJECTIVE: To determine RTS rates; the effect of participation in high-risk sports, sex, and graft type on ACL reinjury rates; and whether objective test criteria before RTS correlate with lower reinjury rates. DATA SOURCES: A systematic review of the literature from inception to May 31, 2019, was conducted using the PubMed and Cochrane databases. STUDY SELECTION: Studies on transphyseal ACLR in athletes <20 years old with a minimum mean follow-up of 2 years that reported reinjury rates, the number that RTS, and detailed the type of sport were included. STUDY DESIGN: Systematic review. LEVEL OF EVIDENCE: Level 4. RESULTS: A total of 1239 patients in 8 studies were included; 87% returned to sport and 80% resumed high-risk activities. Of the patients, 18% reinjured the ACL graft and/or the contralateral ACL. Nine percent of patellar tendon autografts and 15% of hamstring autografts failed (odds ratio [OR], 0.52; P = 0.002). Of reinjuries, 90% occurred during high-risk sports. Male patients had a significantly higher rate of ACL graft failure than female patients (OR, 1.64; P = 0.01). There was no sex-based effect on contralateral ACL injuries. Only 1 study cited objective criteria for RTS. CONCLUSION: A high percentage of athletes returned to sport, but 1 in 5 suffered reinjuries to either knee. Male patients were more likely to reinjure the ACL graft. Objective criteria for RTS were rarely mentioned or not detailed. The need for testing of knee stability, strength, neuromuscular control, agility, and psychological measures before RTS remains paramount in young athletes.",2020
94,32368739,2020 Apr,2020 Jan 30,Arthrosc Sports Med Rehabil,"['Barber FA', 'Dockery WD']",Dockery WD,Biocomposite Interference Screws in Anterior Cruciate Ligament Reconstruction: Osteoconductivity and Degradation.,2,2,e53-e58,['English'],101765256,,2666-061X,['Journal Article'],PubMed,,"['32368739', 'PMC7190552', 'pmc-id: PMC7190552;', '10.1016/j.asmr.2019.10.001', 'S2666-061X(19)30022-7']",10.1016/j.asmr.2019.10.001,"['2019/09/16 00:00', '2019/10/07 00:00', '2020/05/06 06:00', '2020/05/06 06:00', '2020/05/06 06:01', '2020/01/30 00:00']",[],1,23,"Arthroscopy, sports medicine, and rehabilitation",doi: 10.1016/j.asmr.2019.10.001,2020 Apr;2(2):e53-e58,"PURPOSE: To evaluate the long-term in vivo degradation of an amorphous stereoisomer combined with micro beta-tricalcium phosphate poly levo (96%)/dextro (4%) lactide beta-tricalcium phosphate biocomposite interference screw. METHODS: A study approved by the institutional review board of in vivo biologic behavior of the screw was initiated in 2011 using an anterior cruciate ligament (ACL) reconstruction model. Twenty patients undergoing bone-patellar tendon-bone ACL reconstruction fixed at the femur and tibia with these biocomposite screws followed at least 36 months were evaluated by physical, radiographic, and computed tomography (CT) evaluations. Lysholm, Tegner, Cincinnati, and International Knee Documentation Committee scores were obtained. CT Hounsfield unit (HU) data were obtained at the femoral and tibial screw and other bone sites. An ossification quality score (range 1-4) was used to determine osteoconductivity at the screw sites. RESULTS: In total, 11 male and 9 female patients evaluated by CT scan and radiographs a mean of 41 months postsurgery (range, 37-51) showed bone plug healing to the tunnel wall and the screw replaced with calcified and nontrabecular material. Osteoconductivity was present in 34 of 40 tunnels (85%) and nearly complete or complete (type 3 or 4 ossification) in 10 of 40 (25%). Mean screw-site densities (femoral 239 HU; tibial 290 HU) were consistent with cancellous bone density. One positive pivot-shift test was found. Lysholm, Cincinnati, Tegner, and International Knee Documentation Committee activity scores improved from 46.9, 43.5, 1.9, and 1.7 preoperatively to 92, 90.2, 6.0, and 3.2 at follow-up, respectively. The average postoperative Single Assessment Numeric Evaluation score was 86 and mean KT-1000 arthrometer difference was 0.32 mm. CONCLUSIONS: The micro beta-tricalcium phosphate poly levo (96%)/dextro (4%) lactide beta-tricalcium phosphate interference screw was replaced by calcified, nontrabecular material a mean of 42 months after implantation in a bone-patellar tendon-bone ACL reconstruction model. Osteoconductivity was confirmed. LEVEL OF EVIDENCE: Level IV (therapeutic case series).",2020
95,32367221,2020 Oct,2020 May 4,Eur J Orthop Surg Traumatol,"['Migliorini F', 'Eschweiler J', 'Mansy YE', 'Quack V', 'Tingart M', 'Driessen A']",Driessen A,Quadriceps tendon autograft for primary ACL reconstruction: a Bayesian network meta-analysis.,30,7,1129-1138,['English'],9518037,1633-8065,1432-1068,"['Journal Article', 'Review', 'Network Meta-Analysis']",PubMed - indexed for MEDLINE,ppublish+epublish,"['32367221', 'PMC8215032', 'pmc-id: PMC8215032;', '10.1007/s00590-020-02680-9', '10.1007/s00590-020-02680-9']",10.1007/s00590-020-02680-9,"['2020/02/25 00:00', '2020/04/22 00:00', '2020/05/06 06:00', '2021/08/19 06:00', '2020/05/06 06:00', '2020/05/04 00:00']",['Eur J Orthop Surg Traumatol. 2021 Aug;31(6):1261. doi: 10.1007/s00590-021-03028-7. PMID: 34151401'],1,63,European journal of orthopaedic surgery & traumatology : orthopedie traumatologie,doi: 10.1007/s00590-020-02680-9,2020 Oct;30(7):1129-1138,"BACKGROUND: The purpose of the current study was to clarify the role of the quadriceps tendon (QT) autograft for primary ACL reconstruction. Thus, a Bayesian network meta-analysis comparing patients undergoing a primary ACL reconstruction with QT versus patellar tendon (PT) and hamstring tendon (HT) autografts was conducted. MATERIAL AND METHODS: This Bayesian network meta-analysis was conducted according to the PRISMA extension statement for reporting systematic reviews incorporating network meta-analyses of health care interventions. In January 2020, the main databases were accessed. Articles comparing the outcomes of the QT autograft versus HT autograft and/or PT autograft for primary ACL reconstruction were included in the present study. The statistical analysis was performed with STATA Software/MP, through a Bayesian hierarchical random-effect model analysis. RESULTS: Data from a total of 2603 knees were analysed. The overall mean follow-up was 35.0 months. Among the different grafts were evidenced comparable values of IKDC, Tegner and Lysholm score. The QT autograft detected comparable rate of Lachman test > 3 mm, Pivot shift test > 3 m and instrumental laxity > 3 mm. The QT autograft showed a lower rate of autograft failure above all. The QT autograft detected the reduced rate of AKP than the PT. CONCLUSION: Quadriceps tendon autograft may represent a feasible option for primary ACL reconstruction. These results must be interpret within the limitations of the present network meta-anlaysis.",2020
96,32343596,2020 Jun,2020 Apr 28,Am J Sports Med,"['Kew ME', 'Bodkin SG', 'Diduch DR', 'Smith MK', 'Wiggins A', 'Brockmeier SF', 'Werner BC', 'Gwathmey FW', 'Miller MD', 'Hart JM']",Hart JM,The Influence of Perioperative Nerve Block on Strength and Functional Return to Sports After Anterior Cruciate Ligament Reconstruction.,48,7,1689-1695,['English'],7609541,0363-5465,1552-3365,"['Journal Article', ""Research Support, Non-U.S. Gov't""]",PubMed - indexed for MEDLINE,ppublish+epublish,"['32343596', '10.1177/0363546520914615']",10.1177/0363546520914615,"['2020/04/29 06:00', '2020/09/10 06:00', '2020/04/29 06:00']",[],1,0,The American journal of sports medicine,doi: 10.1177/0363546520914615,2020 Jun;48(7):1689-1695,"BACKGROUND: Patients often have quadriceps or hamstring weakness after anterior cruciate ligament reconstruction (ACLR), despite postoperative physical therapy regimens; however, little evidence exists connecting nerve blocks and ACLR outcomes. PURPOSE: To compare muscle strength at return to play in patients who received a nerve block with ACLR and determine whether a specific block type affected subjective knee function. STUDY DESIGN: Cohort study; Level of evidence, 3. METHODS: Patients were recruited 5 to 7 months after primary, isolated ACLR and completed bilateral isokinetic strength tests of the knee extensor/flexor groups as a single-session return-to-sport test. Subjective outcomes were assessed with the International Knee Documentation Committee (IKDC) score. Strength was expressed as torque normalized to mass (N.m/kg) and limb symmetry index as involved/uninvolved torque. Chart review was used to determine the type of nerve block and graft used. Nerve block types were classified as knee extensor motor (femoral nerve), knee flexor motor (sciatic nerve), or isolated sensory (adductor canal block/saphenous nerve). A 1-way analysis of covariance controlling for graft type was used. RESULTS: A total of 169 patients were included. Graft type distribution consisted of 102 (60.4%) ipsilateral bone-patellar tendon-bone (BTB) and 67 (39.6%) ipsilateral hamstring tendon. Nerve block type distribution consisted of 38 (22.5%) femoral, 25 (14.8%) saphenous, 45 (26.6%) femoral and sciatic, and 61 (36.1%) saphenous and sciatic. No significant difference was found in knee extensor strength (P = .113) or symmetry (P = .860) between patients with knee extensor motor blocks (1.57 +/- 0.45 N.m/kg; 70.1% +/- 15.3%) and those without (1.47 +/- 0.47 N.m/kg; 69.6% +/- 18.8%). A significant difference was found between patients with knee flexor motor blocks (0.83 +/- 0.26 N.m/kg) and those without (0.92 +/- 0.27 N.m/kg) for normalized knee flexor strength (P = .21) but not knee flexor symmetry (P = .592). Controlling for graft type, there were no differences in subjective knee function (IKDC score) between all nerve block groups (P = .57). CONCLUSION: Our data showed that use of a sciatic nerve block with ACLR in patients with hamstring and BTB grafts influences persistent knee flexor strength deficits at time of return to sports. Although the cause of postoperative muscular weakness is multifactorial, this study adds to the growing body of evidence suggesting that perioperative nerve blocks affect muscle strength and functional rehabilitation after ACLR.",2020
97,32180364,2020 Apr,2020 Mar 16,Orthop Surg,"['Sun J', 'Wei XC', 'Li L', 'Cao XM', 'Li K', 'Guo L', 'Lu JG', 'Duan ZQ', 'Xiang C', 'Wei L']",Wei L,Autografts vs Synthetics for Cruciate Ligament Reconstruction: A Systematic Review and Meta-Analysis.,12,2,378-387,['English'],101501666,1757-7853,1757-7861,"['Comparative Study', 'Journal Article', 'Meta-Analysis', 'Systematic Review']",PubMed - indexed for MEDLINE,ppublish+epublish,"['32180364', 'PMC7189042', 'pmc-id: PMC7189042;', '10.1111/os.12662']",10.1111/os.12662,"['2020/01/06 00:00', '2020/02/19 00:00', '2020/02/21 00:00', '2020/03/18 06:00', '2020/10/29 06:00', '2020/03/18 06:00', '2020/03/16 00:00']",[],1,34,Orthopaedic surgery,doi: 10.1111/os.12662,2020 Apr;12(2):378-387,"To describe the outcomes of autografts and synthetics in anterior cruciate ligament (ACL) and posterior cruciate ligament (PCL) reconstruction with respect to instrumented laxity measurements, patient-reported outcome scores, complications, and graft failure risk. We searched PubMed, Cochrane Library, and EMBASE for published randomized controlled trials (RCT) and case controlled trials (CCTs) to compare the outcomes of the autografts versus synthetics after cruciate ligament reconstruction. Data analyses were performed using Cochrane Collaboration RevMan 5.0. Nine studies were identified from the literature review. Of these studies, three studies compared the results of bone-patellar tendon-bone (BPTB) and ligament augmentation and reconstruction system (LARS), while six studies compared the results of four-strand hamstring tendon graft (4SHG) and LARS. The comparative study showed no difference in Lysholm score and failure risk between autografts and synthetics. The combined results of the meta-analysis indicated that there was a significantly lower rate of side-to-side difference > 3 mm (Odds Ratio [OR] 2.46, 95% confidence intervals [CI] 1.44-4.22, P = 0.001), overall IKDC (OR 0.40, 95% CI 0.19-0.83, P = 0.01), complications (OR 2.54, 95% CI 1.26-5.14, P = 0.009), and Tegner score (OR -0.31, 95% CI -0.52-0.10, P = 0.004) in the synthetics group than in the autografts group. This systematic review comparing long-term outcomes after cruciate ligament reconstruction with either autograft or synthetics suggests no significant differences in failure risk. Autografts were inferior to synthetics with respect to restoring knee joint stability and patient-reported outcome scores, and were also associated with more postoperative complications.",2020
98,32010729,2019 Nov,2019 Nov 27,Orthop J Sports Med,"['Chen W', 'Li H', 'Chen Y', 'Jiang F', 'Wu Y', 'Chen S']",Chen S,Bone-Patellar Tendon-Bone Autografts Versus Hamstring Autografts Using the Same Suspensory Fixations in ACL Reconstruction: A Systematic Review and Meta-analysis.,7,11,2325967119885314,['English'],101620522,2325-9671,2325-9671,"['Journal Article', 'Review']",PubMed,,"['32010729', 'PMC6967236', 'pmc-id: PMC6967236;', '10.1177/2325967119885314', '10.1177_2325967119885314']",10.1177/2325967119885314,"['2020/02/04 06:00', '2020/02/06 06:00', '2020/02/06 06:01', '2019/11/27 00:00']",[],1,45,Orthopaedic journal of sports medicine,doi: 10.1177/2325967119885314,2019 Nov;7(11):2325967119885314,"BACKGROUND: Bone-patellar tendon-bone (BPB) autografts and hamstring tendon (HT) autografts are 2 popular choices for anterior cruciate ligament reconstruction (ACLR). Although existing meta-analyses have explored the clinical outcomes between BPB and HT autografts, none have based their analysis on studies with just femoral suspensory fixation methods. PURPOSE: To evaluate and compare clinical outcomes, particularly graft failure and knee stability, of ACLR with BPB or HT autografts with suspensory femoral fixation. STUDY DESIGN: Systematic review; Level of evidence, 4. METHODS: A literature search was conducted of studies reporting single-bundle ACLR with BPB autografts and HT autografts with suspensory fixation with a minimum 24-month follow-up. Graft failure rate, knee stability, and clinical outcomes were compared for BPB versus HT autografts. Knee stability was measured with the Lachman test, pivot-shift test, and KT-1000/2000 arthrometer side-to-side difference (SSD). Clinical outcomes were measured with Lysholm scores and the Tegner activity scale, as well as rate of return to preinjury sports. Donor site morbidity among included studies was reviewed. A random-effects model was used for calculations of summary estimates. Subgroup, sensitivity, and trial sequential analyses were conducted. RESULTS: Five studies were included. Graft failure was seen more often in the HT group than the BPB group, and this was statistically significant (P = .03). However, the trial sequential analysis outcome indicated that the included sample size was not large enough to support a solid positive finding. The analysis showed no significant difference in SSD, Lachman test, pivot-shift test, rate of return to sports, Lysholm score, or Tegner score between groups. Subgroup analyses found no significant difference between groups. CONCLUSION: This meta-analysis demonstrated no significant differences in knee stability and knee functional outcomes between BPB and HT autografts with suspensory fixation. More evidence is needed to prove the lower risk of failure with use of BTB autograft with suspensory fixation.",2019
99,31987693,2020 Apr,2020 Jan 25,Arthroscopy,"['Davey MS', 'Hurley ET', 'Withers D', 'Moran R', 'Moran CJ']",Moran CJ,Anterior Cruciate Ligament Reconstruction with Platelet-Rich Plasma: A Systematic Review of Randomized Control Trials.,36,4,1204-1210,['English'],8506498,0749-8063,1526-3231,"['Journal Article', 'Meta-Analysis', 'Systematic Review']",PubMed - indexed for MEDLINE,ppublish+epublish,"['31987693', '10.1016/j.arthro.2019.11.004', 'S0749-8063(19)30971-5']",10.1016/j.arthro.2019.11.004,"['2019/06/19 00:00', '2019/09/16 00:00', '2019/11/04 00:00', '2020/01/29 06:00', '2020/11/26 06:00', '2020/01/29 06:00']",['Arthroscopy. 2020 Apr;36(4):1211-1212. doi: 10.1016/j.arthro.2019.12.022. PMID: 32247415'],1,0,Arthroscopy : the journal of arthroscopic & related surgery : official publication of the Arthroscopy Association of North America and the International Arthroscopy Association,doi: 10.1016/j.arthro.2019.11.004,2020 Apr;36(4):1204-1210,"PURPOSE: To perform a systematic review of the randomized controlled trials (RCTs) evaluating the efficacy of platelet-rich plasma (PRP) to augment anterior cruciate ligament (ACL) reconstruction. METHODS: Two independent reviewers screened the MEDLINE, The Cochrane Library, and EMBASE databases using Preferred Reporting for Systematic Reviews and Meta-Analyses guidelines for applicable RCTs evaluating the efficacy of PRP in ACL reconstruction. A meta-analysis was performed on the papers involving bone-patellar tendon-bone (BPTB) grafting. RESULTS: Thirteen RCTs fulfilled the inclusion criteria involving 765 patients. There was no clinical improvement (Tegner, Lysholm, Knee Injury and Osteoarthritis Outcome Score, or International Knee Documentation Committee scores) in any of the 7 studies evaluating PRP alongside the hamstring tendon autograft ACL reconstructions versus the control. Two studies evaluating PRP for hamstring tendon autograft demonstrated significantly improved magnetic resonance imaging findings. Two studies analyzed the use of PRP with allograft ACL reconstruction showed no clinical, biochemical, or radiologic improvements in postoperative follow-up. No functional improvements were found when PRP was used alongside BPTB in 4 studies. There was no significant difference in visual analog scale score in the BPTB group (1.1 vs 1.5, P = .18), or tibial filling defects (P = .30). CONCLUSIONS: This study found that the current level I evidence does not support the use of PRP to improve graft healing, improve donor-site morbidity, reduce postoperative pain levels, or improve functional outcomes following ACL reconstruction. LEVEL OF EVIDENCE: Level I; systematic review of level I evidence.",2020
100,31858199,2020 Feb,2019 Dec 19,Int Orthop,"['Yang XG', 'Wang F', 'He X', 'Feng JT', 'Hu YC', 'Zhang H', 'Yang L', 'Hua K']",Hua K,Network meta-analysis of knee outcomes following anterior cruciate ligament reconstruction with various types of tendon grafts.,44,2,365-380,['English'],7705431,0341-2695,1432-5195,"['Journal Article', 'Review', 'Network Meta-Analysis']",PubMed - indexed for MEDLINE,ppublish+epublish,"['31858199', '10.1007/s00264-019-04417-8', '10.1007/s00264-019-04417-8']",10.1007/s00264-019-04417-8,"['2019/06/20 00:00', '2019/09/13 00:00', '2019/12/21 06:00', '2020/09/26 06:00', '2019/12/21 06:00']",[],1,0,International orthopaedics,doi: 10.1007/s00264-019-04417-8,2020 Feb;44(2):365-380,"PURPOSE: Various grafts were selected for restoring knee stability and regaining pre-injury activity levels after anterior cruciate ligament (ACL) rupture. This review aimed to compare the short-term knee outcomes of different tendon grafts for primary ACL reconstruction (ACLR). METHODS: Databases of PubMed, Embase, and CENTRAL were retrieved for identifying the published RCT comparing the short-term (</= 2 years) knee outcomes of different tendon grafts for ACLR. The main outcomes include the International Knee Documentation Committee (IKDC) subjective and objective scores, side-to-side difference on knee laxity, Lachman test, pivot-shift test, Lysholm score, Tegner score, all recorded complications and graft re-ruptures. RESULTS: A total of 32 trials involving 2962 patients and 17 grafts were included. Superior IKDC subjective score was found for quadriceps tendon autograft (QTB) when compared with autografts including bone-patellar tendon-bone (BPTB), four-strand hamstring tendon (4S-HT), and double-bundle HT. The 4S-HT autograft was associated with poorer anteroposterior and rotational knee stability than the BPTB autograft. Artificial ligament also was found to provide lower knee stability compared with the autografts including the BPTB, patellar tendon, 4S-HT, 4S-HT with preserved tibial insertion, 6S-HT, and four-strand semitendinosus tendon. Additionally, the BPTB allograft showed a statistically higher knee laxity than 6S-HT allograft, while no difference was found between the genuine autografts and non-irradiated allografts. CONCLUSIONS: QTB was recommended to be used even over the BPTB and 4S-HT autografts. BPTB autograft was more effective on restoring the knee stability than 4S-HT autograft. Non-irradiated allografts could be safely used as alternatives to autografts. However, artificial ligaments were not recommended for primary ACLR for significantly increased risk of knee laxity.",2020
101,31798951,2019,2019 Nov 10,BMJ Open Sport Exerc Med,"['Sundemo D', 'Hamrin Senorski E', 'Karlsson L', 'Horvath A', 'Juul-Kristensen B', 'Karlsson J', 'Ayeni OR', 'Samuelsson K']",Samuelsson K,Generalised joint hypermobility increases ACL injury risk and is associated with inferior outcome after ACL reconstruction: a systematic review.,5,1,e000620,['English'],101681007,2055-7647,2055-7647,"['Journal Article', 'Review']",PubMed,,"['31798951', 'PMC6863654', 'pmc-id: PMC6863654;', '10.1136/bmjsem-2019-000620', 'bmjsem-2019-000620']",10.1136/bmjsem-2019-000620,"['2019/09/29 00:00', '2019/12/05 06:00', '2019/12/05 06:00', '2019/12/05 06:01', '2019/11/10 00:00']",[],1,64,BMJ open sport & exercise medicine,doi: 10.1136/bmjsem-2019-000620,2019;5(1):e000620,"OBJECTIVES: To investigate the association between generalised joint hypermobility (GJH) and ACL injury risk. Secondary aims involved evaluating associations between GJH and postoperative outcome (including graft-failure risk, knee laxity and patient-reported outcome). Furthermore, we aimed to compare the performance of different grafts in patients with GJH. METHODS: Databases MEDLINE/PubMed, EMBASE and the Cochrane Library were searched, including 2760 studies. Two reviewers independently screened studies for eligibility. A modified version of the MINORS score was applied for quality appraisal. Studies assessing GJH while reporting the risk of ACL injury and/or postoperative outcome were included. RESULTS: Twenty studies were included, using several different methods to determine GJH. There was consistent evidence showing that GJH is a risk factor for unilateral ACL injury in males, while in females, the results were conflicting. There was limited evidence associating GJH with increased knee laxity 5 years postoperatively. There was consistent evidence of inferior postoperative patient-reported outcome in patients with GJH. Moreover, there was limited yet consistent evidence indicating that patellar-tendon autografts are superior to hamstring-tendon autografts in patients with GJH in terms of knee laxity and patient-reported outcome. There was insufficient evidence to draw conclusions regarding the outcomes of bilateral ACL injury and graft failure. CONCLUSIONS: In men, GJH was associated with an increased risk of unilateral ACL injury. Moreover, GJH was associated with greater postoperative knee laxity and inferior patient-reported outcome. Based on the available evidence, a patellar-tendon autograft appears to be superior to a hamstring-tendon autograft in patients with GJH. However, the included studies were heterogeneous and there is a need for consensus in the assessment of GJH within sports medicine.",2019
102,31305357,2020 Jan 15,,J Am Acad Orthop Surg,"['Mehran N', 'Damodar D', 'Shu Yang J']",Shu Yang J,Quadriceps Tendon Autograft in Anterior Cruciate Ligament Reconstruction.,28,2,45-52,['English'],9417468,1067-151X,1940-5480,"['Journal Article', 'Review']",PubMed - indexed for MEDLINE,ppublish,"['31305357', '10.5435/JAAOS-D-19-00032', '00124635-202001150-00001']",10.5435/JAAOS-D-19-00032,"['2019/07/16 06:00', '2020/06/02 06:00', '2019/07/16 06:00']",[],1,0,The Journal of the American Academy of Orthopaedic Surgeons,doi: 10.5435/JAAOS-D-19-00032,2020 Jan 15;28(2):45-52,"Quadriceps tendon (QT) autograft in anterior cruciate ligament reconstruction has received increased attention, as more studies compare clinical outcomes between QT, bone-patellar tendon-bone (BPTB), and hamstring tendon (HT) autografts. Biomechanically, QT has similar properties to BPTB and to HT. QT has shown equivalent stability, patient-reported outcome measures, strength and graft failure rates, and decreased donor site morbidity compared with BPTB and HT. All three autografts have excellent clinical outcomes. Ultimately, anterior cruciate ligament graft selection should be a discussion between a physician and their patient while considering a patient's age, activity level, and occupation.",2020
103,31233432,2021 Jul 1,,Clin J Sport Med,"['Ajrawat P', 'Dwyer T', 'Whelan D', 'Theodoropoulos J', 'Murnaghan L', 'Bhargava M', 'Ogilvie-Harris D', 'Chahal J']",Chahal J,A Comparison of Quadriceps Tendon Autograft With Bone-Patellar Tendon-Bone Autograft and Hamstring Tendon Autograft for Primary Anterior Cruciate Ligament Reconstruction: A Systematic Review and Quantitative Synthesis.,31,4,392-399,['English'],9103300,1050-642X,1536-3724,"['Comparative Study', 'Journal Article', 'Systematic Review']",PubMed - indexed for MEDLINE,ppublish,"['31233432', '10.1097/JSM.0000000000000765', '00042752-202107000-00008']",10.1097/JSM.0000000000000765,"['2018/07/19 00:00', '2018/12/21 00:00', '2019/06/25 06:00', '2021/10/21 06:00', '2019/06/25 06:00']",[],1,0,Clinical journal of sport medicine : official journal of the Canadian Academy of Sport Medicine,doi: 10.1097/JSM.0000000000000765,2021 Jul 1;31(4):392-399,"OBJECTIVE: There is growing enthusiasm for the increased use of quadriceps tendon (QT) autograft for primary anterior cruciate ligament reconstruction (ACLR). The purpose of this analysis was to synthesize and quantitatively assess the available evidence comparing QT autograft with hamstring tendon (HT) and bone-patellar tendon-bone (BPTB) autografts, regarding functional outcomes, knee stability, anterior knee pain, and revision rates. DATA SOURCES: A search in MEDLINE, EMBASE, PubMed, and the Cochrane Central Register of Controlled Trials for eligible studies up to May 2018 was conducted. Two reviewers selected studies based on inclusion criteria and assessed methodological quality. Outcomes analyzed were anterior knee pain, graft failure rates, knee stability, functional outcomes, and adverse events. Pooled analyses were performed for continuous and dichotomous variables where appropriate. MAIN RESULTS: Ten studies (1 randomized trial and 9 nonrandomized cohorts) met our inclusion criteria, which included 1398 patients. The analysis showed no statistical difference in anterior knee pain when comparing QT and HT autografts, but a significant difference between QT and BPTB autografts [odds ratio, 0.15 (95% confidence interval, 0.08-0.27); P < 0.001]. There were no differences between all 3 autografts in revision rates, knee stability, and patient-reported functional outcomes. CONCLUSIONS: Quadriceps tendon autograft is a suitable graft alternative for primary ACLR, as it achieves good clinical outcomes with a low incidence of anterior knee pain. Given the limited quality of the included studies, there is a need for a well-designed multicenter randomized control trial comparing QT autograft with other primary ACL autografts to confirm our findings. LEVEL OF EVIDENCE: Level IV systematic review.",2021
104,31233335,2019 Jul,2019 Jun 24,Am J Sports Med,"['Salem HS', 'Varzhapetyan V', 'Patel N', 'Dodson CC', 'Tjoumakaris FP', 'Freedman KB']",Freedman KB,Anterior Cruciate Ligament Reconstruction in Young Female Athletes: Patellar Versus Hamstring Tendon Autografts.,47,9,2086-2092,['English'],7609541,0363-5465,1552-3365,"['Comparative Study', 'Journal Article']",PubMed - indexed for MEDLINE,ppublish+epublish,"['31233335', '10.1177/0363546519854762']",10.1177/0363546519854762,"['2019/06/25 06:00', '2020/05/19 06:00', '2019/06/25 06:00']",[],1,0,The American journal of sports medicine,doi: 10.1177/0363546519854762,2019 Jul;47(9):2086-2092,"BACKGROUND: Female athletes are 2 to 8 times more prone to anterior cruciate ligament (ACL) rupture than males. Furthermore, reinjury to the ipsilateral or contralateral knee can occur in >20% of athletes. Female sex and younger age are known risk factors for graft failure. The optimal graft choice for young females remains unknown and poorly studied. PURPOSE/HYPOTHESIS: The authors aimed to compare clinical outcomes in young females who underwent ACL reconstruction (ACLR) with bone-patellar tendon-bone (BTB) and quadrupled hamstring (HS) autografts. It was hypothesized that no significant differences in outcomes exist between graft choices. STUDY DESIGN: Cohort study; Level of evidence, 3. METHODS: Female patients aged 15 to 25 years who underwent primary ACLR with BTB or HS autograft were included for review. Patients were subdivided into 2 age groups: 15 to 20 years and 21 to 25 years. The occurrence of chondral, meniscal, or ligamentous injury to either knee was recorded for comparison. RESULTS: A total of 256 females were included (BTB, n = 175; HS, n = 81). The majority of patients were between the ages of 15 and 20 years (BTB, 80%; HS, 77.8%). Overall, graft rupture occurred in 23 patients (9%) and contralateral ACL tear occurred in 18 (7%). Subgroup analysis showed that 75% of BTB and 100% of HS graft retears occurred in females aged 15 to 20 years. Within this age group, there was a significantly lower rate of graft ruptures in the BTB group (6.4%) as compared with the HS group (17.5%, P = .02). Allograft augmentation was used in 4 of the 11 HS grafts that retore. When allograft-augmented grafts were excluded, there was no significant difference in graft failure rate between graft choices. Fifteen patients in the BTB group (12%) as opposed to 1 in the HS group (2%) reported extreme difficulty or the inability to kneel on the front of the knee (P = .04). CONCLUSION: In females aged 15 to 20 years undergoing ACLR, BTB autograft may lead to fewer graft ruptures than HS autograft. While this difference was not observed in females aged 21 to 25 years, a larger sample may be required to accept the null hypothesis in this age group. BTB autograft significantly increased the risk of kneeling pain as compared with HS regardless of age.",2019
105,30964537,2019 May 1,2019 Apr 9,Orthopedics,"['Salem HS', 'Kraeutler MJ', 'Carter AH', 'Tjoumakaris FP', 'Freedman KB']",Freedman KB,Anterior Cruciate Ligament Reconstruction in Young Females: A Systematic Review of Patellar Tendon Versus Hamstring Tendon Autografts.,42,3,e295-e304,['English'],7806107,0147-7447,1938-2367,"['Comparative Study', 'Journal Article', 'Systematic Review']",PubMed - indexed for MEDLINE,ppublish+epublish,"['30964537', '10.3928/01477447-20190403-05']",10.3928/01477447-20190403-05,"['2018/05/22 00:00', '2018/08/27 00:00', '2019/04/10 06:00', '2019/08/08 06:00', '2019/04/10 06:00']",[],1,0,Orthopedics,doi: 10.3928/01477447-20190403-05,2019 May 1;42(3):e295-e304,"A systematic review was performed to compare patellar tendon-bone (BTB) and hamstring tendon (HS) autografts following anterior cruciate ligament reconstruction in young females, young patients, or females. One study compared BTB and HS in young females and found a lower rate of graft failure with BTB (P<.02). Of the 11 studies that made this comparison in females, 1 reported decreased laxity in females with BTB (P=.035). Of 4 studies comparing autografts in young patients, 1 reported a decreased rate of graft failure with BTB (P=.036). Further studies making this comparison specifically in young females are warranted. [Orthopedics. 2019; 42(3):e295-e304.].",2019
106,30790526,2019 Dec,2019 Feb 21,Am J Sports Med,"['Mouarbes D', 'Menetrey J', 'Marot V', 'Courtot L', 'Berard E', 'Cavaignac E']",Cavaignac E,Anterior Cruciate Ligament Reconstruction: A Systematic Review and Meta-analysis of Outcomes for Quadriceps Tendon Autograft Versus Bone-Patellar Tendon-Bone and Hamstring-Tendon Autografts.,47,14,3531-3540,['English'],7609541,0363-5465,1552-3365,"['Journal Article', 'Meta-Analysis', 'Systematic Review']",PubMed - indexed for MEDLINE,ppublish+epublish,"['30790526', '10.1177/0363546518825340']",10.1177/0363546518825340,"['2019/02/23 06:00', '2020/06/25 06:00', '2019/02/22 06:00']",[],1,0,The American journal of sports medicine,doi: 10.1177/0363546518825340,2019 Dec;47(14):3531-3540,"BACKGROUND: Comprehensive studies evaluating quadriceps tendon (QT) autograft for anterior cruciate ligament (ACL) reconstruction are lacking. The optimal choice of graft between bone-patellar tendon-bone (BPTB), hamstring tendon (HT), and QT is still debatable. HYPOTHESIS: The current literature supports the use of QT as a strong autograft with good outcomes when used in ACL reconstruction. STUDY DESIGN: Meta-analysis; Level of evidence, 2. METHODS: A systematic search of the literature was performed in PubMed, MEDLINE, Cochrane, and Ovid databases to identify published articles on clinical studies relevant to ACL reconstruction with QT autograft and studies comparing QT autograft versus BPTB and HT autografts. The results of the eligible studies were analyzed in terms of instrumented laxity measurements, Lachman test, pivot-shift test, Lysholm score, objective and subjective International Knee Documentation committee (IKDC) scores, donor-site pain, and graft failure. RESULTS: Twenty-seven clinical studies including 2856 patients with ACL reconstruction met the inclusion criteria. Comparison of 581 QT versus 514 BPTB autografts showed no significant differences in terms of instrumented mean side-to-side difference (P = .45), Lachman test (P = .76), pivot-shift test grade 0 (P = .23), pivot-shift test grade 0 or 1 (P = .85), mean Lysholm score (P = .1), mean subjective IKDC score (P = .36), or graft failure (P = .50). However, outcomes in favor of QT were found in terms of less donor-site pain (risk ratio for QT vs BPTB groups, 0.25; 95% CI, 0.18-0.36; P < .00001). Comparison of 181 QT versus 176 HT autografts showed no significant differences in terms of instrumented mean side-to-side difference (P = .75), Lachman test (P = .41), pivot-shift test grade 0 (P = .53), Lysholm score less than 84 (P = .53), mean subjective IKDC score (P = .13), donor-site pain (P = .40), or graft failure (P = .46). However, outcomes in favor of QT were found in terms of mean Lysholm score (mean difference between QT and HT groups, 3.81; 95% CI, 0.45-7.17; P = .03). CONCLUSION: QT autograft had comparable clinical and functional outcomes and graft survival rate compared with BPTB and HT autografts. However, QT autograft showed significantly less harvest site pain compared with BPTB autograft and better functional outcome scores compared with HT autograft.",2019
107,30733624,2019 Jan-Feb,2018 Dec 6,J Orthop,"['Soneru A', 'Sarwark JF']",Sarwark JF,Survivorship of allograft ACL reconstruction in adolescent patients.,16,1,11-13,['English'],101233220,0972-978X,0972-978X,['Journal Article'],PubMed,,"['30733624', 'PMC6354704', 'pmc-id: PMC6354704;', '10.1016/j.jor.2018.11.004', 'S0972-978X(18)30488-4']",10.1016/j.jor.2018.11.004,"['2018/10/29 00:00', '2018/11/26 00:00', '2019/02/09 06:00', '2019/02/09 06:00', '2019/02/09 06:01', '2020/01/01 00:00']",['J Orthop. 2020 Dec 15;24:292. doi: 10.1016/j.jor.2020.12.005. PMID: 33994701'],1,13,Journal of orthopaedics,doi: 10.1016/j.jor.2018.11.004,2019 Jan-Feb;16(1):11-13,"PURPOSE: The overall benefits of ACL reconstructive surgery in young athletes has been previously established. Graft selection for ACL reconstruction, specifically in this population however, remains controversial. The literature is limited and long-term survival rate of allograft ACL reconstruction in the adolescent population remains poorly defined. Current evidence, none level I, appears to demonstrate increased failure and subsequent revision rates in allograft reconstruction of complete ACL tears compared to autograft; 7-35% compared to 3-13% respectively. The purpose of the present study was to evaluate revision rate and functional outcomes of allograft ACL reconstruction in the adolescent population at extended follow-up. METHODS: A retrospective chart review was performed. Forty patients who underwent transphyseal ACL reconstruction with either bone patellar tendon bone (BTB) or Achilles tendon bone (ATB) allograft performed by a single surgeon over a 12-year period were identified. Demographic and surgical details were analyzed. Enrolled patients completed a Lysholm Knee Scoring Scale and a Tegner Activity Level Scale during phone interviews. All secondary surgeries performed on the ipsilateral knee were recorded. RESULTS: Twenty-five patients were enrolled; fifteen were lost to follow-up. There were ten male and fifteen female patients included for analysis. Average age at index surgery was 16 years (range 13-18 years). BTB allograft was used for seven patients, and ATB allograft was used for the remaining eighteen patients. Average follow-up was 54 months (range 13-136 months). The average Lysholm score at follow-up was 87 (range 57-100). The average Tegner score at follow-up was 6.8 (range 3-10). Three patients underwent revision ACL surgery (12% study group, 7.5% all) for traumatic re-rupture. Re-rupture occurred 12, 13 and 38 months after index surgery. CONCLUSIONS: Autograft remains the standard for ACL reconstruction in the general pediatric population. In the adolescent population, however, the use of BTB or ATB allograft is a reasonable alternative with satisfactory outcomes, decreased harvest site morbidity, decreased post-operative pain and faster rehabilitation. The traumatic re-rupture rate in this series was similar to previously published traumatic failure rates in young adult athletes after reconstruction with autologous tissue (11-13%). Further prospective studies are needed to determine any true difference in the use of either allograft or autograft in the adolescent population.",2019
108,30227449,2019 Sep,2018 Sep 18,J Knee Surg,"['Alessio-Mazzola M', 'Formica M', 'Russo A', 'Sanguineti F', 'Capello AG', 'Lovisolo S', 'Felli L']",Felli L,Outcome after Combined Lateral Extra-articular Tenodesis and Anterior Cruciate Ligament Revision in Professional Soccer Players.,32,9,906-910,['English'],101137599,1538-8506,1938-2480,['Journal Article'],PubMed - indexed for MEDLINE,ppublish+epublish,"['30227449', '10.1055/s-0038-1672120']",10.1055/s-0038-1672120,"['2018/09/19 06:00', '2019/12/19 06:00', '2018/09/19 06:00']",[],1,0,The journal of knee surgery,doi: 10.1055/s-0038-1672120,2019 Sep;32(9):906-910,"We report the functional outcome after combined anterior cruciate ligament (ACL) reconstruction and lateral extra-articular tenodesis (LET) for ACL re-rupture and high-grade pivot shift in professional soccer players. For this retrospective review, the medical records of 24 professional soccer players were analyzed. The mean age at surgery was 23.8 +/- 4.2 years and the mean follow-up was 42.2 +/- 16.9 months. Pre- and postoperative assessment included the KT-1000 Lachman test, pivot shift test, International Knee Documentation Committee (IKDC) subjective knee evaluation, Tegner activity scale (TAS), and Lysholm score. The rate of return to sports and the level of play at final follow-up were recorded. ACL revision was performed with an autologous bone-patellar tendon-bone autograft or a hamstring graft. LET was performed using an extra-articular MacIntosh procedure as modified by Arnold-Coker. Anterior-posterior laxity was significantly reduced at the final clinical assessment (p < 0.0001): 22 patients (91.7%) had a negative pivot shift and 2 (8.3%) had residual glide (+), with significant improvement (p < 0.0001). The mean subjective IKDC and Lysholm score improved from 69.5 +/- 11.1 (range: 56-90) to 88.4 +/- 8.9 (range: 62.1-100) and from 58.1 +/- 11.7 (range: 33-72) to 97.4 +/- 3.2 (range: 88-100), respectively, with significant improvement (p < 0.0001) over preoperative values. The overall failure rate was 8.3%. There were no differences between mean preinjury and final TAS scores (p > 0.05). The rate of return to sports at the same level was 91.7% and the mean time to return to sports was 9.2 +/- 2.2 months. Mid-term functional outcome after combined extra-articular reconstruction and ACL revision surgery was satisfactory, with a reduction in residual postoperative rotatory instability and degree of pivot shift.",2019
109,30212919,2019 Aug,2018 Sep 13,J Knee Surg,"['Tan SHS', 'Lau BPH', 'Krishna L']",Krishna L,Outcomes of Anterior Cruciate Ligament Reconstruction in Females Using Patellar-Tendon-Bone versus Hamstring Autografts: A Systematic Review and Meta-Analysis.,32,8,770-787,['English'],101137599,1538-8506,1938-2480,"['Comparative Study', 'Journal Article', 'Meta-Analysis', 'Systematic Review']",PubMed - indexed for MEDLINE,ppublish+epublish,"['30212919', '10.1055/s-0038-1669916']",10.1055/s-0038-1669916,"['2018/09/14 06:00', '2019/12/04 06:00', '2018/09/14 06:00']",[],1,0,The journal of knee surgery,doi: 10.1055/s-0038-1669916,2019 Aug;32(8):770-787,"The current review aims to compare the outcomes of anterior cruciate ligament (ACL) reconstruction in the female population after patellar-tendon-bone and hamstring grafts. The review was conducted using the Preferred Reporting Items for Systematic Reviews and Meta-Analyses guidelines. All original randomized controlled trials and prospective cohort studies that compared clinical outcomes after female ACL reconstruction using hamstring versus patellar-tendon-bone grafts were included. All clinical outcomes reported by three or more studies were included. Fifteen publications, with 948 female patients, were included. Most outcomes were reported to have no significant graft differences by all studies that reported the outcome. These included all the outcomes for objective knee scores (International Knee Documentation Committee [IKDC] objective knee score), neuromuscular testing (quadriceps strength, hamstring strength, and single hop test), graft rupture or failure, and subjective knee scores (Lysholm score and IKDC subjective knee score). The pivot shift test, flexion deficit, and presence of crepitus were also reported to have no significant graft differences by all studies. Some studies reported a significant difference in anteroposterior laxity (Lachman's test and instrumented laxity), range of motion deficits (extension deficit), and sports and activity level (Tegner score). However, these statistically significant differences were noted to be clinically insignificant due to the normal population variation or standard error of measurement of these tools of evaluation. Patients reconstructed with patellar-tendon-bone grafts have a higher risk of kneeling pain. There was no significant difference in the incidence of crepitus. Most of the outcomes following female ACL reconstructions showed no clinically and statistically significant difference when either patellar-tendon-bone or hamstring autograft was used. These included outcomes for anteroposterior laxity, objective knee scores, neuromuscular testing, graft rupture or failure, subjective knee scores, sports and activity level, and crepitus. This a level II study.",2019
110,30141146,2019 Mar,2018 Aug 23,Knee Surg Sports Traumatol Arthrosc,"['Alentorn-Geli E', 'Gotecha D', 'Steinbacher G', 'Álvarez-Díaz P', 'Barastegui D', 'Seijas R', 'Cuscó X', 'Samuelsson K', 'Lazarides AL', 'Cugat Bertomeu R']",Cugat Bertomeu R,The presence of patellar tendinopathy in the bone-patellar tendon-bone autograft may increase the risk of anterior cruciate ligament graft failure.,27,3,766-772,['English'],9314730,0942-2056,1433-7347,['Journal Article'],PubMed - indexed for MEDLINE,ppublish+epublish,"['30141146', '10.1007/s00167-018-5066-4', '10.1007/s00167-018-5066-4']",10.1007/s00167-018-5066-4,"['2018/05/06 00:00', '2018/07/12 00:00', '2018/08/25 06:00', '2019/05/06 06:00', '2018/08/25 06:00']",[],1,0,"Knee surgery, sports traumatology, arthroscopy : official journal of the ESSKA",doi: 10.1007/s00167-018-5066-4,2019 Mar;27(3):766-772,"PURPOSE: The purpose of this study was to evaluate the influence of patellar tendinopathy on primary anterior cruciate ligament (ACL) reconstruction graft failure when using bone-patellar tendon-bone (BPTB) autograft. METHODS: All patients undergoing primary ACL reconstruction using ipsilateral BPTB with preoperative magnetic resonance imaging (MRI) available for review were approached for eligibility. The medical charts of included patients were reviewed to obtain demographic information, anatomical characteristics, injury characteristics, treatment characteristics, length of follow-up, and presence of graft failure. A single, fellowship-trained, knee-specialist and blinded researcher performed preoperative MRI interpretation of patellar tendinopathy. The presence/absence of patellar tendinopathy (none, mild, moderate, or severe changes) was compared between patients with (cases) and without (controls) failure of ACL reconstruction. There were 559 cases with a median (range) clinical follow-up was 8 (4-30) months and an average age of 21.5 years (82% males). RESULTS: Of the 559 cases, there were 182 (32.6%) with and 377 (67.4%) without patellar tendinopathy. A total of 32 (5.7%) graft failures occurred. There were a significantly higher failure rate in patients with compared to without patellar tendinopathy (p < 0.001), and in patients with compared to without partial tendon tear (p < 0.001). The odds ratio (95% confidence interval) for graft failure was 5.9 (2.7-13.1), 20.8 (6.8-63.9) and 54.4 (5.5-539.4) in patients with patellar tendinopathy (compared to absence of patellar tendinopathy), moderate or severe patellar tendinopathy (compared to none or mild patellar tendinopathy), or partial tendon tear (compared to absence of tendon tear), respectively. CONCLUSION: The presence of patellar tendinopathy increases the risk of BPTB graft failure when used for ACL reconstruction. The use of BPTB autograft is not recommended if patellar tendinopathy is obvious or there are suspicious of partial tendon tear on MRI. In such cases, the surgeon should consider using a different graft. LEVEL OF EVIDENCE: Retrospective cohort analysis, Level III.",2019
111,29991077,2019 Jul,2018 Jul 10,J Knee Surg,"['Shanmugaraj A', 'de Sa D', 'Skelly MM', 'Duong A', 'Simunovic N', 'Musahl V', 'Peterson DC', 'Ayeni OR']",Ayeni OR,"Primary Allograft ACL Reconstruction in Skeletally Immature Patients-A Systematic Review of Surgical Techniques, Outcomes, and Complications.",32,7,673-685,['English'],101137599,1538-8506,1938-2480,"['Journal Article', 'Systematic Review']",PubMed - indexed for MEDLINE,ppublish+epublish,"['29991077', '10.1055/s-0038-1666833']",10.1055/s-0038-1666833,"['2018/07/11 06:00', '2019/10/29 06:00', '2018/07/11 06:00']",[],1,0,The journal of knee surgery,doi: 10.1055/s-0038-1666833,2019 Jul;32(7):673-685,"The purpose of this systematic review is to ascertain the risk profile of allografts in primary anterior cruciate ligament reconstruction (ACLR) of skeletally immature patients. Three databases (PubMed, EMBASE, and MEDLINE) were searched for articles addressing primary ACLR in skeletally immature patients (i.e., open femoral and tibial physes). Inclusion criteria encompassed the use of allograft tissue with available postoperative outcomes data. The methodological index for non-randomized studies (MINORS) was used to assess all studies. Descriptive statistics such as means, 95% confidence intervals and standard deviations are presented where applicable. A total of 3,852 studies were screened, with 9 studies of a total of 406 skeletally immature patients (mean age 14.9 +/- 1.2 years) satisfying inclusion criteria. The majority (98%) of included patients underwent complete transphyseal ACLR. Where specified, allograft options included Achilles tendon (AT) (66.5%), tibialis anterior tendon (7.6%), bone-patellar tendon (2.5%), and fascia lata (1.0%). The use of a bone block for the AT was reported in one patient (0.2%). Postoperatively, and where specified, patients achieved full range of motion (12.1%), had good Lysholm scores of 94 to 100 (8.1%), and a return to preinjury level athletic participation of 82.9% (8.4%). Complications (13.3%) included graft failures (7.9%), nonrevision reoperation (4.7%), and a combined leg length discrepancy and angular (valgus and extension) deformity (0.2%). There were no reported incidences of disease transmission. Although failure rates of primary allograft ACL reconstruction are acceptable compared with other studies of mainly autograft use in this young, high-risk population, there was a very low rate of clinically significant physeal damage. However, the relatively low quality of the included studies limits the ability to recommend routine use of allograft for ACLR in the skeletally immature patient. More robust studies with long-term follow-up data are necessary to better ascertain the influence of allograft choice on postoperative outcomes for these young patients. This is a Level IV study, systematic review of Levels III and IV studies.",2019
112,29782440,2018 Aug,,J Orthop Trauma,"['Matthews AH', 'Fraser EJ', 'Parkinson B']",Parkinson B,Management of Simultaneous Patellar Tendon and Anterior Cruciate Ligament Ruptures-A Systematic Review of Available Literature.,32,8,e320-e326,['English'],8807705,0890-5339,1531-2291,"['Journal Article', 'Systematic Review']",PubMed - indexed for MEDLINE,ppublish,"['29782440', '10.1097/BOT.0000000000001219']",10.1097/BOT.0000000000001219,"['2018/05/22 06:00', '2019/10/01 06:00', '2018/05/22 06:00']",[],1,0,Journal of orthopaedic trauma,doi: 10.1097/BOT.0000000000001219,2018 Aug;32(8):e320-e326,"BACKGROUND: Combined rupture of the anterior cruciate ligament (ACL) and patellar tendon (PT) is a rare injury pattern. Currently, little evidence exists to help guide management decisions for these patients. METHODS: A systematic literature search was conducted using PubMed (MEDLINE) and Scopus (EMBASE and MEDLINE) for all articles reporting on combined rupture of the ACL and PT. The characteristic injury mechanisms, common presentation findings, and outcomes of simultaneous and staged treatment strategies were determined to provide guidance for the management of this uncommon injury pattern. An additional case report from our institution is also reported. RESULTS: Overall, 17 studies met the inclusion criteria and were included in our qualitative review. The mean age at injury was 30 years (range, 15-50 years). A high-energy injury with a rapid deceleration event through a flexed knee on a fixed foot is commonly described as the mechanism of injury. Anterior cruciate ligament rupture was missed on initial clinical examination in 24.1% compared with 17.2% for PT rupture. Injuries to the medial collateral ligament and menisci occured in 65.5% of cases. Outcome scores were reported in 41.4% (12/22) of patients undergoing staged or simultaneous repair. The Lysholm score postoperatively was 96 +/- 3.3 for the staged group compared with 85.3 +/- 18.6 for simultaneous repair. There were no clear differences between range of motion, time to return to sport, and complication rates between the groups. CONCLUSIONS: A high index of suspicion is required to detect concomitant ACL injuries when assessing high-energy PT ruptures. Simultaneous or staged protocols to address both injuries are safe and effective management strategies for this rare combined injury pattern. LEVEL OF EVIDENCE: Therapeutic Level IV. See Instructions for Authors for a complete description of levels of evidence.",2018
113,29662910,2018 Apr,2018 Apr 5,Orthop J Sports Med,"['Saper M', 'Pearce S', 'Shung J', 'Zondervan R', 'Ostrander R', 'Andrews JR']",Andrews JR,Outcomes and Return to Sport After Revision Anterior Cruciate Ligament Reconstruction in Adolescent Athletes.,6,4,2325967118764884,['English'],101620522,2325-9671,2325-9671,['Journal Article'],PubMed,,"['29662910', 'PMC5894923', 'pmc-id: PMC5894923;', '10.1177/2325967118764884', '10.1177_2325967118764884']",10.1177/2325967118764884,"['2018/04/18 06:00', '2018/04/18 06:00', '2018/04/18 06:01', '2018/04/05 00:00']",[],1,29,Orthopaedic journal of sports medicine,doi: 10.1177/2325967118764884,2018 Apr;6(4):2325967118764884,"BACKGROUND: The number of adolescent anterior cruciate ligament (ACL) injuries is rising with increased participation in higher level athletics at earlier ages. With an increasing number of primary ACL reconstructions (ACLRs) comes a rise in the incidence of revision ACLRs. PURPOSE: To evaluate the clinical results of revision ACLR across a group of high-level adolescent athletes with at least 2-year follow-up. STUDY DESIGN: Case series; Level of evidence, 4. METHODS: A retrospective review of 21 adolescent athletes (age range, 10-19 years) who underwent revision ACLR with at least 2-year follow-up was conducted. Patient-reported outcome measures (PROMs) included the International Knee Documentation Committee (IKDC) Subjective Knee Evaluation Form, Lysholm knee scoring scale, Tegner activity level scale, and modified Cincinnati Knee Rating System. Return to sport (RTS) and overall patient satisfaction were also assessed. RESULTS: The mean age at the time of surgery was 16.5 years (range, 14-19 years), and the mean follow-up was 46.4 months (range, 24-97 months); 42.9% of patients were female, and 52.4% of patients participated in collision sports. The mean time to failure after primary ACLR was 13.1 +/- 8.0 months, and the most common mechanism of failure was noncontact in at least 66.7% of cases. The revision graft type included bone-patellar tendon-bone (BPTB) in 71.4% of cases; 26.7% of BPTB grafts were from the contralateral extremity. Concomitant procedures were performed for intra-articular lesions in 71.4% of patients. The mean patient satisfaction rate was 95.3%. There were 3 cases of a graft reinjury at a mean of 25 months postoperatively. The mean PROM scores were as follows: IKDC, 87.5 +/- 12.7; Tegner, 7.2 +/- 2.0; Lysholm, 93.7 +/- 9.8; and Cincinnati, 93.4 +/- 10.0. Of those attempting to RTS, 68.4% of patients successfully returned at the same level of competition. Patients with a lateral compartment chondral injury were less likely to RTS (P < .05). Independent variables shown to have no significant relationship to PROMs or RTS included age, follow-up, sport classification, associated meniscal tears, revision graft size/type, and concomitant procedures. CONCLUSION: Revision ACLR can be an effective surgical option in adolescents participating in collision and contact sports, with good to excellent subjective outcome scores. At a minimum 2-year follow-up, a graft rupture after revision ACLR occurred in 14% of cases. Of the athletes attempting to RTS, 68.4% returned to their preinjury level of competition.",2018
114,29628380,2018 May,2018 Apr 5,Arthroscopy,"['Hurley ET', 'Calvo-Gurry M', 'Withers D', 'Farrington SK', 'Moran R', 'Moran CJ']",Moran CJ,Quadriceps Tendon Autograft in Anterior Cruciate Ligament Reconstruction: A Systematic Review.,34,5,1690-1698,['English'],8506498,0749-8063,1526-3231,"['Journal Article', 'Systematic Review']",PubMed - indexed for MEDLINE,ppublish+epublish,"['29628380', '10.1016/j.arthro.2018.01.046', 'S0749-8063(18)30116-6']",10.1016/j.arthro.2018.01.046,"['2017/08/30 00:00', '2018/01/06 00:00', '2018/01/15 00:00', '2018/04/10 06:00', '2019/09/17 06:00', '2018/04/10 06:00']",[],1,0,Arthroscopy : the journal of arthroscopic & related surgery : official publication of the Arthroscopy Association of North America and the International Arthroscopy Association,doi: 10.1016/j.arthro.2018.01.046,2018 May;34(5):1690-1698,"PURPOSE: To systematically review the current evidence to ascertain whether quadriceps tendon autograft (QT) is a viable option in anterior cruciate ligament reconstruction. METHODS: A literature review was conducted in accordance with Preferred Reporting Items for Systematic Reviews and Meta-analyses (PRISMA) guidelines. Cohort studies comparing QT with bone-patellar tendon-bone autograft (BPTB) or hamstring tendon autograft (HT) were included. Clinical outcomes were compared, with all statistical analyses performed using IBM SPSS Statistics for Windows, version 22.0, with P < .05 being considered statistically significant. RESULTS: We identified 15 clinical trials with 1,910 patients. In all included studies, QT resulted in lower rates of anterior knee pain than BPTB. There was no difference in the rate of graft rupture between QT and BPTB or HT in any of the studies reporting this. One study found that QT resulted in greater knee stability than BPTB, and another study found increased stability compared with HT. One study found that QT resulted in improved functional outcomes compared with BPTB, and another found improved outcomes compared with HT, but one study found worse outcomes compared with BPTB. CONCLUSIONS: Current literature suggests QT is a viable option in anterior cruciate ligament reconstruction, with published literature showing comparable knee stability, functional outcomes, donor-site morbidity, and rerupture rates compared with BPTB and HT. LEVEL OF EVIDENCE: Level III, systematic review of Level I, II, and III studies.",2018
115,29628379,2018 May,2018 Apr 5,Arthroscopy,"['Belk JW', 'Kraeutler MJ', 'Marshall HA', 'Goodrich JA', 'McCarty EC']",McCarty EC,Quadriceps Tendon Autograft for Primary Anterior Cruciate Ligament Reconstruction: A Systematic Review of Comparative Studies With Minimum 2-Year Follow-Up.,34,5,1699-1707,['English'],8506498,0749-8063,1526-3231,"['Journal Article', 'Systematic Review']",PubMed - indexed for MEDLINE,ppublish+epublish,"['29628379', '10.1016/j.arthro.2018.01.047', 'S0749-8063(18)30117-8']",10.1016/j.arthro.2018.01.047,"['2017/09/05 00:00', '2018/01/01 00:00', '2018/01/26 00:00', '2018/04/10 06:00', '2019/09/17 06:00', '2018/04/10 06:00']",[],1,0,Arthroscopy : the journal of arthroscopic & related surgery : official publication of the Arthroscopy Association of North America and the International Arthroscopy Association,doi: 10.1016/j.arthro.2018.01.047,2018 May;34(5):1699-1707,"PURPOSE: To systematically review the literature in an effort to compare outcomes of patients undergoing primary anterior cruciate ligament reconstruction (ACLR) with a quadriceps tendon (QT) autograft versus a bone-patellar tendon-bone (BPTB) or hamstring tendon (HT) autograft. METHODS: A systematic review was performed by searching PubMed, the Cochrane Library, and Embase to locate studies (Level of Evidence I-III) comparing the clinical outcomes of the QT autograft versus the BPTB or HT autograft in patients undergoing primary ACLR. Patients were evaluated based on graft failure rate, examination of knee laxity, and patient-reported outcome scores. RESULTS: Eight studies (1 Level II, 7 Level III) were identified that met inclusion criteria, including a total of 368 patients undergoing primary ACLR with a QT autograft, 225 with a BPTB autograft, and 150 with an HT autograft. The average follow-up duration for all patients was 2.9 years. Overall, 2.8% of patients (17/603) experienced graft failure. Within the studies that compared the QT versus BPTB autograft, no study found a significant difference in graft failure rate between groups, and the odds ratio for graft failure between QT and BPTB was found to be 1.58 (95% confidence interval: 0.49-5.07; P = .44). Within the studies that compared graft failure rate between the QT and HT autograft, none found significant differences between groups, although a meta-analysis was not performed because of a low number of trials. Two studies found significantly greater postoperative knee laxity in HT patients compared with QT patients (P < .05), although there were no significant differences found in laxity measurements between QT and BPTB patients. CONCLUSIONS: Patients undergoing primary ACLR with either a QT, BPTB, or HT autograft can all be expected to experience improvement in clinical outcomes. QT patients experienced less knee laxity postoperatively compared with HT patients, although no significant differences were found in graft failure rate between groups. LEVEL OF EVIDENCE: Level III, systematic review of Level II and III studies.",2018
116,29453931,2018 Feb 17,2018 Feb 17,Med Sci Monit,"['Gudas R', 'Jurkonis R', 'Smailys A']",Smailys A,Comparison of Return to Pre-Injury Sport After 10 mm Size Bone-Patellar Tendon-Bone (BPTB) versus 8 mm Hamstring Anterior Cruciate Ligament Reconstruction: A Retrospective Study with a Two-Year Follow-Up.,24,,987-996,['English'],9609063,1234-1010,1643-3750,"['Comparative Study', 'Journal Article']",PubMed - indexed for MEDLINE,epublish,"['29453931', 'PMC6354639', 'pmc-id: PMC6354639;', '904709', '10.12659/MSM.904709']",10.12659/MSM.904709,"['2018/02/18 06:00', '2018/02/18 06:00', '2018/08/18 06:00', '2018/02/17 00:00']",[],1,49,Medical science monitor : international medical journal of experimental and clinical research,,2018 Feb 17;24:987-996,"BACKGROUND The aim of this study was to evaluate the reconstruction of a torn anterior cruciate ligament (ACL) with 10 mm diameter BPTB (bone-patellar tendon-bone) autograft versus 8 mm HT (hamstring tendon) autografts, to compare the ability to restore pre-injury sports activities and reduce revision risk after these procedures. MATERIAL AND METHODS A prospective clinical review was performed to compare results of patients who underwent primary anatomical ACLR with 10 mm BPTB autografts with patients who underwent 8 mm diameter HT autografts, between January 2011 and January 2014. RESULTS There were 183 patients evaluated: the 8 mm HT group showed statistically significant higher knee laxity values compared to the 10 mm BPTB group (p=0.042), and significant difference were detected in subjective International Knee Documentation Committee (IKDC) evaluation scores; the average subjective IKDC evaluations after two-year follow-up in the HT group was 88.45+/-2.8 versus 89.24+/-2.5 in BPTB group (p=0.047). In the evaluation of the IKDC objective protocol, results were excellent and good in 83 patients (94.3%) after BPTB and in 78 patients (82%) after HT ACLR (p<0.05). The average score on the Tegner activity scale in the HT group decreased from 6.5 at pre-injury to 5.8 at two-year follow-up (p<0.001) and from 6.7 at pre-injury to 6.5 at two-year follow-up in the BPTB group (p=0.4). The ability to restore pre-injury sports activities was higher in the BPTB group (6.5) versus the HT group (5.8) (p<0.001). Revision was required for two patients (2.2%) in the BPTB group compared with 14 patients (14.7%) in the HT group (p<0.05). CONCLUSIONS Smaller HT graft size was a predictor of higher knee laxity and greater revision risk at two-year post primary ACL reconstruction. Larger diameter BPTB ACL grafts had a better ability to restore knee stability and greater ability to restore pre-injury sports activities.",2018
117,29366740,2018 Apr,2018 Feb 1,Arthroscopy,"['Belk JW', 'Kraeutler MJ', 'Carver TJ', 'McCarty EC']",McCarty EC,Knee Osteoarthritis After Anterior Cruciate Ligament Reconstruction With Bone-Patellar Tendon-Bone Versus Hamstring Tendon Autograft: A Systematic Review of Randomized Controlled Trials.,34,4,1358-1365,['English'],8506498,0749-8063,1526-3231,"['Journal Article', 'Systematic Review']",PubMed - indexed for MEDLINE,ppublish+epublish,"['29366740', '10.1016/j.arthro.2017.11.032', 'S0749-8063(17)31477-9']",10.1016/j.arthro.2017.11.032,"['2017/08/04 00:00', '2017/11/25 00:00', '2017/11/27 00:00', '2018/01/26 06:00', '2019/09/05 06:00', '2018/01/26 06:00']",[],1,0,Arthroscopy : the journal of arthroscopic & related surgery : official publication of the Arthroscopy Association of North America and the International Arthroscopy Association,doi: 10.1016/j.arthro.2017.11.032,2018 Apr;34(4):1358-1365,"PURPOSE: The primary purpose of this study was to systematically review high-quality studies in the literature to compare the postoperative radiographic incidence of knee osteoarthritis (OA) after anterior cruciate ligament reconstruction (ACLR) with bone-patellar tendon-bone (BPTB) versus hamstring tendon (HT) autograft. The secondary purpose of this study was to compare other symptoms of postoperative knee OA between these 2 groups through patient-reported outcome scores and knee range of motion. METHODS: A systematic review was performed by searching PubMed, Embase, and Cochrane Library to locate randomized controlled trials that compared postoperative progression of knee OA in patients who had undergone ACLR with BPTB versus HT autograft. Search terms used were ""anterior cruciate ligament reconstruction,"" ""patellar tendon,"" ""hamstring,"" ""randomized,"" and ""osteoarthritis."" Patients were assessed based on radiographic evaluation (Kellgren-Lawrence, Ahlback, Fairbank, and the Objective International Knee Documentation Committee scales), patient-reported outcome scores (Knee Injury and Osteoarthritis Outcome Score and visual analog scale scores), graft failure, and active knee flexion and extension deficit. RESULTS: Eight studies (6 Level I, 2 Level II) were identified that met inclusion criteria, including a total of 237 and 268 nonoverlapping patients who had undergone ACLR with BPTB and HT autograft, respectively, with a mean follow-up of 11.5 years (range, 3-16 years). Graft failure was experienced by 7.0% of patients in each group (P = .99). A Kellgren-Lawrence grade >/=2 was found in 52.0% and 51.0% of BPTB and HT autograft patients, respectively (P = .85). An Ahlback and Fairbank grade >/=2 was found in 5.0% and 8.4% of BPTB and HT autograft patients, respectively (P = .36). There were no significant differences in any patient-reported outcomes between groups within any study. CONCLUSIONS: Patients undergoing ACLR with BPTB autograft or HT autograft can be expected to experience a similar incidence of postoperative knee OA at long-term follow-up. LEVEL OF EVIDENCE: Level II, systematic review of Level I and II studies.",2018
118,28660230,2017 Jun,2017 Jun 14,Orthop J Sports Med,"['Poehling-Monaghan KL', 'Salem H', 'Ross KE', 'Secrist E', 'Ciccotti MC', 'Tjoumakaris F', 'Ciccotti MG', 'Freedman KB']",Freedman KB,Long-Term Outcomes in Anterior Cruciate Ligament Reconstruction: A Systematic Review of Patellar Tendon Versus Hamstring Autografts.,5,6,2325967117709735,['English'],101620522,2325-9671,2325-9671,"['Journal Article', 'Review']",PubMed,,"['28660230', 'PMC5476329', 'pmc-id: PMC5476329;', '10.1177/2325967117709735', '10.1177_2325967117709735']",10.1177/2325967117709735,"['2017/06/30 06:00', '2017/07/01 06:00', '2017/07/01 06:01', '2017/06/14 00:00']",[],1,24,Orthopaedic journal of sports medicine,doi: 10.1177/2325967117709735,2017 Jun;5(6):2325967117709735,"BACKGROUND: Much controversy still exists surrounding graft choice in anterior cruciate ligament (ACL) reconstruction. Over the past decade, an increase in comparative studies with longer follow-up has enhanced our understanding of current graft options and outcomes. PURPOSE: To describe the long-term comparative outcomes of ACL reconstruction with autograft bone-patellar tendon-bone (BPTB) versus autograft hamstring (HS) ACL reconstruction with regard to clinical and radiographic outcomes. STUDY DESIGN: Systematic review; Level of evidence, 2. METHODS: A search of the PubMed, MEDLINE, Cochrane, and Scopus databases was performed to identify studies in the English language with outcome data comparing ACL reconstruction utilizing autograft BPTB and autograft HS; only studies with a minimum 5-year follow-up were included. Outcome data included failure and complications, manual and instrumented laxity, patient-reported outcomes, and radiographic risk of osteoarthritis. RESULTS: Twelve studies with a total of 953 patients met the inclusion criteria. Of these studies, 8 were level 1 evidence and 2 were level 2. Mean follow-up was 8.96 years (range, 5-15.3 years). No differences in graft failure or manual or instrumented laxity were seen in any studies. Lower clinical outcomes scores and greater motion loss were seen in BPTB patients in 1 and 2 studies, respectively. Two of 4 studies reporting on anterior knee pain, and 3 of 7 that recorded kneeling pain found it more frequently among BPTB patients. One study found significantly increased reoperation rates in HS patients, while another found a similar result in BPTB, and 1 study reported a significant increase in contralateral ACL tears in BPTB patients. Three of 5 studies reporting on radiographic evidence of osteoarthritis noted significantly increased rates in BPTB patients. CONCLUSION: This systematic review comparing long-term outcomes after ACL reconstruction with either autograft BPTB or autograft HS suggests no significant differences in manual/instrumented laxity and graft failures between graft types. An increase in long-term anterior knee pain, kneeling pain, and higher rates of osteoarthritis were noted with BPTB graft use.",2017
119,28654440,2018 May,,Clin J Sport Med,"['Riaz O', 'Aqil A', 'Mannan A', 'Hossain F', 'Ali M', 'Chakrabarty G', 'Radcliffe G']",Radcliffe G,Quadriceps Tendon-Bone or Patellar Tendon-Bone Autografts When Reconstructing the Anterior Cruciate Ligament: A Meta-analysis.,28,3,316-324,['English'],9103300,1050-642X,1536-3724,"['Comparative Study', 'Journal Article', 'Meta-Analysis']",PubMed - indexed for MEDLINE,ppublish,"['28654440', '10.1097/JSM.0000000000000451']",10.1097/JSM.0000000000000451,"['2017/06/28 06:00', '2018/12/14 06:00', '2017/06/28 06:00']",[],1,0,Clinical journal of sport medicine : official journal of the Canadian Academy of Sport Medicine,doi: 10.1097/JSM.0000000000000451,2018 May;28(3):316-324,"OBJECTIVE: We aimed to quantitatively assess the outcomes of studies, comparing the use of Bone-patellar tendon-bone (BPTB) and the quadriceps tendon-bone (QTB) autografts when reconstructing the anterior cruciate ligament (ACL). DATA SOURCES: MEDLINE, Embase, and CINAHL databases were searched for relevant articles published between January 1980 and January 2015 for the purpose of identifying studies comparing BPTB and QTB autografts for ACL reconstruction. Included studies were assessed regarding their methodological quality before analysis. Outcomes analyzed were graft failure rates, objective and subjective stability assessments, as well as the presence and severity of donor site morbidity. MAIN RESULTS: Five studies contributed to the quantitative analysis of 806 patients with 452 patients included in the BPTB group and 354 patients in the QTB group. Graft failure rates were similar between the 2 groups [odds ratio (OR) = 0.61; confidence interval (CI) = 0.17-2.15; Z = 0.78, P = 0.44]. There were no significant differences between the 2 groups when testing anteroposterior stability using an arthrometer (standardized mean difference = 0.07; CI = -0.12-0.25; Z = 0.70, P = 0.48). At 1 year postoperatively, there was no difference in the percentage of patients with a positive pivot shift test between the 2 groups (OR = 1.0; CI = 0.85-1.18; Z = 0.01, P = 0.99). However, significantly less patients had graft site pain 1 year after surgery in the QTB group (OR = 0.10; CI = 0.02-0.43; Z = 3.12, P = 0.002). Similarly, fewer patients reported moderate to severe pain while kneeling, in the QTB group (OR = 0.16; CI = 0.07-0.37; Z = 4.26, P < 0.001). CONCLUSIONS: This study demonstrates comparable survival rates and joint stability when BPTB and QTB grafts are used. However, fewer adverse donor site symptoms are evident with QTB grafts. LEVEL OF EVIDENCE: III.",2018
120,28636429,2018 Jun,2017 Jun 21,Am J Sports Med,"['Belk JW', 'Kraeutler MJ', 'Purcell JM', 'McCarty EC']",McCarty EC,Autograft Versus Allograft for Posterior Cruciate Ligament Reconstruction: An Updated Systematic Review and Meta-analysis.,46,7,1752-1757,['English'],7609541,0363-5465,1552-3365,"['Journal Article', 'Meta-Analysis', 'Systematic Review']",PubMed - indexed for MEDLINE,ppublish+epublish,"['28636429', '10.1177/0363546517713164']",10.1177/0363546517713164,"['2017/06/22 06:00', '2019/09/24 06:00', '2017/06/22 06:00']",[],1,0,The American journal of sports medicine,doi: 10.1177/0363546517713164,2018 Jun;46(7):1752-1757,"BACKGROUND: Multiple studies have demonstrated a higher risk of graft failure after anterior cruciate ligament reconstruction with allograft, but limited data are available comparing outcomes of posterior cruciate ligament reconstruction (PCLR) with autograft versus allograft. PURPOSE: To compare the clinical outcomes of autograft versus allograft for primary PCLR. STUDY DESIGN: Systematic review. METHODS: A systematic review was performed by searching PubMed, the Cochrane Library, and EMBASE to locate studies (level of evidence I-III) comparing clinical outcomes of autograft versus allograft in patients undergoing primary PCLR with the conventional transtibial technique. Search terms used were ""posterior cruciate ligament,"" ""autograft,"" and ""allograft."" Patients were evaluated based on graft failure rate, examination of knee laxity, and patient-reported outcome scores (Lysholm, Tegner, subjective International Knee Documentation Committee [IKDC], and objective IKDC scores). RESULTS: Five studies (2 level II, 3 level III) were identified that met inclusion criteria, including a total of 132 patients undergoing PCLR with autograft (semitendinosus-gracilis or bone-patellar tendon-bone) and 110 patients with allograft (tibialis anterior, Achilles tendon, or bone-patellar tendon-bone). No patients experienced graft failure. Average anteroposterior (AP) knee laxity was significantly higher in allograft patients (3.8 mm) compared with autograft patients (3.1 mm) ( P < .01). Subjective IKDC, Lysholm, and Tegner scores improved for both groups across studies, without a significant difference in improvement between groups except in one study, in which Lysholm scores improved to a significantly greater extent in the autograft group ( P < .01). CONCLUSION: Patients undergoing primary PCLR with either autograft or allograft can be expected to experience improvement in clinical outcomes. Autograft patients experienced less AP knee laxity postoperatively, although the clinical significance of this is unclear and subjective outcomes improved substantially and to a similar degree in both groups.",2018
121,28566389,2017 Jun,,Bone Joint J,"['Grassi A', 'Nitri M', 'Moulton SG', 'Marcheggiani Muccioli GM', 'Bondi A', 'Romagnoli M', 'Zaffagnini S']",Zaffagnini S,Does the type of graft affect the outcome of revision anterior cruciate ligament reconstruction? a meta-analysis of 32 studies.,99-B,6,714-723,['English'],101599229,2049-4394,2049-4408,"['Journal Article', 'Meta-Analysis', 'Review']",PubMed - indexed for MEDLINE,ppublish,"['28566389', '10.1302/0301-620X.99B6.BJJ-2016-0929.R2', '99-B/6/714']",10.1302/0301-620X.99B6.BJJ-2016-0929.R2,"['2016/09/19 00:00', '2017/02/16 00:00', '2017/06/02 06:00', '2017/06/02 06:00', '2017/08/22 06:00']",[],1,0,The bone & joint journal,doi: 10.1302/0301-620X.99B6.BJJ-2016-0929.R2,2017 Jun;99-B(6):714-723,"AIMS: Our aim was to perform a meta-analysis of the outcomes of revision anterior cruciate ligament (ACL) reconstruction, comparing the use of different types of graft. MATERIALS AND METHODS: A search was performed of Medline and Pubmed using the terms ""Anterior Cruciate Ligament"" and ""ACL"" combined with ""revision"", ""re-operation"" and ""failure"". Only studies that reported the outcome at a minimum follow-up of two years were included. Two authors reviewed the papers, and outcomes were subdivided into autograft and allograft. Autograft was subdivided into hamstring (HS) and bone-patellar tendon-bone (BPTB). Subjective and objective outcome measures were analysed and odds ratios with confidence intervals were calculated. RESULTS: A total of 32 studies met the inclusion criteria. Five studies used HS autografts, eight reported using BPTB autografts, two used quadriceps tendon autografts and eight used various types. Seven studies reported using allografts, while the two remaining used both BPTB autografts and allografts. Overall, 1192 patients with a mean age of 28.7 years (22.5 to 39) and a mean follow-up of 5.4 years (2.0 to 9.6) were treated with autografts, while 269 patients with a mean age of 28.4 years (25 to 34.6) and a mean follow-up of 4.0 years (2.3 to 6.0) were treated with allografts. Regarding allografts, irradiation with 2.5 mrad was used in two studies while the graft was not irradiated in the seven remaining studies. Reconstructions following the use of autografts had better outcomes than those using allograft with respect to laxity, measured by KT-1000/2000 (MEDmetric Corporation) and the rates of complications and re-operations. Those following the use of allografts had better mean Lysholm and Tegner activity scores compared with autografts. If irradiated allografts were excluded from the analysis, outcomes no longer differed between the use of autografts and allografts. Comparing the types of autograft, all outcomes were similar except for HS grafts which had better International Knee Documentation Committee scores compared with BPTB grafts. CONCLUSION: Autografts had better outcomes than allografts in revision ACL reconstruction, with lower post-operative laxity and rates of complications and re-operations. However, after excluding irradiated allografts, outcomes were similar between autografts and allografts. Overall, the choice of graft at revision ACL reconstruction should be on an individual basis considering, for instance, the preferred technique of the surgeon, whether a combined reconstruction is required, the type of graft that was previously used, whether the tunnels are enlarged and the availability of allograft. Cite this article: Bone Joint J 2017;99-B:714-23.",2017
122,28458784,2017 Feb 20,2017 Mar 29,Orthop Rev (Pavia),"['Pujji O', 'Keswani N', 'Collier N', 'Black M', 'Doos L']",Doos L,Evaluating the Functional Results and Complications of Autograft vs Allograft Use for Reconstruction of the Anterior Cruciate Ligament: A Systematic Review.,9,1,6833,['English'],101524779,2035-8237,2035-8164,"['Journal Article', 'Review']",PubMed,,"['28458784', 'PMC5391514', 'pmc-id: PMC5391514;', '10.4081/or.2017.6833']",10.4081/or.2017.6833,"['2016/08/11 00:00', '2017/01/28 00:00', '2017/01/29 00:00', '2017/05/02 06:00', '2017/05/02 06:00', '2017/05/02 06:01', '2017/03/29 00:00']",[],1,22,Orthopedic reviews,doi: 10.4081/or.2017.6833,2017 Feb 20;9(1):6833,"The aim of our review is to identify the reconstruction technique that has a superior functional outcome and decreased number of complications for the anterior cruciate ligament (ACL). We have divided our review into 2 sections. Our primary question evaluates the functional results and complications of autografts compared to allografts for ACL reconstruction. Our subsidiary question evaluates the functional results and complications of bone-patellar tendon-bone (BPTB) autografts compared to hamstring tendon autografts. We conducted a systematic review (SR) based on high quality evidence provided by Cochrane, PubMed and National Health Service evidence searches for papers comparing different ACL reconstruction techniques. Results from 2 primary studies, 1 SR and 1 meta-analysis showed no significant statistical difference when comparing clinical outcomes such as pain, range of motion, laxity, International Knee Documentation Committee score, single assessment numerical evaluation score, Tegner activity score and patient reported satisfaction with regards to autografts vs allografts. Allografts had worse outcomes for postoperative tibial tunnelling and graft failure. Results of 3 SRs showed statistically significant differences in incidence of anterior knee pain, kneeling pain and knee stability, which were all found to be greater amongst those who had received a BPTB autograft. Knee extension was significantly reduced in patients with BPTB grafts when compared to patients with Hamstring tendon autografts. However, with regards to return to prior levels of activity, there was no statistically significant difference between those that received BPTB autografts and those that received Hamstring tendon autografts. Autograft reconstruction of the ACL was shown to provide better postoperative outcomes when compared to allograft reconstruction, although the difference was not statistically significant. When researching different autograft options BPTB autografts were associated with greater pain but also greater stability of the knee joint postoperatively when compared to hamstring tendon autografts.",2017
123,28456816,2018 Apr,2017 Apr 29,Knee Surg Sports Traumatol Arthrosc,"['Cucchi D', 'Aliprandi A', 'Nocerino E', 'Randelli P']",Randelli P,Early combined arthroscopic treatment for simultaneous ruptures of the patellar tendon and the anterior cruciate ligament leads to good radiological results and patient satisfaction.,26,4,1164-1173,['English'],9314730,0942-2056,1433-7347,"['Case Reports', 'Journal Article', 'Systematic Review']",PubMed - indexed for MEDLINE,ppublish+epublish,"['28456816', '10.1007/s00167-017-4562-2', '10.1007/s00167-017-4562-2']",10.1007/s00167-017-4562-2,"['2016/12/08 00:00', '2017/04/26 00:00', '2017/05/01 06:00', '2018/08/23 06:00', '2017/05/01 06:00']",[],1,0,"Knee surgery, sports traumatology, arthroscopy : official journal of the ESSKA",doi: 10.1007/s00167-017-4562-2,2018 Apr;26(4):1164-1173,"PURPOSE: Simultaneous rupture of the patellar tendon (PT) and the anterior cruciate ligament (ACL) is a relatively rare injury. This study offers a comprehensive review of the published reports and presents two cases of simultaneous PT and ACL rupture. METHODS: A systematic review of English literature was performed, and data from two patients who were referred to our institution with simultaneous PT and ACL rupture were collected. Both patients underwent primary arthroscopic ACL reconstruction combined with PT reconstruction and, 1 year after surgery, magnetic resonance imaging (MRI), clinical examination, strength measurement and functional assessment. RESULTS: Fourteen studies (24 patients) were included in the review. A two-stage approach was used in eight cases (33.3%), and in nine the use of arthroscopy was documented (37.5%). Post-operative scores were documented for nine patients (average IKDC 91.2; Lysholm 94.6), and radiological results were provided for seven. In the two newly reported cases, satisfactory functional results were obtained and MRI at 1-year follow-up revealed regular PT and ACL signal. CONCLUSIONS: No consensus has been established for neither a diagnostic nor a therapeutic algorithm for simultaneous PT and ACL ruptures. Early combined arthroscopic treatment leads to good radiological results, accelerated recovery and patient satisfaction; further studies are required to confirm the role of arthroscopy and assess the superiority of a specific technique. LEVEL OF EVIDENCE: Review of level IV and V studies and case series, Level IV.",2018
124,28444581,2017 Oct,2017 Apr 25,Clin Orthop Relat Res,['Gill TJ'],Gill TJ,"CORR Insights(®): Hamstring Autograft versus Patellar Tendon Autograft for ACL Reconstruction: Is There a Difference in Graft Failure Rate? A Meta-analysis of 47,613 Patients.",475,10,2469-2471,['English'],0075674,0009-921X,1528-1132,"['Journal Article', 'Comment']",PubMed - indexed for MEDLINE,ppublish+epublish,"['28444581', 'PMC5599388', 'pmc-id: PMC5599388;', '10.1007/s11999-017-5345-2', '10.1007/s11999-017-5345-2']",10.1007/s11999-017-5345-2,"['2017/03/08 00:00', '2017/04/03 00:00', '2017/04/27 06:00', '2018/07/31 06:00', '2017/04/27 06:00', '2018/10/01 00:00']",['Clin Orthop Relat Res. 2017 Oct;475(10):2459-2468. doi: 10.1007/s11999-017-5278-9. PMID: 28205075'],0,3,Clinical orthopaedics and related research,doi: 10.1007/s11999-017-5345-2,2017 Oct;475(10):2469-2471,,2017
125,28205075,2017 Oct,,Clin Orthop Relat Res,"['Samuelsen BT', 'Webster KE', 'Johnson NR', 'Hewett TE', 'Krych AJ']",Krych AJ,"Hamstring Autograft versus Patellar Tendon Autograft for ACL Reconstruction: Is There a Difference in Graft Failure Rate? A Meta-analysis of 47,613 Patients.",475,10,2459-2468,['English'],0075674,0009-921X,1528-1132,"['Journal Article', 'Meta-Analysis']",PubMed - indexed for MEDLINE,ppublish,"['28205075', 'PMC5599382', 'pmc-id: PMC5599382;', '10.1007/s11999-017-5278-9', '10.1007/s11999-017-5278-9']",10.1007/s11999-017-5278-9,"['2017/02/17 06:00', '2017/12/05 06:00', '2017/02/17 06:00', '2018/10/01 00:00']",['Clin Orthop Relat Res. 2017 Oct;475(10):2469-2471. doi: 10.1007/s11999-017-5345-2. PMID: 28444581'],1,48,Clinical orthopaedics and related research,doi: 10.1007/s11999-017-5278-9,2017 Oct;475(10):2459-2468,"BACKGROUND: Bone-patellar tendon-bone (bone-tendon-bone) and four-strand hamstring tendon grafts (hamstring) are the most commonly utilized autografts for primary anterior cruciate ligament (ACL) reconstruction. Existing clinical trials, registry studies, and meta-analyses offer conflicting opinions regarding the most favorable graft choice. QUESTIONS/PURPOSES: Which graft type for ACL reconstruction (bone-tendon-bone or hamstring) has a higher risk of (1) graft rupture and/or (2) graft laxity? METHODS: We performed a meta-analysis of randomized controlled trials (RCTs), prospective cohort studies, and high-quality national registry studies to compare the outcomes of primary ACL reconstruction with bone-tendon-bone autograft or hamstring autograft. Studies that compared these graft types were identified through a comprehensive search of electronic databases (PubMed, MEDLINE, EMBASE, and the Cochrane Library). Two independent reviewers utilized the Jadad scale for RCT study quality and the Modified Coleman Methodology Score for prospective comparative and registry study quality. The included studies were analyzed for the primary outcome measure of graft rupture with or without revision ACL surgery. In surviving grafts, secondary outcomes of graft laxity were quantified by KT1000/2000 testing, a positive pivot shift test, and a positive Lachman test. Meta-analysis was performed with Review Manager. A total of 47,613 ACL reconstructions (39,768 bone-tendon-bone and 7845 hamstring) from 14 RCTs, 10 prospective comparative studies, and one high-quality national registry study were included in this meta-analysis. Mean age was 28 years in both groups. Sixty-three percent of patients in the bone-tendon-bone cohort were men versus 57% of patients in the hamstring cohort. Mean followup was 68 +/- 55 months. RESULTS: Two hundred twelve of 7560 (2.80%) bone-tendon-bone grafts ruptured compared with 1123 of 39,510 (2.84%) in the hamstring group (odds ratio = 0.83, 95% confidence interval, 0.72-0.96; p = 0.01). The number needed to treat analysis found that 235 patients would need to be treated with a bone-tendon-bone graft over a hamstring tendon graft to prevent one graft rupture. Instrumented laxity analysis showed that 22% (318 of 1433) of patients in the bone-tendon-bone group had laxity compared with 18% (869 of 4783) in the hamstring tendon group (odds ratio = 0.86; p = 0.16). Pivot shift analysis showed a positive pivot shift in 19% (291 of 1508) of the bone-tendon-bone group compared with 17% (844 of 5062) in the hamstring group (odds ratio = 0.89; p = 0.51). Lachman testing showed a positive Lachman in 25% (71 of 280) of patients receiving bone-tendon-bone grafts compared with 25% (73 of 288) in the hamstring group (odds ratio = 0.96; p = 0.84). CONCLUSIONS: In this meta-analysis of short- to mid-term followup after primary ACL reconstruction, hamstring autografts failed at a higher rate than bone-tendon-bone autografts. However, failure rates were low in each group, the difference observed was small, and we observed few differences between graft types in terms of laxity. Both graft types remain viable options for primary ACL reconstruction, and the difference in failure rate should be one part of a larger conversation with each individual patient about graft selection that should also include potential differences in donor site morbidity, complication rates, and patient-reported outcome measures. Continued prospective collection of patient data will be important going forward as we attempt to further characterize the potential differences in outcomes attributable to graft selection. LEVEL OF EVIDENCE: Level III, therapeutic study.",2017
126,28178094,2019 Feb,,J Pediatr Orthop,"['Sachleben BC', 'Nasreddine AY', 'Nepple JJ', 'Tepolt FA', 'Kasser JR', 'Kocher MS']",Kocher MS,Reconstruction of Symptomatic Congenital Anterior Cruciate Ligament Insufficiency.,39,2,59-64,['English'],8109053,0271-6798,1539-2570,['Journal Article'],PubMed - indexed for MEDLINE,ppublish,"['28178094', '10.1097/BPO.0000000000000940']",10.1097/BPO.0000000000000940,"['2017/02/09 06:00', '2019/02/26 06:00', '2017/02/09 06:00']",[],1,0,Journal of pediatric orthopedics,doi: 10.1097/BPO.0000000000000940,2019 Feb;39(2):59-64,"BACKGROUND: Hypoplasia or congenital absence of the anterior cruciate ligament (ACL) is a rare disorder occurring in  approximately 1 in every 6000 births. Although some patients with hypoplasia or agenesis of the ACL may not complain of instability, others desire to participate in more demanding activities that require the stability of a competent ACL. There are limited reports of surgical treatment of this patient population. The purpose of this study was to report ACL reconstruction in a case series of patients with symptomatic congenital ACL deficiency. METHODS: A retrospective medical record review of the surgical treatment of 14 knees (13 patients) with congenital absence of the ACL at a tertiary care institution from 1995 to 2012 was performed. Patients with a minimum of 1 year of clinical follow-up were eligible for inclusion. RESULTS: The mean age at time of surgery was 12.6 (range, 3 to 22), including 6 patients <12 years of age. Mean follow-up was 2.9 years (range, 1 to 6.6). Nine of 13 patients (69%) had underlying congenital abnormalities/associated syndromes. Preoperative Lachman and pivot shift examination was International Knee Documentation Committee grade C or D in all but 1 knee. ACL reconstruction was performed with combined intra-articular/extra-articular physeal sparing reconstruction with iliotibial band (n=5), autograft hamstring (n=2) or bone-patellar tendon-bone (n=3), or allograft (n=4). Multiligament reconstruction of associated ligamentous deficiency was performed in 7 knees (50%). Postoperative Lachman and pivot shift testing was International Knee Documentation Committee (IKDC) grade A or B in all but 1 knee. One patient with congenital absence of multiple knee ligaments required revision ACL reconstruction surgery, with concurrent first-time posterior cruciate ligament reconstruction, due to persistent instability. None required revision surgery due to graft tear at a minimum of 1-year follow-up. CONCLUSIONS: Surgical stabilization of symptomatic congenital ACL insufficiency, with associated ligamentous reconstruction as required on a case-by-case basis, results in improved stability at early clinical follow-up, with low complication rates. LEVEL OF EVIDENCE: Level IV-retrospective case series.",2019
127,28040335,2017 Feb,2016 Dec 28,Arthroscopy,"['Chee MY', 'Chen Y', 'Pearce CJ', 'Murphy DP', 'Krishna L', 'Hui JH', 'Wang WE', 'Tai BC', 'Salunke AA', 'Chen X', 'Chua ZK', 'Satkunanantham K']",Satkunanantham K,Outcome of Patellar Tendon Versus 4-Strand Hamstring Tendon Autografts for Anterior Cruciate Ligament Reconstruction: A Systematic Review and Meta-analysis of Prospective Randomized Trials.,33,2,450-463,['English'],8506498,0749-8063,1526-3231,"['Journal Article', 'Meta-Analysis', 'Systematic Review']",PubMed - indexed for MEDLINE,ppublish+epublish,"['28040335', '10.1016/j.arthro.2016.09.020', 'S0749-8063(16)30775-7']",10.1016/j.arthro.2016.09.020,"['2016/02/11 00:00', '2016/09/13 00:00', '2016/09/22 00:00', '2017/01/04 06:00', '2017/10/20 06:00', '2017/01/02 06:00']",[],1,0,Arthroscopy : the journal of arthroscopic & related surgery : official publication of the Arthroscopy Association of North America and the International Arthroscopy Association,doi: 10.1016/j.arthro.2016.09.020,2017 Feb;33(2):450-463,"PURPOSE: To compare clinical outcomes of anterior cruciate ligament (ACL) reconstruction and investigate whether the clinical results of 4-strand hamstring tendon (HT) reconstruction are still inferior to that of the patellar tendon (PT). METHODS: We performed a comprehensive systematic review and meta-analysis of the English literature on PubMed, Scopus, Web of Science, and the Cochrane register for papers that compared clinical outcomes of PT versus HT for ACL reconstruction. Outcome measures analyzed included rate of rerupture, KT-1000, International Knee Documentation Committee grade, Lachman, pivot shift, Lysholm score, Tegner Activity Scale, anterior knee pain, and discomfort on kneeling. RESULTS: We included 19 studies from an initial 1,168 abstracts for the systematic review, and, eventually, 19 studies were included in the meta-analysis. The study population consisted of a total of 1784 patients. The average follow-up duration was 58.8 months. We found significant differences in favor of the HT technique in the domains of anterior knee pain, kneeling pain, and restriction in the range of active extension (""extension deficit""). We found no differences between the PT and HT technique in terms of rerupture rate. There were no clinically significant differences for the outcomes of Lysholm score and Tegner Activity Scale as well as the KT-1000 side-to-side at maximum manual force. CONCLUSIONS: Contemporary 4-strand HT ACL reconstruction is comparable with the PT technique in terms of clinical stability and postoperative functional status across most parameters studied. The HT technique carries lower risk of postoperative complications such as anterior knee pain, kneeling discomfort, and extension deficit. Primary ACL reconstruction using the 4-strand HT technique achieves clinical results that are comparable with the PT technique with significantly less postoperative complications. LEVEL OF EVIDENCE: Level I, systemic review and meta-analysis of Level I studies.",2017
128,27544274,2017 Feb,2016 Aug 20,Knee Surg Sports Traumatol Arthrosc,"['Kurz A', 'Evaniew N', 'Yeung M', 'Samuelsson K', 'Peterson D', 'Ayeni OR']",Ayeni OR,Credibility and quality of meta-analyses addressing graft choice in anterior cruciate ligament reconstruction: a systematic review.,25,2,538-551,['English'],9314730,0942-2056,1433-7347,"['Journal Article', 'Systematic Review']",PubMed - indexed for MEDLINE,ppublish+epublish,"['27544274', '10.1007/s00167-016-4282-z', '10.1007/s00167-016-4282-z']",10.1007/s00167-016-4282-z,"['2016/06/03 00:00', '2016/08/03 00:00', '2016/08/22 06:00', '2017/06/10 06:00', '2016/08/22 06:00']",[],1,0,"Knee surgery, sports traumatology, arthroscopy : official journal of the ESSKA",doi: 10.1007/s00167-016-4282-z,2017 Feb;25(2):538-551,"PURPOSE: This systematic review examined the methodological credibility and quality of reporting of all meta-analyses which have compared bone-patellar tendon-bone (BPTB) versus hamstring tendon (HT) for anterior cruciate ligament (ACL) reconstruction (ACLR). METHODS: EMBASE, MEDLINE, and The Cochrane Library were systematically searched, and two reviewers independently assessed eligibility, credibility according to the Users' Guide to medical literature, and completeness of reporting according to the preferred reporting items for systematic review and meta-analyses (PRISMA) checklist. Inter-rater agreement was quantified using Kappa, and we used Pearson's correlation coefficient to evaluate potential associations. RESULTS: Seventeen meta-analyses were identified comparing BPTB versus HT for ACLR. The majority of meta-analyses were published in 2011 (5; 29 %), and North America was the most common continent of publication (6; 35 %). The three most commonly reported outcomes were stability (82 %), complications (76 %), and function (return to sport, IKDC score) (71 %). The median number of satisfactorily reported items in the Users' Guide was three out of seven (IQR 2-4). The median number of satisfactorily reported items in PRISMA for the meta-analyses was 20 out of 27 (IQR 19-22). CONCLUSION: The credibility of the meta-analyses comparing BPTB versus HT autograft for ACLR although limited is improving with time. Earlier studies had limited methodological rigour; however, the more recent studies have shown promise in improved methodology. The study findings suggest that decisions should be made on a case-to-case basis with coordination of patient factors and preferences as well as surgeon experience on the background of the best available evidence. LEVEL OF EVIDENCE: IV.",2017
129,27450741,2016 Jul 24,2016 Jul 24,Cochrane Database Syst Rev,"['Debieux P', 'Franciozi CE', 'Lenza M', 'Tamaoki MJ', 'Magnussen RA', 'Faloppa F', 'Belloti JC']",Belloti JC,Bioabsorbable versus metallic interference screws for graft fixation in anterior cruciate ligament reconstruction.,7,7,CD009772,['English'],100909747,1361-6137,1469-493X,"['Journal Article', 'Meta-Analysis', ""Research Support, Non-U.S. Gov't"", 'Systematic Review']",PubMed - indexed for MEDLINE,epublish,"['27450741', 'PMC6458013', 'pmc-id: PMC6458013;', '10.1002/14651858.CD009772.pub2']",10.1002/14651858.CD009772.pub2,"['2016/07/25 06:00', '2016/07/28 06:00', '2016/09/23 06:00', '2017/07/24 00:00']",['doi: 10.1002/14651858.CD009772'],1,90,The Cochrane database of systematic reviews,doi: 10.1002/14651858.CD009772.pub2,2016 Jul 24;7(7):CD009772,"BACKGROUND: Anterior cruciate ligament (ACL) tears are frequently treated with surgical reconstruction with grafts, frequently patella tendon or hamstrings. Interference screws are often used to secure the graft in bone tunnels in the femur and tibia. This review examines whether bioabsorbable interference screws give better results than metal interference screws when used for graft fixation in ACL reconstruction. OBJECTIVES: To assess the effects (benefits and harms) of bioabsorbable versus metallic interference screws for graft fixation in ACL reconstruction. SEARCH METHODS: We searched the Cochrane Bone, Joint and Muscle Trauma Group Specialised Register, CENTRAL (the Cochrane Library), MEDLINE, Embase, LILACS, trial registers and reference lists of articles. Date of search: January 2016. SELECTION CRITERIA: We included randomised controlled trials and quasi-randomised trials comparing bioabsorbable with metallic interferences screws in ACL reconstruction. The main outcomes sought were subjective-rated knee function, failure of treatment, and activity level. DATA COLLECTION AND ANALYSIS: At least two review authors selected eligible trials, independently assessed risk of bias, and cross-checked data. Data were pooled whenever relevant and possible. Requests for further information were sent to the original study authors. MAIN RESULTS: We included 12 trials (11 randomised and one quasi-randomised) involving a total of 944 participants, and reporting follow-up results for 774. Participants in the 12 trials underwent ACL reconstruction with either hamstring tendon grafts (five trials) or patellar tendon grafts (seven trials). Trials participants were randomly allocated to bioabsorbable or metallic interference screws for graft fixation in both femur and tibia (seven trials); femur only (three trials); tibia only (one trial); location was not reported in the remaining trial. A variety of materials was used for the bioabsorbable screws, Poly-L-lactic acid (PLLA) being the most common. The metallic screws, where reported, were titanium.All trials were at high risk of bias, which invariably included performance bias. Seven trials were at high risk of attrition bias and eight at high risk of reporting bias. The quasi-randomised trial was assessed as being at high risk for selection bias. Based on these study limitations and insufficiency of the available data, we judged the quality of evidence for all outcomes was very low.The majority of the available data for patient-reported knee function was presented as Lysholm scores (0 to 100; higher scores = better function). There was very low quality but consistent evidence of no clinically important differences between the two groups in Lysholm scores at 12 months follow-up (mean difference (MD) -0.08, 95% confidence interval (CI) -1.48 to 1.32; three trials, 168 participants); 24 months (MD 0.35, 95% CI -1.27 to 1.98; three trials, 113 participants) or five or more years follow-up (MD 1.23, 95% CI -2.00 to 4.47; two trials, 71 participants). This lack of between-group differences was also reported for Lysholm scores in several trials that did not provide sufficient data for pooling as well as for other self-reported knee function scores reported in several trials.Treatment failure was represented by the summed data for implant breakage during surgery and major postoperative complications (implant failure, graft rupture, symptomatic foreign body reactions, effusion and treated arthrofibrosis and related conditions) that were usually described in the trial reports as requiring further substantive treatment. There is very low-quality evidence of greater treatment failure in the bioabsorbable screw group (60/451 versus 29/434; risk ratio (RR) 1.94 favouring metallic screw fixation, 95% CI 1.29 to 2.93; 885 participants, 11 studies). In a population with an assumed risk (based on the median control group risk) of 56 participants per 1000 having treatment failure after metallic screw fixation, this equates to 53 more (95% CI 17 to 108 more) per 1000 participants having treatment failure after bioabsorbable screw fixation. All 16 intraoperative complications in the bioabsorbable screw group were implant breakages upon screw insertion. Treatment failure defined as postoperative complications only still favoured the metallic screw group but the 95% CI also included the potential for a greater risk of treatment failure after metallic screw fixation: 44/451 versus 29/434; RR 1.44, 95% CI 0.93 to 2.23. Based on the assumed risk of 56 participants per 1000 having postoperative treatment failure after metallic screw fixation, this equates to 25 more (95% CI 4 fewer and 69 more) per 1000 participants having this outcome after bioabsorbable screw fixation.There was very low-quality evidence of very similar activity levels in the two groups at 12 and 24 months follow-up measured via the Tegner score (0 to 10; higher scores = greater activity): 12 months (MD 0.08, 95% CI -0.39 to 0.55; 122 participants, two studies); 24 months (MD 0.01, 95% CI -0.54 to 0.57; 72 participants, two studies). AUTHORS' CONCLUSIONS: There is very low-quality evidence of no difference in self-reported knee function and levels of activity between bioabsorbable and metallic interference screws for graft fixation in ACL reconstruction. There is very low-quality evidence that bioabsorbable screws may be associated with more overall treatment failures, including implant breakage during surgery. Further research does not appear to be a priority, but if undertaken, should also examine costs.",2016
130,26427630,2016 Feb,2015 Sep 28,Arthroscopy,"['Joyce CD', 'Randall KL', 'Mariscalco MW', 'Magnussen RA', 'Flanigan DC']",Flanigan DC,Bone-Patellar Tendon-Bone Versus Soft-Tissue Allograft for Anterior Cruciate Ligament Reconstruction: A Systematic Review.,32,2,394-402,['English'],8506498,0749-8063,1526-3231,"['Journal Article', 'Systematic Review']",PubMed - indexed for MEDLINE,ppublish+epublish,"['26427630', '10.1016/j.arthro.2015.08.003', 'S0749-8063(15)00657-X']",10.1016/j.arthro.2015.08.003,"['2014/09/29 00:00', '2015/07/07 00:00', '2015/08/04 00:00', '2015/10/03 06:00', '2015/10/03 06:00', '2016/09/15 06:00']",['Arthroscopy. 2016 Feb;32(2):403. doi: 10.1016/j.arthro.2015.12.004. PMID: 26814402'],1,0,Arthroscopy : the journal of arthroscopic & related surgery : official publication of the Arthroscopy Association of North America and the International Arthroscopy Association,doi: 10.1016/j.arthro.2015.08.003,2016 Feb;32(2):394-402,"PURPOSE: To describe the outcomes of bone-patellar tendon-bone (BPTB) and soft-tissue allografts in anterior cruciate ligament (ACL) reconstruction with respect to graft failure risk, physical examination findings, instrumented laxity, and patient-reported outcomes. METHODS: A search of the PubMed, Scopus, CINAHL (Cumulative Index to Nursing and Allied Health Literature) Complete, Cochrane Collaboration, and SPORTDiscus databases was performed. English-language studies with outcome data on primary ACL reconstruction with nonirradiated BPTB and soft-tissue allografts were identified. Outcome data included failure risk, physical examination findings, instrumented laxity measurements, and patient-reported outcome scores. RESULTS: Seventeen studies met the inclusion criteria. Of these studies, 11 reported on BPTB allografts exclusively, 5 reported on soft-tissue allografts exclusively, and 1 compared both types. The comparative study showed no difference in failure risk, Lachman grade, pivot-shift grade, instrumented laxity, or overall International Knee Documentation Committee score between the 2 allograft types. Data from all studies yielded a failure risk of 10.3% (95% confidence interval [CI], 4.5% to 18.1%) in the soft-tissue group and 15.2% (95% CI, 11.3% to 19.6%) in the BPTB group. The risk of a Lachman grade greater than 5 mm was 6.4% (95% CI, 1.7% to 13.7%) in the soft-tissue group and 8.6% (95% CI, 6.3% to 11.2%) in the BPTB group. The risk of a grade 2 or 3 pivot shift was 1.4% (95% CI, 0.3% to 3.3%) in the soft-tissue group and 4.1% (95% CI, 1.9% to 7.2%) in the BPTB group. CONCLUSIONS: One comparative study showed no difference in results after ACL reconstruction with nonirradiated BPTB and soft-tissue allografts. Inclusion of case series in the analysis showed qualitatively similar outcomes with the 2 graft types.",2016
131,26276092,2015 Dec,2015 Aug 12,Arthroscopy,"['Steadman JR', 'Matheny LM', 'Hurst JM', 'Briggs KK']",Briggs KK,Patient-Centered Outcomes and Revision Rate in Patients Undergoing ACL Reconstruction Using Bone-Patellar Tendon-Bone Autograft Compared With Bone-Patellar Tendon-Bone Allograft: A Matched Case-Control Study.,31,12,2320-6,['English'],8506498,0749-8063,1526-3231,['Journal Article'],PubMed - indexed for MEDLINE,ppublish+epublish,"['26276092', '10.1016/j.arthro.2015.06.009', 'S0749-8063(15)00501-0']",10.1016/j.arthro.2015.06.009,"['2014/11/08 00:00', '2015/05/22 00:00', '2015/06/05 00:00', '2015/08/16 06:00', '2015/08/16 06:00', '2016/07/15 06:00']",[],1,0,Arthroscopy : the journal of arthroscopic & related surgery : official publication of the Arthroscopy Association of North America and the International Arthroscopy Association,doi: 10.1016/j.arthro.2015.06.009,2015 Dec;31(12):2320-6,"PURPOSE: To determine whether outcomes after ACL reconstruction with bone-patellar tendon-bone (BPTB) autograft are similar to those of BPTB allograft, while controlling for graft, surgical technique, and surgeon. METHODS: This study was approved by the institutional review board at The Vail Valley Medical Center in Vail, Colorado. Patients 18 to 70 years old who underwent primary ACL reconstruction were included. Patients in each group were matched by age and gender. Patient demographic data, surgical data, and subjective data were collected prospectively. Subjective questionnaires were administered at a minimum of 2 years after ACL reconstruction. RESULTS: This study included 192 knees (191 patients; 143 male, 48 female; mean age, 33 years; range, 18 to 57 years), with 96 knees in each group. No autografts required ACL revision. The revision rate for allograft group was 14% (n = 11; mean age, 23 years; range, 18 to 40 years). Of 11 revisions, 9 (82%) were </=25 years old. In allograft group, patients </=25 years old were 23 times (95% confidence interval, 4.4 to 123.0) more likely to require revision ACL reconstruction than patients >25 years (P < .001). Follow-up was available for 87% of patients (n = 156/180). Mean follow-up time in the allograft group was 4.7 years (range, 2.0 to 9.8 years), and in the autograft group, 8.6 years (range, 2.0 to 16.2 years; P < .001). There was no significant difference between allografts and autografts for mean Lysholm (85.6 v 83.4; P = .43), mean Tegner (6.0 v 5.4; P = .09), or mean patient satisfaction (9.0 v 8.8; P = .57). Lysholm score correlated to Tegner (rho = 0.404; P < .001) and patient satisfaction with outcome (rho = 0.443; P </= .001). Tegner was correlated with age at surgery (rho = -0.274; P < .001). CONCLUSIONS: There was no significant difference in patient-centered outcomes based on graft type; however, the allograft group required more revisions. Patient satisfaction was high for both groups. ACL reconstruction using BPTB autograft or allograft produces similar outcomes; however, revision rates were higher for allografts. LEVEL OF EVIDENCE: Level III, retrospective comparative study.",2015
132,25999439,2016 Apr,2015 May 21,Am J Sports Med,"['Gabler CM', 'Jacobs CA', 'Howard JS', 'Mattacola CG', 'Johnson DL']",Johnson DL,"Comparison of Graft Failure Rate Between Autografts Placed via an Anatomic Anterior Cruciate Ligament Reconstruction Technique: A Systematic Review, Meta-analysis, and Meta-regression.",44,4,1069-79,['English'],7609541,0363-5465,1552-3365,"['Journal Article', 'Meta-Analysis', 'Systematic Review']",PubMed - indexed for MEDLINE,ppublish+epublish,"['25999439', '10.1177/0363546515584043', '0363546515584043']",10.1177/0363546515584043,"['2015/05/23 06:00', '2015/05/23 06:00', '2016/11/04 06:00']",[],1,0,The American journal of sports medicine,doi: 10.1177/0363546515584043,2016 Apr;44(4):1069-79,"BACKGROUND: Recent data from the Danish anterior cruciate ligament (ACL) registry demonstrated increased reoperation rates for hamstring tendon autografts when an anatomic ACL reconstruction is performed. This is consistent with reports of greater time needed for hamstring tendon autografts to mature compared with other autografts. PURPOSE: To review the literature comparing graft failure rate between patellar and hamstring tendon autografts placed anatomically and to determine if there are differences in return to preinjury activity levels between autografts. STUDY DESIGN: Systematic review with meta-analysis and meta-regression. METHODS: The PubMed, MEDLINE, SPORTDiscus, and CINAHL databases were used to identify studies published from January 1, 2000, through March 7, 2014. To compare postoperative outcomes between patellar tendon and hamstring tendon autografts, summary event rates for graft failure and return to preinjury activity level were calculated. A meta-analysis was performed to calculate a summary odds ratio (OR) for graft failure between autografts using the studies that directly compared the 2 autografts. Meta-regression analyses were performed to assess the influence of postoperative follow-up time on graft failure rate. RESULTS: A total of 28 studies reported graft failures for patellar tendon (6 studies) and hamstring tendon (26 studies) autografts used with anatomic ACL reconstruction; 4 of the 28 were comparison studies. Graft failure rate was not significantly different between patellar tendon (7.0% [95% CI, 4.6%-10.5%]) and hamstring tendon autografts (3.9% [95% CI, 2.7%-5.6%]). The odds of graft failure were slightly higher for hamstring tendon autografts (OR, 1.21 [95% CI, 0.63-2.33]), but this difference was not significant (P = .57). The rate of patients returning to preinjury activity levels was not significantly different between patellar (n = 1 study; 58.1% [95% CI, 40.4%-73.9%]) and hamstring tendon autografts (n = 5 studies; 75.6% [95% CI, 43.7%-92.5%]). Overall graft failure rate was positively associated with postoperative follow-up time, but this effect was only significant with hamstring tendon autografts (P < .05). CONCLUSION: Differences in graft failure rate between patellar tendon and hamstring tendon autografts were not significant. Although follow-up time was only found to have a significant influence on hamstring tendon graft failure rates, this was likely due to the smaller sample of studies assessing patellar tendon graft failures. Differences in return to preinjury activity levels could not be determined due to the lack of studies assessing that outcome. Both patellar and hamstring tendon autografts demonstrate a low risk of failure and moderately high return to activity level after anatomic ACL reconstruction.",2016
133,25727493,2015 Jul,2015 Feb 26,Arthroscopy,"['Makhni EC', 'Steinhaus ME', 'Mehran N', 'Schulz BS', 'Ahmad CS']",Ahmad CS,Functional Outcome and Graft Retention in Patients With Septic Arthritis After Anterior Cruciate Ligament Reconstruction: A Systematic Review.,31,7,1392-401,['English'],8506498,0749-8063,1526-3231,"['Journal Article', 'Systematic Review']",PubMed - indexed for MEDLINE,ppublish+epublish,"['25727493', '10.1016/j.arthro.2014.12.026', 'S0749-8063(15)00011-0']",10.1016/j.arthro.2014.12.026,"['2014/10/02 00:00', '2014/11/30 00:00', '2014/12/30 00:00', '2015/03/03 06:00', '2015/03/03 06:00', '2016/02/03 06:00']",['Arthroscopy. 2015 Jul;31(7):1402. doi: 10.1016/j.arthro.2015.04.105. PMID: 26143553'],1,0,Arthroscopy : the journal of arthroscopic & related surgery : official publication of the Arthroscopy Association of North America and the International Arthroscopy Association,doi: 10.1016/j.arthro.2014.12.026,2015 Jul;31(7):1392-401,"PURPOSE: To provide a comprehensive review of clinical and functional outcomes after treatment for septic arthritis after anterior cruciate ligament reconstruction. METHODS: A systematic review of the literature was performed. Two reviewers assessed and confirmed the methodologic quality of each study. Studies that met the inclusion criteria were assessed for pertinent data, and when available, similar outcomes were combined to generate frequency-weighted means. RESULTS: Nineteen studies met the inclusion and exclusion criteria for this review, reporting on a total of 203 infected knees. The mean age was 27.5 years and the mean length of follow-up was 44.2 months, with male patients comprising 88% of the population. Hamstring and bone-patellar tendon-bone autografts were used in 63% and 33% of patients, respectively, with 78% of patients retaining their grafts. The studies reported mean flexion and extension deficits of 5.8 degrees and 1.0 degrees , respectively, and laxity testing showed a mean difference of 1.9 mm. The studies reported mean Lysholm, International Knee Documentation Committee, and Tegner scores of 82.1, 68.2, and 5.6, respectively. Of the patients, 83% reported an ability to return to activities of daily living whereas 67% reported a return to their preinjury level of athletics. Evidence of new degenerative changes was seen in 22% of patients. CONCLUSIONS: Septic arthritis after anterior cruciate ligament reconstruction remains a very infrequent event, affecting 0.5% of patients. On average, outcomes in these patients are comparable with those in patients in whom infection does not develop, including postoperative range of motion, residual instability, Lysholm scores, and return to preinjury level of activity. These patients do exhibit decreased International Knee Documentation Committee scores compared with patients without septic arthritis, however. The impact of this differential is not clear, but this scoring difference suggests that septic arthritis may be associated with more severe symptoms and reduced functional outcomes. In addition, there is limited evidence suggesting that septic arthritis leads to early degenerative changes found on imaging. LEVEL OF EVIDENCE: Level IV, systematic review of Level III and IV studies.",2015
134,27501023,2015 Jan 20,,JBJS Rev,"['Magnussen RA', 'Meschbach NT', 'Kaeding CC', 'Wright RW', 'Spindler KP']",Spindler KP,ACL Graft and Contralateral ACL Tear Risk within Ten Years Following Reconstruction: A Systematic Review.,3,1,,['English'],101674872,,2329-9185,"['Journal Article', 'Systematic Review']",PubMed - indexed for MEDLINE,ppublish,"['27501023', '10.2106/JBJS.RVW.N.00052', '01874474-201501000-00003']",10.2106/JBJS.RVW.N.00052,"['2016/08/09 06:00', '2015/01/20 00:00', '2015/01/20 00:01']",[],1,0,JBJS reviews,pii: e3. doi: 10.2106/JBJS.RVW.N.00052,2015 Jan 20;3(1),"BACKGROUND: Anterior cruciate ligament (ACL) graft tear and contralateral ACL injury have devastating effects on patient outcomes following ACL reconstruction. Long-term results after ACL reconstruction are being reported with greater frequency, allowing a detailed analysis of the long-term risk of failure. METHODS: A systematic review of prospective studies that recorded the risk of ACL graft rupture and contralateral ACL injury following primary ACL reconstruction was performed. All studies included intra-articular ACL reconstruction with modern techniques and patellar tendon or hamstring autograft with a minimum follow-up of ten years. RESULTS: Nine studies met the inclusion and exclusion criteria. The overall ACL graft rupture risk was 7.9% (211 ruptures in 2682 reconstructions) and ranged from 3.2% to 11.1% in the individual studies. The overall risk of ACL injury in the contralateral limb was 12.5% (335 injuries in 2682 reconstructions) and ranged from 0.6% to 22.7% in the individual studies. Among the seven homogeneous studies that were pooled, the overall risk of a contralateral ACL tear was 1.63 (95% confidence interval [CI]: 1.30 to 2.04) times that of a graft tear during the follow-up period. CONCLUSIONS: At a minimum follow-up time of ten years, the risk of contralateral ACL tear significantly exceeds the risk of ACL graft rupture. Further work is necessary to understand and potentially reduce this risk of graft and contralateral ACL tears. LEVEL OF EVIDENCE: Therapeutic Level II. See Instructions for Authors for a complete description of levels of evidence.",2015
135,25547048,2015 Mar,2014 Dec 11,Knee,"['Xie X', 'Liu X', 'Chen Z', 'Yu Y', 'Peng S', 'Li Q']",Li Q,A meta-analysis of bone-patellar tendon-bone autograft versus four-strand hamstring tendon autograft for anterior cruciate ligament reconstruction.,22,2,100-10,['English'],9430798,0968-0160,1873-5800,"['Journal Article', 'Meta-Analysis', 'Review']",PubMed - indexed for MEDLINE,ppublish+epublish,"['25547048', '10.1016/j.knee.2014.11.014', 'S0968-0160(14)00282-8']",10.1016/j.knee.2014.11.014,"['2014/07/14 00:00', '2014/10/14 00:00', '2014/11/24 00:00', '2014/12/31 06:00', '2014/12/31 06:00', '2015/12/19 06:00']",[],1,0,The Knee,doi: 10.1016/j.knee.2014.11.014,2015 Mar;22(2):100-10,"BACKGROUND: There is a lack of comprehensive studies comparing the clinical outcome of anterior cruciate ligament (ACL) reconstruction with either a bone-patellar tendon-bone (BPTB) or four-strand hamstring tendon (4SHT) autografts. The optimal choice of graft for anterior cruciate ligament reconstruction remains controversial. PURPOSE: The objective of this study was to evaluate the effectiveness of BPTB autografts versus 4SHT autografts for the reconstruction of ACL. METHODS: A systematical search of literature was performed in Pubmed, Embase, and the Cochrane library to identify published clinical prospective studies relevant to ACL reconstruction comparing BPTB and 4SHT autografts. The results of the eligible studies were analysed in terms of instrumented laxity measurements, Lachman test, pivot shift test, objective International Knee Documentation Committee (IKDC) scores, return to preinjury activity level, and morbidity of graft failure, anterior knee pain, kneeling pain, extension deficit, and flexion deficit. Study quality was assessed by using the Jadad scale for randomized clinical trial (RCT) and the Newcastle-Ottawa Scale (NOS) for prospective cohort study (PCS). Two reviewers independently assessed each study for quality and extracted data. Subgroup analysis of the primary outcomes was conducted according to the type of study design (RCT or PCS). RESULTS: Twenty-two studies, with 931 patients in the BPTB group and 999 patients in the 4SHT group, met the inclusion criteria. Fourteen studies were randomized controlled trials, and eight were prospective cohort studies. The results of the meta-analysis showed that there were no significant differences between BPTB and 4SHT in terms of instrumented laxity measurements (P=0.06), Lachman test (P=0.58), objective IKDC scores (P=0.31), graft failure (P=0.45), extension deficit (P=0.06) and flexion deficit (P=0.63). However, outcomes in favour of BPTB were found in terms of pivot shift test (P=0.01) and return to preinjury activity level (P=0.03); outcome measures that favours 4SHT included anterior knee pain (P<0.01) and kneeling pain (P<0.01). These findings were still robust during the sensitivity analysis. Results from subgroup analysis of the primary outcomes were consistent with the overall analysis. CONCLUSION: Based on the results above, ACL reconstruction with BPTB autografts might be superior in resuming rotation stability of the knee joint and allow patients to return to higher levels of activity in comparison with 4SHT autografts. Whereas, postoperative complications of the knee joint were lower for 4SHT autografts than for BPTB autografts. There was insufficient evidence to identify which of the two types of grafts was significantly better for ACL reconstruction considering the limitations of this study. More high-quality randomized controlled trials with strictly specified inclusion criteria are highly required before drawing a reliable conclusion.",2015
136,25543249,2015 Mar,2014 Dec 25,Arthroscopy,"['Slone HS', 'Romine SE', 'Premkumar A', 'Xerogeanes JW']",Xerogeanes JW,Quadriceps tendon autograft for anterior cruciate ligament reconstruction: a comprehensive review of current literature and systematic review of clinical results.,31,3,541-54,['English'],8506498,0749-8063,1526-3231,"['Journal Article', 'Systematic Review']",PubMed - indexed for MEDLINE,ppublish+epublish,"['25543249', '10.1016/j.arthro.2014.11.010', 'S0749-8063(14)00902-5']",10.1016/j.arthro.2014.11.010,"['2014/08/01 00:00', '2014/09/20 00:00', '2014/11/05 00:00', '2014/12/29 06:00', '2014/12/30 06:00', '2015/07/03 06:00']",[],1,0,Arthroscopy : the journal of arthroscopic & related surgery : official publication of the Arthroscopy Association of North America and the International Arthroscopy Association,doi: 10.1016/j.arthro.2014.11.010,2015 Mar;31(3):541-54,"PURPOSE: The autograft of choice for anterior cruciate ligament (ACL) reconstruction remains controversial. Recently, there has been an increase in interest in the quadriceps tendon as an autologous graft option for ACL reconstruction. The purposes of this study were to provide an in-depth review of quadriceps tendon anatomy, histology, and biomechanics and to synthesize reported clinical outcomes of ACL reconstructions using quadriceps tendon autografts. We hypothesize that (1) published studies on the anatomic, histologic, and biomechanical data regarding the quadriceps tendon support its use as a graft option for ACL reconstruction and (2) clinical outcomes of ACL reconstruction using quadriceps tendon autograft have similar clinical outcomes to bone-patellar tendon-bone autografts with less donor-site morbidity. METHODS: We performed a comprehensive review of the literature regarding the anatomy, histology, and biomechanical studies of the quadriceps tendon, as well as a systematic review of clinical studies (Level of Evidence I-III) evaluating outcomes after ACL reconstruction using quadriceps tendon autograft. Stability outcomes, functional outcomes, range of motion, patient satisfaction, morbidity, and complications were comprised. RESULTS: Fourteen studies were included in the review of clinical results, including 1,154 ACL reconstructions with quadriceps tendon autograft. Six studies directly compared quadriceps tendon autografts (n = 383) with bone-patellar tendon-bone autografts (n = 484). Stability outcomes (Lachman, pivot-shift, and instrumented laxity testing), functional outcomes (International Knee Documentation Committee and Lysholm scores), overall patient satisfaction, range of motion, and complications were similar between quadriceps tendon and other graft options. Less donor-site morbidity was seen in patients who underwent quadriceps tendon ACL reconstructions. CONCLUSIONS: Use of the quadriceps tendon autograft for ACL reconstruction is supported by current orthopaedic literature. It is a safe, reproducible, and versatile graft that should be considered in future studies of ACL reconstruction. LEVEL OF EVIDENCE: Level III, systematic review of Level I, II, and III studies.",2015
137,25442654,2015 Feb,2014 Nov 6,Arthroscopy,"['Frank RM', 'Mascarenhas R', 'Haro M', 'Verma NN', 'Cole BJ', 'Bush-Joseph CA', 'Bach BR Jr']",Bach BR Jr,Closure of patellar tendon defect in anterior cruciate ligament reconstruction with bone-patellar tendon-bone autograft: systematic review of randomized controlled trials.,31,2,329-38,['English'],8506498,0749-8063,1526-3231,"['Journal Article', ""Research Support, Non-U.S. Gov't"", 'Systematic Review']",PubMed - indexed for MEDLINE,ppublish+epublish,"['25442654', '10.1016/j.arthro.2014.09.004', 'S0749-8063(14)00776-2']",10.1016/j.arthro.2014.09.004,"['2014/08/11 00:00', '2014/09/08 00:00', '2014/12/03 06:00', '2014/12/03 06:00', '2015/06/10 06:00']",[],1,0,Arthroscopy : the journal of arthroscopic & related surgery : official publication of the Arthroscopy Association of North America and the International Arthroscopy Association,doi: 10.1016/j.arthro.2014.09.004,2015 Feb;31(2):329-38,"PURPOSE: This study aimed to systematically review the highest level of evidence on anterior cruciate ligament (ACL) reconstruction with bone-patellar tendon-bone (BPTB) autografts with patellar tendon defect closure versus no closure after surgery. METHODS: We performed a systematic review of multiple medical databases using Preferred Reporting Items for Systematic Reviews and Meta-Analyses (PRISMA) guidelines. Level I and Level II randomized controlled trials comparing patellar tendon defect closure to no closure during ACL reconstruction with BPTB autografts were included. Two independent reviewers analyzed all studies. Descriptive statistics were calculated. Study methodological quality was analyzed using the Modified Coleman Methodology Score (MCMS) and Jadad scale. RESULTS: Four studies with a combined 221 patients (154 male patients and 67 female patients) with an average age of 26.6 +/- 2.4 years (range, 17 to 54 years) were included. All studies randomized patients before surgery into ACLR with BPTB autografts either with patellar tendon defect closure or without closure. There were no differences in clinical outcomes (Lysholm score, Tegner scale, International Knee Documentation Committee [IKDC] classification, modified Larsen score, and Lauridsen rating) between groups. There were no significant differences in knee pain between groups. All studies reported imaging findings of the patellar tendon defect, with 2 studies showing no difference in appearance between groups, one study showing excessive scar formation with defect repair, and one study showing improved restoration of normal tendon appearance with defect repair. The overall quality of the studies was poor, with all studies scoring less than 46 (average, 40.5 +/- 4.7) on the MCMS and scoring 1 on the Jadad scale. CONCLUSIONS: Based on this systematic review of 4 randomized trials, there are no statistically significant or clinically relevant differences in outcomes between patients who have the patellar tendon defect closed and those who have it left open after ACLR with BPTB autografts. The methodology of the included studies limits the interpretation of the data, as evidenced by low MCMS and Jadad scores. LEVEL OF EVIDENCE: Level II, systematic review of Level I and Level II studies.",2015
138,25269758,2014 Dec,2014 Oct 1,Musculoskelet Surg,"['Speziali A', 'Delcogliano M', 'Tei M', 'Placella G', 'Bartoli M', 'Menghi A', 'Cerulli G']",Cerulli G,Fixation techniques for the anterior cruciate ligament reconstruction: early follow-up. A systematic review of level I and II therapeutic studies.,98,3,179-87,['English'],101498346,,2035-5114,"['Journal Article', 'Systematic Review']",PubMed - indexed for MEDLINE,ppublish+epublish,"['25269758', '10.1007/s12306-014-0338-8']",10.1007/s12306-014-0338-8,"['2014/08/26 00:00', '2014/09/11 00:00', '2014/10/02 06:00', '2014/10/02 06:00', '2017/08/11 06:00']",[],1,0,Musculoskeletal surgery,doi: 10.1007/s12306-014-0338-8,2014 Dec;98(3):179-87,"The purpose of our study was that to systematically review the fixation techniques for the ACL reconstruction and associated clinical outcomes at the early follow-up. Systematic search on three electronic databases (Cochrane register, Medline and Embase) of fixation devices used for primary ACL reconstruction with doubled semitendinosus and gracilis and bone-patellar tendon-bone autografts in randomized clinical trials of level I and II of evidence published from January 2001 to December 2011. Therapeutic studies collected were with a minimum 12-month follow-up, and the clinical outcomes were evaluated by at least one of International Knee Documentation Committee, Lysholm and Tegner functional scales and at least one of the following knee stability tests: arthrometric AP tibial translation, Lachman test and pivot-shift test. Nineteen articles met the inclusion criteria. At the femoral side cross-pin, metallic interference screw, bioabsorbable interference screw, and suspensory device were used in 32.3, 27.3, 24.8, 15.5% of patients, respectively. At the tibial side fixation was achieved with metallic interference screw, bioabsorbable interference screw, screw and plastic sheath, screw post and cross-pin in 38.7, 31, 15.7, 12.8, and 1.7% of patients, respectively. Side-to-side anterior-posterior tibial translation was 1.9 +/- 0.9, 1.5 +/- 0.9, 1.5 +/- 0.8, 2.2 +/- 0.4 mm for metallic interference screw, bioabsorbable screw, cross-pin and suspensory device, respectively. At least two-third of all the patients achieved good-to-excellent clinical outcomes. Rate of failure was 6.1, 3.3, 1.7 and 1.2% for bioabsorbable interference screw, metallic interference screw, cross-pin and suspensory device, respectively. Clinical outcomes are good to excellent in almost two-third of the patients but several pitfalls that affect the current fixation techniques as graft tensioning such as graft-tunnel motion are still unaddressed.",2014
139,24831306,2015 Feb,2014 May 16,Eur J Orthop Surg Traumatol,"['Yao LW', 'Wang Q', 'Zhang L', 'Zhang C', 'Zhang B', 'Zhang YJ', 'Feng SQ']",Feng SQ,Patellar tendon autograft versus patellar tendon allograft in anterior cruciate ligament reconstruction: a systematic review and meta-analysis.,25,2,355-65,['English'],9518037,1633-8065,1432-1068,"['Comparative Study', 'Journal Article', 'Meta-Analysis', 'Systematic Review']",PubMed - indexed for MEDLINE,ppublish+epublish,"['24831306', '10.1007/s00590-014-1481-5']",10.1007/s00590-014-1481-5,"['2013/12/02 00:00', '2014/05/06 00:00', '2014/05/17 06:00', '2014/05/17 06:00', '2015/10/01 06:00']",[],1,0,European journal of orthopaedic surgery & traumatology : orthopedie traumatologie,doi: 10.1007/s00590-014-1481-5,2015 Feb;25(2):355-65,"OBJECTIVE: This review aims to compare the clinical results of bone-patellar tendon-bone (BPTB) autograft and BPTB allograft in primary anterior cruciate ligament (ACL) reconstruction. METHODS: PubMed Medline, EMBASE, and the Cochrane Library were systematically searched for prospective or retrospective cohort studies that compared BPTB autograft with BPTB allograft in ACL reconstruction. The results of the eligible studies were independently extracted and analyzed according to the following: one-leg test, range of motion (ROM), overall International Knee Documentation Committee (IKDC), Lachman test, pivot shift test, Lysholm scores, Tegner scores, KT-1000 test, anterior knee pain, crepitus, and clinical failure. Random-effect and fixed-effect models were adopted to calculate the weight mean difference and the odds ratio for continuous and dichotomous variables with 95% confidence interval. RESULTS: Thirteen studies met the inclusion criteria, resulting in 1,046 (484 autografts and 562 allografts) patients available for the present study. A meta-analysis showed no significant differences between the two treatment groups in terms of the following: one-leg test (p = 0.21), ROM (p = 0.41), overall IKDC (p = 0.25), Lysholm scores (p = 0.25), Tegner scores (p = 0.09), KT-1000 (p = 0.69), Lachman test (p = 0.89), positive pivot shift test (p = 0.18), anterior knee pain (p = 0.93), and crepitus (p = 0.96). However, a significant difference in clinical failure (p = 0.01) in favor of autograft was observed. In the fresh-frozen subgroup, no difference in the evaluations, except for Tegner scores, were found between autograft and allograft. CONCLUSIONS: Therefore, BPTB autograft shows potential as an optimal choice for ACL reconstruction on the basis of earlier functional recovery and fewer graft failure.",2015
140,24748500,2015 Jan,2014 Apr 21,Eur J Orthop Surg Traumatol,"['Xie X', 'Xiao Z', 'Li Q', 'Zhu B', 'Chen J', 'Chen H', 'Yang F', 'Chen Y', 'Lai Q', 'Liu X']",Liu X,"Increased incidence of osteoarthritis of knee joint after ACL reconstruction with bone-patellar tendon-bone autografts than hamstring autografts: a meta-analysis of 1,443 patients at a minimum of 5 years.",25,1,149-59,['English'],9518037,1633-8065,1432-1068,"['Comparative Study', 'Journal Article', 'Meta-Analysis']",PubMed - indexed for MEDLINE,ppublish+epublish,"['24748500', '10.1007/s00590-014-1459-3']",10.1007/s00590-014-1459-3,"['2014/01/05 00:00', '2014/04/10 00:00', '2014/04/22 06:00', '2014/04/22 06:00', '2015/09/29 06:00']",[],1,0,European journal of orthopaedic surgery & traumatology : orthopedie traumatologie,doi: 10.1007/s00590-014-1459-3,2015 Jan;25(1):149-59,"PURPOSE: The objective of this study was to evaluate the effectiveness of BPTB autografts versus HT autografts at a minimum of 5 years after anterior cruciate ligament (ACL) reconstruction. METHODS: A systematical search of literature was performed in PubMed, Embase and the Cochrane library to identify published randomized controlled trials (RCT) or prospective cohort studies (PCS) relevant to ACL reconstruction comparing BPTB and HT autografts. The results of the eligible studies were analysed in terms of objective International Knee Documentation Committee (IKDC) scores, return to preinjury activity level, KT-1000, Lachman test, pivot shift test, anterior knee pain, kneeling pain, extension loss, and flexion loss, graft failure and radiographic outcomes. Study quality was assessed by using the Coleman methodology score for included studies. Two reviewers independently assessed each study for quality and extracted data. Subgroup analysis of the primary outcomes was conducted according to the type of study design (RCT or PCS). RESULTS: Twelve RCTs, two PCS including 1,443 patients comparing hamstring and patellar tendon autografts were identified. The results of the meta-analysis showed that there were no significant differences between BPTB and HT in terms of objective IKDC score (P = 0.83), return to preinjury activity (P = 0.69), KT-1000 (P = 0.12), Lachman test (P = 0.76), pivot shift test (P = 0.11), extension deficit (P = 0.09), flexion deficit (P = 0.71) and graft failure (P = 0.22). However, outcomes in favour of HT autografts were found in terms of anterior knee pain (P = 0.0001) and kneeling pain (P = 0.001). Radiographic evidence of osteoarthritis (OA) showed that incidence of OA was significantly higher in BPTB groups compared with HT groups based on IKDC system. These findings were still robust during the sensitivity analysis. Results from subgroup analysis of the primary outcomes were consistent with the overall analysis. CONCLUSION: Meta-analysis of prospective trials did not detect any significant differences in clinical results, as evidenced by the objective IKDC score, return to preinjury activity level, KT-1000, Lachman test, pivot shift test, extension loss, flexion loss and graft failure. However, the meta-analysis revealed that ACL reconstruction with BPTB autografts resulted in increased anterior knee pain and kneeling pain compared with hamstring autografts. Increased incidence of OA was found after ACL reconstruction at a minimum of 5 years in BPTB group compared with HT autografts. This result should be cautiously interpreted. More high-quality RCT with strictly specified inclusion criteria are highly required before drawing a reliable conclusion.",2015
141,23928319,2014 Feb,2013 Aug 8,Am J Sports Med,"['Mariscalco MW', 'Magnussen RA', 'Mehta D', 'Hewett TE', 'Flanigan DC', 'Kaeding CC']",Kaeding CC,Autograft versus nonirradiated allograft tissue for anterior cruciate ligament reconstruction: a systematic review.,42,2,492-9,['English'],7609541,0363-5465,1552-3365,"['Journal Article', 'Systematic Review']",PubMed - indexed for MEDLINE,ppublish+epublish,"['23928319', 'NIHMS623538', 'PMC4163684', 'pmc-id: PMC4163684;manuscript-id: NIHMS623538;', '10.1177/0363546513497566', '0363546513497566']",10.1177/0363546513497566,"['2013/08/10 06:00', '2013/08/10 06:00', '2014/10/17 06:00', '2014/09/15 00:00']",[],1,42,The American journal of sports medicine,doi: 10.1177/0363546513497566,2014 Feb;42(2):492-9,"BACKGROUND: An autograft has traditionally been the gold standard for anterior cruciate ligament reconstruction (ACLR), but the use of allograft tissue has increased in recent years. While numerous studies have demonstrated that irradiated allografts are associated with increased failure rates, some report excellent results after ACLR with nonirradiated allografts. The purpose of this systematic review was to determine whether the use of nonirradiated allograft tissue is associated with poorer outcomes when compared with autografts. HYPOTHESIS: Patients undergoing ACLR with autografts versus nonirradiated allografts will demonstrate no significant differences in graft failure risk, laxity on postoperative physical examination, or differences in patient-oriented outcome scores. STUDY DESIGN: Systematic review. METHODS: A systematic review was performed to identify prospective or retrospective comparative studies (evidence level 1, 2, or 3) of autografts versus nonirradiated allografts for ACLR. Outcome data included graft failure based on clinical findings and instrumented laxity, postoperative laxity on physical examination, and patient-reported outcome scores. Studies were excluded if they did not specify whether the allograft had been irradiated. Quality assessment and data extraction were performed by 2 examiners. RESULTS: Nine studies comparing autografts and nonirradiated allografts were included. Six of the 9 studies compared bone-patellar tendon-bone (BPTB) autografts with BPTB allografts. Two studies compared hamstring tendon autografts to hamstring tendon allografts, and 1 study compared hamstring tendon autografts to tibialis anterior allografts. The mean patient age in 7 of 9 studies ranged from 24.5 to 32 years, with 1 study including only patients older than 40 years and another not reporting patient age. The mean follow-up duration was 24 to 94 months. Six of 9 studies reported clinical graft failure rates, 8 of 9 reported postoperative instrumented laxity measurements, 7 of 9 reported postoperative physical examination findings, and all studies reported patient-reported outcome scores. This review demonstrated no statistically significant difference between autografts and nonirradiated allografts in any outcome measure. CONCLUSION: No significant differences were found in graft failure rate, postoperative laxity, or patient-reported outcome scores when comparing ACLR with autografts to nonirradiated allografts in this systematic review. These findings apply to patients in their late 20s and early 30s. Caution is advised when considering extrapolation of these findings to younger, more active cohorts.",2014
142,23585484,2013 Oct,2013 Apr 12,Am J Sports Med,"['Kraeutler MJ', 'Bravman JT', 'McCarty EC']",McCarty EC,Bone-patellar tendon-bone autograft versus allograft in outcomes of anterior cruciate ligament reconstruction: a meta-analysis of 5182 patients.,41,10,2439-48,['English'],7609541,0363-5465,1552-3365,"['Comparative Study', 'Journal Article', 'Meta-Analysis']",PubMed - indexed for MEDLINE,ppublish+epublish,"['23585484', '10.1177/0363546513484127', '0363546513484127']",10.1177/0363546513484127,"['2013/04/16 06:00', '2013/04/16 06:00', '2014/05/21 06:00']",[],1,0,The American journal of sports medicine,doi: 10.1177/0363546513484127,2013 Oct;41(10):2439-48,"BACKGROUND: Bone-patellar tendon-bone (BPTB) is a common autograft and allograft source used for anterior cruciate ligament (ACL) reconstruction. Although the failure rate is generally higher for allografts, donor site morbidity and anterior knee pain can be issues with BPTB autografts. Controversy exists regarding the functional outcomes, complications, and knee stability of these grafts, previous comparisons of which have been based on smaller samples of case series. PURPOSE: To compare BPTB autografts to allografts for ACL reconstruction, specifically with regard to patient satisfaction, return to preinjury activity level, and postoperative functional outcomes. STUDY DESIGN: Meta-analysis. METHODS: A total of 76 studies published between 1998 and 2012, including a total of 5182 patients, were reviewed. It was not required for studies to be comparative in nature. Outcomes evaluated were graft rupture rate, return to preinjury activity level, overall and subjective International Knee Documentation Committee (IKDC), Lysholm, Tegner activity, Cincinnati Knee Rating System, pivot shift, and single-legged hop tests, as well as KT-1000 arthrometer side-to-side difference and presence of anterior knee pain. Summary odds ratios with 95% confidence intervals were calculated to compare BPTB autografts to allografts for each outcome. RESULTS: Outcomes on subjective IKDC, Lysholm, Tegner, single-legged hop, and KT-1000 arthrometer were statistically significantly in favor of autografts. Return to preinjury activity level, overall IKDC, pivot shift, and anterior knee pain were significantly in favor of allografts, although allograft BPTB demonstrated a 3-fold increase in rerupture rates compared with autograft (12.7% vs 4.3%). There was no significant difference between the 2 groups for Cincinnati Knee scores. CONCLUSION: Patients undergoing ACL reconstruction with BPTB autografts demonstrate lower rates of graft rupture, lower levels of knee laxity, and improved single-legged hop test results and are more generally satisfied postoperatively compared with patients undergoing reconstruction with allograft BPTB.",2013
143,23575562,2013 Dec,2013 Apr 10,J Knee Surg,"['Barber FA', 'Hrnack SA']",Hrnack SA,Poly L-lactide co-glycolide/β-tricalcium phosphate interference screw fixation for bone-patellar tendon bone anterior cruciate ligament reconstruction.,26,6,423-8,['English'],101137599,1538-8506,,"['Clinical Trial', 'Journal Article']",PubMed - indexed for MEDLINE,ppublish+epublish,"['23575562', '10.1055/s-0033-1343614']",10.1055/s-0033-1343614,"['2013/04/12 06:00', '2013/04/12 06:00', '2014/01/18 06:00']",[],1,0,The journal of knee surgery,doi: 10.1055/s-0033-1343614,2013 Dec;26(6):423-8,"The objective of this study was to prospectively evaluate the clinical effectiveness and radiographic response of a poly (l-lactide co-glycolide)/beta-tricalcium phosphate (PlLA/PGA/beta-TCP) interference screw used in bone-patellar tendon-bone (BPTB) anterior cruciate ligament (ACL) reconstruction. A prospective, consecutive series of 104 patellar tendon bone-tendon-bone ACL reconstructions fixed with PLLA/PGA/beta-TCP biocomposite screws were studied. After receiving the approval from the Institutional Review Board, the following data were collected preoperatively from all patients: physical examination, Lysholm score, Cincinnati, and International Knee Documentation Committee (IKDC) activity scores, and standard knee radiographs. In addition to these, follow-up assessments included Lachman and pivot-shift tests, Tegner scores, and KT side-to-side differences. Surgical failure was defined by a 2+ Lachman test, positive pivot-shift test, side-to-side KT difference of greater than 5 mm or subsequent ACL revision surgery. Approximately 95% of patients (99 of 104) with an average follow-up of 36 months (range, 24 to 68) are reported. The average age was 30 years (range, 13 to 57 years). Postoperatively, four patients demonstrated +1 Lachman score and one patient demonstrated a +2 Lachman score. Postoperative pivot-shift tests were a trace positive in one patients and +1 in two patients. The average KT side-to-side difference was 0.65 mm. All, but five patients, demonstrated KT side-to-side measurements of 3 mm or less and those five demonstrated measurements of 5 mm or less. No revision reconstructions were performed. Significant improvements in Cincinnati score (41 to 85 postoperative) and Lysholm score (46 to 90) were observed. The average postoperative Tegner score was 7. IKDC activity score increased from 2.3 to 3.1. Approximately 4% of patients (4 of 99) met the criteria for failure. A PLLA/PGA/beta-TCP biocomposite interference fixation screw provides good graft fixation, with good radiographic incorporation, without adverse events.The level of evidence of the study is IV.",2013
144,23207581,2013 Feb,2012 Dec 4,Int Orthop,"['Hu J', 'Qu J', 'Xu D', 'Zhou J', 'Lu H']",Lu H,Allograft versus autograft for anterior cruciate ligament reconstruction: an up-to-date meta-analysis of prospective studies.,37,2,311-20,['English'],7705431,0341-2695,1432-5195,"['Comparative Study', 'Journal Article', 'Meta-Analysis', ""Research Support, Non-U.S. Gov't"", 'Review']",PubMed - indexed for MEDLINE,ppublish+epublish,"['23207581', 'PMC3560895', 'pmc-id: PMC3560895;', '10.1007/s00264-012-1720-5']",10.1007/s00264-012-1720-5,"['2012/11/02 00:00', '2012/11/07 00:00', '2012/12/05 06:00', '2012/12/05 06:00', '2013/06/26 06:00', '2014/02/01 00:00']",['Int Orthop. 2013 Apr;37(4):773. doi: 10.1007/s00264-013-1805-9. PMID: 23371428'],1,48,International orthopaedics,doi: 10.1007/s00264-012-1720-5,2013 Feb;37(2):311-20,"PURPOSE: Although a large number of anterior cruciate ligament (ACL) reconstructions are performed annually, there remains a considerable amount of controversy over whether an autograft or an allograft should be used. The aim of this meta-analysis was to compare the clinical outcomes of allograft and autograft in primary ACL reconstruction. METHODS: The authors systematically searched electronic databases to identify prospective studies which compared allografts with autografts for primary ACL reconstruction. The results of the eligible studies were analysed in terms of instrumented laxity measurements, Lachman test, Pivot Shift test, objective International Knee Documentation Committee (IKDC) Scores, Lysholm Scores, Tegner Scores, and clinical failures. Study quality was assessed and relevant data were extracted independently by two reviewers. A random effect model was used to pool the data. Statistical heterogeneity between trials was evaluated by the chi-square and I-square tests. RESULTS: Nine studies, with 410 patients in the autograft and 408 patients in the allograft group, met the inclusion criteria. Five studies compared bone-patellar tendon-bone (BPTB) grafts, and four compared soft-tissue grafts. Four studies were randomized controlled trials, and five were prospective cohort studies. The results of the meta-analysis showed that there were no significant differences between allograft and autograft on all the outcomes in terms of instrumented laxity measurements (P=0.59), Lachman test (P=0.41), Pivot Shift test (P=0.88), objective IKDC Scores (P=0.87), Lysholm Scores (P=0.79), Tegner Scores (P=0.06), and clinical failures (P=0.68). These findings were still robust during the sensitivity analysis. However, a subgroup analysis of Tegner scores by involving only BPTB grafts showed a statistical difference in favour of autografts (P=0.005). CONCLUSIONS: There was insufficient evidence to identify which of the two types of grafts was significantly better for ACL reconstruction, though the subgroup analysis indicated that reconstruction with BPTB autograft might allow patients to return to higher levels of activity in comparison with BPTB allograft. More high-quality randomized controlled trials with specified age and activity level are highly required before drawing a reliable conclusion.",2013
145,23102671,2012 Dec,2012 Oct 24,Arthroscopy,"['Ellis HB', 'Matheny LM', 'Briggs KK', 'Pennock AT', 'Steadman JR']",Steadman JR,Outcomes and revision rate after bone-patellar tendon-bone allograft versus autograft anterior cruciate ligament reconstruction in patients aged 18 years or younger with closed physes.,28,12,1819-25,['English'],8506498,0749-8063,1526-3231,"['Comparative Study', 'Journal Article']",PubMed - indexed for MEDLINE,ppublish+epublish,"['23102671', '10.1016/j.arthro.2012.06.016', 'S0749-8063(12)01585-X']",10.1016/j.arthro.2012.06.016,"['2011/12/01 00:00', '2012/06/08 00:00', '2012/06/11 00:00', '2012/10/30 06:00', '2012/10/30 06:00', '2013/04/27 06:00']",[],1,0,Arthroscopy : the journal of arthroscopic & related surgery : official publication of the Arthroscopy Association of North America and the International Arthroscopy Association,doi: 10.1016/j.arthro.2012.06.016,2012 Dec;28(12):1819-25,"PURPOSE: The purpose of this study was to compare revision rates and outcomes after anterior cruciate ligament (ACL) reconstruction with bone-patellar tendon-bone (BPTB) autografts versus BPTB allografts in patients aged 18 years or younger with closed physes. METHODS: Institutional review board approval was obtained for this study. This study included 90 consecutive patients aged 18 years or younger with closed physes who underwent primary ACL reconstruction by a single surgeon between 1998 and 2009, with either BPTB autograft (n = 70) or BPTB allograft (n = 20). Patients who had concomitant ligament injuries were excluded. Outcome measures included the Lysholm score, Tegner activity scale, and patient satisfaction (0, very unsatisfied; 10, very satisfied). Failures were defined as cases requiring ACL revision surgery. RESULTS: Of the 90 patients, 79 (88%) were contacted (20 of 20 with allografts and 59 of 70 with autografts). Of these 79 patients, 9 (11%) required revision ACL reconstruction. In the autograft group, 3% (2 of 59) required revision ACL reconstruction at a mean of 15.4 months (range, 13.0 to 17.7 months) after the index procedure. In the allograft group, 35% (7 of 20) required revision ACL reconstruction at a mean of 9.1 months (range, 5.3 to 12.0 months) after the index procedure. The allograft group was 15 (95% confidence interval [CI], 2 to 123) times more likely to require revision reconstruction than the autograft group (P = .001). The mean Lysholm score at follow-up was 85 (95% CI, 80.4 to 90.3) for the autograft group and 91 (95% CI, 88.1 to 97.3) for the allograft group (P = .46). The median Tegner activity scale was 7.0 (95% CI, 6.9 to 8.0) for autograft group and 6.5 (95% CI, 4.9 to 8.4) for the allograft group (P = .27). Median patient satisfaction score was 10 of 10 in both cohorts. No failures were seen in either group at 2 years postoperatively. Five of seven allograft failures occurred because of a premature return to sports. CONCLUSIONS: No significant differences in function, activity, or satisfaction were found between allograft and autograft reconstructions in this patient population. The allograft group had a failure rate 15 times greater than that in the autograft group, with all failures occurring within the first year after reconstruction. LEVEL OF EVIDENCE: Level III, retrospective comparative study.",2012
146,22868601,2012 Aug 1,,Orthopedics,"['Hampton DM', 'Lamb J', 'Klimkiewicz JJ']",Klimkiewicz JJ,Effect of donor age on patellar tendon allograft ACL reconstruction.,35,8,e1173-6,['English'],7806107,0147-7447,1938-2367,['Journal Article'],PubMed - indexed for MEDLINE,ppublish,"['22868601', '10.3928/01477447-20120725-15']",10.3928/01477447-20120725-15,"['2012/08/08 06:00', '2012/08/08 06:00', '2012/12/14 06:00']",[],1,0,Orthopedics,doi: 10.3928/01477447-20120725-15,2012 Aug 1;35(8):e1173-6,"Anterior cruciate ligament reconstruction with patellar tendon allograft tissue is a common orthopedic procedure. It is unknown what effect, if any, the donor age has on clinical outcomes. Biomechanical studies have shown the strength of cadaveric patellar tendon to be independent of age, but no clinical studies have evaluated patient outcomes related to this variable. The purpose of this study was to evaluate the effect of allograft donor age on clinical outcomes of patients undergoing allograft anterior cruciate ligament reconstruction with patellar tendon allograft. Case logs were reviewed to identify primary anterior cruciate ligament reconstruction with allograft patellar tendon by a single surgeon using a standard endoscopic transtibial technique with interference screw fixation. Revision and multiligamentous surgeries were excluded. Seventy-seven patients who met these criteria were identified. Allografts were fresh-frozen, aseptically harvested patellar tendons from a single tissue bank. The donor age was obtained. Clinical outcomes were obtained by contacting patients by telephone and retrospective chart review. Pre- and postoperative Lysholm and Tegner knee scores were used for comparison.Data from 75 patients with an average follow-up of 24 months were obtained. Average donor age was 44 years (range, 14-65 years), and average patient age was 37 years (range, 18-60 years). Statistical analysis of pre- and postoperative Lysholm scores demonstrated statistically significant improvement (P</=.001). Using donor age as a continuous variable, no effect was found on postoperative improvement in Lysholm score or Tegner score (P=.6).",2012
147,22534281,2012 Jun,2012 Apr 24,Am J Sports Med,"['Pallis M', 'Svoboda SJ', 'Cameron KL', 'Owens BD']",Owens BD,Survival comparison of allograft and autograft anterior cruciate ligament reconstruction at the United States Military Academy.,40,6,1242-6,['English'],7609541,0363-5465,1552-3365,['Journal Article'],PubMed - indexed for MEDLINE,ppublish+epublish,"['22534281', '10.1177/0363546512443945', '0363546512443945']",10.1177/0363546512443945,"['2012/04/27 06:00', '2012/04/27 06:00', '2012/10/16 06:00']",[],1,0,The American journal of sports medicine,doi: 10.1177/0363546512443945,2012 Jun;40(6):1242-6,"BACKGROUND: There is recent evidence that use of allograft tendons for anterior cruciate ligament (ACL) reconstruction in young patients may result in increased failure rates compared with autologous grafts. HYPOTHESIS: Allograft ACL reconstruction will result in higher failure rates in young athletes compared with autograft reconstruction. STUDY DESIGN: Cohort study; Level of evidence, 2. METHODS: A prospective cohort study of cadets at the United States Military Academy (USMA) was performed to assess performance of ACL reconstructions performed before entrance to service. Members of the classes of 2007 through 2013 who had undergone prior ACL reconstruction were identified through the Department of Defense Medical Evaluation Review Board reporting and waiver process and evaluated on the first day of matriculation. These participants were followed during their tenure at the academy with revision ACL reconstruction as the primary outcome measure of interest. Kaplan-Meier survival analysis was performed for all graft types using STATA with significance set as P < .05. RESULTS: A total of 120 cadets underwent 122 ACL reconstructions (2 bilateral) before matriculation and compose the prospective cohort. This cohort included 30 female and 90 male cadets. Of these 122 knees with prior ACL reconstructions, the grafts used were 61 bone-patellar tendon-bone (BTB), 45 hamstring, and 16 allograft. A total of 20 failures occurred among this cohort at an average of 545 days from matriculation. Of the failures requiring revision, 7 were BTB (11% of all BTB), 7 were allograft (44% of all allograft), and 6 were hamstring (13% of all hamstring). There was no significant difference in the graft failure between the BTB and hamstring autograft groups. In contrast, those who entered the USMA with an allograft were 7.7 times more likely to experience a subsequent graft failure during the follow-up period when compared with the BTB autograft group (hazard ratio = 7.74; 95% confidence interval [CI], 2.67-22.38; P < .001). When allografts were compared with all autografts combined, a similar increase failure was noted in the allograft group (hazard ratio = 6.71; 95% CI, 2.64-17.06; P < .001). CONCLUSION: In this young active cohort, individuals having undergone an allograft ACL reconstruction were significantly more likely to experience clinical failure requiring revision reconstruction compared with those who underwent autologous graft reconstruction. The authors recommend the use of autograft in ACL reconstruction in young athletes.",2012
148,22451585,2012 Jun,2012 Mar 26,Am J Sports Med,"['Ghodadra NS', 'Mall NA', 'Grumet R', 'Sherman SL', 'Kirk S', 'Provencher MT', 'Bach BR Jr']",Bach BR Jr,Interval arthrometric comparison of anterior cruciate ligament reconstruction using bone-patellar tendon-bone autograft versus allograft: do grafts attenuate within the first year postoperatively?,40,6,1347-54,['English'],7609541,0363-5465,1552-3365,"['Journal Article', ""Research Support, Non-U.S. Gov't""]",PubMed - indexed for MEDLINE,ppublish+epublish,"['22451585', '10.1177/0363546512440685', '0363546512440685']",10.1177/0363546512440685,"['2012/03/28 06:00', '2012/03/28 06:00', '2012/10/16 06:00']",[],1,0,The American journal of sports medicine,doi: 10.1177/0363546512440685,2012 Jun;40(6):1347-54,"BACKGROUND: There is little information regarding the incremental changes in the postoperative laxity of patellar tendon (PT) autografts versus allografts in anterior cruciate ligament (ACL) reconstruction. HYPOTHESES: (1) There would be no significant increase in laxity between 6 weeks and 1 year postoperatively with PT autografts or allografts, (2) there would be no significant difference in laxity between PT autografts and allografts, (3) there would not be a significant difference in laxity between nonirradiated and low dose-irradiated PT allograft tissues, and (4) the physical examination findings would correlate with the instrumented laxity outcomes. STUDY DESIGN: Cohort study; Level of evidence, 3. METHODS: A retrospective review of 238 ACL-deficient patients who underwent single-incision endoscopic ACL reconstruction with a PT autograft (n = 132) or allograft (n = 106; 58 irradiated and 48 nonirradiated) from a single surgeon was made looking at data from preoperatively and from 6 weeks to 1 year postoperatively. The objective measurements of ligament integrity included range of motion, Lachman test, pivot-shift test, and KT-1000 arthrometer instrumented laxity examination. Failure was defined as arthrometric side-to-side differences (maximum manual difference) >/=3 mm or a positive pivot shift. Statistical significance was defined as P < .05. RESULTS: There were no differences in postoperative examination findings or instrumented laxity between PT autografts and allografts (irradiated or nonirradiated) in either subgroup. The postoperative improvement based on the Lachman examination, pivot-shift test, and arthrometric data in all study groups was significant (P < .001) in 98% (autograft: n = 130; allograft: n = 104) of patients, and arthrometric failure correlated with failure by physical examination. There was no significant change in graft laxity, as measured by KT-1000 arthrometer, from 6 weeks to 1 year postoperatively for 98% of patients. Finally, there was no statistical correlation in instrumented laxity results for either the autograft or allograft group with reference to age, gender, concurrent meniscectomy, meniscal repairs, interval to surgery, postoperative patellar pain, time to surgery, or irradiated versus nonirradiated allograft. CONCLUSION: Laxity is not increased after the initial 6 weeks for either PT allograft or autograft constructs during the first postoperative year. There was no correlation between age, gender, concomitant injury, interval to surgery, or radiation of the graft with instrumented laxity results. Furthermore, our arthrometric data paralleled our clinical findings of stability at follow-up.",2012
149,22340342,2011 Dec,,Chin Med J (Engl),"['Shi DL', 'Yao ZJ']",Yao ZJ,Knee function after anterior cruciate ligament reconstruction with patellar or hamstring tendon: a meta-analysis.,124,23,4056-62,['English'],7513795,0366-6999,2542-5641,"['Journal Article', 'Meta-Analysis', ""Research Support, Non-U.S. Gov't""]",PubMed - indexed for MEDLINE,ppublish,['22340342'],,"['2012/02/21 06:00', '2012/02/22 06:00', '2012/06/14 06:00']",[],1,0,Chinese medical journal,,2011 Dec;124(23):4056-62,"BACKGROUND: There is currently no consensus regarding the best graft type for anterior cruciate ligament reconstruction. Therefore, the aim of this study was to investigate the effects of patellar and hamstring tendon grafts on long-term knee function after anterior cruciate ligament reconstruction. METHODS: This meta-analysis was conducted according to the methodological guidelines outlined by the Cochrane Collaboration. An electronic search of the literature was performed and all trials published between January 1966 and August 2011 comparing knee function after anterior cruciate ligament reconstruction using patellar tendon grafts with knee function after reconstruction with hamstring tendon grafts were pooled. Six studies were included in the final meta-analysis. RESULTS: Anterior cruciate ligament reconstruction using hamstring tendon grafts resulted in greater pain upon kneeling than reconstruction using patellar tendon grafts (P = 0.001). However, both grafts resulted in similar levels of anterior tibial translation, and similar results regarding isokinetic extension/flexion tests, Lysholm scores, and the stair-hop test (P > 0.05). CONCLUSION: Anterior cruciate ligament reconstruction using patellar or hamstring tendon grafts results in similar long-term knee function.",2011
150,21901700,2011 Sep 7,2011 Sep 7,Cochrane Database Syst Rev,"['Mohtadi NG', 'Chan DS', 'Dainty KN', 'Whelan DB']",Whelan DB,Patellar tendon versus hamstring tendon autograft for anterior cruciate ligament rupture in adults.,2011,9,CD005960,['English'],100909747,1361-6137,1469-493X,"['Comparative Study', 'Journal Article', 'Meta-Analysis', 'Systematic Review']",PubMed - indexed for MEDLINE,epublish,"['21901700', 'PMC6465162', 'pmc-id: PMC6465162;', '10.1002/14651858.CD005960.pub2']",10.1002/14651858.CD005960.pub2,"['2011/09/09 06:00', '2011/09/09 06:00', '2011/10/28 06:00', '2012/09/07 00:00']",['doi: 10.1002/14651858.CD005960'],1,79,The Cochrane database of systematic reviews,doi: 10.1002/14651858.CD005960.pub2,2011 Sep 7;2011(9):CD005960,"BACKGROUND: Reconstruction of the anterior cruciate ligament (ACL) commonly involves patellar tendon (PT) or hamstring tendon(s) (HT) autografts. There is no consensus with respect to the choice between these two grafts in ACL surgery. OBJECTIVES: This review compared the outcomes of ACL reconstruction using PT versus HT autografts in ACL deficient patients. SEARCH STRATEGY: We searched the Cochrane Bone, Joint and Muscle Trauma Group Specialised Register (April 2008), the Cochrane Central Register of Controlled Trials (2008, Issue 2), MEDLINE (1966 to April 10 2008), EMBASE (1980 to April 10 2008), conference proceedings and reference lists. No language restrictions were applied. SELECTION CRITERIA: Randomized and quasi-randomized controlled trials comparing outcomes (minimum two year follow-up) following ACL reconstruction using either PT or HT autografts in skeletally mature adults, irrespective of the number of bundles, fixation method or incision technique. DATA COLLECTION AND ANALYSIS: After independent study selection, the four authors independently assessed trial quality and risk of bias, and extracted data using pre-developed forms. Trial authors were contacted for additional data and information. Risk ratios with 95% confidence intervals were calculated for dichotomous outcomes, and mean differences and 95% confidence intervals for continuous outcomes. MAIN RESULTS: Nineteen trials providing outcome data for 1597 young to middle-aged adults were included. Many trials were at high risk of bias reflecting inadequate methods of randomization, lack of blinding and incomplete assessment of outcome.Pooled data for primary outcomes, reported in a minority of trials, showed no statistically significant differences between the two graft choices for functional assessment (single leg hop test), return to activity, Tegner and Lysholm scores, and subjective measures of outcome. There were also no differences found between the two interventions for re-rupture or International Knee Documentation Committee scores. There were inadequate long-term results, such as to assess the development of osteoarthritis.All tests (instrumental, Lachman, pivot shift) for static stability consistently showed that PT reconstruction resulted in a more statically stable knee compared with HT reconstruction. Conversely, patients experienced more anterior knee problems, especially with kneeling, after PT reconstruction. PT reconstructions resulted in a statistically significant loss of extension range of motion and a trend towards loss of knee extension strength. HT reconstructions demonstrated a trend towards loss of flexion range of motion and a statistically significant loss of knee flexion strength. The clinical importance of the above range of motion losses is unclear. AUTHORS' CONCLUSIONS: There is insufficient evidence to draw conclusions on differences between the two grafts for long-term functional outcome. While PT reconstructions are more likely to result in statically stable knees, they are also associated with more anterior knee problems.",2011
151,21553794,2011,,Instr Course Lect,"['Noyes FR', 'Barber-Westin SD']",Barber-Westin SD,Anterior cruciate ligament graft placement recommendations and bone-patellar tendon-bone graft indications to restore knee stability.,60,,499-521,['English'],7507149,0065-6895,,"['Journal Article', 'Review']",PubMed - indexed for MEDLINE,ppublish,['21553794'],,"['2011/05/11 06:00', '2011/05/11 06:00', '2013/06/21 06:00']",[],1,0,Instructional course lectures,,2011;60:499-521,The anterior cruciate ligament (ACL) resists the combined abnormal motions of anterior tibial translation and internal tibial rotation that occur in the pivot-shift phenomenon. The placement of a single ACL graft high and proximal at the femoral attachment and posterior at the tibial attachment results in a vertical graft orientation. This graft position has a limited ability to provide rotational stability. A more oblique ACL graft orientation in the sagittal and coronal planes achieved from a central anatomic femoral and tibial location provides an orientation that is better in resisting the pivot-shift phenomenon. Tibial and femoral tunnels are drilled independently; transtibial drilling of the femoral tunnel is not recommended. The meticulous surgical technique for ACL reconstruction includes identifying the appropriate landmarks to achieve correct graft placement. There are insufficient experimental and clinical data to recommend the more complex double-bundle ACL graft technique over a central anatomic single graft in terms of restoring knee rotational stability. Allografts are used only in select knees for which autograft tissue is not available. The postoperative rehabilitation program takes into account the condition of the menisci and articular cartilage and associated reconstructive procedures.,2011
152,21429700,2011 May,2011 Mar 23,Arthroscopy,"['Barber FA', 'Dockery WD', 'Hrnack SA']",Hrnack SA,Long-term degradation of a poly-lactide co-glycolide/β-tricalcium phosphate biocomposite interference screw.,27,5,637-43,['English'],8506498,0749-8063,1526-3231,"['Clinical Trial', 'Journal Article', ""Research Support, Non-U.S. Gov't""]",PubMed - indexed for MEDLINE,ppublish+epublish,"['21429700', '10.1016/j.arthro.2010.11.056', 'S0749-8063(10)01187-4']",10.1016/j.arthro.2010.11.056,"['2010/04/03 00:00', '2010/11/12 00:00', '2010/11/16 00:00', '2011/03/25 06:00', '2011/03/25 06:00', '2011/10/15 06:00']",[],1,0,Arthroscopy : the journal of arthroscopic & related surgery : official publication of the Arthroscopy Association of North America and the International Arthroscopy Association,doi: 10.1016/j.arthro.2010.11.056,2011 May;27(5):637-43,"PURPOSE: To evaluate the long-term in vivo degradation of biodegradable interference screws made of poly-L-lactide co-glycolide (poly-L-lactic acid [PLLA]/polyglycolic acid [PGA]) and beta-tricalcium phosphate (beta-TCP). METHODS: To study in vivo the biological behavior of a PLLA/PGA/beta-TCP biocomposite screw (Milagro; DePuy Mitek, Raynham, MA), an institutional review board-approved program using anterior cruciate ligament (ACL) interference fixation screws was initiated in 2005. Thirteen patients who had bone-patellar tendon-bone ACL reconstruction fixed at both the femur and tibia with PLLA/PGA/beta-TCP screws at least 24 months earlier were evaluated by physical, radiographic, and computed tomography (CT) evaluations. Lysholm, Tegner, Cincinnati, and International Knee Documentation Committee scores were also obtained. Radiographs and CT scans of the operated knee were obtained. CT scan data measured in Hounsfield units (HU) evaluated the material density at the screw and bone plug sites. Soft-tissue and cancellous and cortical bone site readings were also taken. Osteoconductivity scores were determined at the screw sites by use of an ossification quality score (range, 1 to 4). RESULTS: Eleven men and two women were evaluated at a mean of 38 months after surgery (range, 24 to 49 months). CT scans and radiographs showed the bone plug fused to the tunnel wall with no PLLA/PGA/beta-TCP screw remaining. The screws were replaced with material that was calcified and non-trabecular. Osteoconductivity was present in 21 of 26 tunnels (81%) and complete (type 4 ossification) in 5 of 26 (19%). Mean screw site densities (femoral, 159 HU; tibial, 157 HU) were not different from the mean cancellous bone density (femoral, 146 HU; tibial, 140 HU). No positive pivot-shift tests were found. Lysholm, Tegner, and Cincinnati scores improved from 44, 3.7, and 37 preoperatively to 93, 6, and 87 at follow-up, respectively. The mean KT arthrometer (MEDmetric, San Diego, CA) difference was 0.8 mm. CONCLUSIONS: The PLLA/PGA/beta-TCP interference screw completely degraded, and no remnant was present 3 years after implantation for a bone-patellar tendon-bone graft ACL reconstruction. Osteoconductivity was confirmed in 21 of 26 screw sites (81%) and completely filled the site in 5 of 26 (19%). The PLLA/PGA/beta-TCP biocomposite interference screw is osteoconductive. LEVEL OF EVIDENCE: Level IV, therapeutic case series.",2011
153,21287172,2011 Jul,2011 Feb 2,Int Orthop,"['Mihelic R', 'Jurdana H', 'Jotanovic Z', 'Madjarevic T', 'Tudor A']",Tudor A,Long-term results of anterior cruciate ligament reconstruction: a comparison with non-operative treatment with a follow-up of 17-20 years.,35,7,1093-7,['English'],7705431,0341-2695,1432-5195,"['Clinical Trial', 'Comparative Study', 'Journal Article']",PubMed - indexed for MEDLINE,ppublish+epublish,"['21287172', 'PMC3167409', 'pmc-id: PMC3167409;', '10.1007/s00264-011-1206-x']",10.1007/s00264-011-1206-x,"['2010/12/30 00:00', '2010/12/31 00:00', '2011/02/03 06:00', '2011/02/03 06:00', '2011/10/26 06:00', '2012/07/01 00:00']",[],1,20,International orthopaedics,doi: 10.1007/s00264-011-1206-x,2011 Jul;35(7):1093-7,"PURPOSE: The aim of our study was to review the clinical and radiological outcome of patients who had undergone anterior cruciate ligament (ACL) reconstruction in comparison to a group of non-operatively treated patients. METHODS: In a retrospective study we compared ACL reconstruction using a bone-patellar tendon-bone graft with a non-operatively treated group of patients 17-20 years later. Fifty-four patients that met the inclusion criteria, with arthroscopically proven ACL rupture, were treated between 1989 and 1991. Thirty-three patients underwent ACL reconstruction, forming group one. Eighteen non-reconstructed patients continued with rehabilitation and modification of activities (group two). The International Knee Documentation Committee (IKDC) subjective and objective evaluation forms and the Lysholm and Tegner scale were used to assess the knees at follow-up. Radiographic assessment was performed using the IKDC grading scale. RESULTS: Follow-up results showed that 83% of reconstructed patients had stable knees and normal or nearly normal IKDC grade. Patients in the non-reconstructed group had unstable knees with 84% having abnormal or severe laxity. The subjective IKDC score was significantly in favour of group one: 83.15 compared to 64.6 in group two. The Lysholm and Tegner score was also significantly better in group one. Conservatively treated patients all had unstable knees and worse scores. The rate of osteoarthritis showed more severe changes in non-reconstructed patients with additional meniscus injury. CONCLUSIONS: We can conclude that 94% of patients who underwent ACL reconstruction had stable knees after 15-20 years and there was a significantly lower percentage of osteoarthritis in comparison to conservatively treated patients.",2011
154,21035009,2010 Nov,,Arthroscopy,"['Frosch KH', 'Stengel D', 'Brodhun T', 'Stietencron I', 'Holsten D', 'Jung C', 'Reister D', 'Voigt C', 'Niemeyer P', 'Maier M', 'Hertel P', 'Jagodzinski M', 'Lill H']",Lill H,Outcomes and risks of operative treatment of rupture of the anterior cruciate ligament in children and adolescents.,26,11,1539-50,['English'],8506498,0749-8063,1526-3231,"['Journal Article', 'Meta-Analysis', 'Review']",PubMed - indexed for MEDLINE,ppublish,"['21035009', '10.1016/j.arthro.2010.04.077', 'S0749-8063(10)00585-2']",10.1016/j.arthro.2010.04.077,"['2009/08/13 00:00', '2010/04/18 00:00', '2010/04/22 00:00', '2010/11/02 06:00', '2010/11/03 06:00', '2011/02/25 06:00']",[],1,0,Arthroscopy : the journal of arthroscopic & related surgery : official publication of the Arthroscopy Association of North America and the International Arthroscopy Association,doi: 10.1016/j.arthro.2010.04.077,2010 Nov;26(11):1539-50,"PURPOSE: The aim of this meta-analysis was to evaluate the clinical outcomes and risks of anterior cruciate ligament (ACL) surgery in children and adolescents. METHODS: We electronically searched Medline, the Cochrane Controlled Trial Database, Embase, and Medpilot for studies on surgical treatment for ACL ruptures in skeletally immature patients. We extracted baseline demographics, follow-up intervals, surgical details (i.e., ligament suture or reconstruction, physeal-sparing or transphyseal techniques, type of transplant, and methods of fixation). Endpoints comprised rates of growth disturbances and reruptures, as well as knee function (measured by the International Knee Documentation Committee's documentation system and the Lysholm score). Unweighted overall effect sizes (risks, risk ratios [RRs], and means of functional scores) were estimated by use of crude nominators and denominators, and random-effects meta-regression analysis was used for weighted data synthesis. RESULTS: A total of 55 articles reporting on 935 patients (median age, 13 years; range, 1.5 to 16 years) were suitable for the study. After a median follow-up of 40 months (range, 14 to 89 months), the weighted rate of leg-length differences or axis deviations was 1.8% (95% confidence interval [CI], 0% to 3.9%] and that of reruptures was 4.8% (95% CI, 2.9% to 6.7%). Excellent or good function (International Knee Documentation Committee grade A or B) was achieved in 84.2% (95% CI, 75.8% to 92.6%) of all knees, and Lysholm scores averaged 96.3 (95% CI, 95.5 to 97.2). Transphyseal reconstruction was associated with a significantly lower risk of leg-length differences or axis deviations compared with physeal-sparing techniques (1.9% v 5.8%; RR, 0.34; 95% CI, 0.14 to 0.81) but had a higher risk of rerupture (4.2% v 1.4%; RR, 2.91; 95% CI, 0.70 to 12.12). Sutures did not result in any growth disturbances, with a weighted rerupture rate of 4.6% (95% CI, 2.6 to 6.7). Fixation far from the joint line fared better than close fixation with regard to this endpoint (1.4% v 3.2%; RR, 0.42; 95% CI, 0.09 to 1.93). Bone-patellar tendon-bone grafts, which are also less likely to fail, were associated with higher risks of leg-length differences or axis deviations than were hamstrings (3.6% v 2.0%; RR, 1.82; 95% CI, 0.66 to 5.03). Meta-regression did not show a significant impact of the publication year on event rates. CONCLUSIONS: This meta-analysis showed low rates of leg-length differences or axis deviations and graft failures after ACL reconstruction in skeletally immature patients. Hamstring transplants may lower the risk of leg-length differences or axis deviations, and physeal-sparing techniques may increase the risk. Randomized controlled trials are needed to clarify important issues in managing ACL ruptures in children and adolescents. LEVEL OF EVIDENCE: Level IV, meta-analysis of case series.",2010
155,20953764,2011 Mar,2010 Oct 15,Knee Surg Sports Traumatol Arthrosc,"['Magnussen RA', 'Carey JL', 'Spindler KP']",Spindler KP,Does autograft choice determine intermediate-term outcome of ACL reconstruction?,19,3,462-72,['English'],9314730,0942-2056,1433-7347,"['Comparative Study', 'Journal Article', 'Systematic Review']",PubMed - indexed for MEDLINE,ppublish+epublish,"['20953764', 'NIHMS474171', 'PMC3745218', 'pmc-id: PMC3745218;manuscript-id: NIHMS474171;', '10.1007/s00167-010-1277-z']",10.1007/s00167-010-1277-z,"['2010/03/16 00:00', '2010/09/14 00:00', '2010/10/19 06:00', '2010/10/19 06:00', '2011/06/28 06:00', '2013/08/16 00:00']",[],1,27,"Knee surgery, sports traumatology, arthroscopy : official journal of the ESSKA",doi: 10.1007/s00167-010-1277-z,2011 Mar;19(3):462-72,"PURPOSE: Many clinical studies and systematic reviews have compared the short-term (2 years) outcomes of ACL reconstruction with hamstring and patellar tendon autograft. Few differences have been observed, with the exception of increased kneeling pain with patellar tendon grafts. The goal of this systematic review is to determine whether there are differences in clinical, patient-reported, or radiographic outcomes based on graft choice at a minimum of 5 years after ACL reconstruction. METHODS: A systematic review was performed to identify all prospective outcome studies comparing patellar tendon and hamstring autograft ACL reconstruction with minimum follow-up of at least 5 years. Seven studies were identified and meta-analysis of select data determined to be sufficiently homogenous was performed (failure and laxity). RESULTS: Five randomized controlled trials and two prospective cohorts comparing hamstring and patellar tendon autografts were identified. Clinical assessment [failure rate, International Knee Documentation Committee (IKDC) class, Lachman, pivot shift, and KT 1000 testing] showed no difference between grafts. Patient-reported outcomes (Lysholm, Cincinnati, and IKDC) showed no difference. Both anterior knee pain (3/3 studies) and kneeling pain (4/4 studies) were more frequent in the patellar tendon group. However, the patient-reported outcomes in these studies were not different. Radiographic evidence of osteoarthritis was inconsistent between autograft choices. CONCLUSION: This level II systematic review demonstrates no difference in major clinical results between graft types with the exception of increased anterior knee and kneeling pain. There exists a potential for increased incidence of osteoarthritis in the patellar tendon group but increased sample size is required. These longer-term outcomes are similar to results of prior systematic reviews with two-year follow-up.",2011
156,20850327,2011 Oct,2010 Sep 17,Knee,"['Li S', 'Su W', 'Zhao J', 'Xu Y', 'Bo Z', 'Ding X', 'Wei Q']",Wei Q,A meta-analysis of hamstring autografts versus bone-patellar tendon-bone autografts for reconstruction of the anterior cruciate ligament.,18,5,287-93,['English'],9430798,0968-0160,1873-5800,"['Journal Article', 'Meta-Analysis']",PubMed - indexed for MEDLINE,ppublish+epublish,"['20850327', '10.1016/j.knee.2010.08.002', 'S0968-0160(10)00161-4']",10.1016/j.knee.2010.08.002,"['2010/03/14 00:00', '2010/07/26 00:00', '2010/08/07 00:00', '2010/09/21 06:00', '2010/09/21 06:00', '2012/01/13 06:00']",[],1,0,The Knee,doi: 10.1016/j.knee.2010.08.002,2011 Oct;18(5):287-93,"The objective of this study was to evaluate the effectiveness of hamstring (HT) autografts versus bone-patellar tendon-bone (BPTB) autografts for reconstruction of the anterior cruciate ligament (ACL). We searched the Cochrane Library, MEDLINE, EMBASE and the Chinese Biomedicine Database (CBM) for published randomised clinical trials (RCTs) relevant to ACL reconstruction comparing HT and BPTB autografts. Data analyses were performed with Cochrane Collaboration's RevMan 5.0. A total of 23 reports of 19 randomised controlled trials (RCTs) (1643 patients) met the inclusion criteria. Outcomes favouring BPTB autografts were found in terms of KT-1000 arithmometer values, negative rates of Lachman tests and negative rates of Pivot tests. Outcome measures that favoured HT autografts included anterior knee pain, kneeling pain and extension loss. There was no statistical difference of postoperative graft failure. Overall, postoperative complications of the knee joint were lower for HT autografts than for BPTB autografts, and BPTB autografts were superior to HT autografts in resuming stability of the knee joint, but four-strand HT combined with application of the modern endobutton HT graft-fixation technique could increase knee-joint stability.",2011
157,20810081,2010 Sep,,Arthroscopy,"['Nyland J', 'Fisher B', 'Brand E', 'Krupp R', 'Caborn DN']",Caborn DN,Osseous deficits after anterior cruciate ligament injury and reconstruction: a systematic literature review with suggestions to improve osseous homeostasis.,26,9,1248-57,['English'],8506498,0749-8063,1526-3231,"['Journal Article', 'Systematic Review']",PubMed - indexed for MEDLINE,ppublish,"['20810081', '10.1016/j.arthro.2010.03.017', 'S0749-8063(10)00289-6']",10.1016/j.arthro.2010.03.017,"['2010/02/11 00:00', '2010/03/21 00:00', '2010/03/23 00:00', '2010/09/03 06:00', '2010/09/03 06:00', '2011/02/01 06:00']",[],1,0,Arthroscopy : the journal of arthroscopic & related surgery : official publication of the Arthroscopy Association of North America and the International Arthroscopy Association,doi: 10.1016/j.arthro.2010.03.017,2010 Sep;26(9):1248-57,"PURPOSE: This systematic review was performed to improve our understanding of the current evidence regarding the influence of anterior cruciate ligament (ACL) injury and reconstruction on involved lower extremity apparent bone mineral density, bone content, or bone area mass (bone integrity). METHODS: Two independent reviewers performed a Medline search from 1966 to January 2010 using the terms ""anterior cruciate ligament"" or ""ACL"" combined with ""wound"" or ""injury"" and ""bone density"" or ""osteoporosis."" Study inclusion criteria were English-language human studies. Reference sections of selected studies were also reviewed. RESULTS: Ten studies were identified that met our inclusion criteria. Eight studies performed ACL reconstruction with bone-patellar tendon-bone autografts and interference screw fixation. One study performed ACL reconstruction by use of Achilles tendon allografts with interference screw and staple fixation. Two ACL injury studies either did not involve ACL reconstruction or attempted primary repair with sutures. All studies reported varying levels of decreased bone mineral density, bone content, or bone area mass (bone integrity) at the involved lower extremity after ACL injury that did not return to premorbid levels even with ACL reconstruction and rehabilitation. Sites of reduced bone integrity included the proximal and distal femur, proximal tibia, patella, and calcaneus. Bone loss was increased with limited weight bearing and prolonged disuse or immobilization; however, significant improvements were not observed with accelerated rehabilitation. Some studies reported relations between Lysholm, Tegner, International Knee Documentation Committee survey, or function scores and bone integrity, whereas others reported no or poor relations. CONCLUSIONS: Involved lower extremity bone integrity is decreased after ACL injury. Current evidence suggests that premorbid bone integrity is not re-established after ACL reconstruction even when accelerated rehabilitation is performed. Recommendations to improve osseous homeostasis and bone health after ACL injury and reconstruction are provided.",2010
158,20051509,2010 Jan,,Am J Sports Med,"['Foster TE', 'Wolfe BL', 'Ryan S', 'Silvestri L', 'Kaye EK']",Kaye EK,Does the graft source really matter in the outcome of patients undergoing anterior cruciate ligament reconstruction? An evaluation of autograft versus allograft reconstruction results: a systematic review.,38,1,189-99,['English'],7609541,0363-5465,1552-3365,"['Journal Article', 'Meta-Analysis', 'Systematic Review']",PubMed - indexed for MEDLINE,ppublish,"['20051509', '10.1177/0363546509356530', '38/1/189']",10.1177/0363546509356530,"['2010/01/07 06:00', '2010/01/07 06:00', '2011/01/07 06:00']",[],1,0,The American journal of sports medicine,doi: 10.1177/0363546509356530,2010 Jan;38(1):189-99,"BACKGROUND: Despite the large number of anterior cruciate ligament reconstructions performed each year, there remains a significant controversy regarding the effect of the graft source on the functional outcome of patients. HYPOTHESIS: There is no difference in outcomes of autograft versus allograft anterior cruciate ligament reconstructions. STUDY DESIGN: Systematic review. METHODS: The authors systematically identified prospective studies (Oxford level of evidence I or II only) that included autograft patients, allograft patients, or both. Objective outcomes that were reported were meta-analyzed; this included pivot-shift results, KT-1000 arthrometer results, International Knee Documentation Committee (IKDC) scores, Lysholm Scores, graft failures, and postoperative complications. Two statistical analyses were performed. First a primary statistical analysis was performed comparing pooled autograft data (bone-patellar-tendon bone and hamstrings combined) and pooled allograft data (bone-patellar-tendon bone and hamstrings combined). To have a more comprehensive understanding of the differences between each specific graft source, a secondary analysis was performed without pooling the data; this directly compared the 4 types of graft sources that were studied. RESULTS: Over 400 scientific manuscripts were initially reviewed; 31 manuscripts fulfilled all of the search criteria. There were very few statistically significant differences between autograft and allograft tissue. The KT-1000 arthrometer laxity testing revealed a mean of 1.4 +/- 0.2 mm (weighted mean +/- standard error of the mean) for the allograft group compared with 1.8 +/- 0.1 mm for the autograft group (t = 2.40; P <.02). However, this difference was only for the mean score; there was no statistical significance when considering KT-1000 arthrometer measurements of greater than 3 or 5 mm. The percentage of patients receiving a final IKDC score of ""A"" (normal knee) was statistically significant for allograft tissue (43.9% +/- 5.5%) versus autograft tissue (28.2% +/- 1.0%) reconstructions. There was no statistically significant difference between the percentages of IKDC scores of A or B for patients receiving pooled allograft (82.9% +/- 4.2%) versus pooled autograft (87.2% +/- 0.9%) anterior cruciate ligament reconstruction (t = 1.01; P > .1). The graft failure rate was 4.7 +/- 0.5 per 100 for autograft reconstructions and 8.2 +/- 2.1 per 100 allograft reconstructions; although this may represent a trend, it is not statistically significant (t = 1.49; P > .1). The complication rate was slightly higher for autograft reconstructions at 3.5 +/- 0.4 complications per 100 autograft reconstructions compared with 2.4 +/- 1.1 complications per 100 allograft reconstructions, but not significant (t = 1.41; P > .1). CONCLUSION: After a comprehensive examination and statistical analysis of the modern literature, the authors could not identify an individual graft source that was clearly superior to the other graft sources. This led them to believe that, with currently available data, the graft source has a minimal effect on the outcome of patients undergoing anterior cruciate ligament reconstruction.",2010
159,19956928,2010 Aug,2009 Dec 3,Knee Surg Sports Traumatol Arthrosc,"['Drogset JO', 'Strand T', 'Uppheim G', 'Odegård B', 'Bøe A', 'Grøntvedt T']",Grøntvedt T,Autologous patellar tendon and quadrupled hamstring grafts in anterior cruciate ligament reconstruction: a prospective randomized multicenter review of different fixation methods.,18,8,1085-93,['English'],9314730,0942-2056,1433-7347,"['Journal Article', 'Multicenter Study', 'Randomized Controlled Trial']",PubMed - indexed for MEDLINE,ppublish+epublish,"['19956928', '10.1007/s00167-009-0996-5']",10.1007/s00167-009-0996-5,"['2009/02/17 00:00', '2009/11/09 00:00', '2009/12/04 06:00', '2009/12/04 06:00', '2010/11/17 06:00']",[],1,0,"Knee surgery, sports traumatology, arthroscopy : official journal of the ESSKA",doi: 10.1007/s00167-009-0996-5,2010 Aug;18(8):1085-93,"ACL reconstruction with bone patellar tendon bone (BPTB) grafts has been shown to produce dependable results. Recently, reconstructions with double-looped semitendinosus gracilis (DLSG) grafts have become common. The prevailing opinion is that ACL reconstruction with patellar tendon graft produces a more stable knee with more anterior knee pain than DLSG grafts, while the functional results and knee scores are similar. The present study evaluates BPTB grafts fixed with metallic interference screws and DLSG grafts fixed with Bone Mulch Screw on the femur and WasherLoc fixation on the tibia. All else being the same, there is no difference in the outcome between the two grafts and fixation methods. This is a prospective randomized multicenter study. A total of 115 patients with isolated ACL ruptures were randomized to either reconstruction with BPTB grafts fixed with metal interference screws (58 patients) or DLSG grafts (57 patients) fixed with Bone Mulch Screws and WasherLoc Screws. Follow-up was at one and two years; the latter by an independent observer. At two years, one ACL revision had been performed in each group. Eight patients in the DLSG group and one in the BPTB group underwent meniscus surgery in the follow-up period (P = 0.014). Mean Lysholm score at the two year follow-up was 91 (SD +/- 10.3) in the DLSG group and also 91 (SD +/- 10.2) in the BPTB group. Mean KT-1000 at two years was 1.5 mm in the BPTB group and 1.8 mm in the DLSG group (n.s.). At two years, four patients in the BPTB group and three in the DLSG group had a Lachman test grade 2 or 3 (n.s.). More patients in the BPTB group had pain at the lower pole of the patella (P = 0.04). Peak flexion torque and total flexion work were lower in the DLSG group at one year (P = 0.003 and P = 0.000) and total flexion work also at two years (P = 0.05). BPTB ACL reconstruction fixed with interference screws and DLSG fixed with Bone Mulch Screws on the femur and WasherLoc Screws on the tibia produce satisfactory and nearly identical outcomes. Among our patients in the DLSG group, flexion strength was lower, and more patients underwent meniscus surgery in the follow-up period. The BPTB group has more anterior knee pain.",2010
160,19902178,2010 Aug,2009 Nov 10,Knee Surg Sports Traumatol Arthrosc,"['Alentorn-Geli E', 'Lajara F', 'Samitier G', 'Cugat R']",Cugat R,The transtibial versus the anteromedial portal technique in the arthroscopic bone-patellar tendon-bone anterior cruciate ligament reconstruction.,18,8,1013-37,['English'],9314730,0942-2056,1433-7347,"['Comparative Study', 'Journal Article', 'Review']",PubMed - indexed for MEDLINE,ppublish+epublish,"['19902178', '10.1007/s00167-009-0964-0']",10.1007/s00167-009-0964-0,"['2009/07/27 00:00', '2009/10/05 00:00', '2009/11/11 06:00', '2009/11/11 06:00', '2010/11/17 06:00']",[],1,0,"Knee surgery, sports traumatology, arthroscopy : official journal of the ESSKA",doi: 10.1007/s00167-009-0964-0,2010 Aug;18(8):1013-37,"The transtibial (TT) drilling of the femoral tunnel in the bone-patellar tendon-bone (BPTB) anterior cruciate ligament (ACL) reconstruction was found to place the tunnel non-anatomically. The use of the anteromedial portal (AMP) for the femoral drilling would provide the surgeon with more freedom to anatomically place the tunnel in the real femoral ACL footprint. The purpose of this study was to compare the clinical outcomes of BPTB ACL reconstruction using the AMP or the TT technique for the femoral tunnel drilling. A Medline search was not able to identify any study directly comparing the clinical outcomes of the AMP and the TT techniques. The literature search identified experimental and quasi-experimental studies published from 1966 to March 2009 where at least one group underwent arthroscopic autologous BPTB ACL reconstructions using either the AMP or the TT technique for the femoral tunnel drilling. Overall IKDC, Lysholm score, activity level, range of motion, single-leg hoop test, Lachman test, Pivot shift sign test, KT-1000 arthrometer measurements, and radiographic assessments were indirectly compared between the two groups (AMP versus TT). Twenty-one studies, involving a total of 859 patients (257 in the AMP and 602 in the TT group), were included in this analysis. The AMP group demonstrated significantly earlier return to run and significantly greater range of motion, Lachman test values, and KT-1000 arthrometer measurements in the 1-2-year follow-up, although no differences were found for both the 3-5 and the 6-10-year follow-ups for any of these parameters. In contrast, the TT group demonstrated significantly higher activity level for the 3-5 and 6-10-year follow-up. The use of the AMP elicited greater knee stability and range of motion values, and earlier return to run compared to the TT technique. These results may indicate a potential benefit of the AMP over the TT technique. However, as the benefits of the AMP were not obtained in the mid and long-term follow-ups, overall there is no definitive evidence at this point to conclude that one technique is superior to the other. Randomized controlled trials directly comparing the use of both techniques with long-term follow-ups will help clarify which one, if any, provides best clinical outcomes.",2010
161,19046696,2008 Dec,2008 Nov 13,Rev Chir Orthop Reparatrice Appar Mot,"['Condouret J', 'Cohn J', 'Ferret JM', 'Lemonsu A', 'Vasconcelos W', 'Dejour D', 'Potel JF', ""Société française d'arthroscopie""]",Potel JF,[Isokinetic assessment with two years follow-up of anterior cruciate ligament reconstruction with patellar tendon or hamstring tendons].,94,8 Suppl,375-82,['French'],1272427,0035-1040,1776-2553,"['Journal Article', 'Multicenter Study']",PubMed - indexed for MEDLINE,ppublish+epublish,"['19046696', '10.1016/j.rco.2008.09.006', 'S0035-1040(08)00642-9']",10.1016/j.rco.2008.09.006,"['2009/09/12 06:00', '2009/11/17 06:00', '2009/09/12 06:00']",[],1,0,Revue de chirurgie orthopedique et reparatrice de l'appareil moteur,doi: 10.1016/j.rco.2008.09.006,2008 Dec;94(8 Suppl):375-82,"This retrospective multicentric study was designed to assess the outcome of quadriceps and hamstrings muscles two years after Anterior Cruciate Ligament (ACL) reconstruction and compare muscles recovery depending on the type of graft and individual variables like age, gender, level of sport, but also in terms of discomfort, pain and functional score. The results focused on the subjective and objective IKDC scores, SF36, the existence or not of subjective disorders and their location. The review included isokinetic muscle tests concentric and eccentric extensors/flexors but also internal rotators/external rotators with analysis of mean work and mean power. One hundred and twenty-seven patients were included with an average age 29 years (+/-10). They all had an ACL reconstruction with patellar tendon or hamstring tendon with single or double bundles. In the serie, the average muscles deficit at two years was 10% for the flexors and extensors but with a significant dispersion. Significant differences were not noted in the mean values of all parameters in term of sex or age (over 30 years or not), neither the type of sport, nor of clinical assessment (Class A and B of objective IKDC score), nor the existence of anterior knee pain. There was a relationship between the level of extensor or flexor recovery and the quality of functional results with minimal muscle deficits close to 5% if the IKDC score was over 90 and deficits falling to 15% in the group with IKDC score less than 90. The type of reconstruction (patellar tendon versus hamstrings) had an influence on the muscle deficit. For extensors, the recovery was the same in the two groups, more than 90% at two years and the distribution of these two populations by level of deficit was quite the same. For flexors, residual deficits were significantly higher in the hamstrings group on the three studied parameters whatever the speed and the type of contraction (concentric or eccentric) with an average deficit of 14 to 18%, while, in the patellar tendon group, there was a dominance over the opposite side of 2 to 3% in concentric contraction. The hamstrings deficit appears to be ""harvest dependent"". For internal rotators, a significantly higher deficit is observed in eccentric contraction for the hamstrings group. The residual hamstrings deficits were related to the number of tendons harvested: -7% when there was no harvest, 7% with one tendon harvested and 17% with two tendons harvested. The relationship between the level of recovery of the quadriceps muscle and hamstrings at two years and the quality of functional results incite, regarding the significantly higher deficit of flexors in ACL reconstructions with hamstrings, to change the rehabilitation programs and especially on early rehabilitation of hamstrings in eccentric mode in the early weeks postoperative considering the harvest site as an equivalent of muscle tear.",2008
162,19724004,2009 Sep,,J Bone Joint Surg Am,"['Carey JL', 'Dunn WR', 'Dahm DL', 'Zeger SL', 'Spindler KP']",Spindler KP,A systematic review of anterior cruciate ligament reconstruction with autograft compared with allograft.,91,9,2242-50,['English'],0014030,0021-9355,1535-1386,"['Comparative Study', 'Journal Article', 'Systematic Review']",PubMed - indexed for MEDLINE,ppublish,"['19724004', 'PMC2730860', 'pmc-id: PMC2730860;', '10.2106/JBJS.I.00610', '91/9/2242']",10.2106/JBJS.I.00610,"['2009/09/03 09:00', '2009/09/03 06:00', '2009/09/23 06:00', '2010/09/01 00:00']",[],1,46,The Journal of bone and joint surgery. American volume,doi: 10.2106/JBJS.I.00610,2009 Sep;91(9):2242-50,"BACKGROUND: Anterior cruciate ligament reconstruction can be performed with use of either autograft or allograft tissue. It is currently unclear if the outcomes of these two methods differ significantly. This systematic review and meta-analysis investigated whether the short-term clinical outcomes of anterior cruciate reconstruction with allograft were significantly different from those with autograft. METHODS: A computerized search of the electronic databases MEDLINE and EMBASE was conducted. Only therapeutic studies with a prospective or retrospective comparative design were considered for inclusion in the present investigation. Two reviewers independently assessed the methodological quality and extracted relevant data from each included study. If a study failed the qualitative assessment and statistical tests of homogeneity, it was excluded from the meta-analysis. Furthermore, a study was withdrawn from the meta-analysis of a particular outcome if that outcome was not studied or was not reported adequately. A Mantel-Haenszel analysis utilizing a random-effects model allowed for pooling of results according to graft source while accounting for the number of subjects in individual studies. RESULTS: Nine studies were determined to be appropriate for the systematic review. Eight studies compared bone-patellar tendon-bone grafts, and one study compared quadruple-stranded hamstring grafts. Five studies were prospective comparative studies, and four were retrospective comparative studies. One study, which investigated allografts that underwent a unique sterilization process, demonstrated an allograft failure rate of 45% (thirty-eight of eighty-five). That study failed the qualitative assessment and statistical tests of homogeneity and consequently was excluded from the meta-analysis. When the outcomes from the remaining studies were pooled according to graft source, the meta-analyses of the Lysholm score, instrumented laxity measurements, and the clinical failure rate estimated mean differences and odds ratios that were not significant. These findings were robust during the sensitivity analysis, which varied the included studies or variables on the basis of graft type, instrumented laxity cut-off value, secondary sterilization technique, duration of follow-up, mean patient age, and study methodology. CONCLUSIONS: In general, the short-term clinical outcomes of anterior cruciate reconstruction with allograft were not significantly different from those with autograft. However, it is important to note that none of these nonrandomized studies stratified outcomes according to age or utilized multivariable modeling to mathematically control for age (or any other possible confounder, such as activity level, that is not equally distributed in the two treatment groups). Understanding these limitations of the best available evidence, the surgeon may incorporate the results of the present systematic review into the informed-consent and shared-decision-making process in order to individualize optimum patient care.",2009
163,19709991,2009 Dec,2009 Aug 25,Am J Sports Med,"['Biau DJ', 'Katsahian S', 'Kartus J', 'Harilainen A', 'Feller JA', 'Sajovic M', 'Ejerhed L', 'Zaffagnini S', 'Röpke M', 'Nizard R']",Nizard R,Patellar tendon versus hamstring tendon autografts for reconstructing the anterior cruciate ligament: a meta-analysis based on individual patient data.,37,12,2470-8,['English'],7609541,0363-5465,1552-3365,"['Journal Article', 'Meta-Analysis']",PubMed - indexed for MEDLINE,ppublish+epublish,"['19709991', '10.1177/0363546509333006', '0363546509333006']",10.1177/0363546509333006,"['2009/08/28 09:00', '2009/08/28 09:00', '2010/03/24 06:00']",[],1,0,The American journal of sports medicine,doi: 10.1177/0363546509333006,2009 Dec;37(12):2470-8,"BACKGROUND: The best means of ensuring knee stability after anterior cruciate ligament (ACL) reconstruction remains a core debate in sports medicine. HYPOTHESIS: There is no difference between ACL reconstruction with patellar tendon or hamstring tendon autografts with regard to postoperative knee laxity and instability. STUDY DESIGN: Meta-analysis of individual patient data. METHODS: Pooled analysis of individual patient data from 6 published randomized clinical trials included 423 patients with symptomatic unilateral anterior cruciate ligament injury randomly assigned to reconstruction with patellar tendon or hamstring tendon autograft. Knee instability, defined as a positive pivot-shift test result, was the primary outcome, and knee laxity, defined as a positive Lachman test result, was the secondary outcome. Odds ratios were computed before and after adjustment for potential confounders and trial effect. Regression analyses were performed to look for effects of covariates on outcomes, and mixed-effects models were used to account for a trial effect. Sensitivity analyses were conducted to explore the effects of missing data and excluding each trial. RESULTS: Anterior cruciate ligament reconstruction with patellar tendon autograft was significantly associated with a decreased risk of a positive pivot-shift test result (adjusted odds ratio, 0.46; 95% confidence interval, 0.24-0.86; P = .016). The risk of having a positive Lachman test result was not significantly different between the 2 groups. The estimated treatment effect was not substantially changed by differences in handling missing data or exclusion of any of the trials. A positive pivot-shift test result was more common in female (P = .003) and younger patients (P = .017). CONCLUSION: Postoperative knee instability was less common after ACL reconstruction with patellar tendon autograft than with hamstring tendon autograft.",2009
164,19476176,2009 Apr,,J Knee Surg,"['Ilahi OA', 'Nolla JM', 'Ho DM']",Ho DM,Intra-tunnel fixation versus extra-tunnel fixation of hamstring anterior cruciate ligament reconstruction: a meta-analysis.,22,2,120-9,['English'],101137599,1538-8506,,"['Journal Article', 'Meta-Analysis']",PubMed - indexed for MEDLINE,ppublish,"['19476176', '10.1055/s-0030-1247736']",10.1055/s-0030-1247736,"['2009/05/30 09:00', '2009/05/30 09:00', '2009/07/08 09:00']",[],1,0,The journal of knee surgery,,2009 Apr;22(2):120-9,"Hamstring anterior cruciate ligament (ACL) reconstructions fixed inside both bone tunnels have a shorter initial working length, and thus should be stiffer than those fixed outside both bone tunnels. We used meta-analysis to compare 4-stranded hamstring ACL reconstructions using the 2 fixation methods with reconstructions using patellar tendon autografts. A Medline database search of English-language articles published through June 2004 yielded 36 studies that met the inclusion criteria: 5 intratunnel fixation studies (569 patients), 10 extra-tunnel fixation studies (604 patients), and 24 patellar tendon studies (1592 patients). Three studies included both patellar tendon and hamstring reconstructions. Demographically, all 3 groups were similar. There was no significant difference in the percentage of knees restored to normal instrumented laxity measurements between the 3 groups, nor was there a difference in graft failure rate. Patient satisfaction and return to preinjury activity rates were similar between the intratunnel fixation and patellar tendon groups and were significantly lower for the extra-tunnel fixation group. Good International Knee Documentation Committee scores did not correlate with good patient satisfaction or return to preinjury activity.",2009
165,18757764,2008 Oct,2008 Aug 29,Am J Sports Med,"['Lewis PB', 'Parameswaran AD', 'Rue JP', 'Bach BR Jr']",Bach BR Jr,Systematic review of single-bundle anterior cruciate ligament reconstruction outcomes: a baseline assessment for consideration of double-bundle techniques.,36,10,2028-36,['English'],7609541,0363-5465,1552-3365,"['Journal Article', 'Systematic Review']",PubMed - indexed for MEDLINE,ppublish+epublish,"['18757764', '10.1177/0363546508322892', '0363546508322892']",10.1177/0363546508322892,"['2008/09/02 09:00', '2009/01/22 09:00', '2008/09/02 09:00']",[],1,0,The American journal of sports medicine,doi: 10.1177/0363546508322892,2008 Oct;36(10):2028-36,"BACKGROUND: There is increasing interest in comparing the efficacy of single-bundle versus double-bundle anterior cruciate ligament reconstruction. Challenging this comparison, however, has been the lack of an established consensus on the success of single-bundle reconstruction. HYPOTHESIS: The current outcomes of single-bundle reconstruction can be clarified from a large unbiased body of evidence for future comparisons with double-bundle reconstructions. STUDY DESIGN: Systematic review. METHODS: A systematic review of 11 randomized, controlled trials comparing patellar tendon and hamstring tendon grafting is reported. The respective outcomes of each group were combined to assist the orthopaedic surgeon in assessing the current success of single-bundle reconstruction. The primary factors assessed were tibial subluxation and side-to-side differences in laxity. Secondary outcomes included concomitant injuries and treatments, complications, graft failure, range of motion, and radiographic evidence of degenerative changes. RESULTS: In this review of 1024 single-bundle anterior cruciate ligament reconstructions, 495 concomitant meniscal tears, 95 chondral injuries, and 2 posterior cruciate ligament tears were noted. The complication rate was 6%, and graft failure 4%. Reported pivot-shift test results were negative in 81% of cases; reported Lachman tests were negative in 59% cases; and KT-1000 arthrometer side-to-side differences were <or= 5 mm in 86% of cases. Flexion and extension deficits were reported in 9 of 11 studies through mean range of motion or deficit ranges. Radiographic changes of articular surface abnormalities were observed in 7% of the knees at follow-up investigation. CONCLUSION: Systematic review of a significant body of unbiased outcome data on single-bundle anterior cruciate ligament reconstruction demonstrates it to be a safe, consistent surgical procedure affording reliable results. CLINICAL RELEVANCE: These results may be used to assist orthopaedic surgeons in evaluating the benefit and practicality of pursuing new anterior cruciate ligament reconstruction techniques over standard single-bundle anterior cruciate ligament reconstruction.",2008
166,18375277,2008 Apr,,Arthroscopy,"['Barber FA', 'Dockery WD']",Dockery WD,Long-term absorption of beta-tricalcium phosphate poly-L-lactic acid interference screws.,24,4,441-7,['English'],8506498,0749-8063,1526-3231,"['Journal Article', ""Research Support, Non-U.S. Gov't""]",PubMed - indexed for MEDLINE,ppublish,"['18375277', '10.1016/j.arthro.2007.10.004', 'S0749-8063(07)01002-X']",10.1016/j.arthro.2007.10.004,"['2007/07/11 00:00', '2007/09/24 00:00', '2007/10/07 00:00', '2008/04/01 09:00', '2008/05/01 09:00', '2008/04/01 09:00']",[],1,0,Arthroscopy : the journal of arthroscopic & related surgery : official publication of the Arthroscopy Association of North America and the International Arthroscopy Association,doi: 10.1016/j.arthro.2007.10.004,2008 Apr;24(4):441-7,"PURPOSE: The purpose of this study was to evaluate the long-term in vivo degradation of biodegradable interference screws made of poly-L-lactic acid (PLLA) and beta-tricalcium phosphate (beta-TCP). METHODS: Twenty patients undergoing patellar tendon autograft anterior cruciate ligament reconstruction fixed at both the femur and tibia with beta-TCP-PLLA screws at least 44 months earlier were evaluated by physical, radiographic, and computed tomography (CT) evaluations. This study was approved by the institutional review board. Lysholm, Tegner, Cincinnati, and International Knee Documentation Committee scores were also obtained. CT data were measured in Hounsfield units. RESULTS: We evaluated 13 male and 7 female patients at a mean of 50 months after surgery (range, 44 to 56 months). CT scans and radiographs showed the bone plug fused to the tunnel wall with no beta-TCP-PLLA screw remaining. The screws were replaced with clearly calcified non-trabecular material, denser than soft tissue. Osteoconductivity was present in 75% of the tunnels and complete in 10%. No positive pivot-shift tests were found. Lysholm, Tegner, and Cincinnati scores improved from 60.4, 3.7, and 53.3, respectively, preoperatively to 90.8, 5.8, and 86.4, respectively, at follow-up. The mean side-to-side difference determined by use of the KT arthrometer (MEDmetric, San Diego, CA) was 0.4 mm. CONCLUSIONS: The beta-TCP-PLLA interference screw (Bilok; ArthroCare, Sunnyvale, CA) completely degraded, and no remnant was present 4 years after insertion. Osteoconductivity was confirmed by CT scans at 75% of the screw sites and completely filled the site in 10%. The addition of beta-TCP to PLLA results in a biocomposite interference screw that is osteoconductive. LEVEL OF EVIDENCE: Level IV, therapeutic case series.",2008
167,18308180,2008 Mar,2007 Nov 5,Arthroscopy,"['Krych AJ', 'Jackson JD', 'Hoskin TL', 'Dahm DL']",Dahm DL,A meta-analysis of patellar tendon autograft versus patellar tendon allograft in anterior cruciate ligament reconstruction.,24,3,292-8,['English'],8506498,0749-8063,1526-3231,"['Comparative Study', 'Journal Article', 'Meta-Analysis', 'Systematic Review']",PubMed - indexed for MEDLINE,ppublish+epublish,"['18308180', '10.1016/j.arthro.2007.08.029', 'S0749-8063(07)00840-7']",10.1016/j.arthro.2007.08.029,"['2007/02/11 00:00', '2007/08/29 00:00', '2007/08/30 00:00', '2008/03/01 09:00', '2008/03/06 09:00', '2008/03/01 09:00']",['J Bone Joint Surg Am. 2016 May 18;98(10):872. doi: 10.2106/JBJS.16.00209. PMID: 27194499'],1,0,Arthroscopy : the journal of arthroscopic & related surgery : official publication of the Arthroscopy Association of North America and the International Arthroscopy Association,doi: 10.1016/j.arthro.2007.08.029,2008 Mar;24(3):292-8,"PURPOSE: Studies have suggested good long-term success rates with bone-patellar tendon-bone (BPTB) autograft and BPTB allograft in anterior cruciate ligament (ACL) reconstruction, but the numbers reported in available prospective studies may be underpowered to elucidate significant differences between the two groups. Here, we present a meta-analysis to compare the results of BPTB autograft and BPTB allograft in primary ACL reconstruction. METHODS: A systematic review of prospective trials using BPTB autograft and BPTB allograft tissue for ACL reconstruction with a minimum 2-year follow-up was performed. Summary odds ratios (ORs), confidence intervals, and P values were calculated. RESULTS: Of 548 studies, 6 fulfilled our inclusion criteria, with 256 patients in the autograft and 278 patients in the allograft group. Allograft patients were more likely to rupture their graft than autograft patients (OR, 5.03; P = .01) and more likely to have a hop test less than 90% of the nonoperative side (OR, 5.66; P < .01). When irradiated and chemically processed grafts were excluded from analysis, no significant differences were found between allograft and autograft patients with respect to graft rupture, rate of reoperation, normal/near normal IKDC scores, Lachman exam, pivot shift exam, patellar crepitus, hop test, or return to sport. CONCLUSIONS: In this meta-analysis, ACL reconstruction with BPTB autograft was favored over BPTB allograft for graft rupture and hop test parameters. However, when irradiated and chemically processed grafts were excluded, results were not significantly different between the two graft types. LEVEL OF EVIDENCE: Level III, systematic review of prospective nonrandomized cohort studies.",2008
168,17611848,2007 Jun,,Acta Orthop,"['Poolman RW', 'Farrokhyar F', 'Bhandari M']",Bhandari M,Hamstring tendon autograft better than bone patellar-tendon bone autograft in ACL reconstruction: a cumulative meta-analysis and clinically relevant sensitivity analysis applied to a previously published analysis.,78,3,350-4,['English'],101231512,1745-3674,,"['Comparative Study', 'Journal Article']",PubMed - indexed for MEDLINE,ppublish,"['17611848', '10.1080/17453670710013915', '780347015']",10.1080/17453670710013915,"['2007/07/06 09:00', '2007/09/20 09:00', '2007/07/06 09:00']",['Acta Orthop. 2007 Oct;78(5):705-7; author reply 707-8. doi: 10.1080/17453670710014455. PMID: 17966035'],1,0,Acta orthopaedica,,2007 Jun;78(3):350-4,"BACKGROUND: Current debate on treatment options for anterior cruciate ligament (ACL) reconstruction complicate the choice between hamstring and bone-patellar tendon-bone autografts. We hypothesized a priori that cumulative meta-analysis (a form of sensitivity analysis) might show that the evidence for reduction of morbidity by hamstring grafts could have been reached at an earlier time. Furthermore, we hypothesized a priori that modern state-of-the-art hamstring graft fixation technique would give similar results regarding stability as bone-patellar tendon-bone autografts. METHODS: We performed a cumulative meta-analysis and sensitivity analysis based on femoral graft fixation techniques to compare hamstring autograft and bone-patellar tendon-bone autografts in ACL reconstruction derived from a previously published meta-analysis. RESULTS: Cumulatively, that hamstring autograft reduces anterior knee pain had already reached statistical significance in 2001 (relative risk 0.49 (95%CI: 0.32-0.76; p = 0.001, I2 = 0%)). The modern endobutton hamstring graft fixation technique (2 studies) yielded similar stability in the Lachman test as bone-patellar tendon-bone grafts, with a relative risk of 1.1 (95%CI: 0.82-1.5; p = 0.6, I2 = 0%). Exclusion of the endobutton group explains the increased laxity in the hamstring graft group. INTERPRETATION: Cumulative meta-analysis strengthens the evidence for reduced morbidity using hamstring tendon autograft for anterior cruciate ligament reconstruction. Sensitivity analysis focusing on state-of-the-art hamstring graft fixation techniques further weakens the evidence that bone-patellar tendon-bone autografts provide better stability.",2007
169,17437083,2007 Jul,2007 Apr 17,Knee Surg Sports Traumatol Arthrosc,"['Prodromos C', 'Joyce B', 'Shi K']",Shi K,A meta-analysis of stability of autografts compared to allografts after anterior cruciate ligament reconstruction.,15,7,851-6,['English'],9314730,0942-2056,,"['Comparative Study', 'Journal Article', 'Meta-Analysis', 'Systematic Review']",PubMed - indexed for MEDLINE,ppublish+epublish,"['17437083', '10.1007/s00167-007-0328-6']",10.1007/s00167-007-0328-6,"['2007/01/18 00:00', '2007/02/28 00:00', '2007/04/18 09:00', '2007/10/19 09:00', '2007/04/18 09:00']",[],1,0,"Knee surgery, sports traumatology, arthroscopy : official journal of the ESSKA",,2007 Jul;15(7):851-6,"Allografts have recently become increasingly popular for anterior cruciate ligament reconstruction (ACLR) in the United States even though many studies have shown high allograft failure rates (Gorschewsky et al. in Am J Sports Med 33:1202, 2005; Pritchard et al. in Am J Sports Med 23:593, 2005; Roberts et al. in Am J Sports Med 19:35, 2006) and no meta-analysis or systematic review of allograft clinical stability rates in comparison to autog rafts has previously been performed. We hypothesized that allografts would demonstrate overall lower objective stability rates compared to autografts. To test this hypothesis we performed a meta-analysis of autograft and allograft stability data. A pubmed literature search of all allograft series in humans published in English was performed. Articles were then bibliographically cross-referenced to identify additional studies. Series inclusion criteria were arthrometric follow-up data using at least 30 lb or maximum manual force, stratified presentation of stability data and minimum two-year follow-up. Twenty allograft series were thus selected and compared to a previously published data set of all BPTB and Hamstring (HS) autograft ACLR series using the same study inclusion criteria and analytic and statistical methodology. IKDC standards of 0-2 mm (normal) and >5 mm (abnormal) side-to-side differences were adopted to compare studies. Normal stability for all autografts was 72 versus 59% for all allografts (P < 0.01). Abnormal stability was 5% for all autografts versus 14% for all allografts (P < 0.01). Bone-patellar-tendon-bone (BPTB) autograft normal stability was 66% versus 57% for BPTB allografts (P < 0.01). Abnormal BPTB autograft stability was 6 versus 16% for BPTB allograft. Hamstring autograft normal or abnormal stability rates were 77% and 4% and were compared to soft tissue allografts as a group which were 64% and 12% (P < 0.01). This is the first meta-analysis comparing autograft to allograft stability in ACLR. Allografts had significantly lower normal stability rates than autografts. The allograft abnormal stability rate, which usually represents graft failure, was significantly higher than that of autografts: nearly three times greater. It would therefore appear that autografts are the graft of choice for routine ACLR with allografts better reserved for multiple ligament-injured knees where extra tissue may be required.",2007
170,16904577,2006 Aug,,Arthroscopy,"['Barber FA', 'Dockery WD']",Dockery WD,Long-term absorption of poly-L-lactic Acid interference screws.,22,8,820-6,['English'],8506498,0749-8063,1526-3231,"['Journal Article', ""Research Support, Non-U.S. Gov't""]",PubMed - indexed for MEDLINE,ppublish,"['16904577', '10.1016/j.arthro.2006.04.096', 'S0749-8063(06)00610-4']",10.1016/j.arthro.2006.04.096,"['2005/12/11 00:00', '2006/04/14 00:00', '2006/04/17 00:00', '2006/08/15 09:00', '2006/09/08 09:00', '2006/08/15 09:00']",[],1,0,Arthroscopy : the journal of arthroscopic & related surgery : official publication of the Arthroscopy Association of North America and the International Arthroscopy Association,,2006 Aug;22(8):820-6,"PURPOSE: To evaluate the long term in vivo degradation of poly-L-lactic acid (PLLA) interference screws with computed tomography (CT) and radiography as used in patellar tendon autograft anterior cruciate ligament (ACL) reconstruction. METHODS: A total of 20 patients who had undergone patellar tendon autograft ACL reconstruction fixed with PLLA screws at least 7 years earlier were evaluated by physical examination, radiography, and CT to determine whether PLLA screw reabsorption and bone ingrowth had occurred. This study was granted Institutional Review Board approval. Lysholm, Tegner, Cincinnati, and International Knee Documentation Committee (IKDC) scores were obtained. CT data were measured in Hounsfield units. RESULTS: In all, 15 men and 5 women were evaluated 104 months after surgery (range, 89 to 124 months). CT and radiography demonstrated that the bone plug had fused to the tunnel wall, and that no intact interference screw was left. A parallel, threaded, and corticated screw tract was visible adjacent to the bone plug. No bone ingrowth had occurred at the screw site, although, occasionally, minimal calcification was seen. This was never as dense as cancellous bone, and no trabeculae were ever present. No positive pivot-shift test results were obtained. Lysholm, Tegner, and Cincinnati scores were 83, 5.6, and 75, respectively, at follow-up. Average KT difference was 0.7 mm. DISCUSSION: PLLA interference screws completely degraded, and the resulting area demonstrated a low Hounsfield count, consistent with soft tissue 7 years after insertion. No significant bone ingrowth occurred at the screw site. Femoral and tibial ACL tunnels were absent of anything but fibrous tissue and usually had a sclerotic cortical lining. CONCLUSION: PLLA biodegradable ACL screws eventually disappear completely. PLLA material is not replaced by bone. ACL graft tunnels are filled with nonossified material. This study provides a baseline for comparison with other biodegradable interference screws that may encourage bone ingrowth as they degrade. LEVEL OF EVIDENCE: Level IV (no or historical control).",2006
171,16878773,2005 Oct-Dec,,Chir Organi Mov,"['Iorio R', 'Ciardini R', 'Russo A', 'Conteduca F', 'Ferretti A']",Ferretti A,Reconstruction of the anterior cruciate ligament with the tendons of the semitendinosus and gracilis doubled: a comparison with reconstruction using the patellar tendon.,90,4,379-86,"['English', 'Italian']",0372573,0009-4749,,"['Comparative Study', 'Journal Article']",PubMed - indexed for MEDLINE,ppublish,['16878773'],,"['2006/08/02 09:00', '2006/09/29 09:00', '2006/08/02 09:00']",[],1,0,La Chirurgia degli organi di movimento,,2005 Oct-Dec;90(4):379-86,"A total of sixty consecutive cases of anterior chronic laxity of the knee the pre- and intraoperative features of which corresponded to the criteria of inclusion considered, hospitalized in our institute between September and December 1998 and submitted to reconstruction of the ACL were reviewed at a follow-up of 74 months. The series was made up of two groups that were homogeneous in terms of sex, age, degree of preoperative laxity and number and type of associated meniscal lesions; in the first group (20 cases) reconstruction was carried out using the patellar tendon (BPTB) and in the other (40 cases) the doubled semitendinosus and gracilis tendons (DGST) were used with the association in cases with greater rotatory laxity (20 cases) of peripheral reinforcement reconstruction. An accelerated rehabilitation protocol was used in the first group, a more prudent one with immobilization in extension for two weeks was used in the second group. The results, evaluated based on the IKDC form, appeared to be better in the DGST group, with a statistically significant difference; joint stability, evaluated at follow-up with a KT1000 arthrometer also proved to be better in the DGST group, with a difference that was not statistically significant. The present study seems to show that reconstruction of the ACL with DGST, a prudent rehabilitation protocol and peripheral reinforcement reconstruction in selected cases is capable of providing better long-term results as compared to standard reconstruction with the patellar tendon and accelerated rehabilitation protocol. Among methods used to reconstruct the anterior cruciate ligament (ACL), those that utilize the central third of the patellar tendon (BPTB) or the semitendinosus and gracilis tendons (DGST) continue to be those used most frequently. Although the debate between orthopedics is still going on as to which of the two methods is to be preferred, studies that compare the two methods do not seem to report essential differences in medium-term results. In a recent meta-analysis of the most important international literature, to this regard Freedman et al. concluded that despite a significant major presence of anterior pain reconstruction with BPTB is capable of guaranteeing better joint stability and patient satisfaction, with a minor incidence of transplant failure. Nonetheless, if methods of reconstruction with BPTB seem to be rather standardized in terms of the method used to obtain the specimen and that used for stabilization (with very few differences between interference screws and transverse stabilization), and in postoperative rehabilitation (so-called accelerated), when DGST is used there are many technical variables capable of influencing the final results (choice of methods of stabilization, postoperative rehabilitation in particular). For this reason we still cannot obtain an absolute comparison of the two methods, but can only compare reconstruction with BPTB and a particular method used with DGST. It is the purpose of this study to present the medium-term results not so much of ACL reconstruction with the semitendinosus and gracilis doubled, but as a more articulate approach to the pathology of the ACL, so that DGST is only one phase, even if it is the most important one. Because we wished to verify whether it is possible, even in terms of joint stability and patient satisfaction, to improve the results of the so-called gold standard for reconstruction of the ACL, reconstruction by BPTB with transverse femoral reconstruction and accelerated postoperative rehabilitation protocol was chosen as a term of paragon.",2005
172,16603564,2006 Apr 29,2006 Apr 7,BMJ,"['Biau DJ', 'Tournoux C', 'Katsahian S', 'Schranz PJ', 'Nizard RS']",Nizard RS,Bone-patellar tendon-bone autografts versus hamstring autografts for reconstruction of anterior cruciate ligament: meta-analysis.,332,7548,995-1001,['English'],8900488,0959-8138,1756-1833,"['Comparative Study', 'Journal Article', 'Meta-Analysis']",PubMed - indexed for MEDLINE,ppublish+epublish,"['16603564', 'PMC1450040', 'pmc-id: PMC1450040;', '10.1136/bmj.38784.384109.2F', 'bmj.38784.384109.2F']",10.1136/bmj.38784.384109.2F,"['2006/04/11 09:00', '2006/05/13 09:00', '2006/04/11 09:00', '2006/04/29 00:00']","['BMJ. 2006 May 13;332(7550):1153; author reply 1153. doi: 10.1136/bmj.332.7550.1153-a. PMID: 16690679', 'BMJ. 2006 May 13;332(7550):1153; author reply 1153. doi: 10.1136/bmj.332.7550.1153. PMID: 16690680']",1,32,BMJ (Clinical research ed.),,2006 Apr 29;332(7548):995-1001,"OBJECTIVES: To compare bone-patellar tendon-bone autografts with hamstring autografts for reconstruction of the anterior cruciate ligament. DATA SOURCES: Medline, WebSPIRS, Science Citation Index, Current Contents databases, and Cochrane Central Register of Controlled Trials. Review methods All randomised controlled trials reporting one or more outcome related to stability (instrumented measurement of knee laxity, Lachman test, or pivot shift test) and morbidity (anterior knee pain, kneeling test, loss of extension, or graft failure). Study quality was assessed by using a 5 point scale. Random effect models were used to pool the data. Heterogeneity in the effect of treatment was tested on the basis of study quality, randomisation status, and number of tendon strands used. RESULTS: 24 trials of 18 cohorts (1512 patients) met the inclusion criteria. Study quality was poor for nine studies and fair for nine studies. The weighted mean difference of the instrumented measurement of knee laxity was 0.36 (95% confidence interval 0.01 to 0.71; P = 0.04). Relative risk of a positive Lachman test was 1.22 (1.01 to 1.47; P = 0.04), of anterior knee pain 0.57 (0.44 to 0.74; P < 0.0001), of a positive kneeling test 0.26 (0.14 to 0.48; P < 0.0001), and of loss of extension 0.52 (0.34 to 0.80; P = 0.003). Other results were not significant. CONCLUSION: Morbidity was lower for hamstring autografts than for patellar tendon autografts. Evidence that patellar tendon autografts offer better stability was weak. The poor quality of the studies calls into question the robustness of the analyses.",2006
173,16399931,2006 May,2006 Jan 6,Am J Sports Med,"['Salmon LJ', 'Russell VJ', 'Refshauge K', 'Kader D', 'Connolly C', 'Linklater J', 'Pinczewski LA']",Pinczewski LA,Long-term outcome of endoscopic anterior cruciate ligament reconstruction with patellar tendon autograft: minimum 13-year review.,34,5,721-32,['English'],7609541,0363-5465,,"['Journal Article', ""Research Support, Non-U.S. Gov't""]",PubMed - indexed for MEDLINE,ppublish+epublish,"['16399931', '10.1177/0363546505282626', '0363546505282626']",10.1177/0363546505282626,"['2006/01/10 09:00', '2006/10/05 09:00', '2006/01/10 09:00']",['Am J Sports Med. 2007 Mar;35(3):493; author reply 493. doi: 10.1177/0363546506298111. PMID: 17192321'],1,0,The American journal of sports medicine,,2006 May;34(5):721-32,"BACKGROUND: Short-term results of anterior cruciate ligament reconstruction are well reported; however, there are no studies evaluating endoscopic reconstruction of the anterior cruciate ligament with a minimum 10-year follow-up. HYPOTHESIS: Anterior cruciate ligament reconstruction with patellar tendon graft affords good subjective results and clinical laxity assessments but may be associated with development of osteoarthritis over the long term. STUDY DESIGN: Case series; Level of evidence, 4. METHODS: Endoscopic anterior cruciate ligament reconstruction was performed in 67 consecutive patients without significant articular surface damage. Patients were assessed at 5, 7, and 13 years after surgery with the International Knee Documentation Committee Knee Ligament Evaluation Form, Lysholm knee score, hop tests, kneeling pain, and radiographs. RESULTS: At 13-year review, self-reported assessments remained excellent; 96% of patients reported normal or nearly normal knee function. Grade 0 or 1 results were seen in more than 92% of patients on laxity testing. Patients who had undergone meniscectomy at the time of reconstruction had increased laxity between 7 and 13 years on instrumented testing (P = .03) and 6 times greater odds of anterior cruciate ligament graft rupture than if they had not undergone meniscectomy (95% confidence interval, 1-37). Degenerative changes on radiographs were found in 79% of patients at 13 years and were associated with meniscectomy (P = .006), loss of extension (P = .05), and greater laxity on Lachman test (P = .04). CONCLUSIONS: Endoscopic anterior cruciate ligament reconstruction with patellar tendon autograft affords and maintains good self-reported assessments and clinical ligament evaluation up to 13 years. Radiographic degenerative changes were seen in three quarters of patients. Almost half developed loss of extension, suggesting onset of early osteoarthritis. Patients who had undergone meniscectomy at the time of reconstruction had increased clinical ligament laxity over time and greater odds of graft rupture, possibly reflecting the effect of prolonged increased strain on the graft. Continued follow-up is required to resolve concerns regarding integrity of the patellar tendon graft beyond 13 years, particularly in the absence of meniscal tissue.",2006
174,16226648,2005 Oct,,Arthroscopy,"['Prodromos CC', 'Joyce BT', 'Shi K', 'Keller BL']",Keller BL,A meta-analysis of stability after anterior cruciate ligament reconstruction as a function of hamstring versus patellar tendon graft and fixation type.,21,10,1202,['English'],8506498,0749-8063,1526-3231,"['Journal Article', 'Meta-Analysis']",PubMed - indexed for MEDLINE,ppublish,"['16226648', '10.1016/j.arthro.2005.08.036', 'S0749-8063(05)01270-3']",10.1016/j.arthro.2005.08.036,"['2005/04/08 00:00', '2005/07/16 00:00', '2005/08/22 00:00', '2005/10/18 09:00', '2006/03/21 09:00', '2005/10/18 09:00']",[],1,0,Arthroscopy : the journal of arthroscopic & related surgery : official publication of the Arthroscopy Association of North America and the International Arthroscopy Association,,2005 Oct;21(10):1202,"PURPOSE: Four-strand hamstring graft (4HS) is stronger than 10-mm bone-patellar tendon-bone graft (BPTB) and has equal tunnel pullout strength, but is believed by some to produce lower rates of stability after anterior cruciate ligament reconstruction (ACLR). Our purpose was to test the hypothesis that 4HS ACLR with modern fixation would produce equal or greater stability than BPTB ACLR. TYPE OF STUDY: Meta-analysis. METHODS: A computer search was used to find all published reports of ACLR series using HS and/or BPTB. Inclusion criteria were minimum 24-month follow-up, stratified presentation of arthrometric stability data, and at least 30-lb arthrometric testing force. Twenty-four 4HS, 8 2-strand hamstring (2HS), and 32 BPTB series met these criteria and were subdivided into groups according to fixation type. We used the International Knee Documentation Committee classification of a side-to-side instrumented Lachman test difference of < or = 2 mm as normal stability, and > 5 mm difference as abnormal stability. Series with at least 80% normal and at most 3% abnormal stability were designated as high-stability. Meta-analytic methods were used to determine group level differences. RESULTS: Total 4HS had a higher normal stability rate than total BPTB: 77% versus 66%, P < .001; and lower abnormal stability: 4.4% versus 5.9%, P = .029. The 4HS ACLR using the EndoButton (Smith & Nephew Endoscopy, Andover, MA) and second-generation tibial fixation (EB2-4HS) had higher normal stability (80%) and lower abnormal stability (1.7%) than all other subgroups, including BPTB with 2 interference screws (70% normal, 5.0% abnormal) P < .001; 84% of the series in the EB2-4HS group were high-stability series. No more than 33% of the series from any other group were high-stability. CONCLUSIONS: The recent literature would suggest that 4HS ACLR produces higher stability rates than BPTB, that 4HS stability rates are fixation dependent, that aperture fixation offers no stability advantage, and that EndoButton with second-generation tibial fixation produces consistently high stability rates. LEVEL OF EVIDENCE: Level IV.",2005
175,16084292,2005 Aug,,Arthroscopy,"['Salmon L', 'Russell V', 'Musgrove T', 'Pinczewski L', 'Refshauge K']",Refshauge K,Incidence and risk factors for graft rupture and contralateral rupture after anterior cruciate ligament reconstruction.,21,8,948-57,['English'],8506498,0749-8063,1526-3231,"['Comparative Study', 'Journal Article']",PubMed - indexed for MEDLINE,ppublish,"['16084292', '10.1016/j.arthro.2005.04.110', 'S0749-8063(05)00554-2']",10.1016/j.arthro.2005.04.110,"['2005/08/09 09:00', '2006/03/21 09:00', '2005/08/09 09:00']",[],1,0,Arthroscopy : the journal of arthroscopic & related surgery : official publication of the Arthroscopy Association of North America and the International Arthroscopy Association,,2005 Aug;21(8):948-57,"PURPOSE: The aim of this study was to determine the rates of contralateral anterior cruciate ligament (ACL) rupture and of ACL graft rupture after ACL reconstruction using either patellar tendon or hamstring tendon autograft, and to identify any patient characteristics that may increase this risk. TYPE OF STUDY: Case series. METHODS: Over a 2-year period, 760 endoscopic ACL reconstructions were performed in 743 patients. Bone-patellar tendon-bone autograft was used in 316 patients and 4-strand hamstring tendon in 427 patients. Those patients with a previous contralateral ACL rupture or those who underwent a simultaneous bilateral ACL reconstruction were excluded, leaving 675 knees (675 patients) for review. Persons not involved in the index operation or the care of the patient conducted follow-up assessment by telephone interview conducted 5 years after surgery. Patients were questioned about the incidence of ACL graft rupture, contralateral ACL rupture, symptoms of instability or significant injury, family history of ACL injury, and activity level according to the International Knee Documentation Committee scale. From our prospective database we obtained further information on graft source, meniscal or articular surface injury, and gender. Binary logistic regression was used to measure the relative association between the measured variables and the risk of graft rupture and contralateral ACL rupture. RESULTS: Five years after primary ACL reconstruction, 612 of the 675 patients (90.7%) were assessed. ACL graft rupture occurred in 39 patients (6%) and contralateral ACL rupture occurred in 35 patients (6%). Three patients suffered both a graft rupture and a contralateral ACL injury. The odds of ACL graft rupture were increased 3-fold by a contact mechanism of initial injury. Return to level 1 or 2 sports increased the risk of contralateral ACL injury by a factor of 10. The risk of sustaining an ACL graft rupture was greatest in the first 12 months after reconstruction. No other studied variable increased the risk of repeat ACL injury. CONCLUSIONS: After reconstruction, repeat ACL injury occurred in 12% of patients over 5 years. Twelve months after reconstruction, the ACL graft is at no greater risk than the contralateral ACL, suggesting that adequate graft and muscular function for most activities is achieved by this time. Risk factors for repeat ACL injury identified included a return to competitive side-stepping, pivoting, or jumping sports, and the contact mechanism of the index injury. Female patients were at no greater risk of repeat ACL injury than male patients and graft choice did not affect the rate of repeat ACL injury. LEVEL OF EVIDENCE: Level IV, case series.",2005
176,16012491,2005 Jul,,Arthroscopy,"['Goldblatt JP', 'Fitzsimmons SE', 'Balk E', 'Richmond JC']",Richmond JC,Reconstruction of the anterior cruciate ligament: meta-analysis of patellar tendon versus hamstring tendon autograft.,21,7,791-803,['English'],8506498,0749-8063,1526-3231,"['Comparative Study', 'Journal Article', 'Meta-Analysis', 'Systematic Review']",PubMed - indexed for MEDLINE,ppublish,"['16012491', '10.1016/j.arthro.2005.04.107', 'S0749806305005517']",10.1016/j.arthro.2005.04.107,"['2005/07/14 09:00', '2006/02/16 09:00', '2005/07/14 09:00']",[],1,0,Arthroscopy : the journal of arthroscopic & related surgery : official publication of the Arthroscopy Association of North America and the International Arthroscopy Association,,2005 Jul;21(7):791-803,"PURPOSE: No graft tissue has consistently shown superiority over others for reconstruction of the anterior cruciate ligament (ACL). Bone-patellar tendon-bone (BPTB) and doubled hamstring tendon (semitendinosus and gracilis) (HT) are the most commonly used autologous grafts. We performed a meta-analysis to compare the effectiveness of ACL reconstruction using either BPTB or HT grafts. TYPE OF STUDY: Systematic review and meta-analysis. METHODS: We searched the MEDLINE database (1966 to April 2003) for English-language randomized or prospective studies comparing BPTB and 3- or 4-strand HT grafts used for ACL reconstruction. For inclusion, studies were required to follow identical rehabilitation protocols within each study, and provide subjective or objective outcome data after a minimum average 2-year follow-up. Comparison data between BPTB and HT for each identified outcome measure were combined using a random-effects model meta-analysis. RESULTS: Eleven reports fulfilled the criteria for inclusion. Outcomes favoring BPTB were found in the following outcome measures: normal Lachman examination (relative risk [RR], 0.91; 95% confidence interval [CI], 0.83-0.99; P = .025), normal pivot-shift (RR, 0.94; 95% CI, 0.88-1.0; P = .067), KT-1000 manual-maximum side-to-side difference of < or = 3 mm (RR, 0.75; 95% CI, 0.55-1.01; P = .057), and fewer reconstructions resulting in flexion loss > 5 degrees (RR, 1.41; 95% CI, 1.01-1.96; P = .04). Intermediate level laxity was more common with the HT graft, as shown by higher rates of abnormal Lachman > 0 (RR, 1.22; 95% CI, 0.99-1.5; P = .06), pivot-shift > 0 (RR, 1.3; 95% CI, 0.96-1.75; P = .09), and KT-1000 manual-maximum side-to-side differences > 3 mm (RR, 1.64; 95% CI, 1.13-2.39; P = .01). Outcome measures that favored HT were absence of patellofemoral crepitance (RR, 1.08; 95% CI, 1.01-1.15; P = .03), fewer results with extension loss > 5 degrees (RR, 0.56; 95% CI, 0.3-1.03; P = .06), and kneeling pain. The incidence of instability, as defined by Lachman grade 2, pivot-shift grade 2, or KT-1000 manual-maximum side-to-side difference > 5 mm, was not significantly different between the 2 grafts. All other outcome measures were not significantly different. CONCLUSIONS: The data presented in this meta-analysis show that the incidence of instability is not significantly different between the BPTB and HT grafts. However, BPTB was more likely to result in reconstructions with normal Lachman, normal pivot-shift, KT-1000 manual-maximum side-to-side difference < 3 mm, and fewer results with significant flexion loss. In contrast, HT grafts had a reduced incidence of patellofemoral crepitance, kneeling pain, and extension loss. The choice of graft by the patient and surgeon must be individualized, and the results of this meta-analysis can aid in the decision by clarifying the risks and benefits of each surgical approach. LEVEL OF EVIDENCE: Level I.",2005
177,16002487,2005 Sep,2005 Jul 7,Am J Sports Med,"['Roe J', 'Pinczewski LA', 'Russell VJ', 'Salmon LJ', 'Kawamata T', 'Chew M']",Chew M,A 7-year follow-up of patellar tendon and hamstring tendon grafts for arthroscopic anterior cruciate ligament reconstruction: differences and similarities.,33,9,1337-45,['English'],7609541,0363-5465,,"['Comparative Study', 'Journal Article']",PubMed - indexed for MEDLINE,ppublish+epublish,"['16002487', '10.1177/0363546504274145', '0363546504274145']",10.1177/0363546504274145,"['2005/07/09 09:00', '2005/12/24 09:00', '2005/07/09 09:00']",[],1,0,The American journal of sports medicine,,2005 Sep;33(9):1337-45,"BACKGROUND: For arthroscopic anterior cruciate ligament reconstruction, the most commonly used graft constructs are either the hamstring tendon or patellar tendon. Well-controlled, long-term studies are needed to determine the differences between the 2 materials. HYPOTHESIS: There is a difference between hamstring and patellar tendon grafts in the clinical results of anterior cruciate ligament reconstructions at 7 years. STUDY DESIGN: Cohort study; Level of evidence, 2. METHODS: Two groups of 90 patients each, consecutively treated with hamstring or patellar tendon grafts, were followed and assessed at 1, 2, 5, and 7 years after surgery. RESULTS: At the 7-year review, abnormal radiographic findings were seen in 45% (24/53) of the patellar tendon group and in 14% (7/51) of the hamstring tendon group (P = .002). Although there was no significant difference between the groups in extension deficit (P = .22), the percentage of patients with an extension deficit increased significantly in the patellar tendon group from 8% at 1 year to 25% at 7 years (P = .02). No significant change was seen in the hamstring tendon group over time (P = .20). There was no significant difference in laxity between the groups on Lachman (P = .44), pivot-shift (P = .39), or instrumented (P = .44) testing. Graft rupture occurred in 4 patients from the patellar tendon group and in 9 patients from the hamstring tendon group (P = .15). Both autografts gave excellent subjective results, as evidenced by the International Knee Documentation Committee evaluation and Lysholm knee scores at 7 years. CONCLUSIONS: Both hamstring and patellar tendon grafts provided good subjective outcomes and objective stability at 7 years. No significant differences in the rate of graft rupture or contralateral anterior cruciate ligament rupture were identified. Patients with patellar tendon grafts had a greater prevalence of osteoarthritis at 7 years after surgery; therefore, the authors preferred hamstring tendons as the primary graft choice in anterior cruciate ligament reconstructions.",2005
178,15911297,2005 Jun,,Knee,"['Forster MC', 'Forster IW']",Forster IW,Patellar tendon or four-strand hamstring? A systematic review of autografts for anterior cruciate ligament reconstruction.,12,3,225-30,['English'],9430798,0968-0160,,"['Comparative Study', 'Journal Article', 'Systematic Review']",PubMed - indexed for MEDLINE,ppublish,"['15911297', '10.1016/j.knee.2004.06.008', 'S0968-0160(04)00147-4']",10.1016/j.knee.2004.06.008,"['2004/03/01 00:00', '2004/06/24 00:00', '2005/05/25 09:00', '2005/12/13 09:00', '2005/05/25 09:00']",[],1,0,The Knee,,2005 Jun;12(3):225-30,"The choice of graft for anterior cruciate ligament reconstruction remains controversial. A systematic review was performed to compare bone-patella tendon-bone and four-strand hamstring grafts. Medline (1966 onwards), EMBASE (1980 onwards) and the Cochrane database were searched retrieving 6312 possible articles, but only 6 studies fulfilled all the inclusion criteria. To be included, the study had to be prospective, randomised or quasi-randomised, comparing 4SHS and central third BPTB autografts, inserted using an arthroscopically assisted technique and have a minimum 2-year follow-up for all patients. These studies recruited 526 patients, and 475 were followed for at least 2 years with 235 patients receiving a bone-patella tendon-bone graft and 240 receiving a four-strand hamstring graft. Overall, there was a greater chance of extension loss (p=0.007) and a trend towards increased patellofemoral joint pain (p=0.09) with a patella tendon graft. With a four-strand hamstring graft, there is a greater loss of hamstring power (p=0.008) and a trend towards an increased chance of a pivot shift >1 (p=0.12). There was no difference between the two groups in terms of Lachman testing, chance of returning to the same level of sport, clinical knee scores, graft ruptures or other complications.",2005
179,15800521,2005 Apr,,Arthroscopy,"['Grossman MG', 'ElAttrache NS', 'Shields CL', 'Glousman RE']",Glousman RE,Revision anterior cruciate ligament reconstruction: three- to nine-year follow-up.,21,4,418-23,['English'],8506498,0749-8063,1526-3231,['Journal Article'],PubMed - indexed for MEDLINE,ppublish,"['15800521', '10.1016/j.arthro.2004.12.009', 'S0749806304013970']",10.1016/j.arthro.2004.12.009,"['2005/04/01 09:00', '2006/02/16 09:00', '2005/04/01 09:00']",[],1,0,Arthroscopy : the journal of arthroscopic & related surgery : official publication of the Arthroscopy Association of North America and the International Arthroscopy Association,,2005 Apr;21(4):418-23,"PURPOSE: With the increasing number of primary anterior cruciate ligament (ACL) reconstructions, revisions are more frequent. The literature quotes inferior results for revision cases when compared with primary ACL reconstruction. The purpose of the study was to review our institution's experience with revision ACL reconstruction. TYPE OF STUDY: Retrospective case series. METHODS: Thirty-five revision cases were performed between 1993 and 1999. Twenty-nine were available for follow-up. Subjective scores were calculated for Lysholm, Tegner, and International Knee Documentation Committee (IKDC) forms. Objective IKDC scores were determined. KT-1000 measurements were performed as well as isokinetic strength testing of quadriceps and hamstrings. Plain film radiographs were obtained to assess degenerative changes. RESULTS: The average patient age at time of revision was 30.2 years, the average time to revision was 56 months, the follow-up from last revision was 67 months. Twenty-two patients had bone-patellar tendon-bone (BPTB) allograft, 6 had contralateral BPTB autograft, and 1 patient had Achilles allograft. Overall, KT-1000 measurement showed an average of 2.78 mm side-to-side difference of displacement. The allograft versus the autograft group was 3.21 mm versus 1.33 mm, respectively. Prerevision data were unavailable. However, all patients had a positive pivot-shift test before revision. Average postrevision Lysholm, Tegner, and subjective IKDC scores were 86.6, 11.86, and 85.86, respectively. Concerning the IKDC objective scores, 15 patients had an A score, 8 had a B score, and 4 had a C score. All 29 patients available for follow-up reported that they would have the surgery again. The average strength of quadriceps and hamstrings ranged from 82% to 88% of uninvolved side. CONCLUSIONS: This study provides long-term follow-up with good results for revision ACL reconstruction. Attention to principles when performing revision ACL surgery is critical to provide satisfactory results. LEVEL OF EVIDENCE: Level IV.",2005
180,15572332,2004 Dec,,Am J Sports Med,"['Spindler KP', 'Kuhn JE', 'Freedman KB', 'Matthews CE', 'Dittus RS', 'Harrell FE Jr']",Harrell FE Jr,Anterior cruciate ligament reconstruction autograft choice: bone-tendon-bone versus hamstring: does it really matter? A systematic review.,32,8,1986-95,['English'],7609541,0363-5465,,"['Journal Article', 'Systematic Review']",PubMed - indexed for MEDLINE,ppublish,"['15572332', '10.1177/0363546504271211']",10.1177/0363546504271211,"['2004/12/02 09:00', '2005/03/18 09:00', '2004/12/02 09:00']",[],1,0,The American journal of sports medicine,,2004 Dec;32(8):1986-95,"Anterior cruciate ligament graft choice is controversial, with no evidence-based consensus available to guide decision making. The study design was evidence-based medicine systematic review of randomized controlled trials evaluating patellar tendon versus hamstring tendon autografts. A literature review identified 9 randomized controlled trials comparing patellar tendon and hamstring tendon autografts. An evidence-based systematic review was performed. Objective and subjective outcomes of interest included surgical technique, rehabilitation, instrumented laxity, isokinetic strength, patellofemoral pain, return to preinjury activity, and Tegner, Lysholm, Cincinnati, and International Knee Documentation Committee-1991 scores. Additional surgery, graft failure, and complications were reviewed. Slight increased laxity on arthrometer testing was seen in the hamstring population in 3 of 7 studies. Pain with kneeling was greater for the patellar tendon population in 4 of 4 studies. Only 1 of 9 studies showed increased anterior knee pain in the patellar tendon group. Frequency of additional surgery seemed to be related to the fixation method and not graft type. No study reported a significant difference in graft failure between patellar tendon and hamstring tendon autografts. Objective differences (range of motion, isokinetic strength, arthrometer testing) were not detected between groups in the majority of studies, suggesting that their sensitivity to detect clinical outcomes may be limited. Increased kneeling pain in the patellar tendon group was seen consistently in the studies evaluated. Subjective differences in anterior knee pain or return-to-activity level were not consistently observed in these studies. With numbers available, failure rates were not significantly different between groups. These findings suggest that graft type may not be the primary determinant for successful outcomes after anterior cruciate ligament surgery.",2004
181,12735201,2003 Jan,,Orthop Clin North Am,"['Paessler HH', 'Mastrokalos DS']",Mastrokalos DS,"Anterior cruciate ligament reconstruction using semitendinosus and gracilis tendons, bone patellar tendon, or quadriceps tendon-graft with press-fit fixation without hardware. A new and innovative procedure.",34,1,49-64,['English'],0254463,0030-5898,,"['Journal Article', 'Review']",PubMed - indexed for MEDLINE,ppublish,"['12735201', '10.1016/s0030-5898(02)00070-6', 'S0030-5898(02)00070-6']",10.1016/s0030-5898(02)00070-6,"['2003/05/09 05:00', '2003/05/14 05:00', '2003/05/09 05:00']",[],1,0,The Orthopedic clinics of North America,,2003 Jan;34(1):49-64,"BONE--PATELLAR TENDON: The ""no hardware"" technique for ACL reconstruction is a new method that offers many advantages and is straightforward to perform. Its main innovative feature is that it does not require bone-block harvesting from the patella. This reduces donor site morbidity and prevents patellar fractures. The bone tunnels are made using tube harvesters and compaction drilling. This minimizes trauma and obviates the risk of bone necrosis. The articular entrance of the tibial tunnel is completely occupied by the grafts. This prevents a windshield-wiper effect and synovial fluid ingress into the tunnel, and enhances graft incorporation. The fact that no hardware is used with both patellar tendon or hamstring grafts significantly reduces the overall cost of the operation and facilitates revision surgery. The quadriceps tendon is also a very good graft. It is thick and has good biomechanical properties and low donor site morbidity. Its disadvantages are: weakness of quadriceps after the operation, an unsightly scar, and some difficulty in graft harvesting [58]. Also, postoperative MRI is not fraught with the problem of metal artifacts. It is difficult to decide which of the methods currently available for ACL reconstruction is the best because most of them give satisfactory results. In the future, assessments of knee ligament reconstruction techniques should look at long-term stability combined with low complication rates. Ease of revision surgery and low cost should also be taken into consideration, given the large annual volume of knee ligament reconstructions (50,000 in the United States alone) [59]. We believe that our technique addresses most of these issues, and that it constitutes a useful alternative method for ACL reconstruction. SEMITENDINOSUS--GRACILIS: This technique, which was used with 915 patients from June 1998 to February 2002, shows a particularly low rate of postoperative morbidity. The reason is probably to be found in the ""waterproofing"" of the bone tunnels, which lead to less postoperative bleeding and swelling. No drains were used. Rehabilitation follows the same protocol as used for the reconstruction using patellar tendon grafts (accelerated/functional). As expected, there was no widening of the femoral tunnels and little widening of the tibial tunnels. Interestingly, tibial tunnel enlargement was significantly less in a nonaccelarated rehabilitation group than in the accelerated group [60] without affecting stability. The measured internal torque of the hamstrings, as well as their flexion force, already had returned to normal 12 months postoperatively. In a prospective randomized (unpublished) study comparing this technique with ACL reconstruction with BPT grafts with medial or lateral third with only one bone plug (from the tibial tuberosity, see technique described above), we found no significant difference between both groups in subjective scores, stability, KT-1000 values, Tegner activity score, and IKDC at 1-year follow-up. Only the results of kneeling and knee walking testing were significantly better in the hamstring group [61]. In summary, the advantages of this presented technique are: (1) the knot of the graft is close proximally to the anatomic site of the insertion of the ACL, thus avoiding the Bungee effect.; (2) the press-fit tunnel fixation prevents synovial fluid entering the bone tunnels, windshield-wiper effect, and longitudinal motion within the tunnel; the intensive contact between the bony wall of the tunnel and graft collagen over a long distance without any suture material results in quick and complete graft incorporation; and (3) no fixation material means no hardware problems, facilitates revision surgery, and lowers overall costs.",2003
182,12724673,2003 May-Jun,,Arthroscopy,"['Chang SK', 'Egami DK', 'Shaieb MD', 'Kan DM', 'Richardson AB']",Richardson AB,Anterior cruciate ligament reconstruction: allograft versus autograft.,19,5,453-62,['English'],8506498,0749-8063,1526-3231,"['Comparative Study', 'Evaluation Study', 'Journal Article', 'Review']",PubMed - indexed for MEDLINE,ppublish,"['12724673', '10.1053/jars.2003.50103', 'S0749806303001154']",10.1053/jars.2003.50103,"['2003/05/02 05:00', '2003/12/05 05:00', '2003/05/02 05:00']",[],1,0,Arthroscopy : the journal of arthroscopic & related surgery : official publication of the Arthroscopy Association of North America and the International Arthroscopy Association,,2003 May-Jun;19(5):453-62,"PURPOSE: This study was performed to compare the minimal 2-year outcome of anterior cruciate ligament (ACL) reconstruction using bone-patellar tendon-bone (BPTB) allografts versus autografts, both augmented with an iliotibial band tenodesis. TYPE OF STUDY: Retrospective review. METHODS: Forty-six of 52 BPTB ACL reconstructions using allografts and 33 of 37 BPTB ACL reconstructions using autografts were followed up at a mean of 2.75 and 3.36 years, respectively. All patients had an iliotibial band tenodesis. Evaluations included the Lysholm II scale, a questionnaire, physical examination findings, and KT-1000 arthrometry. RESULTS: No statistically significant differences were seen between groups in Lysholm II scores or in any subjective category. Most patients (91% allograft; 97% autograft) had good to excellent Lysholm II scores. Sixty-five percent of allograft patients and 73% of autograft patients returned to their preinjury activity level. More allograft patients complained of retropatellar pain (16% v 9% for autograft patients). Fifty-three percent of allograft patients versus 23% of autograft patients had a flexion deficit of 5 degrees or more when compared with the normal contralateral side. When comparing KT-1000 side-to-side differences, we found no significant differences between groups. Ninety-one percent of both groups had maximum side-to-side differences less than 5 mm. Three allograft patients (6.5%) had traumatic ruptures at 12, 19, and 43 months postoperatively versus none in the autograft group. All three allograft patients who sustained postoperative traumatic ruptures had received fresh frozen, nonirradiated allografts. CONCLUSIONS: Results of ACL reconstruction using allografts or autografts augmented with an iliotibial band tenodesis were comparable. The BPTB autograft should remain the gold standard, although the BPTB allograft in ACL reconstruction is a reasonable alternative.",2003
183,12627149,2003 Mar,,Arthroscopy,"['Ayerza MA', 'Múscolo DL', 'Costa-Paz M', 'Makino A', 'Rondón L']",Rondón L,Comparison of sagittal obliquity of the reconstructed anterior cruciate ligament with native anterior cruciate ligament using magnetic resonance imaging.,19,3,257-61,['English'],8506498,0749-8063,1526-3231,"['Comparative Study', 'Journal Article', 'Review']",PubMed - indexed for MEDLINE,ppublish,"['12627149', '10.1053/jars.2003.50066', 'S0749806302376916']",10.1053/jars.2003.50066,"['2003/03/11 04:00', '2005/08/27 09:00', '2003/03/11 04:00']",[],1,0,Arthroscopy : the journal of arthroscopic & related surgery : official publication of the Arthroscopy Association of North America and the International Arthroscopy Association,,2003 Mar;19(3):257-61,"PURPOSE: This study was conducted to compare the obliquity of asymptomatic anterior cruciate ligament (ACL) grafts with normal controls using sagittal magnetic resonance imaging (MRI). TYPE OF STUDY: Case control study. METHODS: Sagittal MRIs from 30 patients with a reconstructed ACL graft and from 30 individuals with an intact ACL were reviewed. Reconstructed patients were operated on with a 2-incision technique using a patellar tendon autograft. These selected patients had a normal or nearly normal IKDC score with a 3 mm or less anterior posterior translation on KT-1000 arthrometer testing compared with the intact knee. MRI showed a continuous and homogeneous graft without evidence of roof impingement. Obliquity of the grafted ACL was determined on each lateral MRI by measuring the intersection of the graft line with the tibial plateau plane. These figures were compared with data similarly obtained from 30 individuals with a stable knee and an intact ACL determined by history and physical examination. RESULTS: Graft obliquity in reconstructed patients averaged 67 degrees with a range between 55 degrees and 81 degrees. In normal controls, intact ACL obliquity averaged 51 degrees with a range between 45 degrees and 55 degrees. The difference between the two groups was statistically significant (P <.0001). CONCLUSIONS: MRIs of patients with an appropriate tibial tunnel placement in order to avoid notch impingement showed a continuous and homogeneous graft similar to the native ACL, but with a more vertical graft that does not recreate the normal sagittal obliquity. However, according to arthrometer testing, these more vertical grafts can control anterior posterior knee displacement.",2003
184,12531750,2003 Jan-Feb,,Am J Sports Med,"['Freedman KB', ""D'Amato MJ"", 'Nedeff DD', 'Kaz A', 'Bach BR Jr']",Bach BR Jr,Arthroscopic anterior cruciate ligament reconstruction: a metaanalysis comparing patellar tendon and hamstring tendon autografts.,31,1,2-11,['English'],7609541,0363-5465,,"['Journal Article', 'Meta-Analysis']",PubMed - indexed for MEDLINE,ppublish,"['12531750', '10.1177/03635465030310011501']",10.1177/03635465030310011501,"['2003/01/18 04:00', '2003/04/23 05:00', '2003/01/18 04:00']",[],1,0,The American journal of sports medicine,,2003 Jan-Feb;31(1):2-11,"BACKGROUND: The best choice of graft tissue for use in anterior cruciate ligament reconstruction has been the subject of debate. HYPOTHESIS: Anterior cruciate ligament reconstruction with patellar tendon autograft leads to greater knee stability than reconstruction with hamstring tendon autograft. STUDY DESIGN: Metaanalysis. METHODS: A Medline search identified articles published from January 1966 to May 2000 describing arthroscopic anterior cruciate ligament reconstruction with either patellar tendon or hamstring tendon autograft and with a minimum patient follow-up of 24 months. RESULTS: There were 1348 patients in the patellar tendon group (21 studies) and 628 patients in the hamstring tendon group (13 studies). The rate of graft failure in the patellar tendon group was significantly lower (1.9% versus 4.9%) and a significantly higher proportion of patients in the patellar tendon group had a side-to-side difference of less than 3 mm on KT-1000 arthrometer testing than in the hamstring tendon group (79% versus 73.8%). There was a higher rate of manipulation under anesthesia or lysis of adhesions (6.3% versus 3.3%) and of anterior knee pain in the patellar tendon group (17.4% versus 11.5%) and a higher incidence of hardware removal in the hamstring tendon group (5.5% versus 3.1%). CONCLUSIONS: Patellar tendon autografts had a significantly lower rate of graft failure and resulted in better static knee stability and increased patient satisfaction compared with hamstring tendon autografts. However, patellar tendon autograft reconstructions resulted in an increased rate of anterior knee pain.",2003
185,12528911,2002 Oct,,Orthop Clin North Am,"['Heis FT', 'Paulos LE']",Paulos LE,Tensioning of the anterior cruciate ligament graft.,33,4,697-700,['English'],0254463,0030-5898,,"['Journal Article', 'Review']",PubMed - indexed for MEDLINE,ppublish,"['12528911', '10.1016/s0030-5898(02)00014-7', 'S0030-5898(02)00014-7']",10.1016/s0030-5898(02)00014-7,"['2003/01/17 04:00', '2003/01/29 04:00', '2003/01/17 04:00']",[],1,0,The Orthopedic clinics of North America,,2002 Oct;33(4):697-700,"A great deal in variability exists in the protocols for graft tensioning. Biologic studies have not been conclusive about the optimum tension for revascularization while minimizing stress relaxation. Clinically, the risk of undertensioning the graft, and thereby not correcting the laxity, must be balanced with the risk of overconstraining the knee, which may lead to pathologic stresses on the joint cartilage, graft failure, or infrapatellar contracture syndrome . Amis and Jakob reported at the European Society of Sports Traumatology Knee Surgery and Arthroscopy scientific workshop in 1998 that most surgeons chose to impose a graft tension of 20 N to 80 N at an average of 11 degrees flexion. Preloading in full or nearly full extension limits the risk of pathologic stresses that can occur at full extension when the graft is tensioned at 30 degrees, but increases the risk of laxity at that angle. For our flexion parameters, we recommend tensioning the graft at 20 degrees to 30 degrees unless the graft tightens or shortens 5 mm or more with knee extension. If shortening occurs, tensioning should be performed in extension. The magnitude of graft tensioning should be tissue specific. For bone-patellar tendon-bone autograft or allograft, 5 pounds of tension should be applied. For hamstring graft, we apply 15 pounds of tension with each bundle tensioned individually.",2002
186,11774141,2002 Jan,,Arthroscopy,"['Barrett GR', 'Noojin FK', 'Hartzog CW', 'Nash CR']",Nash CR,Reconstruction of the anterior cruciate ligament in females: A comparison of hamstring versus patellar tendon autograft.,18,1,46-54,['English'],8506498,0749-8063,1526-3231,"['Comparative Study', 'Journal Article']",PubMed - indexed for MEDLINE,ppublish,"['11774141', '10.1053/jars.2002.25974', 'S074980630259842X']",10.1053/jars.2002.25974,"['2002/01/05 10:00', '2002/03/22 10:01', '2002/01/05 10:00']",[],1,0,Arthroscopy : the journal of arthroscopic & related surgery : official publication of the Arthroscopy Association of North America and the International Arthroscopy Association,,2002 Jan;18(1):46-54,"PURPOSE: To compare the clinical results of anterior cruciate ligament reconstruction in female patients using quadruple-looped hamstring autograft versus patellar tendon autograft at minimum 2-year follow-up. TYPE OF STUDY: Case series. METHODS: A prospective clinical review was performed to compare the results of ACL reconstruction with hamstring versus patellar tendon autograft in a group of female patients. Exclusion criteria included chronic injuries (greater than 3 months), associated collateral ligament injuries, Workers' Compensation or litigation cases, and bilateral anterior cruciate ligament injuries. There were 39 female patients in the hamstring group (average follow-up, 40.9 months) and 37 female patients in the patellar tendon group (average follow-up, 52 months). Both types of grafts were fixed with an EndoButton proximally and with sutures tied over a post or button distally. The postoperative rehabilitation regimen was identical for both groups. Objective parameters evaluated included preinjury and postoperative Tegner and Lysholm scores, side-to-side KT-1000 maximum-manual arthrometer differences, and clinical examination including Lachman and pivot-shift tests. Graft failure was defined by any one of the following: a KT-1000 difference of greater than 5 mm, a 2+ Lachman, a 1+ or greater pivot shift, or revision surgery. RESULTS: The failure rate in the hamstring group was 23% versus 8% in the patellar tendon group, which was not statistically significant (P >.1). Comparison of preinjury Tegner activity scores to postoperative scores revealed that patients in the hamstring group did not return to their preinjury level of activity (preinjury 6.54 v postoperative 5.17) as well as patients in the patellar tendon group (preinjury 6.20 v postoperative 6.59). Patients in the hamstring group had a significant increase in pain compared with the patellar tendon group (P =.034). CONCLUSIONS: Although not statistically significant, the hamstring group had more failures, more laxity on clinical examination, and more patients with larger KT-1000 arthrometer differences. These results indicate a trend toward increased graft laxity in female patients undergoing reconstruction with hamstring autograft compared with patellar tendon when evaluated by a single surgeon using similar fixation techniques at short- to medium-range follow-up. More studies with larger patient numbers using current fixation techniques are necessary to confirm these findings.",2002
187,11685356,2001 Sep,,Knee Surg Sports Traumatol Arthrosc,"['Feller JA', 'Webster KE', 'Gavin B']",Gavin B,Early post-operative morbidity following anterior cruciate ligament reconstruction: patellar tendon versus hamstring graft.,9,5,260-6,['English'],9314730,0942-2056,,"['Clinical Trial', 'Clinical Trial, Phase I', 'Comparative Study', 'Journal Article', 'Randomized Controlled Trial']",PubMed - indexed for MEDLINE,ppublish,"['11685356', '10.1007/s001670100216']",10.1007/s001670100216,"['2000/07/05 00:00', '2001/03/11 00:00', '2001/10/31 10:00', '2002/01/05 10:01', '2001/10/31 10:00']",[],1,0,"Knee surgery, sports traumatology, arthroscopy : official journal of the ESSKA",,2001 Sep;9(5):260-6,"This study documented postoperative morbidity during the first 4 months following anterior cruciate ligament (ACL) reconstruction using either patellar tendon or hamstring tendon autograft. Sixty-five patients undergoing primary arthroscopically assisted single-incision ACL reconstruction were randomized to have a central third bone patellar tendon bone autograft (PT) or a doubled semitendinosus/doubled gracilis autograft (HS). Postoperatively patients undertook a standard 'accelerated' rehabilitation protocol. Patients were reviewed after 2 weeks, 8 weeks, and 4 months. At each review the location and severity of general knee pain and the presence and severity of anterior knee pain (AKP) were recorded as were the presence and size of an effusion as well as the active and passive flexion and passive extension deficits compared to the contralateral limb. Pain on kneeling, KT-1000 measured side to side difference in anterior tibial displacement, isokinetic assessment of quadriceps and hamstring peak torque deficits, IKDC score and Cincinnati sports activity level were also recorded after 4 months. After 2 weeks more patients in the PT group complained of AKP and reported that the pain was more severe. After 8 weeks there was no significant difference between the groups for any variable. After 4 months the severity of general pain experienced and the incidence of pain on kneeling were greater in the PT group. The PT group also demonstrated a significantly greater quadriceps peak torque deficit at 240 degrees /s. IKDC scores were higher in the HS group, but Cincinnati sports activity scores were higher in the PT group. Although we observed a lower morbidity in the HS group, primarily related to pain, the severity of pain in both groups was relatively low and, in light of the higher mean sports activity level observed in the PT group at 4 months the clinical impact of the difference may not be significant.",2001
188,11665745,2001 Oct,,J Orthop Sports Phys Ther,"['Tyler TF', 'McHugh MP']",McHugh MP,Neuromuscular rehabilitation of a female Olympic ice hockey player following anterior cruciate ligament reconstruction.,31,10,577-87,['English'],7908150,0190-6011,,"['Case Reports', 'Guideline', 'Journal Article', 'Practice Guideline']",PubMed - indexed for MEDLINE,ppublish,"['11665745', '10.2519/jospt.2001.31.10.577']",10.2519/jospt.2001.31.10.577,"['2001/10/23 10:00', '2002/01/25 10:01', '2001/10/23 10:00']",[],1,0,The Journal of orthopaedic and sports physical therapy,,2001 Oct;31(10):577-87,"STUDY DESIGN: Case study. OBJECTIVE: To demonstrate the unique aspects of rehabilitating a female athlete participating in ice hockey following anterior cruciate ligament (ACL) reconstruction. BACKGROUND: The patient was a 28-year-old female who sustained a traumatic injury to her left knee while playing ice hockey. After 6 weeks of rehabilitation (15 visits), the athlete elected to undergo ACL reconstruction following buckling episodes that she experienced during both skating and walking. METHODS AND MEASURES: Following ACL reconstruction using a patellar tendon autograft, the patient was treated for 6 months in 44 visits. Initial treatments consisted of effusion management, neuromuscular control of lower extremity muscles, and regaining passive range of motion, especially extension. Although instability testing revealed a negative pivot shift and a 2-millimeter side-to-side difference on KT-1000 examination, the patient reported a sensation of buckling when she attempted skating at 4 months (27 visits) following ACL reconstruction. Off-ice strength and functional testing of the lower extremity did not demonstrate deficits. At that time, a specific neuromuscular program for returning a patient to ice hockey was implemented. RESULTS: Following 17 physical therapy visits, which combined sport-specific and sex-specific neuromuscular rehabilitation, the patient was able to return to competitive ice hockey. Six months following ACL reconstruction, the patient reported no feeling of instability during skating. The patient reported a Lysholm score of 100 and Tegner activity score of 9. An on-ice functional test revealed the athlete's score was 80% of her pre-injury score. CONCLUSIONS: Failure of static knee stabilizers can be a cause of instability. Following ACL reconstruction, a neuromuscular rehabilitation program may prevent residual knee instability once the static stabilizers have been restored. A sport-specific neuromuscular rehabilitation program for the athlete participating in ice hockey should be considered.",2001
189,11447545,2001 Jul,,Arthroscopy,"['Ferrari JD', 'Bach BR Jr', 'Bush-Joseph CA', 'Wang T', 'Bojchuk J']",Bojchuk J,Anterior cruciate ligament reconstruction in men and women: An outcome analysis comparing gender.,17,6,588-96,['English'],8506498,0749-8063,1526-3231,['Journal Article'],PubMed - indexed for MEDLINE,ppublish,"['11447545', '10.1053/jars.2001.24686', 'S074980630119345X']",10.1053/jars.2001.24686,"['2001/07/12 10:00', '2002/01/05 10:01', '2001/07/12 10:00']",[],1,0,Arthroscopy : the journal of arthroscopic & related surgery : official publication of the Arthroscopy Association of North America and the International Arthroscopy Association,,2001 Jul;17(6):588-96,"PURPOSE: Recent studies have shown that female athletes suffer a higher incidence of anterior cruciate ligament (ACL) tears than comparable male athletes. The purpose of this study was to evaluate the effect gender has on outcome in ACL reconstruction using bone-patellar tendon-bone autograft. TYPE OF STUDY: Retrospective case review and outcome study. METHODS: A retrospective review of a single surgeon's practice revealed 279 ACL reconstructions that met our criteria for inclusion. Two-hundred forty-nine of these patients (91%) were contacted. Two-hundred (72%) were evaluated with physical examination, KT-1000 testing, functional testing, and radiographic evaluation. Outcome was assessed with Tegner, Lysholm, modified HSS, and Cincinnati Knee rating scales, as well as the SF-36 health survey and a self-administered questionnaire. There were 137 men and 63 women. Data were evaluated with Wilcoxon rank sum testing, analysis of variance testing, chi-square analysis, and the Student t test. The level of significance was set at P <.05. RESULTS: Postoperatively, no differences were noted on Lachman, anterior drawer, pivot shift, or functional testing in either groups. Male patients had a significantly greater mean prone heel height difference (1.80 v 1.10 cm, P =.0018) and mean KT-1000 maximum manual side-to-side difference (0.76 v 1.73 mm, P =.014). However, no differences were noted in the percentage of patients with greater than 5-mm side-to-side difference, with 5 men (4%) and 2 women (3%) classified as arthrometric failures. No differences were noted in mean Tegner, Lysholm, Noyes Cincinnati, and modified HSS scores. Men had significantly lower HSS radiographic scores (24.98 v 26.22, P =.0016). Men and women were compared with gender-matched controls for SF-36 testing, and women scored higher compared with controls than did men in the Role Physical, Body Pain, and General Health categories. No differences were noted in either group regarding donor-site pain, patellofemoral crepitance, or problems with stair climbing. Ninety-six percent of men and 98% of women would have had the surgery over again given similar circumstances. CONCLUSIONS: Objective criteria failed to detect clinically significant differences in physical examination and arthrometric results between men and women. Knee rating scale scores were similar. Comparable outcome with high satisfaction and equal success can be expected in both men and women undergoing ACL reconstruction using bone-patellar tendon-bone autograft. No basis exists for the inclusion of gender as a determining factor regarding the decision to perform ACL reconstructive surgery with bone-patellar tendon-bone autograft.",2001
190,11239344,2001 Mar,,Arthroscopy,"['Yunes M', 'Richmond JC', 'Engels EA', 'Pinczewski LA']",Pinczewski LA,Patellar versus hamstring tendons in anterior cruciate ligament reconstruction: A meta-analysis.,17,3,248-257,['English'],8506498,0749-8063,1526-3231,['Journal Article'],PubMed,ppublish,"['11239344', '10.1053/jars.2001.21242', 'a0170248']",10.1053/jars.2001.21242,"['2001/03/10 10:00', '2001/03/10 10:01', '2001/03/10 10:00']",[],1,0,Arthroscopy : the journal of arthroscopic & related surgery : official publication of the Arthroscopy Association of North America and the International Arthroscopy Association,,2001 Mar;17(3):248-257,"PURPOSE: To compare the outcome of ACL reconstuction using patellar tendon (PAT) to that when using hamstring tendons. Type of Study: Meta-analysis of controlled trials of patellar tendon versus hamstring tendons for ACL reconstruction. METHODS: Meta-analysis is a systematic method for statistical analyses that allows compilation of combined data from various independent studies. This allows one to assess the potential benefits of various treatments when conclusions based on individual studies are difficult to assess. We conducted a meta-analyses (M-A) using controlled trials (CTs) to determine if there are differences between the 2 methods. Although both surgical techniques have potential for good results, we hypothesized that there are differences in outcomes between these techniques. We included CTs that used standard evaluation techniques with a minimum 2-year follow-up. Outcomes evaluated included: return to preinjury level of activity, KT testing, Lachman scores, pivot shift scores, range of motion (ROM) loss in flexion and extension, complications, and failures. Relative risks for each outcome were calculated for each study and pooled across studies using a fixed effects method. RESULTS: Four studies fulfilled our inclusion criteria. Relative risks with 95% confidence intervals and P values were obtained for each of the outcomes listed above. The results show significant differences between PAT and semitendinosus and gracilis tendon (ST&G) reconstructions. PAT patients have a greater chance of attaining a statically stable knee (as measured by KT) and nearly a 20% greater chance of returning to preinjury activity levels. CONCLUSIONS: Although both techniques, as performed in the late 1980s and early 1990s, yielded good results, PAT reconstuction led to higher postoperative activity levels and greater static stability than hamstring reconstruction. This is statistically significant based on this meta-analysis.",2001
191,11041586,2000 Sep,,J Bone Joint Surg Br,"['Deehan DJ', 'Salmon LJ', 'Webb VJ', 'Davies A', 'Pinczewski LA']",Pinczewski LA,Endoscopic reconstruction of the anterior cruciate ligament with an ipsilateral patellar tendon autograft. A prospective longitudinal five-year study.,82,7,984-91,['English'],0375355,0301-620X,,"['Journal Article', 'Validation Study']",PubMed - indexed for MEDLINE,ppublish,"['11041586', '10.1302/0301-620x.82b7.10573']",10.1302/0301-620x.82b7.10573,"['2000/10/21 11:00', '2001/02/28 10:01', '2000/10/21 11:00']",[],1,0,The Journal of bone and joint surgery. British volume,,2000 Sep;82(7):984-91,"A total of 90 patients with an isolated rupture of the anterior cruciate ligament (ACL) had a reconstruction using the ipsilateral patellar tendon secured with round-headed cannulated interference screws. Annual review for five years showed three failures of the graft (two traumatic and one atraumatic); none occurred after two years. Ten patients sustained a rupture of the contralateral ACL. At five years, 69% of those with surviving grafts continued to participate in moderate to strenuous activity. Using the International Knee Documentation Committee assessment, 90% reported their knee as being normal or nearly normal and had a median Lysholm knee score of 96 (64 to 100). Most patients (98%) had a pivot shift of grade 0 with the remaining 2% being grade 1; 90% of the group had a Lachman test of grade 0. The incidence of subsequent meniscectomy was similar in the reconstructed joint to that in the contralateral knee. Radiological examination was normal in 63 of 65 patients. Our study supports the view that reconstruction of the ACL is a reliable technique allowing full rehabilitation of the previously injured knee. In the presence of normal menisci there is a low incidence of osteoarthritic change despite continued participation in sporting activity.",2000
192,10424213,1999 Jul-Aug,,Am J Sports Med,"['Corry IS', 'Webb JM', 'Clingeleffer AJ', 'Pinczewski LA']",Pinczewski LA,Arthroscopic reconstruction of the anterior cruciate ligament. A comparison of patellar tendon autograft and four-strand hamstring tendon autograft.,27,4,444-54,['English'],7609541,0363-5465,,"['Comparative Study', 'Journal Article', ""Research Support, Non-U.S. Gov't""]",PubMed - indexed for MEDLINE,ppublish,"['10424213', '10.1177/03635465990270040701']",10.1177/03635465990270040701,"['1999/07/29 00:00', '1999/07/29 00:01', '1999/07/29 00:00']",[],1,0,The American journal of sports medicine,,1999 Jul-Aug;27(4):444-54,"We compared the outcome of anterior cruciate ligament reconstruction using hamstring tendon autograft with outcome using patellar tendon autograft at 2 years after surgery. Patients had an isolated anterior cruciate ligament injury and, apart from the grafts, the arthroscopic surgical technique was identical. Prospective assessment was performed on 90 patients with isolated anterior cruciate ligament injury undergoing reconstruction with a patellar tendon autograft; 82 were available for follow-up. The hamstring tendon autograft group consisted of the next 90 consecutive patients fulfilling the same criteria; 85 were available for follow-up. Clinical review included the Lysholm and International Knee Documentation Committee scores, instrumented testing, thigh atrophy, and kneeling pain. These methods revealed no difference between the groups in terms of ligament stability, range of motion, and general symptoms. Thigh atrophy was significantly less in the hamstring tendon group at 1 year after surgery, a difference that had disappeared by 2 years. The KT-1000 arthrometer testing showed a slightly increased mean laxity in the female patients in the hamstring tendon graft group. Kneeling pain after reconstruction with the hamstring tendon autograft was significantly less common than with the patellar tendon autograft, suggesting lower donor-site morbidity with hamstring tendon harvest.",1999
193,9550920,1997 Dec,,Singapore Med J,"['Tan MY', 'Yeo SJ', 'Tay BK']",Tay BK,Anterior cruciate ligament reconstruction using patellar tendon autografts--a review of results.,38,12,529-34,['English'],0404516,0037-5675,,['Journal Article'],PubMed - indexed for MEDLINE,ppublish,['9550920'],,"['1998/04/29 00:00', '1998/04/29 00:01', '1998/04/29 00:00']",[],1,0,Singapore medical journal,,1997 Dec;38(12):529-34,"AIM: The aim of this retrospective study was to review the results of anterior cruciate ligament reconstruction using patellar tendon autografts. METHODS: Forty-one knees were available for evaluation at a minimum of 24 months follow-up. Objective, subjective, functional and KT-1000 arthrometric tests were performed. RESULTS: 92.7% had a negative or trace pivot shift at follow-up. None of the patients had rupture of the autografts at review. The mean post-operative single-legged hop was 81%. The KT-1000 arthrometric evaluation post-operatively revealed a mean maximum manual difference of 0.5 mm; 90.2% of these patients had a maximum manual difference of less than 4 mm. Five patients (12.2%) had a ""tighter"" reconstructed knee (a negative mean maximum manual difference). More than 70% of the patients in this series had good to excellent results on functional, subjective and objective evaluation scores. CONCLUSION: Excellent motion recovery, reliable stabilisation rates, good arthrometric results and encouraging post-operative functional, subjective and objective evaluation scores can be expected in patients undergoing anterior cruciate ligament reconstruction with patellar tendon autografts.",1997
194,9546463,1998 Mar,,J Bone Joint Surg Br,"['Webb JM', 'Corry IS', 'Clingeleffer AJ', 'Pinczewski LA']",Pinczewski LA,Endoscopic reconstruction for isolated anterior cruciate ligament rupture.,80,2,288-94,['English'],0375355,0301-620X,,"['Comparative Study', 'Journal Article']",PubMed - indexed for MEDLINE,ppublish,"['9546463', '10.1302/0301-620x.80b2.7994']",10.1302/0301-620x.80b2.7994,"['1998/04/18 00:00', '1998/04/18 00:01', '1998/04/18 00:00']",['J Bone Joint Surg Br. 1998 Mar;80(2):189-90. doi: 10.1302/0301-620x.80b2.8582. PMID: 9546440'],1,0,The Journal of bone and joint surgery. British volume,,1998 Mar;80(2):288-94,"We treated 90 patients with an isolated injury to the anterior cruciate ligament (ACL) by reconstruction using a patellar tendon autograft and interference screw fixation. Of these, 82 (91%) were available for review at 24 months. Two grafts and two contralateral ACLs had ruptured during sport and there was one case of atraumatic graft resorption. Using the assessment of the International Knee Documentation Committee (IKDC), 86% of the remaining patients were normal or nearly normal. The median Lysholm knee score was 95/100 and 84% of patients were participating in moderate to strenuous activity. All had grade-0 or grade-1 Lachman, pivot-shift and anterior-drawer tests. Measurement with the KT1000 arthrometer gave a side-to-side difference of <3 mm of anterior tibial displacement in 90%. Sixty-six radiographs were IKDC grade A and one was grade B. Pain on kneeling was present in 31% and graft site pain in 44%. At 24 months after operation all patients had excellent knee stability, a high rate of return to sport and minimal radiological evidence of degenerative change. Our series therefore represents a basis for comparison of results using other techniques and after more severe injuries.",1998
195,8902129,1996 Oct,,Arthroscopy,"['McCarroll JR', 'Shelbourne KD', 'Patel DV']",Patel DV,Anterior cruciate ligament reconstruction in athletes with an ossicle associated with Osgood-Schlatter's disease.,12,5,556-60,['English'],8506498,0749-8063,,['Journal Article'],PubMed - indexed for MEDLINE,ppublish,"['8902129', '10.1016/s0749-8063(96)90194-2', 'S0749-8063(96)90194-2']",10.1016/s0749-8063(96)90194-2,"['1996/10/01 00:00', '1996/10/01 00:01', '1996/10/01 00:00']",[],1,0,Arthroscopy : the journal of arthroscopic & related surgery : official publication of the Arthroscopy Association of North America and the International Arthroscopy Association,,1996 Oct;12(5):556-60,"We report a series of 20 athletes with an ossicle associated with Osgood-Schlatter's disease (OSD) who underwent anterior cruciate ligament (ACL) reconstruction using autogenous, central-10-mm patellar-tendon graft. All patients had an Osgood Schlatter's lesion with an ossicle as seen on a plain radiograph. The patients were reviewed at an average follow-up of 44 months (range, 24 to 108 months). The postoperative assessment included clinical examination, KT-1000 testing, isokinetic testing, and subjective score (using the modified Noyes' questionnaire). At the time of latest review, all 20 patients had a stable knee. The average side-to-side difference on manual maximum KT-1000 assessment was 1.9 mm (range, 0 to 5 mm). Average time to return to full sporting activities was 5.2 months (range, 2.6 to 8.9 months). All patients returned to their previous level of activity. The mean modified Noyes' knee score was 96 (range, 89 to 100). To date, no graft failure has occurred. Based on the results of this study, we believe that ACL reconstruction using the autogenous bone-patellar tendon-bone graft can be safely undertaken in athletes with an ossicle associated with OSD without compromising the final knee function.",1996
196,8998901,1996 Apr,,Clin Orthop Relat Res,"['Greis PE', 'Steadman JR']",Steadman JR,Revision of failed prosthetic anterior cruciate ligament reconstruction.,,325,78-90,['English'],0075674,0009-921X,,"['Journal Article', 'Review']",PubMed - indexed for MEDLINE,ppublish,"['8998901', '10.1097/00003086-199604000-00009']",10.1097/00003086-199604000-00009,"['1996/04/01 00:00', '1996/04/01 00:01', '1996/04/01 00:00']",[],1,0,Clinical orthopaedics and related research,,1996 Apr;(325):78-90,"Revision of failed prosthetic anterior cruciate ligament reconstructions will continue to be necessary as previously placed prosthetic devices fail with time. These patients often present with recurrent instability, pain, swelling, or effusions. Graft rupture and the generation of particulate debris are common causes of these symptoms. To effectively treat these patients requires careful preoperative evaluation and planning. Operative treatment includes removing the prosthesis and metal fixation devices, evaluating femoral and tibial bone stock, and determining adequacy of previous tunnel position. Staging of the operation may be a necessity if significant bone loss or poor tunnel position on either the femoral or tibial side requires bone grafting. The use of an autogenous bone-patellar tendon-bone graft is suggested and has proven to be effective in restoring knee stability in these revision cases. The ultimate outcome following revision of failed prosthetic ligaments may be limited by associated intraarticular pathology often seen in this patient population.",1996
197,7856799,1994 Nov-Dec,,Am J Sports Med,"['Bach BR Jr', 'Jones GT', 'Sweet FA', 'Hager CA']",Hager CA,Arthroscopy-assisted anterior cruciate ligament reconstruction using patellar tendon substitution. Two- to four-year follow-up results.,22,6,758-67,['English'],7609541,0363-5465,,['Journal Article'],PubMed - indexed for MEDLINE,ppublish,"['7856799', '10.1177/036354659402200606']",10.1177/036354659402200606,"['1994/11/01 00:00', '2001/03/28 10:01', '1994/11/01 00:00']",[],1,0,The American journal of sports medicine,,1994 Nov-Dec;22(6):758-67,"The purpose of this retrospective study was to evaluate clinically, functionally, and objectively our initial experience using free, autogenous middle third patellar tendon for anterior cruciate ligament reconstruction without extraarticular augmentation in 62 of 75 patients (80% followup) who were available for clinical review at a minimum 2-year followup. Subjective, clinical, functional, Cybex dynamometer, and KT-1000 arthrometer tests were performed along with modified tests of the Hospital for Special Surgery, Noyes Cincinnati, Tegner, and Lysholm knee rating scales. Ninety-two percent had a negative pivot shift at followup. The mean Cybex dynamometer extension deficits postoperatively were 9% and 7% at 180 and 240 deg/sec. Mild patellar pain symptoms were noted in 18%. The reoperation rate was 10% with a mild flexion contracture as the most common reason. The Hospital for Special Surgery scoring scale postoperatively was 88; Noyes, 86; Lysholm, 88; and Tegner, 6. Mean postoperative single-legged and vertical jump indices were 88% and 87%, respectively. The KT-1000 arthrometric evaluation postoperatively revealed a mean maximum manual difference of 0.3 mm; 92% of the patients had a maximum manual difference of < or = 3 mm. Subjectively, 95% indicated that they would undergo the procedure again. Early results demonstrate excellent stability, preservation of motion, and encouraging evaluations by scoring scales and arthrometric evaluation.",1994
198,7821082,1994 Nov,,Chirurg,"['Seitz H', 'Chrysopoulos A', 'Egkher E', 'Mousavi M']",Mousavi M,[Long-term results of replacement of the anterior cruciate ligament in comparison with conservative therapy].,65,11,992-8,['German'],16140410R,0009-4722,,"['Comparative Study', 'Journal Article']",PubMed - indexed for MEDLINE,ppublish,['7821082'],,"['1994/11/01 00:00', '1994/11/01 00:01', '1994/11/01 00:00']",[],1,0,Der Chirurg; Zeitschrift fur alle Gebiete der operativen Medizen,,1994 Nov;65(11):992-8,"Between January 1980 and February 1987 92 patients (group I) with chronic anterior instability of the knee joint underwent anterior cruciate ligament reconstruction using midthird patellar tendon autografts (BTB). 39 patients (group II) with the same injury were treated conservatively. The patients were followed up postoperatively within a mean period of 8.5 years and stability, grade of postoperative arthrosis, subjective view of patients and ability to sport were evaluated. In group I the clinical examination showed in 77% the same stability on both sides, whereas in group II no cases of bilateral stability of same grade were found. Pivot shifting was repaired in 91% of group I and only in 17% of group II patients. The apparative examination of the stability (KT 2000-arthrometer testing) measuring the anterior drawer phenomenon on both knees showed stable joint conditions (anterior tibia displacement < or = 3 mm) in 86% of operatively treated and only in 8% of conservatively treated patients. Postoperative x-rays showed no arthrotic changes in 55% of group I patients. All patients of group II showed signs of progredient arthrosis in their postoperative x-rays. Subjective clinical results were good to excellent in all group I patients. Only 50% in group II had a good to excellent result. 67% of group I and only 25% of group II patients practiced their former sports activities again. In our retrospective review we could observe significant better clinical results of surgically treated old isolated anterior cruciate ligament (ACL) tears with patellar tendon autografts (BTB) compared to those with conservative treatment.",1994
199,8406744,1993 Jul,,Injury,"['Mok DW', 'Dowd GS']",Dowd GS,Long-term results of anterior cruciate reconstruction with the patellar tendon.,24,6,385-8,['English'],0226040,0020-1383,,['Journal Article'],PubMed - indexed for MEDLINE,ppublish,"['8406744', '10.1016/0020-1383(93)90102-c', '0020-1383(93)90102-C']",10.1016/0020-1383(93)90102-c,"['1993/07/01 00:00', '1993/07/01 00:01', '1993/07/01 00:00']",[],1,0,Injury,,1993 Jul;24(6):385-8,"Thirty patients who had an anterior cruciate reconstruction with a patellar tendon autograph were reviewed at an average of 7.5 years (range 5-11 years) after operation. In all, 27 patients maintained their good/excellent results based on the Lysholm and Gillquist scoring system compared with the review at 2 years; two patients remained fair and one reconstruction failed at an early stage. There was no apparent deterioration of knee function at 7.5 years when compared with those at 2 years. None of the patients had symptoms related to the patellofemoral joint.",1993
200,8475403,1993 Mar,,Unfallchirurg,"['Lobenhoffer P', 'Tscherne H']",Tscherne H,[Rupture of the anterior cruciate ligament. Current status of treatment].,96,3,150-68,['German'],8502736,0177-5537,,"['Journal Article', 'Review']",PubMed - indexed for MEDLINE,ppublish,['8475403'],,"['1993/03/01 00:00', '1993/03/01 00:01', '1993/03/01 00:00']",[],1,0,Der Unfallchirurg,,1993 Mar;96(3):150-68,"This article summarizes the present knowledge on the diagnosis of and treatment rationales for ruptures of the anterior cruciate ligament (ACL) of the knee. There is an increasing incidence of this injury due to the high number of persons involved in dynamic sports. The most significant diagnostic criterion is a positive pivot shift associated with a pathological anterior translation of the tibia in slight flexion of the knee. Instrumented testing of the knee is becoming increasing important and is standard in follow-up studies. A survey of the literature at present delineates very clearly the importance of an intact ACL for homeostasis of the knee. Loss of this structure leads to a high incidence of secondary meniscus tears with consecutive osteoarthritis of the knee. All valid studies also indicate an involuntary decrease of activity in the patients after loss of the ACL. Risk factors for early decompensation of the knee are a young age, high activity level, rupture of the collateral ligaments, congenital laxity, varus morphotype and high initial laxity. Primary repair of the ACL is possible, but results in stable ligament healing in only a limited percentage of cases. Reconstruction of the ACL with a free patellar tendon graft has become the standard procedure for many surgeons. ACL reconstruction can be performed either arthroscopically or through a ""miniarthrotomy"" with comparable results. Augmented repair or reconstruction using autologous flexor tendons is an alternative in certain cases. Augmentation with allogeneic material and the use of tendon allografts are still experimental and should be restricted to centers that can perform strict follow-up studies. The rehabilitation program after implantation of a patellar tendon graft can be accelerated markedly without endangering joint stability. Crutches are necessary only for the first 2-3 weeks. The success rate in terms of objective stability with an autologous patellar tendon graft is high, although specific disadvantages such as chronic patellar pain and a risk for loss of motion must be considered.",1993
201,1962708,1991 Sep-Oct,,Am J Sports Med,"['Howe JG', 'Johnson RJ', 'Kaplan MJ', 'Fleming B', 'Jarvinen M']",Jarvinen M,Anterior cruciate ligament reconstruction using quadriceps patellar tendon graft. Part I. Long-term followup.,19,5,447-57,['English'],7609541,0363-5465,,"['Journal Article', 'Review']",PubMed - indexed for MEDLINE,ppublish,"['1962708', '10.1177/036354659101900505']",10.1177/036354659101900505,"['1991/09/01 00:00', '1991/09/01 00:01', '1991/09/01 00:00']",[],1,0,The American journal of sports medicine,,1991 Sep-Oct;19(5):447-57,"Eighty-three patients with ACL reconstructions using the quadriceps patellar tendon graft were evaluated in a 10 year (mean, 5.5 years) follow-up study. A five-part analysis, consisting of physical examination, questionnaire, Genucom analysis, operative note review, and radiographs, was performed. Seventy-six percent were categorized as satisfactory. Ninety-two percent were content with their results, while only 4% were unsatisfied. Ninety-three percent of the patients had no significant pain and 95% had no giving way postreconstruction. Ninety-two percent had no more than a mild functional deficit. Eighty-seven percent and 90% of the patients had no significant Lachman or pivot shift by examination, respectively. Our results showed no increase in failure over time (1 to 10 years), although those operated on during the initial 5 years showed more radiographic degenerative changes. Plotting our results in classification systems of other authors yielded success rates as good as or better than those using our own criteria. An objective means by which to quantify laxity did not reliably correlate with the quantifying of laxity made by physical examination. Only the lack of a formal rehabilitation program greater than 4 months postoperatively and repaired tears of the medial or lateral collateral ligaments proved to be significant risk factors for poor recovery.",1991
202,1793940,1991,,Langenbecks Arch Chir Suppl Kongressbd,['Lobenhoffer P'],Lobenhoffer P,[Arthroscopic cruciate ligament reconstruction].,,,433-9,['German'],9200456,0942-2854,,"['Journal Article', 'Review']",PubMed - indexed for MEDLINE,ppublish,['1793940'],,"['1991/01/01 00:00', '1991/01/01 00:01', '1991/01/01 00:00']",[],1,0,Langenbecks Archiv fur Chirurgie. Supplement. Kongressband. Deutsche Gesellschaft fur Chirurgie. Kongress,,1991;:433-9,"A technique of arthroscopic reconstruction of the ACL with patellar tendon is presented. All meniscus surgery is performed arthroscopically. A special drill guide system is used, including intraoperative isometricity testing before drilling of the bone tunnels. Interference screw fixation is used on both graft sides. Results of 81 cases (34 acute, 47 chronic) with an average 20 months' follow-up are presented. Tegner's activity score reached preoperative values mean Lysholm's score was 97, 14% had a Lachman sign of 1+ or more, and 6% had a positive pivot-shift. No significant differences were found with KT-1000 measurements.",1991
203,2240487,1990 Jul-Sep,,Alaska Med,"['McGuire DA', 'Grinstead GL']",Grinstead GL,Advances in anterior cruciate ligament surgery.,32,3,101-5,['English'],0370457,0002-4538,,"['Journal Article', 'Review']",PubMed - indexed for MEDLINE,ppublish,['2240487'],,"['1990/07/01 00:00', '1990/07/01 00:01', '1990/07/01 00:00']",[],1,0,Alaska medicine,,1990 Jul-Sep;32(3):101-5,"The anterior cruciate ligament is the most frequently torn ligament in the knee. Diagnosis of cruciate ligament tears is often a difficult task. Tests typically used in diagnosis are the anterior drawer test, Lachman's test, pivot shift test, and the flexion rotation drawer. Arthroscopy has increasingly become the standard for the diagnosis of anterior cruciate ligament tears. Management of these tears has been controversial. The diagnostic techniques are discussed and a surgical technique is described for anterior cruciate ligament reconstruction as an outpatient procedure. The middle one-third of the patellar tendon is used as a graft, harvested subcutaneously, and fixed with interference fit screws. The postoperative function of anterior cruciate ligament deficient knees has been quite satisfactory. Morbidity is decreased relative to open surgical inpatient procedures. Finally, overall cost to the patient has been significantly reduced.",1990
204,4051090,1985 Sep-Oct,,Am J Sports Med,"['Roth JH', 'Kennedy JC', 'Lockstadt H', 'McCallum CL', 'Cunning LA']",Cunning LA,Polypropylene braid augmented and nonaugmented intraarticular anterior cruciate ligament reconstruction.,13,5,321-36,['English'],7609541,0363-5465,,['Journal Article'],PubMed - indexed for MEDLINE,ppublish,"['4051090', '10.1177/036354658501300507']",10.1177/036354658501300507,"['1985/09/01 00:00', '1985/09/01 00:01', '1985/09/01 00:00']",[],1,0,The American journal of sports medicine,,1985 Sep-Oct;13(5):321-36,"The purpose of this clinical retrospective study is to determine whether a polypropylene braid (PB) used to augment an intraarticular autograft to reconstruct the anterior cruciate ligament (ACL) is safe and to determine whether the PB improves the efficacy of the procedure. A simultaneous review was performed of patients who had undergone an intraarticular ACL reconstruction using an autograft composed of the central quadriceps tendon, prepatellar periosteum, and patellar tendon left attached distally to the tibial tubercle and of patients who had undergone the same procedure with PB augmentation of the autograft. Preoperatively, all patients had chronic ACL insufficiency and were experiencing symptomatic giving way. A subjective questionnaire and a physician examination (JHR) were completed on each patient. Objective laxity and functional testing, including KT 1000 arthrometer measurement, Cybex isokinetic strength analysis, and one leg horizontal hop for distance, were performed. Six radiographs of each operated knee were obtained. Results were statistically analyzed. Thirty-eight of 43 (88%) nonaugmented procedures performed were reviewed, with a mean followup of 64 months. Forty-five of 48 (94%) PB augmented reconstructions with a minimum followup of 42 months (maximum 57 months, mean 50 months), were reviewed. On objective laxity and function testing, the PB augmented patients had better results than the nonaugmented patients. On subjective questioning, physician's examination, and radiographic analysis, the PB augmented results were significantly better. There were 12 (32%) knees with recurrent symptomatic giving way in the nonaugmented group and 5 (11%) in the PB augmented group. Chrondromalacia patellae and arthrofibrosis were seen in both groups. No adverse reaction to the PB was seen. We conclude that the PB is safe and that PB augmentation improves the efficacy of the intraarticular autograft to reconstruct the ACL.",1985
205,3881714,1985 Jan,,Orthop Clin North Am,"['Burnett QM 2nd', 'Fowler PJ']",Fowler PJ,Reconstruction of the anterior cruciate ligament: historical overview.,16,1,143-57,['English'],0254463,0030-5898,,"['Journal Article', 'Review']",PubMed - indexed for MEDLINE,ppublish,['3881714'],,"['1985/01/01 00:00', '1985/01/01 00:01', '1985/01/01 00:00']",[],1,0,The Orthopedic clinics of North America,,1985 Jan;16(1):143-57,"The first reported surgical repair of anterior cruciate ligament-deficient knees was done by Mayo Robson in 1895. The earliest anterior cruciate ligament reconstructions were done by Hey Groves in 1917 and by Alwyn Smith in 1918. Both used an intra-articular strip of iliotibial band. At this same time, the first attempt to make an artificial anterior cruciate ligament was done. Corner used wire, while Alwyn Smith used multiple silk sutures. Both methods failed. The first extra-articular procedures to correct instability in anterior cruciate ligament-deficient knees were reported by Bennett in 1926 and Cotton and Morrison and Bosworth and Bosworth in the mid 1930s. All of these surgeons reconstructed the medial side of the knee with free strips of fascia. In 1936, Campbell described the intra-articular use of patellar tendon and stressed the need for anterior cruciate ligament reconstruction in young, athletic individuals with unstable knees. In the 1950s, O'Donoghue also emphasized the early repair of an injuried anterior cruciate ligament and did much to improve the care of the college athlete. The procedures described by Jones, Slocum, Larson, and Nicholas dominated the 1960s and early 1970s. Various rotatory knee instabilities were defined, and the Lachman and pivot shift tests were born. Descriptions of various tendon transfers and intra-articular graft techniques have been published over the last 10 years. Most of these are variations of procedures described decades ago. In 1918, Alwyn Smith used electrical stimulation to decrease postoperative quadriceps atrophy. In 1936, Mauck advised the use of a hinged knee cast after surgery for better rehabilitation. Finally, in 1938, Palmer described a drill guide for more anatomic placement of an anterior cruciate ligament graft in the femur. Although prosthetic materials may have a greater place in the 1980s, the foundation for such research was laid long ago by innovative surgeons such as Hey Groves and Alwyn Smith, the great-grandfathers of anterior cruciate ligament reconstructions.",1985
206,6365386,1984 Mar,,Clin Orthop Relat Res,"['Johnson RJ', 'Eriksson E', 'Haggmark T', 'Pope MH']",Pope MH,Five- to ten-year follow-up evaluation after reconstruction of the anterior cruciate ligament.,,183,122-40,['English'],0075674,0009-921X,,"['Journal Article', 'Review']",PubMed - indexed for MEDLINE,ppublish,['6365386'],,"['1984/03/01 00:00', '1984/03/01 00:01', '1984/03/01 00:00']",[],1,0,Clinical orthopaedics and related research,,1984 Mar;(183):122-40,"Long-term follow-up evaluation of a large number of patients who had undergone reconstruction of the anterior cruciate ligament (ACL) was performed. Of these patients, 87 were treated by reconstruction with the medial one third of the medial patellar tendon, and they were examined a mean of 7.9 years after surgery. All patients were extensively evaluated and examined by standard clinical techniques and a machine specifically designed to quantify primary laxity during the anterior drawer and Lachman tests. Seventy-one percent of the patients were satisfied with the results, and 69% had good to excellent results by the authors' subjective functional criteria. Patients who had the least motion and the best check or end points to the Lachman and anterior drawer tests had the best functional results. Only ten of the 27 unsatisfactory results occurred because of complete failure of the graft. Arthrosis and parapatellar pain were the most frequently observed contributing factors to failure in the presence of a clinically intact ligament (11 instances each).",1984
