"...1","id","study","subgroup","outcome","composite_key","data_type","ni","yi","sdi","min","q1","median","q3","max","screening","age_mean","age_sd","male","female","follow.up_mo","follow.up_yr","vi","sei","zi","pval","ci.lb","ci.ub"
0,6,"Anz et al., 2023","BPTB","graft_failure","6, Anz et al., 2023, BPTB, graft_failure","dichotomous",8,0,0.18,NA,NA,NA,NA,NA,"Included",29.4,7.34,4,6,12,1,0.00405,0.0636396103067893,0,1,-0.124731344191471,0.124731344191471
1,6,"Anz et al., 2023","HT","graft_failure","6, Anz et al., 2023, HT, graft_failure","dichotomous",8,0,0.18,NA,NA,NA,NA,NA,"Included",29.4,7.34,4,6,12,1,0.00405,0.0636396103067893,0,1,-0.124731344191471,0.124731344191471
6,43,"Kautzner et al., 2015","BPTB","graft_failure","43, Kautzner et al., 2015, BPTB, graft_failure","dichotomous",74,0,0.06,NA,NA,NA,NA,NA,"Included",26,6.28,0,74,24,2,4.86486486486486e-05,0.00697485832462916,0,1,-0.0136704711135425,0.0136704711135425
7,43,"Kautzner et al., 2015","HT","graft_failure","43, Kautzner et al., 2015, HT, graft_failure","dichotomous",73,2,0.3,NA,NA,NA,NA,NA,"Included",26,6.28,0,74,24,2,0.00123287671232877,0.0351123441588392,56.9600249687835,0,1.9311810700359,2.0688189299641
8,49,"Laxdal et al., 2005","BPTB","graft_failure","49, Laxdal et al., 2005, BPTB, graft_failure","dichotomous",40,1,0.24,NA,NA,NA,NA,NA,"Included",28,8.35,NA,NA,26,2.2,0.00144,0.0379473319220206,26.3523138347365,4.82839791522968e-153,0.925624596123453,1.07437540387655
9,49,"Laxdal et al., 2005","HT","graft_failure","49, Laxdal et al., 2005, HT, graft_failure","dichotomous",78,2,0.42,NA,NA,NA,NA,NA,"Included",28,8.35,NA,NA,26,2.2,0.00226153846153846,0.047555635434073,42.0560041253707,0,1.9067926672873,2.0932073327127
10,54,"Lucidi et al., 2025","BPTB","graft_failure","54, Lucidi et al., 2025, BPTB, graft_failure","dichotomous",19,7,2.72,NA,NA,NA,NA,NA,"Included",52.8,7.3,NA,NA,240,20,0.389389473684211,0.624010796127928,11.217754634112,3.33633987801669e-29,5.77696131362509,8.22303868637491
11,54,"Lucidi et al., 2025","HT","graft_failure","54, Lucidi et al., 2025, HT, graft_failure","dichotomous",20,3,0.92,NA,NA,NA,NA,NA,"Included",52.8,7.3,NA,NA,240,20,0.04232,0.205718253929981,14.5830520271725,3.60053223340991e-48,2.59679963133477,3.40320036866523
12,66,"Mohtadi et al., 2016","BPTB","graft_failure","66, Mohtadi et al., 2016, BPTB, graft_failure","dichotomous",110,19,2.25,NA,NA,NA,NA,NA,"Included",28.7,9.9,63,47,24,2,0.0460227272727273,0.214529082580258,88.5660805121461,0,18.5795307245063,19.4204692754937
13,66,"Mohtadi et al., 2016","HT","graft_failure","66, Mohtadi et al., 2016, HT, graft_failure","dichotomous",110,24,2.99,NA,NA,NA,NA,NA,"Included",28.7,9.9,63,47,24,2,0.0812736363636364,0.285085314184432,84.1853256056309,0,23.4412430516772,24.5587569483228
20,76,"Pinczewski et al., 2007","BPTB","graft_failure","76, Pinczewski et al., 2007, BPTB, graft_failure","dichotomous",90,7,0.86,NA,NA,NA,NA,NA,"Included",25,5.49,48,42,120,10,0.00821777777777778,0.0906519595914935,77.2184079808558,0,6.82232542407269,7.17767457592731
21,76,"Pinczewski et al., 2007","HT","graft_failure","76, Pinczewski et al., 2007, HT, graft_failure","dichotomous",90,12,1.52,NA,NA,NA,NA,NA,"Included",25,5.49,48,42,120,10,0.0256711111111111,0.160222068115198,74.8960498460932,0,11.6859705169657,12.3140294830343
22,77,"Popovic et al., 2024","BPTB","graft_failure","77, Popovic et al., 2024, BPTB, graft_failure","dichotomous",38,3,0.62,NA,NA,NA,NA,NA,"Included",27,6.82,NA,NA,228,19,0.0101157894736842,0.100577281101073,29.8278096917854,1.70339662325053e-195,2.80287215137894,3.19712784862106
23,77,"Popovic et al., 2024","HT","graft_failure","77, Popovic et al., 2024, HT, graft_failure","dichotomous",33,4,0.89,NA,NA,NA,NA,NA,"Included",27,6.82,NA,NA,228,19,0.0240030303030303,0.154929113800571,25.8182590855642,5.53111626022368e-147,3.69634451679417,4.30365548320583
24,85,"Smith et al., 2020","BPTB","graft_failure","85, Smith et al., 2020, BPTB, graft_failure","dichotomous",32,0,0.09,NA,NA,NA,NA,NA,"Included",17.7,2.4,15,17,24,2,0.000253125,0.0159099025766973,0,1,-0.0311828360478677,0.0311828360478677
25,85,"Smith et al., 2020","HT","graft_failure","85, Smith et al., 2020, HT, graft_failure","dichotomous",32,2,0.47,NA,NA,NA,NA,NA,"Included",17.7,2.4,15,17,24,2,0.006903125,0.0830850467894193,24.0717202106059,4.94554656329967e-128,1.83715630063891,2.16284369936109
26,87,"Sonnery-cottet et al., 2026","BPTB","graft_failure","87, Sonnery-cottet et al., 2026, BPTB, graft_failure","dichotomous",273,12,0.79,NA,NA,NA,NA,NA,"Included",24.8,4.4,214,69,61.5,5.1,0.00228608058608059,0.0478129750808354,250.977898357341,0,11.9062882908479,12.0937117091521
27,87,"Sonnery-cottet et al., 2026","HT","graft_failure","87, Sonnery-cottet et al., 2026, HT, graft_failure","dichotomous",283,12,0.78,NA,NA,NA,NA,NA,"Included",24.8,4.4,214,69,61.5,5.1,0.00214982332155477,0.0463661872656656,258.80928986555,0,11.9091239428589,12.0908760571411
28,90,"Taylor et al., 2009","BPTB","graft_failure","90, Taylor et al., 2009, BPTB, graft_failure","dichotomous",32,3,0.68,NA,NA,NA,NA,NA,"Included",21.7,4.6,25,7,32.4,2.7,0.01445,0.120208152801713,24.9567099242311,1.80568384955062e-137,2.76439634986055,3.23560365013945
29,90,"Taylor et al., 2009","HT","graft_failure","90, Taylor et al., 2009, HT, graft_failure","dichotomous",32,4,0.91,NA,NA,NA,NA,NA,"Included",21.7,4.6,25,7,32.4,2.7,0.025878125,0.16086679271994,24.8652934043621,1.76701090618501e-136,3.68470687996045,4.31529312003955
30,96,"Wipfler et al., 2011","BPTB","graft_failure","96, Wipfler et al., 2011, BPTB, graft_failure","dichotomous",29,3,0.72,NA,NA,NA,NA,NA,"Included",29.87,7.3,19,12,108,9,0.0178758620689655,0.133700643487477,22.4381866963938,1.6691293585673e-111,2.73795155405471,3.26204844594529
31,96,"Wipfler et al., 2011","HT","graft_failure","96, Wipfler et al., 2011, HT, graft_failure","dichotomous",25,3,0.8,NA,NA,NA,NA,NA,"Included",29.87,7.3,19,12,108,9,0.0256,0.16,18.75,1.93591029582684e-78,2.68640576247359,3.31359423752641
32,97,"Yadav et al., 2025","HT","graft_failure","97, Yadav et al., 2025, HT, graft_failure","dichotomous",36,1,0.26,NA,NA,NA,NA,NA,"Included",30.06,8.87,32,4,12,1,0.00187777777777778,0.0433333333333333,23.0769230769231,7.89601428370272e-118,0.915068227336598,1.0849317726634
33,97,"Yadav et al., 2025","QT","graft_failure","97, Yadav et al., 2025, QT, graft_failure","dichotomous",33,0,0.09,NA,NA,NA,NA,NA,"Included",30.06,8.87,32,4,12,1,0.000245454545454545,0.0156669890360128,0,1,-0.030706734256769,0.030706734256769
72,10,"Barié et al., 2020","BPTB","ikdc_subjective","10, Barié et al., 2020, BPTB, ikdc_subjective","continuous",43,91,7.3,NA,NA,NA,NA,NA,"Included",30.6,7.5,17,13,122.4,10.2,1.2393023255814,1.11323956342801,81.7434117412989,0,88.818090549516,93.181909450484
73,10,"Barié et al., 2020","QT","ikdc_subjective","10, Barié et al., 2020, QT, ikdc_subjective","continuous",43,92,11.5,NA,NA,NA,NA,NA,"Included",30.6,7.5,17,13,122.4,10.2,3.07558139534884,1.75373355882495,52.459508194416,0,88.5627453862238,95.4372546137762
74,12,"Bi et al., 2018","HT","ikdc_subjective","12, Bi et al., 2018, HT, ikdc_subjective","continuous",62,90.4,7.1,NA,NA,NA,NA,NA,"Included",27.9,6.7,31,31,30.3,2.5,0.813064516129032,0.901700901701353,100.25497349446,0,88.6326987078381,92.167301292162
75,12,"Bi et al., 2018","PLT","ikdc_subjective","12, Bi et al., 2018, PLT, ikdc_subjective","continuous",62,89.3,8.4,NA,NA,NA,NA,NA,"Included",27.9,6.7,31,31,30.3,2.5,1.13806451612903,1.0668010668016,83.7082027558636,0,87.2091083304,91.3908916696
76,13,"Björnsson et al., 2016","BPTB","ikdc_subjective","13, Björnsson et al., 2016, BPTB, ikdc_subjective","continuous",61,67.3,20.8,NA,NA,NA,NA,NA,"Included",28.2,9.1,42,19,202.6,16.9,7.09245901639344,2.66316710260424,25.2706636148326,6.71459143272387e-141,62.0802883940838,72.5197116059162
77,13,"Björnsson et al., 2016","HT","ikdc_subjective","13, Björnsson et al., 2016, HT, ikdc_subjective","continuous",86,74,18.8,NA,NA,NA,NA,NA,"Included",28.2,9.1,42,19,202.6,16.9,4.10976744186047,2.02725613622464,36.5025408865256,1.0106504651641e-291,70.0266509855619,77.9733490144381
78,14,"Bottoni et al., 2015","HT","ikdc_subjective","14, Bottoni et al., 2015, HT, ikdc_subjective","continuous",44,79.5,24.7,NA,NA,NA,NA,NA,"Included",28.9,5.8,41,7,120,10,13.8656818181818,3.72366510553538,21.3499328609923,3.90499270174726e-101,72.2017505026621,86.7982494973379
79,14,"Bottoni et al., 2015","TA","ikdc_subjective","14, Bottoni et al., 2015, TA, ikdc_subjective","continuous",36,81.1,23.1,NA,NA,NA,NA,NA,"Included",28.9,5.8,41,7,120,10,14.8225,3.85,21.0649350649351,1.66854542830241e-98,73.5541386595208,88.6458613404792
80,18,"Butt et al., 2024","HT","ikdc_subjective","18, Butt et al., 2024, HT, ikdc_subjective","continuous",30,89.7,5.7,NA,NA,NA,NA,NA,"Included",29.17,5.03,29,1,60,5,1.083,1.04067285925982,86.1942340494972,0,87.6603186761624,91.7396813238376
81,18,"Butt et al., 2024","PLT","ikdc_subjective","18, Butt et al., 2024, PLT, ikdc_subjective","continuous",30,89.9,9.8,NA,NA,NA,NA,NA,"Included",29.17,5.03,29,1,60,5,3.20133333333333,1.78922702118354,50.2451611425657,0,86.3931794783144,93.4068205216856
82,19,"Calvert et al., 2025","HT","ikdc_subjective","19, Calvert et al., 2025, HT, ikdc_subjective","continuous",92,92,8,NA,NA,NA,NA,NA,"Included",29.4,7.7,28,27,24,2,0.695652173913043,0.834057656228299,110.304125036193,0,90.3652770327626,93.6347229672374
83,19,"Calvert et al., 2025","QT","ikdc_subjective","19, Calvert et al., 2025, QT, ikdc_subjective","continuous",89,89,10,NA,NA,NA,NA,NA,"Included",29.4,7.7,28,27,24,2,1.12359550561798,1.05999788000636,83.9624320753038,0,86.9224423314987,91.0775576685013
84,32,"Guglielmetti et al., 2021","BPTB","ikdc_subjective","32, Guglielmetti et al., 2021, BPTB, ikdc_subjective","continuous",31,88.75,9.27,NA,NA,NA,NA,NA,"Included",25.2,5.48,23,8,24,2,2.77202903225806,1.6649411497882,53.3051874003414,0,85.4867753100364,92.0132246899636
85,32,"Guglielmetti et al., 2021","HT","ikdc_subjective","32, Guglielmetti et al., 2021, HT, ikdc_subjective","continuous",31,91,9.07,NA,NA,NA,NA,NA,"Included",25.2,5.48,23,8,24,2,2.6537064516129,1.62902008938285,55.861803419794,0,87.8071792947174,94.1928207052826
86,36,"Horstmann et al., 2022","HT","ikdc_subjective","36, Horstmann et al., 2022, HT, ikdc_subjective","continuous",26,83.7,12.7,NA,NA,NA,NA,NA,"Included",32.7,11.4,12,15,24,2,6.20346153846154,2.49067491625494,33.6053490777729,1.40131980031948e-247,78.818366866943,88.581633133057
87,36,"Horstmann et al., 2022","QT","ikdc_subjective","36, Horstmann et al., 2022, QT, ikdc_subjective","continuous",23,89.3,12.2,NA,NA,NA,NA,NA,"Included",32.7,11.4,12,15,24,2,6.47130434782609,2.54387585149631,35.103914346871,5.87472948860359e-270,84.3140949499261,94.2859050500739
88,38,"Iliopoulos et al., 2017","BPTB","ikdc_subjective","38, Iliopoulos et al., 2017, BPTB, ikdc_subjective","continuous",45,83.2,2.8,NA,NA,NA,NA,NA,"Included",24.8,5,10,0,9,0.8,0.174222222222222,0.417399355799961,199.329488279981,0,82.3819122954619,84.0180877045381
89,38,"Iliopoulos et al., 2017","HT","ikdc_subjective","38, Iliopoulos et al., 2017, HT, ikdc_subjective","continuous",45,82.78,2.8,NA,NA,NA,NA,NA,"Included",24.8,5,10,0,9,0.8,0.174222222222222,0.417399355799961,198.323257690106,0,81.9619122954619,83.5980877045381
90,44,"Komzak et al., 2022","BPTB","ikdc_subjective","44, Komzak et al., 2022, BPTB, ikdc_subjective","continuous",36,74.2,10.2,NA,NA,NA,NA,NA,"Included",31,9.46,23,17,28,2.3,2.89,1.7,43.6470588235294,0,70.8680612262819,77.5319387737181
91,44,"Komzak et al., 2022","QT","ikdc_subjective","44, Komzak et al., 2022, QT, ikdc_subjective","continuous",36,78.3,10.5,NA,NA,NA,NA,NA,"Included",31,9.46,23,17,28,2.3,3.0625,1.75,44.7428571428571,0,74.8700630270549,81.7299369729451
92,51,"Li et al., 2015","HT","ikdc_subjective","51, Li et al., 2015, HT, ikdc_subjective","continuous",32,87.5,3.2,NA,NA,NA,NA,NA,"Included",29.8,7.9,17,15,69.6,5.8,0.32,0.565685424949238,154.679608384557,0,86.3912769405203,88.6087230594797
93,51,"Li et al., 2015","TA","ikdc_subjective","51, Li et al., 2015, TA, ikdc_subjective","continuous",32,83.8,6.9,NA,NA,NA,NA,NA,"Included",29.8,7.9,17,15,69.6,5.8,1.4878125,1.21975919754679,68.7020849431103,0,81.4093159029968,86.1906840970032
94,53,"Lind et al., 2020","HT","ikdc_subjective","53, Lind et al., 2020, HT, ikdc_subjective","continuous",49,78,18,NA,NA,NA,NA,NA,"Included",27.1,6.1,25,24,24,2,6.61224489795918,2.57142857142857,30.3333333333333,4.1683103870801e-202,72.9600926111827,83.0399073888173
95,53,"Lind et al., 2020","QT","ikdc_subjective","53, Lind et al., 2020, QT, ikdc_subjective","continuous",47,82,14,NA,NA,NA,NA,NA,"Included",27.1,6.1,25,24,24,2,4.17021276595745,2.04210988097052,40.1545483737775,0,77.9975381808244,86.0024618191756
96,54,"Lucidi et al., 2025","BPTB","ikdc_subjective","54, Lucidi et al., 2025, BPTB, ikdc_subjective","continuous",19,78.4,13.7,NA,NA,NA,NA,NA,"Included",52.8,7.3,NA,NA,240,20,9.87842105263158,3.1429955540267,24.9443559980722,2.45879153805962e-137,72.2398419105382,84.5601580894618
97,54,"Lucidi et al., 2025","HT","ikdc_subjective","54, Lucidi et al., 2025, HT, ikdc_subjective","continuous",20,81.6,11.9,NA,NA,NA,NA,NA,"Included",52.8,7.3,NA,NA,240,20,7.0805,2.66092089322475,30.6660751199971,1.61355305991928e-206,76.3846908835693,86.8153091164307
98,55,"Lui et al., 2012","BPTB","ikdc_subjective","55, Lui et al., 2012, BPTB, ikdc_subjective","continuous",14,71.9,15.2,NA,NA,NA,NA,NA,"Included",26.5,5,14,0,12,1,16.5028571428571,4.06237087706885,17.6990240861215,4.26636277984255e-70,63.9378993891007,79.8621006108993
99,55,"Lui et al., 2012","HT","ikdc_subjective","55, Lui et al., 2012, HT, ikdc_subjective","continuous",17,73.1,12.3,NA,NA,NA,NA,NA,"Included",26.5,5,14,0,12,1,8.89941176470588,2.9831881879469,24.5039854660692,1.33949775327451e-132,67.2530585925188,78.9469414074812
100,56,"Lund et al., 2014","BPTB","ikdc_subjective","56, Lund et al., 2014, BPTB, ikdc_subjective","continuous",18,75,13,NA,NA,NA,NA,NA,"Included",31,8,15,3,24,2,9.38888888888889,3.06412938514171,24.476773194919,2.61128135728309e-132,68.9944167611514,81.0055832388486
101,56,"Lund et al., 2014","QT","ikdc_subjective","56, Lund et al., 2014, QT, ikdc_subjective","continuous",21,76,16,NA,NA,NA,NA,NA,"Included",31,8,15,3,24,2,12.1904761904762,3.49148624377588,21.7672345510402,4.74403508358676e-105,69.1568127096822,82.8431872903178
102,58,"Malik et al., 2026","HT","ikdc_subjective","58, Malik et al., 2026, HT, ikdc_subjective","continuous",25,78.9,7.4,NA,NA,NA,NA,NA,"Included",28.12,5.21,18,7,6,0.5,2.1904,1.48,53.3108108108108,0,75.9992533028807,81.8007466971193
103,58,"Malik et al., 2026","PLT","ikdc_subjective","58, Malik et al., 2026, PLT, ikdc_subjective","continuous",25,82.6,6.3,NA,NA,NA,NA,NA,"Included",28.12,5.21,18,7,6,0.5,1.5876,1.26,65.5555555555556,0,80.1304453794795,85.0695546205205
104,62,"Matsumoto et al., 2006","BPTB","ikdc_subjective","62, Matsumoto et al., 2006, BPTB, ikdc_subjective","continuous",37,84.3,11,NA,NA,NA,NA,NA,"Included",23.7,7.7,21,16,87,7.3,3.27027027027027,1.80838886035893,46.6160801185582,0,80.7556229636531,87.8443770363469
105,62,"Matsumoto et al., 2006","HT","ikdc_subjective","62, Matsumoto et al., 2006, HT, ikdc_subjective","continuous",35,86.8,8.3,NA,NA,NA,NA,NA,"Included",23.7,7.7,21,16,87,7.3,1.96828571428571,1.40295606284934,61.8693644786803,0,84.0502566449232,89.5497433550768
106,68,"Moraiti et al., 2010","BPTB","ikdc_subjective","68, Moraiti et al., 2010, BPTB, ikdc_subjective","continuous",6,92,7,NA,NA,NA,NA,NA,"Included",23,2,6,0,21,1.8,8.16666666666667,2.85773803324704,32.1932937622932,2.19070280386633e-227,86.3989363775855,97.6010636224145
107,68,"Moraiti et al., 2010","HT","ikdc_subjective","68, Moraiti et al., 2010, HT, ikdc_subjective","continuous",6,90,10,NA,NA,NA,NA,NA,"Included",23,2,6,0,21,1.8,16.6666666666667,4.08248290463863,22.0454076850486,1.05724043591625e-107,81.9984805394078,98.0015194605922
108,73,"Papalia et al., 2015","BPTB","ikdc_subjective","73, Papalia et al., 2015, BPTB, ikdc_subjective","continuous",20,86.9,11.7,NA,NA,NA,NA,NA,"Included",24.7,NA,0,20,6,0.5,6.8445,2.61619953367475,33.2161208965353,6.29979945052339e-242,81.772343137627,92.027656862373
109,73,"Papalia et al., 2015","HT","ikdc_subjective","73, Papalia et al., 2015, HT, ikdc_subjective","continuous",20,90.97,5.1,NA,NA,NA,NA,NA,"Included",24.7,NA,0,20,6,0.5,1.3005,1.14039466852489,79.7706289855513,0,88.7348675215297,93.2051324784703
110,84,"Sinding et al., 2020","HT","ikdc_subjective","84, Sinding et al., 2020, HT, ikdc_subjective","continuous",43,76,15,NA,NA,NA,NA,NA,"Included",28.3,6.2,23,20,12.5,1,5.23255813953488,2.28747855498907,33.2243551897968,4.79093310314634e-242,71.5166244168137,80.4833755831863
111,84,"Sinding et al., 2020","QT","ikdc_subjective","84, Sinding et al., 2020, QT, ikdc_subjective","continuous",42,76,17,NA,NA,NA,NA,NA,"Included",28.3,6.2,23,20,12.5,1,6.88095238095238,2.62315694935556,28.972723122294,1.45205619730413e-184,70.8587068534671,81.1412931465329
112,85,"Smith et al., 2020","BPTB","ikdc_subjective","85, Smith et al., 2020, BPTB, ikdc_subjective","continuous",32,89.4,9.2,NA,NA,NA,NA,NA,"Included",17.7,2.4,15,17,24,2,2.645,1.62634559672906,54.9698662939803,0,86.2124212039957,92.5875787960043
113,85,"Smith et al., 2020","HT","ikdc_subjective","85, Smith et al., 2020, HT, ikdc_subjective","continuous",32,94.8,6.4,NA,NA,NA,NA,NA,"Included",17.7,2.4,15,17,24,2,1.28,1.13137084989848,83.7921535706059,0,92.5825538810405,97.0174461189595
114,87,"Sonnery-cottet et al., 2026","BPTB","ikdc_subjective","87, Sonnery-cottet et al., 2026, BPTB, ikdc_subjective","continuous",296,89.4,10.9,NA,NA,NA,NA,NA,"Included",24.8,4.4,214,69,61.5,5.1,0.401385135135135,0.633549631153815,141.109702545617,0,88.1582655405199,90.6417344594801
115,87,"Sonnery-cottet et al., 2026","HT","ikdc_subjective","87, Sonnery-cottet et al., 2026, HT, ikdc_subjective","continuous",297,91,10.3,NA,NA,NA,NA,NA,"Included",24.8,4.4,214,69,61.5,5.1,0.357205387205387,0.597666618781229,152.258796359697,0,89.828594952427,92.171405047573
116,89,"Tang et al., 2023","HT","ikdc_subjective","89, Tang et al., 2023, HT, ikdc_subjective","continuous",16,90.13,6.99,NA,NA,92.5,NA,NA,"Included",28.31,8.55,13,3,24,2,3.05375625,1.7475,51.5765379113019,0,86.7049629370162,93.5550370629837
117,89,"Tang et al., 2023","QT","ikdc_subjective","89, Tang et al., 2023, QT, ikdc_subjective","continuous",17,87.12,6.61,NA,NA,90,NA,NA,"Included",28.31,8.55,13,3,24,2,2.57012352941176,1.60316048149016,54.3426568992149,0,83.9778631948414,90.2621368051586
118,93,"Vilchez-Cavazos et al., 2020","HT","ikdc_subjective","93, Vilchez-Cavazos et al., 2020, HT, ikdc_subjective","continuous",14,90,1.76,NA,87,90,93,NA,"Included",24.46,8.24,12,3,12,1,0.221257142857143,0.470379785765867,191.334752732758,0,89.0780725608432,90.9219274391568
119,93,"Vilchez-Cavazos et al., 2020","QT","ikdc_subjective","93, Vilchez-Cavazos et al., 2020, QT, ikdc_subjective","continuous",14,88.17,2.49,NA,83,90,91.5,NA,"Included",24.46,8.24,12,3,12,1,0.442864285714286,0.665480492361937,132.490735659381,0,86.8656822025566,89.4743177974434
120,96,"Wipfler et al., 2011","BPTB","ikdc_subjective","96, Wipfler et al., 2011, BPTB, ikdc_subjective","continuous",29,86.72,2.27,NA,NA,NA,NA,NA,"Included",29.87,7.3,19,12,108,9,0.177686206896552,0.421528417661908,205.727529548328,0,85.8938194829225,87.5461805170775
121,96,"Wipfler et al., 2011","HT","ikdc_subjective","96, Wipfler et al., 2011, HT, ikdc_subjective","continuous",25,92.95,1.99,NA,NA,NA,NA,NA,"Included",29.87,7.3,19,12,108,9,0.158404,0.398,233.542713567839,0,92.1699343341531,93.730065665847
122,100,"Zaffagnini et al., 2011","BPTB","ikdc_subjective","100, Zaffagnini et al., 2011, BPTB, ikdc_subjective","continuous",40,82,20,NA,NA,NA,NA,NA,"Included",26,9.5,20,19,103.2,8.6,10,3.16227766016838,25.9306768133807,3.00384756634239e-148,75.8020496769544,88.1979503230456
123,100,"Zaffagnini et al., 2011","HT","ikdc_subjective","100, Zaffagnini et al., 2011, HT, ikdc_subjective","continuous",39,88,9,NA,NA,NA,NA,NA,"Included",26,9.5,20,19,103.2,8.6,2.07692307692308,1.44115338424578,61.0622026510066,0,85.1753912706803,90.8246087293197
124,2,"Aglietti et al., 2004","BPTB","instrumented_laxity","2, Aglietti et al., 2004, BPTB, instrumented_laxity","continuous",60,2.2,1.08,0,NA,NA,NA,5,"Included",25,4.97,46,14,24,2,0.01944,0.139427400463467,15.7788210401043,4.35241808468259e-56,1.92672731663356,2.47327268336644
125,2,"Aglietti et al., 2004","HT","instrumented_laxity","2, Aglietti et al., 2004, HT, instrumented_laxity","continuous",60,1.95,1.3,-1,NA,NA,NA,5,"Included",25,4.97,46,14,24,2,0.0281666666666667,0.167829278335655,11.6189500386222,3.30168896079337e-31,1.62106065891077,2.27893934108923
126,3,"Ahldén et al., 2009","BPTB","instrumented_laxity","3, Ahldén et al., 2009, BPTB, instrumented_laxity","continuous",25,2.6,3.3,NA,NA,NA,NA,NA,"Included",27.41,8.9,14,8,90.27134752,7.5,0.4356,0.66,3.93939393939394,8.16877042831302e-05,1.30642377020356,3.89357622979644
127,3,"Ahldén et al., 2009","HT","instrumented_laxity","3, Ahldén et al., 2009, HT, instrumented_laxity","continuous",22,1.4,2.6,NA,NA,NA,NA,NA,"Included",27.41,8.9,14,8,90.27134752,7.5,0.307272727272727,0.554321862524587,2.52560848605877,0.0115498115281194,0.313549113608646,2.48645088639135
130,5,"Anderson et al., 2001","BPTB","instrumented_laxity","5, Anderson et al., 2001, BPTB, instrumented_laxity","continuous",35,2.1,2,NA,NA,NA,NA,NA,"Included",23.6,7.13,23,12,34.6,2.9,0.114285714285714,0.338061701891407,6.2118837722546,5.23531461867923e-10,1.43741123974053,2.76258876025947
131,5,"Anderson et al., 2001","HT","instrumented_laxity","5, Anderson et al., 2001, HT, instrumented_laxity","continuous",33,3.1,2.3,NA,NA,NA,NA,NA,"Included",23.6,7.13,23,12,34.6,2.9,0.16030303030303,0.400378608698105,7.74267139315995,9.73494111102938e-15,2.31527234677146,3.88472765322854
132,7,"Aune et al., 2001","BPTB","instrumented_laxity","7, Aune et al., 2001, BPTB, instrumented_laxity","continuous",32,3.3,2.6,NA,NA,NA,NA,NA,"Included",25,7,19,16,24,2,0.21125,0.459619407771256,7.17985347050956,6.97861725417903e-13,2.39916251417271,4.20083748582729
133,7,"Aune et al., 2001","HT","instrumented_laxity","7, Aune et al., 2001, HT, instrumented_laxity","continuous",29,2.9,2.4,NA,NA,NA,NA,NA,"Included",25,7,19,16,24,2,0.198620689655172,0.445668811624924,6.50707414195419,7.66285978651115e-11,2.02650518018238,3.77349481981762
136,10,"Barié et al., 2020","BPTB","instrumented_laxity","10, Barié et al., 2020, BPTB, instrumented_laxity","continuous",43,1.05,1.36,NA,NA,NA,NA,NA,"Included",30.6,7.5,17,13,122.4,10.2,0.0430139534883721,0.207398055652342,5.06272827243904,4.13298733457011e-07,0.643507280457775,1.45649271954222
137,10,"Barié et al., 2020","QT","instrumented_laxity","10, Barié et al., 2020, QT, instrumented_laxity","continuous",43,1,1.1,NA,NA,NA,NA,NA,"Included",30.6,7.5,17,13,122.4,10.2,0.0281395348837209,0.167748427365865,5.96130774936545,2.50227194728268e-09,0.671219123899671,1.32878087610033
140,12,"Bi et al., 2018","HT","instrumented_laxity","12, Bi et al., 2018, HT, instrumented_laxity","continuous",62,1.71,0.57,NA,NA,NA,NA,NA,"Included",27.9,6.7,31,31,30.3,2.5,0.00524032258064516,0.0723900723901086,23.6220236220354,2.28922068823595e-123,1.56811806527714,1.85188193472286
141,12,"Bi et al., 2018","PLT","instrumented_laxity","12, Bi et al., 2018, PLT, instrumented_laxity","continuous",62,1.85,0.77,NA,NA,NA,NA,NA,"Included",27.9,6.7,31,31,30.3,2.5,0.00956290322580645,0.0977900977901467,18.9180708661323,8.09641174569836e-80,1.65833493028666,2.04166506971334
146,23,"Ejerhed et al., 2003","BPTB","instrumented_laxity","23, Ejerhed et al., 2003, BPTB, instrumented_laxity","continuous",32,2.29,3.99,-5,NA,2,NA,11.5,"Included",27.26,8.47,21,11,24,2,0.497503125,0.705339014233581,3.24666572213974,0.0011676544577794,0.907560935211197,3.6724390647888
147,23,"Ejerhed et al., 2003","HT","instrumented_laxity","23, Ejerhed et al., 2003, HT, instrumented_laxity","continuous",34,2.47,3.47,-4,NA,2.25,NA,10.5,"Included",27.26,8.47,21,11,24,2,0.354144117647059,0.595100090444506,4.15056229978902,3.31659475951597e-05,1.30362525553224,3.63637474446776
148,25,"Eriksson et al., 2001","BPTB","instrumented_laxity","25, Eriksson et al., 2001, BPTB, instrumented_laxity","continuous",42,0.95,0.91,NA,NA,NA,NA,NA,"Included",27,6,NA,NA,6.7,0.6,0.0197166666666667,0.140416048465504,6.7656084214148,1.32750138698788e-11,0.674789602156182,1.22521039784382
149,25,"Eriksson et al., 2001","HT","instrumented_laxity","25, Eriksson et al., 2001, HT, instrumented_laxity","continuous",47,1.1,0.95,NA,NA,NA,NA,NA,"Included",27,6,NA,NA,6.7,0.6,0.0192021276595745,0.138571741923,7.93812637941174,2.0525814467026e-15,0.828404376555941,1.37159562344406
150,26,"Feller & Webster, 2003","BPTB","instrumented_laxity","26, Feller & Webster, 2003, BPTB, instrumented_laxity","continuous",27,0.5,1,NA,NA,NA,NA,NA,"Included",25.8,6,23,8,36,3,0.037037037037037,0.192450089729875,2.59807621135332,0.00937476845943489,0.122804755307943,0.877195244692057
151,26,"Feller & Webster, 2003","HT","instrumented_laxity","26, Feller & Webster, 2003, HT, instrumented_laxity","continuous",21,1.1,1.2,NA,NA,NA,NA,NA,"Included",25.8,6,23,8,36,3,0.0685714285714286,0.261861468283191,4.20069438704285,2.66097586846517e-05,0.586760953226168,1.61323904677383
154,30,"Gifstad et al., 2013","BPTB","instrumented_laxity","30, Gifstad et al., 2013, BPTB, instrumented_laxity","continuous",41,1.4,1.8,NA,NA,NA,NA,NA,"Included",27,6.74,NA,NA,84,7,0.0790243902439024,0.281112771399491,4.98020774022555,6.35160554553231e-07,0.849029092462756,1.95097090753724
155,30,"Gifstad et al., 2013","HT","instrumented_laxity","30, Gifstad et al., 2013, HT, instrumented_laxity","continuous",36,1.4,1.4,NA,NA,NA,NA,NA,"Included",27,6.74,NA,NA,84,7,0.0544444444444444,0.233333333333333,6,1.9731752900754e-09,0.942675070273987,1.85732492972601
158,33,"Harilainen et al., 2006","BPTB","instrumented_laxity","33, Harilainen et al., 2006, BPTB, instrumented_laxity","continuous",37,1.5,3,NA,NA,NA,NA,NA,"Included",NA,NA,NA,NA,60.6,5.1,0.243243243243243,0.493196961916072,3.04138126514911,0.00235495425169449,0.533351717359927,2.46664828264007
159,33,"Harilainen et al., 2006","HT","instrumented_laxity","33, Harilainen et al., 2006, HT, instrumented_laxity","continuous",37,1.2,3.9,NA,NA,NA,NA,NA,"Included",NA,NA,NA,NA,60.6,5.1,0.411081081081081,0.641156050490893,1.87161924009176,0.0612592996433699,-0.0566427674320955,2.4566427674321
162,35,"Holm et al., 2010","BPTB","instrumented_laxity","35, Holm et al., 2010, BPTB, instrumented_laxity","continuous",28,3,3.2,NA,NA,NA,NA,NA,"Included",33.9,6.2,18,10,10.2,0.9,0.365714285714286,0.604743156814764,4.96078370824611,7.02093347645191e-07,1.81472519274601,4.18527480725399
163,35,"Holm et al., 2010","HT","instrumented_laxity","35, Holm et al., 2010, HT, instrumented_laxity","continuous",29,2,3.5,NA,NA,NA,NA,NA,"Included",33.9,6.2,18,10,10.2,0.9,0.422413793103448,0.649933683619682,3.07723703264829,0.00208929091636696,0.726153387765974,3.27384661223403
164,36,"Horstmann et al., 2022","HT","instrumented_laxity","36, Horstmann et al., 2022, HT, instrumented_laxity","continuous",26,0.2,2.2,NA,NA,NA,NA,NA,"Included",32.7,11.4,12,15,24,2,0.186153846153846,0.431455497304005,0.463547228508435,0.642972170254394,-0.645637235647668,1.04563723564767
165,36,"Horstmann et al., 2022","QT","instrumented_laxity","36, Horstmann et al., 2022, QT, instrumented_laxity","continuous",23,0.7,1.1,NA,NA,NA,NA,NA,"Included",32.7,11.4,12,15,24,2,0.0526086956521739,0.229365855462782,3.05189278756264,0.00227403307951771,0.250451184009727,1.14954881599027
168,41,"Jansson et al., 2003","BPTB","instrumented_laxity","41, Jansson et al., 2003, BPTB, instrumented_laxity","continuous",43,1.7,2.63,-3.7,NA,NA,NA,7.8,"Included",NA,NA,NA,NA,24,2,0.160858139534884,0.40107123997475,4.23864847578456,2.24869440716339e-05,0.913914814414668,2.48608518558533
169,41,"Jansson et al., 2003","HT","instrumented_laxity","41, Jansson et al., 2003, HT, instrumented_laxity","continuous",46,1.2,2.65,-4.3,NA,NA,NA,7.4,"Included",NA,NA,NA,NA,24,2,0.152663043478261,0.390721183810477,3.07124376594352,0.00213169039989182,0.43420055173461,1.96579944826539
170,43,"Kautzner et al., 2015","BPTB","instrumented_laxity","43, Kautzner et al., 2015, BPTB, instrumented_laxity","continuous",74,0.6,0.21,0,NA,NA,NA,1,"Included",26,6.28,0,74,24,2,0.000595945945945946,0.024412004136202,24.5780721915504,2.16778608222305e-133,0.552153351102601,0.647846648897399
171,43,"Kautzner et al., 2015","HT","instrumented_laxity","43, Kautzner et al., 2015, HT, instrumented_laxity","continuous",73,0.5,0.42,0,NA,NA,NA,2,"Included",26,6.28,0,74,24,2,0.00241643835616438,0.0491572818223748,10.1714330301399,2.65966509925542e-24,0.40365349805026,0.59634650194974
172,45,"Konrads et al., 2016","BPTB","instrumented_laxity","45, Konrads et al., 2016, BPTB, instrumented_laxity","continuous",24,1.8,0.51,1,NA,NA,NA,3,"Included",29.8,6.33,22,9,120,10,0.0108375,0.104103314068285,17.2905158314107,5.54538194411469e-67,1.5959612537549,2.0040387462451
173,45,"Konrads et al., 2016","HT","instrumented_laxity","45, Konrads et al., 2016, HT, instrumented_laxity","continuous",23,2.2,0.78,1,NA,NA,NA,4,"Included",29.8,6.33,22,9,120,10,0.0264521739130435,0.162641242964518,13.5267042965231,1.08792746775938e-41,1.88122902138872,2.51877097861128
174,46,"Laoruengthana et al., 2009","BPTB","instrumented_laxity","46, Laoruengthana et al., 2009, BPTB, instrumented_laxity","continuous",15,1.22,0.69,0.3,NA,NA,NA,2.7,"Included",29.93,8.91,NA,NA,19,1.6,0.03174,0.178157233925541,6.8478835976421,7.49505097708293e-12,0.870818237920662,1.56918176207934
175,46,"Laoruengthana et al., 2009","HT","instrumented_laxity","46, Laoruengthana et al., 2009, HT, instrumented_laxity","continuous",13,0.96,0.42,0.2,NA,NA,NA,1.6,"Included",29.93,8.91,NA,NA,19,1.6,0.0135692307692308,0.116487041207298,8.2412600582034,1.70406386226616e-16,0.731689594568062,1.18831040543194
178,49,"Laxdal et al., 2005","BPTB","instrumented_laxity","49, Laxdal et al., 2005, BPTB, instrumented_laxity","continuous",40,1,3.01,-5,NA,NA,NA,8,"Included",28,8.35,NA,NA,26,2.2,0.2265025,0.475922787855341,2.1011811695471,0.0356250657398405,0.0672084763816351,1.93279152361837
179,49,"Laxdal et al., 2005","HT","instrumented_laxity","49, Laxdal et al., 2005, HT, instrumented_laxity","continuous",78,1.5,3.12,NA,NA,NA,NA,NA,"Included",28,8.35,NA,NA,26,2.2,0.1248,0.353270434653114,4.24603887804223,2.17582892555064e-05,0.807602671277086,2.19239732872291
182,51,"Li et al., 2015","HT","instrumented_laxity","51, Li et al., 2015, HT, instrumented_laxity","continuous",32,2.1,1.6,NA,NA,NA,NA,NA,"Included",29.8,7.9,17,15,69.6,5.8,0.08,0.282842712474619,7.42462120245875,1.13103132668873e-13,1.54563847026013,2.65436152973987
183,51,"Li et al., 2015","TA","instrumented_laxity","51, Li et al., 2015, TA, instrumented_laxity","continuous",32,3.5,1.2,NA,NA,NA,NA,NA,"Included",29.8,7.9,17,15,69.6,5.8,0.045,0.212132034355964,16.4991582276861,3.72042725990568e-61,3.0842288526951,3.9157711473049
184,52,"Lidén et al., 2007","BPTB","instrumented_laxity","52, Lidén et al., 2007, BPTB, instrumented_laxity","continuous",30,2.3,3.06,-3.5,NA,NA,NA,9,"Included",28,8.37,23,11,87.10618173,7.3,0.31212,0.558677008655269,4.11686889628066,3.84054393175589e-05,1.2050131840451,3.3949868159549
185,52,"Lidén et al., 2007","HT","instrumented_laxity","52, Lidén et al., 2007, HT, instrumented_laxity","continuous",32,2.7,3.39,-4.5,NA,NA,NA,9.5,"Included",28,8.37,23,11,87.10618173,7.3,0.359128125,0.599272997055599,4.50545913676384,6.62295837329014e-06,1.52544650886365,3.87455349113635
186,53,"Lind et al., 2020","HT","instrumented_laxity","53, Lind et al., 2020, HT, instrumented_laxity","continuous",49,1.9,1.7,NA,NA,NA,NA,NA,"Included",27.1,6.1,25,24,24,2,0.0589795918367347,0.242857142857143,7.82352941176471,5.13625493316131e-15,1.4240087466117,2.3759912533883
187,53,"Lind et al., 2020","QT","instrumented_laxity","53, Lind et al., 2020, QT, instrumented_laxity","continuous",47,1.8,1,NA,NA,NA,NA,NA,"Included",27.1,6.1,25,24,24,2,0.0212765957446809,0.145864991497895,12.3401782807219,5.50338884905583e-35,1.51410987005889,2.08589012994111
188,54,"Lucidi et al., 2025","BPTB","instrumented_laxity","54, Lucidi et al., 2025, BPTB, instrumented_laxity","continuous",19,-0.1,1.6,NA,NA,NA,NA,NA,"Included",52.8,7.3,NA,NA,240,20,0.134736842105263,0.367065174192899,-0.272431183971292,0.785290497792515,-0.819434521397003,0.619434521397003
189,54,"Lucidi et al., 2025","HT","instrumented_laxity","54, Lucidi et al., 2025, HT, instrumented_laxity","continuous",20,1.5,1.2,NA,NA,NA,NA,NA,"Included",52.8,7.3,NA,NA,240,20,0.072,0.268328157299975,5.59016994374947,2.26847485926009e-08,0.974086475654051,2.02591352434595
190,55,"Lui et al., 2012","BPTB","instrumented_laxity","55, Lui et al., 2012, BPTB, instrumented_laxity","continuous",14,3.7,1.4,NA,NA,NA,NA,NA,"Included",26.5,5,14,0,12,1,0.14,0.374165738677394,9.8886659507597,4.6619886036459e-23,2.96664862794348,4.43335137205652
191,55,"Lui et al., 2012","HT","instrumented_laxity","55, Lui et al., 2012, HT, instrumented_laxity","continuous",17,3.1,1.6,NA,NA,NA,NA,NA,"Included",26.5,5,14,0,12,1,0.150588235294118,0.388057000058133,7.98851714963422,1.3657147086234e-15,2.3394222559374,3.8605777440626
192,56,"Lund et al., 2014","BPTB","instrumented_laxity","56, Lund et al., 2014, BPTB, instrumented_laxity","continuous",18,1.1,1.4,NA,NA,NA,NA,NA,"Included",31,8,15,3,24,2,0.108888888888889,0.329983164553722,3.3335033970223,0.000857596243741294,0.453244881970151,1.74675511802985
193,56,"Lund et al., 2014","QT","instrumented_laxity","56, Lund et al., 2014, QT, instrumented_laxity","continuous",21,0.8,1.7,NA,NA,NA,NA,NA,"Included",31,8,15,3,24,2,0.137619047619048,0.370970413401187,2.15650620939098,0.0310441594401931,0.0729113504037385,1.52708864959626
196,58,"Malik et al., 2026","HT","instrumented_laxity","58, Malik et al., 2026, HT, instrumented_laxity","continuous",25,2.1,1,NA,NA,NA,NA,NA,"Included",28.12,5.21,18,7,6,0.5,0.04,0.2,10.5,8.63801263561846e-26,1.70800720309199,2.49199279690801
197,58,"Malik et al., 2026","PLT","instrumented_laxity","58, Malik et al., 2026, PLT, instrumented_laxity","continuous",25,1.8,0.9,NA,NA,NA,NA,NA,"Included",28.12,5.21,18,7,6,0.5,0.0324,0.18,10,1.52397060483213e-23,1.44720648278279,2.15279351721721
198,62,"Matsumoto et al., 2006","BPTB","instrumented_laxity","62, Matsumoto et al., 2006, BPTB, instrumented_laxity","continuous",37,1.2,2.1,NA,NA,NA,NA,NA,"Included",23.7,7.7,21,16,87,7.3,0.119189189189189,0.34523787334125,3.47586430302755,0.00050920986750544,0.523346202151948,1.87665379784805
199,62,"Matsumoto et al., 2006","HT","instrumented_laxity","62, Matsumoto et al., 2006, HT, instrumented_laxity","continuous",35,1.7,1.4,NA,NA,NA,NA,NA,"Included",23.7,7.7,21,16,87,7.3,0.056,0.236643191323985,7.18381116519239,6.77944862478513e-13,1.23618786781837,2.16381213218163
210,76,"Pinczewski et al., 2007","BPTB","instrumented_laxity","76, Pinczewski et al., 2007, BPTB, instrumented_laxity","continuous",54,1.2,1.69,NA,NA,NA,NA,NA,"Included",25,5.49,48,42,120,10,0.0528907407407407,0.229979870294643,5.21784797279257,1.8101393908394e-07,0.749247737053307,1.65075226294669
211,76,"Pinczewski et al., 2007","HT","instrumented_laxity","76, Pinczewski et al., 2007, HT, instrumented_laxity","continuous",58,1.6,1.55,NA,NA,NA,NA,NA,"Included",25,5.49,48,42,120,10,0.0414224137931035,0.20352497093257,7.86144320605307,3.79732598971722e-15,1.2010983870176,1.9989016129824
212,77,"Popovic et al., 2024","BPTB","instrumented_laxity","77, Popovic et al., 2024, BPTB, instrumented_laxity","continuous",38,1.3,2.2,-3,NA,NA,NA,5,"Included",27,6.82,NA,NA,228,19,0.127368421052632,0.356887126487678,3.64260827448167,0.000269889395031358,0.600514085538161,1.99948591446184
213,77,"Popovic et al., 2024","HT","instrumented_laxity","77, Popovic et al., 2024, HT, instrumented_laxity","continuous",33,1.5,3.3,-3,NA,NA,NA,12,"Included",27,6.82,NA,NA,228,19,0.33,0.574456264653803,2.61116483933547,0.00902343881808032,0.374086410585137,2.62591358941486
214,85,"Smith et al., 2020","BPTB","instrumented_laxity","85, Smith et al., 2020, BPTB, instrumented_laxity","continuous",32,0,0.8,NA,NA,NA,NA,NA,"Included",17.7,2.4,15,17,24,2,0.02,0.14142135623731,0,1,-0.277180764869936,0.277180764869936
215,85,"Smith et al., 2020","HT","instrumented_laxity","85, Smith et al., 2020, HT, instrumented_laxity","continuous",32,0.3,0.7,NA,NA,NA,NA,NA,"Included",17.7,2.4,15,17,24,2,0.0153125,0.123743686707646,2.42436610692531,0.0153351370380076,0.0574668307388064,0.542533169261194
216,87,"Sonnery-cottet et al., 2026","BPTB","instrumented_laxity","87, Sonnery-cottet et al., 2026, BPTB, instrumented_laxity","continuous",296,1.2,1.4,NA,NA,NA,NA,NA,"Included",24.8,4.4,214,69,61.5,5.1,0.00662162162162162,0.0813733471206735,14.7468433149302,3.22395424170564e-49,1.040511170342,1.359488829658
217,87,"Sonnery-cottet et al., 2026","HT","instrumented_laxity","87, Sonnery-cottet et al., 2026, HT, instrumented_laxity","continuous",297,0.9,1,NA,NA,NA,NA,NA,"Included",24.8,4.4,214,69,61.5,5.1,0.00336700336700337,0.0580258853185659,15.5103191456527,2.95406934237776e-54,0.786271354604559,1.01372864539544
224,95,"Webster et al., 2001","BPTB","instrumented_laxity","95, Webster et al., 2001, BPTB, instrumented_laxity","continuous",23,1.1,0.65,1,NA,NA,NA,3.5,"Included",26,6.3,20,8,24,2,0.0183695652173913,0.135534369137099,8.11602257791383,4.81711109940894e-16,0.83435751782393,1.36564248217607
225,95,"Webster et al., 2001","HT","instrumented_laxity","95, Webster et al., 2001, HT, instrumented_laxity","continuous",31,1.7,0.97,0,NA,NA,NA,4,"Included",26,6.3,20,8,24,2,0.0303516129032258,0.174217142965972,9.75793754310416,1.70589045482778e-22,1.35854067429723,2.04145932570277
226,96,"Wipfler et al., 2011","BPTB","instrumented_laxity","96, Wipfler et al., 2011, BPTB, instrumented_laxity","continuous",29,0.9,0.27,NA,NA,NA,NA,NA,"Included",29.87,7.3,19,12,108,9,0.00251379310344828,0.050137741307804,17.950549357115,4.75180137030249e-72,0.801731832770518,0.998268167229482
227,96,"Wipfler et al., 2011","HT","instrumented_laxity","96, Wipfler et al., 2011, HT, instrumented_laxity","continuous",25,0.64,0.36,NA,NA,NA,NA,NA,"Included",29.87,7.3,19,12,108,9,0.005184,0.072,8.88888888888889,6.17230128175281e-19,0.498882593113116,0.781117406886884
228,97,"Yadav et al., 2025","HT","instrumented_laxity","97, Yadav et al., 2025, HT, instrumented_laxity","continuous",36,3.77,2.01,NA,NA,NA,NA,NA,"Included",30.06,8.87,32,4,12,1,0.112225,0.335,11.2537313432836,2.21997545959289e-29,3.11341206517908,4.42658793482092
229,97,"Yadav et al., 2025","QT","instrumented_laxity","97, Yadav et al., 2025, QT, instrumented_laxity","continuous",33,2.73,1.64,NA,NA,NA,NA,NA,"Included",30.06,8.87,32,4,12,1,0.0815030303030303,0.285487355767344,9.56259513722489,1.14840247070448e-21,2.17045506465443,3.28954493534557
232,100,"Zaffagnini et al., 2011","BPTB","instrumented_laxity","100, Zaffagnini et al., 2011, BPTB, instrumented_laxity","continuous",40,0.4,0.6,NA,NA,NA,NA,NA,"Included",26,9.5,20,19,103.2,8.6,0.009,0.0948683298050514,4.21637021355784,2.48266063388046e-05,0.214061490308632,0.585938509691369
233,100,"Zaffagnini et al., 2011","HT","instrumented_laxity","100, Zaffagnini et al., 2011, HT, instrumented_laxity","continuous",39,1.1,1.9,NA,NA,NA,NA,NA,"Included",26,9.5,20,19,103.2,8.6,0.0925641025641026,0.304243492229666,3.61552515696749,0.000299739363446911,0.503693712699164,1.69630628730084
234,2,"Aglietti et al., 2004","BPTB","lachman_1","2, Aglietti et al., 2004, BPTB, lachman_1","dichotomous",60,0,0.06,NA,NA,NA,NA,NA,"Included",25,4.97,46,14,24,2,6e-05,0.00774596669241483,0,1,-0.0151818157425799,0.0151818157425799
235,2,"Aglietti et al., 2004","HT","lachman_1","2, Aglietti et al., 2004, HT, lachman_1","dichotomous",60,0,0.06,NA,NA,NA,NA,NA,"Included",25,4.97,46,14,24,2,6e-05,0.00774596669241483,0,1,-0.0151818157425799,0.0151818157425799
238,11,"Beynnon et al., 2002","BPTB","lachman_1","11, Beynnon et al., 2002, BPTB, lachman_1","dichotomous",22,13,0.586,NA,NA,NA,NA,NA,"Included",28.5,6.96,18,10,36,3,0.0156089090909091,0.124935619784388,104.053591941475,0,12.7551306848364,13.2448693151636
239,11,"Beynnon et al., 2002","HT","lachman_1","11, Beynnon et al., 2002, HT, lachman_1","dichotomous",22,20,7.036,NA,NA,NA,NA,NA,"Included",28.5,6.96,18,10,36,3,2.25024072727273,1.50008024027808,13.3326201245692,1.49551466583743e-40,17.0598967551348,22.9401032448652
240,13,"Björnsson et al., 2016","BPTB","lachman_1","13, Björnsson et al., 2016, BPTB, lachman_1","dichotomous",61,31,1.085,NA,NA,NA,NA,NA,"Included",28.2,9.1,42,19,202.6,16.9,0.0192987704918033,0.138920014727192,223.14999074019,0,30.7277217744029,31.2722782255971
241,13,"Björnsson et al., 2016","HT","lachman_1","13, Björnsson et al., 2016, HT, lachman_1","dichotomous",86,68,2.88,NA,NA,NA,NA,NA,"Included",28.2,9.1,42,19,202.6,16.9,0.096446511627907,0.310558386825903,218.960436699204,0,67.3913167467244,68.6086832532756
244,23,"Ejerhed et al., 2003","BPTB","lachman_1","23, Ejerhed et al., 2003, BPTB, lachman_1","dichotomous",32,14,5.158,NA,NA,NA,NA,NA,"Included",27.26,8.47,21,11,24,2,0.831405125,0.911814194340053,15.354005330146,3.32977445404281e-53,12.2128770185011,15.7871229814989
245,23,"Ejerhed et al., 2003","HT","lachman_1","23, Ejerhed et al., 2003, HT, lachman_1","dichotomous",34,18,4.227,NA,NA,NA,NA,NA,"Included",27.26,8.47,21,11,24,2,0.525515558823529,0.724924519397385,24.8301713052319,4.235082615123e-136,16.5791740504711,19.4208259495289
246,26,"Feller & Webster, 2003","BPTB","lachman_1","26, Feller & Webster, 2003, BPTB, lachman_1","dichotomous",27,6,0.3,NA,NA,NA,NA,NA,"Included",25.8,6,23,8,36,3,0.00333333333333333,0.0577350269189626,103.923048454133,0,5.88684142659238,6.11315857340762
247,26,"Feller & Webster, 2003","HT","lachman_1","26, Feller & Webster, 2003, HT, lachman_1","dichotomous",21,19,0.109,NA,NA,NA,NA,NA,"Included",25.8,6,23,8,36,3,0.000565761904761905,0.0237857500357232,798.797598203312,0,18.9533807865847,19.0466192134153
248,30,"Gifstad et al., 2013","BPTB","lachman_1","30, Gifstad et al., 2013, BPTB, lachman_1","dichotomous",41,16,0.24,NA,NA,NA,NA,NA,"Included",27,6.74,NA,NA,84,7,0.00140487804878049,0.0374817028532655,426.87494916219,0,15.9265372123284,16.0734627876716
249,30,"Gifstad et al., 2013","HT","lachman_1","30, Gifstad et al., 2013, HT, lachman_1","dichotomous",36,13,0.257,NA,NA,NA,NA,NA,"Included",27,6.74,NA,NA,84,7,0.00183469444444444,0.0428333333333333,303.501945525292,0,12.9160482093289,13.0839517906711
250,32,"Guglielmetti et al., 2021","BPTB","lachman_1","32, Guglielmetti et al., 2021, BPTB, lachman_1","dichotomous",31,9,0.48,NA,NA,NA,NA,NA,"Included",25.2,5.48,23,8,24,2,0.00743225806451613,0.086210544972852,104.395581803063,0,8.83103043676564,9.16896956323436
251,32,"Guglielmetti et al., 2021","HT","lachman_1","32, Guglielmetti et al., 2021, HT, lachman_1","dichotomous",31,9,0.696,NA,NA,NA,NA,NA,"Included",25.2,5.48,23,8,24,2,0.0156263225806452,0.125005290210635,71.9969529676296,0,8.75499413331018,9.24500586668982
252,33,"Harilainen et al., 2006","BPTB","lachman_1","33, Harilainen et al., 2006, BPTB, lachman_1","dichotomous",37,8,0.082,NA,NA,NA,NA,NA,"Included",NA,NA,NA,NA,60.6,5.1,0.00018172972972973,0.0134807169590393,593.440246858363,0,7.9735782802745,8.0264217197255
253,33,"Harilainen et al., 2006","HT","lachman_1","33, Harilainen et al., 2006, HT, lachman_1","dichotomous",37,6,0.253,NA,NA,NA,NA,NA,"Included",NA,NA,NA,NA,60.6,5.1,0.00172997297297297,0.0415929437882554,144.255237872685,0,5.91847932816402,6.08152067183598
254,37,"Ibrahim et al., 2005","BPTB","lachman_1","37, Ibrahim et al., 2005, BPTB, lachman_1","dichotomous",40,5,0.994,NA,NA,NA,NA,NA,"Included",22.3,3.94,40,0,81,6.8,0.0247009,0.157165199710368,31.8136585530018,4.19034349148936e-222,4.69196186894463,5.30803813105537
255,37,"Ibrahim et al., 2005","HT","lachman_1","37, Ibrahim et al., 2005, HT, lachman_1","dichotomous",46,7,1.304,NA,NA,NA,NA,NA,"Included",22.3,3.94,40,0,81,6.8,0.0369655652173913,0.192264310825986,36.4082130995988,3.1561334832808e-290,6.62316887526865,7.37683112473135
258,41,"Jansson et al., 2003","BPTB","lachman_1","41, Jansson et al., 2003, BPTB, lachman_1","dichotomous",43,8,1.593,NA,NA,NA,NA,NA,"Included",NA,NA,NA,NA,24,2,0.0590150930232558,0.242930222539839,32.9312669142599,7.8455612617784e-238,7.52386551306561,8.47613448693438
259,41,"Jansson et al., 2003","HT","lachman_1","41, Jansson et al., 2003, HT, lachman_1","dichotomous",46,8,1.517,NA,NA,NA,NA,NA,"Included",NA,NA,NA,NA,24,2,0.0500280217391304,0.223669447486979,35.7670664897839,3.59198271272092e-280,7.56161593848355,8.43838406151645
260,45,"Konrads et al., 2016","BPTB","lachman_1","45, Konrads et al., 2016, BPTB, lachman_1","dichotomous",24,8,2.603,NA,NA,NA,NA,NA,"Included",29.8,6.33,22,9,120,10,0.282317041666667,0.531335150038718,15.0564102514525,3.13345473690028e-51,6.95860224220393,9.04139775779607
261,45,"Konrads et al., 2016","HT","lachman_1","45, Konrads et al., 2016, HT, lachman_1","dichotomous",23,11,4.596,NA,NA,NA,NA,NA,"Included",29.8,6.33,22,9,120,10,0.918400695652174,0.958332247006316,11.4782738808616,1.69633253891192e-30,9.12170331064428,12.8782966893557
264,51,"Li et al., 2015","HT","lachman_1","51, Li et al., 2015, HT, lachman_1","dichotomous",32,6,1.414,NA,NA,NA,NA,NA,"Included",29.8,7.9,17,15,69.6,5.8,0.062481125,0.249962247149445,24.0036248210426,2.54869180507952e-127,5.51008299809239,6.48991700190761
265,51,"Li et al., 2015","TA","lachman_1","51, Li et al., 2015, TA, lachman_1","dichotomous",32,13,4.019,NA,NA,NA,NA,NA,"Included",29.8,7.9,17,15,69.6,5.8,0.50476128125,0.710465538397184,18.2978614688731,8.60612783345789e-75,11.6075131324847,14.3924868675153
266,52,"Lidén et al., 2007","BPTB","lachman_1","52, Lidén et al., 2007, BPTB, lachman_1","dichotomous",30,23,15.405,NA,NA,NA,NA,NA,"Included",28,8.37,23,11,87.10618173,7.3,7.9104675,2.81255533278903,8.17761689231991,2.8951253031326e-16,17.4874928432074,28.5125071567926
267,52,"Lidén et al., 2007","HT","lachman_1","52, Lidén et al., 2007, HT, lachman_1","dichotomous",32,26,20.607,NA,NA,NA,NA,NA,"Included",28,8.37,23,11,87.10618173,7.3,13.27026403125,3.6428373599778,7.13729366170728,9.51863504337995e-13,18.8601699729065,33.1398300270935
268,55,"Lui et al., 2012","BPTB","lachman_1","55, Lui et al., 2012, BPTB, lachman_1","dichotomous",14,4,1.684,NA,NA,NA,NA,NA,"Included",26.5,5,14,0,12,1,0.202561142857143,0.450067931380523,8.88754723699273,6.24726638462641e-19,3.11788306389773,4.88211693610227
269,55,"Lui et al., 2012","HT","lachman_1","55, Lui et al., 2012, HT, lachman_1","dichotomous",17,6,1.031,NA,NA,NA,NA,NA,"Included",26.5,5,14,0,12,1,0.0625271176470588,0.250054229412459,23.9947951054374,3.15141972910175e-127,5.50990271616966,6.49009728383034
270,58,"Malik et al., 2026","HT","lachman_1","58, Malik et al., 2026, HT, lachman_1","dichotomous",25,3,0.8,NA,NA,NA,NA,NA,"Included",28.12,5.21,18,7,6,0.5,0.0256,0.16,18.75,1.93591029582684e-78,2.68640576247359,3.31359423752641
271,58,"Malik et al., 2026","PLT","lachman_1","58, Malik et al., 2026, PLT, lachman_1","dichotomous",25,2,0.54,NA,NA,NA,NA,NA,"Included",28.12,5.21,18,7,6,0.5,0.011664,0.108,18.5185185185185,1.46410682412894e-76,1.78832388966967,2.21167611033033
278,70,"Noh et al., 2011","HT","lachman_1","70, Noh et al., 2011, HT, lachman_1","dichotomous",33,6,1.383,NA,NA,NA,NA,NA,"Included",25.81,7.46,30,3,28.1,2.3,0.0579602727272727,0.24074939818673,24.9221806791238,4.27788920125156e-137,5.52813985025432,6.47186014974568
279,70,"Noh et al., 2011","AT","lachman_1","70, Noh et al., 2011, AT, lachman_1","dichotomous",32,6,3.098,NA,NA,NA,NA,NA,"Included",25.81,7.46,30,3,28.1,2.3,0.299925125,0.547654202028981,10.9558184302628,6.23125257691901e-28,4.92661748804117,7.07338251195883
280,76,"Pinczewski et al., 2007","BPTB","lachman_1","76, Pinczewski et al., 2007, BPTB, lachman_1","dichotomous",53,10,1.778,NA,NA,NA,NA,NA,"Included",25,5.49,48,42,120,10,0.0596468679245283,0.244227082700769,40.9454999397105,0,9.52132371385721,10.4786762861428
281,76,"Pinczewski et al., 2007","HT","lachman_1","76, Pinczewski et al., 2007, HT, lachman_1","dichotomous",58,12,2.07,NA,NA,NA,NA,NA,"Included",25,5.49,48,42,120,10,0.0738775862068965,0.271804316019626,44.149409309356,0,11.467273329759,12.532726670241
282,77,"Popovic et al., 2024","BPTB","lachman_1","77, Popovic et al., 2024, BPTB, lachman_1","dichotomous",38,0,0.081,NA,NA,NA,NA,NA,"Included",27,6.82,NA,NA,228,19,0.000172657894736842,0.0131399351115918,0,1,-0.0257537995779132,0.0257537995779132
283,77,"Popovic et al., 2024","HT","lachman_1","77, Popovic et al., 2024, HT, lachman_1","dichotomous",33,5,0.087,NA,NA,NA,NA,NA,"Included",27,6.82,NA,NA,228,19,0.000229363636363636,0.0151447560681457,330.147278536668,0,4.97031682355179,5.02968317644821
284,82,"Sajovic et al., 2018","BPTB","lachman_1","82, Sajovic et al., 2018, BPTB, lachman_1","dichotomous",24,5,1.418,NA,NA,NA,NA,NA,"Included",45.5,8.7,15,9,204,17,0.0837801666666667,0.289448037938879,17.2742577065104,7.35131522512237e-67,4.43269227024401,5.56730772975599
285,82,"Sajovic et al., 2018","HT","lachman_1","82, Sajovic et al., 2018, HT, lachman_1","dichotomous",24,5,1.418,NA,NA,NA,NA,NA,"Included",45.5,8.7,15,9,204,17,0.0837801666666667,0.289448037938879,17.2742577065104,7.35131522512237e-67,4.43269227024401,5.56730772975599
288,98,"Yoo et al., 2017","HT","lachman_1","98, Yoo et al., 2017, HT, lachman_1","dichotomous",68,36,0.58,NA,NA,NA,NA,NA,"Included",30,9.96,61,7,32.8,2.7,0.00494705882352941,0.0703353312605366,511.833801800813,0,35.8621452838887,36.1378547161113
289,98,"Yoo et al., 2017","TA","lachman_1","98, Yoo et al., 2017, TA, lachman_1","dichotomous",64,35,0.897,NA,NA,NA,NA,NA,"Included",30,9.96,61,7,32.8,2.7,0.012572015625,0.112125,312.151616499443,0,34.7802390382334,35.2197609617666
290,3,"Ahldén et al., 2009","BPTB","lysholm","3, Ahldén et al., 2009, BPTB, lysholm","continuous",25,80.7,21.64,15,NA,89,NA,100,"Included",27.41,8.9,14,8,90.27134752,7.5,18.731584,4.328,18.6460258780037,1.3601995157985e-77,72.2172758749107,89.1827241250894
291,3,"Ahldén et al., 2009","HT","lysholm","3, Ahldén et al., 2009, HT, lysholm","continuous",22,79.16,13.35,49,NA,81,NA,100,"Included",27.41,8.9,14,8,90.27134752,7.5,8.10102272727273,2.8462295633474,27.8122330747283,3.08562908298364e-170,73.5814925641059,84.7385074358941
292,9,"Barenius et al., 2010","BPTB","lysholm","9, Barenius et al., 2010, BPTB, lysholm","continuous",78,85.82,11.83,43,NA,88,NA,100,"Included",33,6.3,38,40,96,8,1.79421666666667,1.33948373139306,64.069460485905,0,83.1946601285923,88.4453398714077
293,9,"Barenius et al., 2010","HT","lysholm","9, Barenius et al., 2010, HT, lysholm","continuous",75,86.42,12.53,40,NA,89,NA,100,"Included",33,6.3,38,40,96,8,2.09334533333333,1.4468397745892,59.7301798843186,0,83.5842461504051,89.2557538495949
294,10,"Barié et al., 2020","BPTB","lysholm","10, Barié et al., 2020, BPTB, lysholm","continuous",43,95.2,6.6,NA,NA,NA,NA,NA,"Included",30.6,7.5,17,13,122.4,10.2,1.01302325581395,1.00649056419519,94.5860829565986,0,93.227314743398,97.172685256602
295,10,"Barié et al., 2020","QT","lysholm","10, Barié et al., 2020, QT, lysholm","continuous",43,95.6,7.8,NA,NA,NA,NA,NA,"Included",30.6,7.5,17,13,122.4,10.2,1.41488372093023,1.18948884859432,80.3706567850348,0,93.2686446967431,97.9313553032569
296,13,"Björnsson et al., 2016","BPTB","lysholm","13, Björnsson et al., 2016, BPTB, lysholm","continuous",61,79.4,16.9,NA,NA,NA,NA,NA,"Included",28.2,9.1,42,19,202.6,16.9,4.68213114754098,2.16382327086594,36.6943091282242,9.00056088389015e-295,75.1589843201931,83.6410156798069
297,13,"Björnsson et al., 2016","HT","lysholm","13, Björnsson et al., 2016, HT, lysholm","continuous",86,80.7,15.3,NA,NA,NA,NA,NA,"Included",28.2,9.1,42,19,202.6,16.9,2.72197674418605,1.64984143001261,48.9137916723205,0,77.4663702169732,83.9336297830268
298,18,"Butt et al., 2024","HT","lysholm","18, Butt et al., 2024, HT, lysholm","continuous",30,95.1,5.2,NA,NA,NA,NA,NA,"Included",29.17,5.03,29,1,60,5,0.901333333333333,0.949385766342288,100.17002926681,0,93.2392380905341,96.9607619094658
299,18,"Butt et al., 2024","PLT","lysholm","18, Butt et al., 2024, PLT, lysholm","continuous",30,94.5,6.4,NA,NA,NA,NA,NA,"Included",29.17,5.03,29,1,60,5,1.36533333333333,1.16847478934435,80.8746588816222,0,92.209831496042,96.790168503958
300,19,"Calvert et al., 2025","HT","lysholm","19, Calvert et al., 2025, HT, lysholm","continuous",92,94,7,NA,NA,NA,NA,NA,"Included",29.4,7.7,28,27,24,2,0.532608695652174,0.729800449199762,128.802332340399,0,92.5696174036673,95.4303825963327
301,19,"Calvert et al., 2025","QT","lysholm","19, Calvert et al., 2025, QT, lysholm","continuous",89,93,8,NA,NA,NA,NA,NA,"Included",29.4,7.7,28,27,24,2,0.719101123595506,0.847998304005088,109.670030660158,0,91.337953865199,94.662046134801
302,23,"Ejerhed et al., 2003","BPTB","lysholm","23, Ejerhed et al., 2003, BPTB, lysholm","continuous",32,89.96,13.06,46,NA,95,NA,100,"Included",27.26,8.47,21,11,24,2,5.3301125,2.30870364057408,38.9655902208526,0,85.4350240134983,94.4849759865017
303,23,"Ejerhed et al., 2003","HT","lysholm","23, Ejerhed et al., 2003, HT, lysholm","continuous",34,86.79,11.72,51,NA,90,NA,100,"Included",27.26,8.47,21,11,24,2,4.03995294117647,2.0099634178702,43.1798903544047,0,82.8505440907314,90.7294559092686
308,32,"Guglielmetti et al., 2021","BPTB","lysholm","32, Guglielmetti et al., 2021, BPTB, lysholm","continuous",31,89.87,9.17,NA,NA,NA,NA,NA,"Included",25.2,5.48,23,8,24,2,2.71254516129032,1.64698061958553,54.5665194424792,0,86.6419773023769,93.0980226976231
309,32,"Guglielmetti et al., 2021","HT","lysholm","32, Guglielmetti et al., 2021, HT, lysholm","continuous",31,91.26,9.36,NA,NA,NA,NA,NA,"Included",25.2,5.48,23,8,24,2,2.82611612903226,1.68110562697061,54.2857025375927,0,87.96509351693,94.55490648307
310,33,"Harilainen et al., 2006","BPTB","lysholm","33, Harilainen et al., 2006, BPTB, lysholm","continuous",37,89.11,15.53,34,NA,95,NA,100,"Included",NA,NA,NA,NA,60.6,5.1,6.5184027027027,2.5531162728522,34.902444885697,6.82589097277176e-267,84.1059840568665,94.1140159431335
311,33,"Harilainen et al., 2006","HT","lysholm","33, Harilainen et al., 2006, HT, lysholm","continuous",37,95,15.53,34,NA,95,NA,100,"Included",NA,NA,NA,NA,60.6,5.1,6.5184027027027,2.5531162728522,37.2094295156684,4.80369883545559e-303,89.9959840568665,100.004015943133
312,35,"Holm et al., 2010","BPTB","lysholm","35, Holm et al., 2010, BPTB, lysholm","continuous",28,84.2,15.4,NA,NA,NA,NA,NA,"Included",33.9,6.2,18,10,10.2,0.9,8.47,2.91032644217105,28.9314623885245,4.80178137310404e-184,78.4958649900902,89.9041350099099
313,35,"Holm et al., 2010","HT","lysholm","35, Holm et al., 2010, HT, lysholm","continuous",29,86.1,15.1,NA,NA,NA,NA,NA,"Included",33.9,6.2,18,10,10.2,0.9,7.86241379310345,2.80399960647348,30.7061384035948,4.71304731273961e-207,80.6042617586475,91.5957382413525
314,36,"Horstmann et al., 2022","HT","lysholm","36, Horstmann et al., 2022, HT, lysholm","continuous",26,83.5,17.4,NA,NA,NA,NA,NA,"Included",32.7,11.4,12,15,24,2,11.6446153846154,3.4124207514044,24.4694327232757,3.12609339282229e-132,76.8117782271503,90.1882217728497
315,36,"Horstmann et al., 2022","QT","lysholm","36, Horstmann et al., 2022, QT, lysholm","continuous",23,90.4,11.9,NA,NA,NA,NA,NA,"Included",32.7,11.4,12,15,24,2,6.15695652173913,2.48132152727919,36.4321991350815,1.31668042401688e-290,85.5366991724689,95.2633008275311
316,37,"Ibrahim et al., 2005","BPTB","lysholm","37, Ibrahim et al., 2005, BPTB, lysholm","continuous",40,91.6,3.94,79,NA,NA,NA,96,"Included",22.3,3.94,40,0,81,6.8,0.38809,0.622968699053171,147.037885112398,0,90.37900378636,92.82099621364
317,37,"Ibrahim et al., 2005","HT","lysholm","37, Ibrahim et al., 2005, HT, lysholm","continuous",46,92.7,3.62,81,NA,NA,NA,97,"Included",22.3,3.94,40,0,81,6.8,0.284878260869565,0.533739881280728,173.680107578926,0,91.6538890555771,93.7461109444229
318,38,"Iliopoulos et al., 2017","BPTB","lysholm","38, Iliopoulos et al., 2017, BPTB, lysholm","continuous",45,95.8,2.4,NA,NA,NA,NA,NA,"Included",24.8,5,10,0,9,0.8,0.128,0.357770876399966,267.7691403056,0,95.0987819675387,96.5012180324613
319,38,"Iliopoulos et al., 2017","HT","lysholm","38, Iliopoulos et al., 2017, HT, lysholm","continuous",45,94,3.6,NA,NA,NA,NA,NA,"Included",24.8,5,10,0,9,0.8,0.288,0.53665631459995,175.158658237484,0,92.9481729513081,95.0518270486919
322,43,"Kautzner et al., 2015","BPTB","lysholm","43, Kautzner et al., 2015, BPTB, lysholm","continuous",74,88,7.5,NA,NA,NA,NA,NA,"Included",26,6.28,0,74,24,2,0.760135135135135,0.871857290578645,100.933949799967,0,86.2911911108072,89.7088088891928
323,43,"Kautzner et al., 2015","HT","lysholm","43, Kautzner et al., 2015, HT, lysholm","continuous",73,90,7.6,NA,NA,NA,NA,NA,"Included",26,6.28,0,74,24,2,0.791232876712329,0.889512718690592,101.178991720865,0,88.2565871075761,91.7434128924239
324,44,"Komzak et al., 2022","BPTB","lysholm","44, Komzak et al., 2022, BPTB, lysholm","continuous",36,93.4,9.6,NA,NA,NA,NA,NA,"Included",31,9.46,23,17,28,2.3,2.56,1.6,58.375,0,90.2640576247359,96.5359423752641
325,44,"Komzak et al., 2022","QT","lysholm","44, Komzak et al., 2022, QT, lysholm","continuous",36,90.1,6.7,NA,NA,NA,NA,NA,"Included",31,9.46,23,17,28,2.3,1.24694444444444,1.11666666666667,80.6865671641791,0,87.9113735505969,92.2886264494031
326,45,"Konrads et al., 2016","BPTB","lysholm","45, Konrads et al., 2016, BPTB, lysholm","continuous",24,92,8.99,63,NA,NA,NA,98,"Included",29.8,6.33,22,9,120,10,3.36750416666667,1.83507606563506,50.1341615875534,0,88.4033170024638,95.5966829975362
327,45,"Konrads et al., 2016","HT","lysholm","45, Konrads et al., 2016, HT, lysholm","continuous",23,91.8,9.33,62,NA,NA,NA,98,"Included",29.8,6.33,22,9,120,10,3.7847347826087,1.94543948315251,47.1872812261637,0,87.9870086789189,95.6129913210811
330,49,"Laxdal et al., 2005","BPTB","lysholm","49, Laxdal et al., 2005, BPTB, lysholm","continuous",40,94,18.09,22,NA,NA,NA,100,"Included",28,8.35,NA,NA,26,2.2,8.1812025,2.8602801436223,32.863913770683,7.20779120454652e-237,88.3939539328052,99.6060460671948
331,49,"Laxdal et al., 2005","HT","lysholm","49, Laxdal et al., 2005, HT, lysholm","continuous",78,92,13.4,NA,NA,NA,NA,NA,"Included",28,8.35,NA,NA,26,2.2,2.30205128205128,1.51725122575376,60.635970127027,0,89.0262422420234,94.9737577579766
332,51,"Li et al., 2015","HT","lysholm","51, Li et al., 2015, HT, lysholm","continuous",32,91.3,11.5,NA,NA,NA,NA,NA,"Included",29.8,7.9,17,15,69.6,5.8,4.1328125,2.03293199591132,44.9105037372743,0,87.3155265049947,95.2844734950053
333,51,"Li et al., 2015","TA","lysholm","51, Li et al., 2015, TA, lysholm","continuous",32,88.7,8.6,NA,NA,NA,NA,NA,"Included",29.8,7.9,17,15,69.6,5.8,2.31125,1.52027957955108,58.3445316197644,0,85.7203067776482,91.6796932223518
334,52,"Lidén et al., 2007","BPTB","lysholm","52, Lidén et al., 2007, BPTB, lysholm","continuous",30,81,18.38,25,NA,NA,NA,100,"Included",28,8.37,23,11,87.10618173,7.3,11.2608133333333,3.35571353564832,24.1379364297707,9.99619327736303e-129,74.4229223276957,87.5770776723043
335,52,"Lidén et al., 2007","HT","lysholm","52, Lidén et al., 2007, HT, lysholm","continuous",32,90,12.1,50,NA,NA,NA,100,"Included",28,8.37,23,11,87.10618173,7.3,4.5753125,2.13899801308931,42.0757754094475,0,85.8076409313422,94.1923590686578
336,54,"Lucidi et al., 2025","BPTB","lysholm","54, Lucidi et al., 2025, BPTB, lysholm","continuous",19,84.8,10.3,NA,NA,NA,NA,NA,"Included",52.8,7.3,NA,NA,240,20,5.58368421052632,2.36298205886679,35.8868573215776,4.89784125810475e-282,80.1686402685068,89.4313597314932
337,54,"Lucidi et al., 2025","HT","lysholm","54, Lucidi et al., 2025, HT, lysholm","continuous",20,88.6,8.3,NA,NA,NA,NA,NA,"Included",52.8,7.3,NA,NA,240,20,3.4445,1.85593642132483,47.7387042907184,0,84.9624314566072,92.2375685433928
338,55,"Lui et al., 2012","BPTB","lysholm","55, Lui et al., 2012, BPTB, lysholm","continuous",14,84,13.47,54,NA,NA,NA,100,"Included",26.5,5,14,0,12,1,12.9600642857143,3.60000892856036,23.3332754631783,2.03773526706093e-120,76.9441121559991,91.0558878440009
339,55,"Lui et al., 2012","HT","lysholm","55, Lui et al., 2012, HT, lysholm","continuous",17,80,15.59,43,NA,NA,NA,99,"Included",26.5,5,14,0,12,1,14.2969470588235,3.78113039431643,21.1576940378071,2.34409447008608e-99,72.5891206062901,87.4108793937099
342,58,"Malik et al., 2026","HT","lysholm","58, Malik et al., 2026, HT, lysholm","continuous",25,85.1,6.4,NA,NA,NA,NA,NA,"Included",28.12,5.21,18,7,6,0.5,1.6384,1.28,66.484375,0,82.5912460997887,87.6087539002113
343,58,"Malik et al., 2026","PLT","lysholm","58, Malik et al., 2026, PLT, lysholm","continuous",25,89.4,5.8,NA,NA,NA,NA,NA,"Included",28.12,5.21,18,7,6,0.5,1.3456,1.16,77.0689655172414,0,87.1264417779335,91.6735582220665
344,68,"Moraiti et al., 2010","BPTB","lysholm","68, Moraiti et al., 2010, BPTB, lysholm","continuous",6,96,3,NA,NA,NA,NA,NA,"Included",23,2,6,0,21,1.8,1.5,1.22474487139159,78.3836717690617,0,93.5995441618224,98.4004558381776
345,68,"Moraiti et al., 2010","HT","lysholm","68, Moraiti et al., 2010, HT, lysholm","continuous",6,95,5,NA,NA,NA,NA,NA,"Included",23,2,6,0,21,1.8,4.16666666666667,2.04124145231932,46.5403051128804,0,90.9992402697039,99.0007597302961
346,70,"Noh et al., 2011","HT","lysholm","70, Noh et al., 2011, HT, lysholm","continuous",33,98,3.61,85,NA,NA,NA,100,"Included",25.81,7.46,30,3,28.1,2.3,0.394912121212121,0.628420338000069,155.946576000201,0,96.7683187703674,99.2316812296326
347,70,"Noh et al., 2011","AT","lysholm","70, Noh et al., 2011, AT, lysholm","continuous",32,99,3.63,85,NA,NA,NA,100,"Included",25.81,7.46,30,3,28.1,2.3,0.411778125,0.641699403926792,154.277843167974,0,97.7422922794027,100.257707720597
350,73,"Papalia et al., 2015","BPTB","lysholm","73, Papalia et al., 2015, BPTB, lysholm","continuous",20,87.4,13.8,NA,NA,NA,NA,NA,"Included",24.7,NA,0,20,6,0.5,9.522,3.08577380894971,28.3235277149973,1.77382529727339e-176,81.3519944700216,93.4480055299784
351,73,"Papalia et al., 2015","HT","lysholm","73, Papalia et al., 2015, HT, lysholm","continuous",20,93.17,10.3,NA,NA,NA,NA,NA,"Included",24.7,NA,0,20,6,0.5,5.3045,2.30315001682478,40.4532919346904,0,88.6559089160306,97.6840910839694
354,77,"Popovic et al., 2024","BPTB","lysholm","77, Popovic et al., 2024, BPTB, lysholm","continuous",38,82,15.45,34,NA,NA,NA,100,"Included",27,6.82,NA,NA,228,19,6.2816447368421,2.50632095647028,32.7172782034599,8.87043303477568e-235,77.0877011916203,86.9122988083797
355,77,"Popovic et al., 2024","HT","lysholm","77, Popovic et al., 2024, HT, lysholm","continuous",33,85,14.67,39,NA,NA,NA,100,"Included",27,6.82,NA,NA,228,19,6.52148181818182,2.55371921287009,33.2847869772142,6.41002480822049e-243,79.9948023161467,90.0051976838533
356,87,"Sonnery-cottet et al., 2026","BPTB","lysholm","87, Sonnery-cottet et al., 2026, BPTB, lysholm","continuous",296,89,12.4,NA,NA,NA,NA,NA,"Included",24.8,4.4,214,69,61.5,5.1,0.519459459459459,0.72073536021168,123.48499173658,0,87.5873846516006,90.4126153483994
357,87,"Sonnery-cottet et al., 2026","HT","lysholm","87, Sonnery-cottet et al., 2026, HT, lysholm","continuous",297,91.1,11.9,NA,NA,NA,NA,NA,"Included",24.8,4.4,214,69,61.5,5.1,0.476801346801347,0.690508035290935,131.931846327634,0,89.7466291197942,92.4533708802057
358,89,"Tang et al., 2023","HT","lysholm","89, Tang et al., 2023, HT, lysholm","continuous",16,90.06,7.33,NA,NA,NA,NA,NA,"Included",28.31,8.55,13,3,24,2,3.35805625,1.8325,49.1459754433834,0,86.4683659983304,93.6516340016696
359,89,"Tang et al., 2023","QT","lysholm","89, Tang et al., 2023, QT, lysholm","continuous",17,90,4.26,NA,NA,NA,NA,NA,"Included",28.31,8.55,13,3,24,2,1.06750588235294,1.03320176265478,87.1078653299506,0,87.9749617564333,92.0250382435667
360,90,"Taylor et al., 2009","BPTB","lysholm","90, Taylor et al., 2009, BPTB, lysholm","continuous",21,90.3,12.19,NA,NA,NA,NA,NA,"Included",21.7,4.6,25,7,32.4,2.7,7.07600476190476,2.66007608197675,33.9463974778107,1.37857805631697e-252,85.0863466831892,95.5136533168108
361,90,"Taylor et al., 2009","HT","lysholm","90, Taylor et al., 2009, HT, lysholm","continuous",23,90.4,12.75,NA,NA,NA,NA,NA,"Included",21.7,4.6,25,7,32.4,2.7,7.0679347826087,2.6585587792277,34.0033858594094,1.98533785090314e-253,85.1893205419309,95.6106794580691
362,93,"Vilchez-cavazos et al., 2020","BPTB","lysholm","93, Vilchez-cavazos et al., 2020, BPTB, lysholm","continuous",14,96,2.93,NA,90,98,100,NA,"Included",24.46,8.24,12,3,12,1,0.613207142857143,0.783075438803403,122.593552604197,0,94.4652003427674,97.5347996572326
363,93,"Vilchez-cavazos et al., 2020","QT","lysholm","93, Vilchez-cavazos et al., 2020, QT, lysholm","continuous",14,95.33,2.64,NA,91,95,100,NA,"Included",24.46,8.24,12,3,12,1,0.497828571428571,0.7055696786488,135.110681318621,0,93.9471088412648,96.7128911587351
364,96,"Wipfler et al., 2011","BPTB","lysholm","96, Wipfler et al., 2011, BPTB, lysholm","continuous",29,87.28,1.76,NA,NA,NA,NA,NA,"Included",29.87,7.3,19,12,108,9,0.106813793103448,0.326823795191611,267.05521839017,0,86.6394371321338,87.9205628678663
365,96,"Wipfler et al., 2011","HT","lysholm","96, Wipfler et al., 2011, HT, lysholm","continuous",25,91.82,1.71,NA,NA,NA,NA,NA,"Included",29.87,7.3,19,12,108,9,0.116964,0.342,268.479532163743,0,91.1496923172873,92.4903076827127
366,97,"Yadav et al., 2025","HT","lysholm","97, Yadav et al., 2025, HT, lysholm","continuous",36,92.4,0,NA,NA,NA,NA,NA,"Included",30.06,8.87,32,4,12,1,0,0,Inf,0,92.4,92.4
367,97,"Yadav et al., 2025","QT","lysholm","97, Yadav et al., 2025, QT, lysholm","continuous",33,88.2,0,NA,NA,NA,NA,NA,"Included",30.06,8.87,32,4,12,1,0,0,Inf,0,88.2,88.2
368,98,"Yoo et al., 2017","HT","lysholm","98, Yoo et al., 2017, HT, lysholm","continuous",68,96,6.99,67,NA,NA,NA,100,"Included",30,9.96,61,7,32.8,2.7,0.718530882352941,0.847662009501984,113.252686712245,0,94.3386129903133,97.6613870096867
369,98,"Yoo et al., 2017","TA","lysholm","98, Yoo et al., 2017, TA, lysholm","continuous",64,93,5.78,73,NA,NA,NA,100,"Included",30,9.96,61,7,32.8,2.7,0.52200625,0.7225,128.719723183391,0,91.5839260211698,94.4160739788302
370,2,"Aglietti et al., 2004","BPTB","pivot_shift_1","2, Aglietti et al., 2004, BPTB, pivot_shift_1","dichotomous",60,10,0.065,NA,NA,NA,NA,NA,"Included",25,4.97,46,14,24,2,7.04166666666667e-05,0.00839146391678274,1191.68718344844,0,9.98355303294554,10.0164469670545
371,2,"Aglietti et al., 2004","HT","pivot_shift_1","2, Aglietti et al., 2004, HT, pivot_shift_1","dichotomous",60,11,0.065,NA,NA,NA,NA,NA,"Included",25,4.97,46,14,24,2,7.04166666666667e-05,0.00839146391678274,1310.85590179328,0,10.9835530329455,11.0164469670545
372,5,"Anderson et al., 2001","BPTB","pivot_shift_1","5, Anderson et al., 2001, BPTB, pivot_shift_1","dichotomous",35,18,1.585,NA,NA,NA,NA,NA,"Included",23.6,7.13,23,12,34.6,2.9,0.0717778571428571,0.26791389874894,67.1857640982922,0,17.4748984074944,18.5251015925056
373,5,"Anderson et al., 2001","HT","pivot_shift_1","5, Anderson et al., 2001, HT, pivot_shift_1","dichotomous",33,36,1.953,NA,NA,NA,NA,NA,"Included",23.6,7.13,23,12,34.6,2.9,0.115582090909091,0.339973662081478,105.890555696554,0,35.3336638666281,36.6663361333719
376,11,"Beynnon et al., 2002","BPTB","pivot_shift_1","11, Beynnon et al., 2002, BPTB, pivot_shift_1","dichotomous",22,3,0.107,NA,NA,NA,NA,NA,"Included",28.5,6.96,18,10,36,3,0.000520409090909091,0.0228124766500503,131.506983920283,0,2.95528836736774,3.04471163263226
377,11,"Beynnon et al., 2002","HT","pivot_shift_1","11, Beynnon et al., 2002, HT, pivot_shift_1","dichotomous",22,9,1.905,NA,NA,NA,NA,NA,"Included",28.5,6.96,18,10,36,3,0.164955681818182,0.406147364657438,22.1594445345989,8.45876111798187e-109,8.20396579285557,9.79603420714443
378,12,"Bi et al., 2018","HT","pivot_shift_1","12, Bi et al., 2018, HT, pivot_shift_1","dichotomous",62,4,0.064,NA,NA,NA,NA,NA,"Included",27.9,6.7,31,31,30.3,2.5,6.60645161290323e-05,0.00812800812801219,492.125492125738,0,3.98406939680305,4.01593060319695
379,12,"Bi et al., 2018","PLT","pivot_shift_1","12, Bi et al., 2018, PLT, pivot_shift_1","dichotomous",62,5,0.064,NA,NA,NA,NA,NA,"Included",27.9,6.7,31,31,30.3,2.5,6.60645161290323e-05,0.00812800812801219,615.156865157173,0,4.98406939680305,5.01593060319695
380,13,"Björnsson et al., 2016","BPTB","pivot_shift_1","13, Björnsson et al., 2016, BPTB, pivot_shift_1","dichotomous",61,26,1.992,NA,NA,NA,NA,NA,"Included",28.2,9.1,42,19,202.6,16.9,0.0650502295081967,0.255049464826329,101.941009826091,0,25.5001122346642,26.4998877653358
381,13,"Björnsson et al., 2016","HT","pivot_shift_1","13, Björnsson et al., 2016, HT, pivot_shift_1","dichotomous",86,28,1.715,NA,NA,NA,NA,NA,"Included",28.2,9.1,42,19,202.6,16.9,0.0342002906976744,0.184933206043897,151.406016252991,0,27.6375375766084,28.3624624233916
384,25,"Eriksson et al., 2001","BPTB","pivot_shift_1","25, Eriksson et al., 2001, BPTB, pivot_shift_1","dichotomous",42,6,0.405,NA,NA,NA,NA,NA,"Included",27,6,NA,NA,6.7,0.6,0.00390535714285714,0.0624928567346472,96.0109733097461,0,5.87751625150907,6.12248374849093
385,25,"Eriksson et al., 2001","HT","pivot_shift_1","25, Eriksson et al., 2001, HT, pivot_shift_1","dichotomous",47,19,1.714,NA,NA,NA,NA,NA,"Included",27,6,NA,NA,6.7,0.6,0.0625062978723404,0.250012595427391,75.9961711829754,0,18.5099843172809,19.4900156827191
386,26,"Feller & Webster, 2003","BPTB","pivot_shift_1","26, Feller & Webster, 2003, BPTB, pivot_shift_1","dichotomous",27,2,0.096,NA,NA,NA,NA,NA,"Included",25.8,6,23,8,36,3,0.000341333333333333,0.018475208614068,108.253175473055,0,1.96378925650956,2.03621074349044
387,26,"Feller & Webster, 2003","HT","pivot_shift_1","26, Feller & Webster, 2003, HT, pivot_shift_1","dichotomous",21,9,1.575,NA,NA,NA,NA,NA,"Included",25.8,6,23,8,36,3,0.118125,0.343693177121688,26.1861468283191,3.82183721769876e-151,8.32637375110935,9.67362624889065
388,32,"Guglielmetti et al., 2021","BPTB","pivot_shift_1","32, Guglielmetti et al., 2021, BPTB, pivot_shift_1","dichotomous",31,7,0.48,NA,NA,NA,NA,NA,"Included",25.2,5.48,23,8,24,2,0.00743225806451613,0.086210544972852,81.1965636246045,0,6.83103043676564,7.16896956323436
389,32,"Guglielmetti et al., 2021","HT","pivot_shift_1","32, Guglielmetti et al., 2021, HT, pivot_shift_1","dichotomous",31,10,0.696,NA,NA,NA,NA,NA,"Included",25.2,5.48,23,8,24,2,0.0156263225806452,0.125005290210635,79.9966144084773,0,9.75499413331018,10.2450058666898
390,33,"Harilainen et al., 2006","BPTB","pivot_shift_1","33, Harilainen et al., 2006, BPTB, pivot_shift_1","dichotomous",37,4,0.082,NA,NA,NA,NA,NA,"Included",NA,NA,NA,NA,60.6,5.1,0.00018172972972973,0.0134807169590393,296.720123429181,0,3.9735782802745,4.0264217197255
391,33,"Harilainen et al., 2006","HT","pivot_shift_1","33, Harilainen et al., 2006, HT, pivot_shift_1","dichotomous",37,4,0.253,NA,NA,NA,NA,NA,"Included",NA,NA,NA,NA,60.6,5.1,0.00172997297297297,0.0415929437882554,96.17015858179,0,3.91847932816402,4.08152067183598
392,34,"Heijne & Werner, 2010","BPTB","pivot_shift_1","34, Heijne & Werner, 2010, BPTB, pivot_shift_1","dichotomous",30,13,0.71,NA,NA,NA,NA,NA,"Included",29,7,22,12,24.7,2.1,0.0168033333333333,0.129627671942889,100.287228838974,0,12.7459344315922,13.2540655684078
393,34,"Heijne & Werner, 2010","HT","pivot_shift_1","34, Heijne & Werner, 2010, HT, pivot_shift_1","dichotomous",29,22,2.18,NA,NA,NA,NA,NA,"Included",29,7,22,12,24.7,2.1,0.163875862068966,0.404815837225973,54.3456998885133,0,21.2065755386657,22.7934244613343
394,36,"Horstmann et al., 2022","HT","pivot_shift_1","36, Horstmann et al., 2022, HT, pivot_shift_1","dichotomous",26,0,0.098,NA,NA,NA,NA,NA,"Included",32.7,11.4,12,15,24,2,0.000369384615384615,0.019219381243542,0,1,-0.037669295042487,0.037669295042487
395,36,"Horstmann et al., 2022","QT","pivot_shift_1","36, Horstmann et al., 2022, QT, pivot_shift_1","dichotomous",23,0,0.104,NA,NA,NA,NA,NA,"Included",32.7,11.4,12,15,24,2,0.000470260869565217,0.0216854990619358,0,1,-0.0425027971481712,0.0425027971481712
396,37,"Ibrahim et al., 2005","BPTB","pivot_shift_1","37, Ibrahim et al., 2005, BPTB, pivot_shift_1","dichotomous",40,5,0.994,NA,NA,NA,NA,NA,"Included",22.3,3.94,40,0,81,6.8,0.0247009,0.157165199710368,31.8136585530018,4.19034349148936e-222,4.69196186894463,5.30803813105537
397,37,"Ibrahim et al., 2005","HT","pivot_shift_1","37, Ibrahim et al., 2005, HT, pivot_shift_1","dichotomous",45,8,1.541,NA,NA,NA,NA,NA,"Included",22.3,3.94,40,0,81,6.8,0.0527706888888889,0.229718716888478,34.8251988708598,1.01091515420384e-265,7.54975958832383,8.45024041167617
400,41,"Jansson et al., 2003","BPTB","pivot_shift_1","41, Jansson et al., 2003, BPTB, pivot_shift_1","dichotomous",43,3,0.574,NA,NA,NA,NA,NA,"Included",NA,NA,NA,NA,24,2,0.00766223255813953,0.0875341793709151,34.2723267820662,2.02830046811538e-257,2.82843616101674,3.17156383898326
401,41,"Jansson et al., 2003","HT","pivot_shift_1","41, Jansson et al., 2003, HT, pivot_shift_1","dichotomous",46,3,0.552,NA,NA,NA,NA,NA,"Included",NA,NA,NA,NA,24,2,0.006624,0.0813879597975032,36.8604890387243,1.98631330377439e-297,2.8404825300217,3.1595174699783
404,46,"Laoruengthana et al., 2009","BPTB","pivot_shift_1","46, Laoruengthana et al., 2009, BPTB, pivot_shift_1","dichotomous",15,2,0.745,NA,NA,NA,NA,NA,"Included",29.93,8.91,NA,NA,19,1.6,0.0370016666666667,0.192358172861635,10.3972707280736,2.55136287299076e-25,1.62298490905927,2.37701509094073
405,46,"Laoruengthana et al., 2009","HT","pivot_shift_1","46, Laoruengthana et al., 2009, HT, pivot_shift_1","dichotomous",13,2,0.819,NA,NA,NA,NA,NA,"Included",29.93,8.91,NA,NA,19,1.6,0.051597,0.227149730354231,8.80476501944808,1.31127006982959e-18,1.55479470940772,2.44520529059228
406,47,"Lawhorn et al., 2012","HT","pivot_shift_1","47, Lawhorn et al., 2012, HT, pivot_shift_1","dichotomous",44,6,1.072,NA,NA,NA,NA,NA,"Included",32,8.43,32,22,24,2,0.0261178181818182,0.161610080693681,37.1263969069634,1.05400330370068e-301,5.68325006230177,6.31674993769823
407,47,"Lawhorn et al., 2012","TA","pivot_shift_1","47, Lawhorn et al., 2012, TA, pivot_shift_1","dichotomous",48,4,0.746,NA,NA,NA,NA,NA,"Included",32,8.43,32,22,24,2,0.0115940833333333,0.107675825203865,37.148542789681,4.62808495391251e-302,3.78895926059479,4.21104073940521
408,51,"Li et al., 2015","HT","pivot_shift_1","51, Li et al., 2015, HT, pivot_shift_1","dichotomous",32,4,0.909,NA,NA,NA,NA,NA,"Included",29.8,7.9,17,15,69.6,5.8,0.02582128125,0.160690016024643,24.8926479625627,8.93722578336358e-137,3.68505335591654,4.31494664408346
409,51,"Li et al., 2015","TA","pivot_shift_1","51, Li et al., 2015, TA, pivot_shift_1","dichotomous",32,9,2.337,NA,NA,NA,NA,NA,"Included",29.8,7.9,17,15,69.6,5.8,0.17067403125,0.41312713690824,21.7850612945791,3.21515328082041e-105,8.1902856906237,9.8097143093763
410,53,"Lind et al., 2020","HT","pivot_shift_1","53, Lind et al., 2020, HT, pivot_shift_1","dichotomous",49,11,2.118,NA,NA,NA,NA,NA,"Included",27.1,6.1,25,24,24,2,0.0915494693877551,0.302571428571429,36.3550519357885,2.1865206576865e-289,10.4069708972492,11.5930291027508
411,53,"Lind et al., 2020","QT","pivot_shift_1","53, Lind et al., 2020, QT, pivot_shift_1","dichotomous",47,8,1.494,NA,NA,NA,NA,NA,"Included",27.1,6.1,25,24,24,2,0.0474901276595745,0.217922297297854,36.710332532268,4.9965858450278e-295,7.57288014586798,8.42711985413202
412,54,"Lucidi et al., 2025","BPTB","pivot_shift_1","54, Lucidi et al., 2025, BPTB, pivot_shift_1","dichotomous",19,7,2.72,NA,NA,NA,NA,NA,"Included",52.8,7.3,NA,NA,240,20,0.389389473684211,0.624010796127928,11.217754634112,3.33633987801669e-29,5.77696131362509,8.22303868637491
413,54,"Lucidi et al., 2025","HT","pivot_shift_1","54, Lucidi et al., 2025, HT, pivot_shift_1","dichotomous",20,5,1.64,NA,NA,NA,NA,NA,"Included",52.8,7.3,NA,NA,240,20,0.13448,0.366715148309965,13.6345608384134,2.49488193573108e-42,4.2812515167272,5.7187484832728
414,56,"Lund et al., 2014","BPTB","pivot_shift_1","56, Lund et al., 2014, BPTB, pivot_shift_1","dichotomous",18,3,0.99,NA,NA,NA,NA,NA,"Included",31,8,15,3,24,2,0.05445,0.233345237791561,12.8564869306645,7.90902462927024e-38,2.54265173796461,3.45734826203539
415,56,"Lund et al., 2014","QT","pivot_shift_1","56, Lund et al., 2014, QT, pivot_shift_1","dichotomous",21,8,3,NA,NA,NA,NA,NA,"Included",31,8,15,3,24,2,0.428571428571429,0.654653670707977,12.2202018532156,2.424818827225e-34,6.71690238306542,9.28309761693458
416,58,"Malik et al., 2026","HT","pivot_shift_1","58, Malik et al., 2026, HT, pivot_shift_1","dichotomous",25,4,1.07,NA,NA,NA,NA,NA,"Included",28.12,5.21,18,7,6,0.5,0.045796,0.214,18.6915887850467,5.79609589251485e-78,3.58056770730843,4.41943229269157
417,58,"Malik et al., 2026","PLT","pivot_shift_1","58, Malik et al., 2026, PLT, pivot_shift_1","dichotomous",25,3,0.8,NA,NA,NA,NA,NA,"Included",28.12,5.21,18,7,6,0.5,0.0256,0.16,18.75,1.93591029582684e-78,2.68640576247359,3.31359423752641
420,70,"Noh et al., 2011","HT","pivot_shift_1","70, Noh et al., 2011, HT, pivot_shift_1","dichotomous",33,6,1.383,NA,NA,NA,NA,NA,"Included",25.81,7.46,30,3,28.1,2.3,0.0579602727272727,0.24074939818673,24.9221806791238,4.27788920125156e-137,5.52813985025432,6.47186014974568
421,70,"Noh et al., 2011","AT","pivot_shift_1","70, Noh et al., 2011, AT, pivot_shift_1","dichotomous",32,11,1.414,NA,NA,NA,NA,NA,"Included",25.81,7.46,30,3,28.1,2.3,0.062481125,0.249962247149445,44.0066455052448,0,10.5100829980924,11.4899170019076
422,76,"Pinczewski et al., 2007","BPTB","pivot_shift_1","76, Pinczewski et al., 2007, BPTB, pivot_shift_1","dichotomous",53,5,0.834,NA,NA,NA,NA,NA,"Included",25,5.49,48,42,120,10,0.0131236981132075,0.114558710333207,43.6457427414899,0,4.77546905363156,5.22453094636844
423,76,"Pinczewski et al., 2007","HT","pivot_shift_1","76, Pinczewski et al., 2007, HT, pivot_shift_1","dichotomous",58,8,1.295,NA,NA,NA,NA,NA,"Included",25,5.49,48,42,120,10,0.028914224137931,0.170041830553341,47.0472469860319,0,7.66672413625019,8.33327586374981
424,77,"Popovic et al., 2024","BPTB","pivot_shift_1","77, Popovic et al., 2024, BPTB, pivot_shift_1","dichotomous",38,1,0.616,NA,NA,NA,NA,NA,"Included",27,6.82,NA,NA,228,19,0.00998568421052632,0.0999283954165497,10.0071655892354,1.41755697566019e-23,0.804143943950685,1.19585605604931
425,77,"Popovic et al., 2024","HT","pivot_shift_1","77, Popovic et al., 2024, HT, pivot_shift_1","dichotomous",33,3,0.087,NA,NA,NA,NA,NA,"Included",27,6.82,NA,NA,228,19,0.000229363636363636,0.0151447560681457,198.088367122001,0,2.97031682355179,3.02968317644821
426,82,"Sajovic et al., 2018","BPTB","pivot_shift_1","82, Sajovic et al., 2018, BPTB, pivot_shift_1","dichotomous",24,5,1.769,NA,NA,NA,NA,NA,"Included",45.5,8.7,15,9,204,17,0.130390041666667,0.361095612915287,13.8467481220078,1.33102746438048e-43,4.29226560371062,5.70773439628938
427,82,"Sajovic et al., 2018","HT","pivot_shift_1","82, Sajovic et al., 2018, HT, pivot_shift_1","dichotomous",24,6,1.418,NA,NA,NA,NA,NA,"Included",45.5,8.7,15,9,204,17,0.0837801666666667,0.289448037938879,20.7291092478125,1.89260574731425e-95,5.43269227024401,6.56730772975599
430,97,"Yadav et al., 2025","HT","pivot_shift_1","97, Yadav et al., 2025, HT, pivot_shift_1","dichotomous",36,5,1.065,NA,NA,NA,NA,NA,"Included",30.06,8.87,32,4,12,1,0.03150625,0.1775,28.169014084507,1.40194238842924e-174,4.65210639274414,5.34789360725586
431,97,"Yadav et al., 2025","QT","pivot_shift_1","97, Yadav et al., 2025, QT, pivot_shift_1","dichotomous",33,0,0.087,NA,NA,NA,NA,NA,"Included",30.06,8.87,32,4,12,1,0.000229363636363636,0.0151447560681457,0,1,-0.02968317644821,0.02968317644821
432,98,"Yoo et al., 2017","HT","pivot_shift_1","98, Yoo et al., 2017, HT, pivot_shift_1","dichotomous",68,26,0.312,NA,NA,NA,NA,NA,"Included",30,9.96,61,7,32.8,2.7,0.00143152941176471,0.0378355575056679,687.184270936277,0,25.9258436699539,26.0741563300461
433,98,"Yoo et al., 2017","TA","pivot_shift_1","98, Yoo et al., 2017, TA, pivot_shift_1","dichotomous",64,33,0.459,NA,NA,NA,NA,NA,"Included",30,9.96,61,7,32.8,2.7,0.003291890625,0.057375,575.16339869281,0,32.887547066387,33.112452933613
434,1,"Ageberg et al., 2009","BPTB","tegner","1, Ageberg et al., 2009, BPTB, tegner","continuous",16,4.17,1.41,2,NA,4,NA,7,"Included",32,5,15,5,36,3,0.12425625,0.3525,11.8297872340426,2.7383500741291e-32,3.47911269544963,4.86088730455037
435,1,"Ageberg et al., 2009","HT","tegner","1, Ageberg et al., 2009, HT, tegner","continuous",20,3.15,1.34,1,NA,3,NA,6,"Included",32,5,15,5,36,3,0.08978,0.299633108984972,10.5128569091408,7.53749465095509e-26,2.56272989781369,3.73727010218631
436,3,"Ahldén et al., 2009","BPTB","tegner","3, Ahldén et al., 2009, BPTB, tegner","continuous",25,4.87,2.29,0,NA,5,NA,9,"Included",27.41,8.9,14,8,90.27134752,7.5,0.209764,0.458,10.6331877729258,2.08849343342536e-26,3.97233649508066,5.76766350491934
437,3,"Ahldén et al., 2009","HT","tegner","3, Ahldén et al., 2009, HT, tegner","continuous",22,4.86,1.31,2,NA,5,NA,7,"Included",27.41,8.9,14,8,90.27134752,7.5,0.0780045454545455,0.27929293842585,17.4010844219404,8.09557172881814e-68,4.31259589954897,5.40740410045103
438,9,"Barenius et al., 2010","BPTB","tegner","9, Barenius et al., 2010, BPTB, tegner","continuous",78,5.8,1.87,0,NA,6,NA,9,"Included",33,6.3,38,40,96,8,0.0448320512820513,0.211735805385039,27.3926272859366,3.35728290913666e-165,5.38500544720774,6.21499455279226
439,9,"Barenius et al., 2010","HT","tegner","9, Barenius et al., 2010, HT, tegner","continuous",75,4.07,1.88,0,NA,4,NA,9,"Included",33,6.3,38,40,96,8,0.0471253333333333,0.217083701215299,18.748528688312,1.99021305843764e-78,3.64452376398736,4.49547623601264
440,10,"Barié et al., 2020","BPTB","tegner","10, Barié et al., 2020, BPTB, tegner","continuous",43,6.1,1.14,4,NA,6,NA,9,"Included",30.6,7.5,17,13,122.4,10.2,0.0302232558139535,0.173848370179169,35.0880482440721,1.02568708509146e-269,5.75926345567784,6.44073654432216
441,10,"Barié et al., 2020","QT","tegner","10, Barié et al., 2020, QT, tegner","continuous",43,6.1,1.14,4,NA,6,NA,9,"Included",30.6,7.5,17,13,122.4,10.2,0.0302232558139535,0.173848370179169,35.0880482440721,1.02568708509146e-269,5.75926345567784,6.44073654432216
444,13,"Björnsson et al., 2016","BPTB","tegner","13, Björnsson et al., 2016, BPTB, tegner","continuous",61,4.1,1.7,NA,NA,NA,NA,NA,"Included",28.2,9.1,42,19,202.6,16.9,0.0473770491803279,0.217662695885923,18.8364845124808,3.79339784849029e-79,3.6733889552857,4.5266110447143
445,13,"Björnsson et al., 2016","HT","tegner","13, Björnsson et al., 2016, HT, tegner","continuous",86,4,1.7,NA,NA,NA,NA,NA,"Included",28.2,9.1,42,19,202.6,16.9,0.0336046511627907,0.183315714445845,21.8202788129311,1.48948517675332e-105,3.64070780188591,4.35929219811409
446,14,"Bottoni et al., 2015","HT","tegner","14, Bottoni et al., 2015, HT, tegner","continuous",44,5.1,2.2,NA,NA,NA,NA,NA,"Included",28.9,5.8,41,7,120,10,0.11,0.33166247903554,15.3770785734659,2.332364402783e-53,4.44995348606707,5.75004651393293
447,14,"Bottoni et al., 2015","TA","tegner","14, Bottoni et al., 2015, TA, tegner","continuous",36,5.1,2,NA,NA,NA,NA,NA,"Included",28.9,5.8,41,7,120,10,0.111111111111111,0.333333333333333,15.3,7.64566312414711e-53,4.44667867181998,5.75332132818002
448,23,"Ejerhed et al., 2003","BPTB","tegner","23, Ejerhed et al., 2003, BPTB, tegner","continuous",32,5.77,1.94,1,NA,6,NA,9,"Included",27.26,8.47,21,11,24,2,0.1176125,0.342946788875476,16.8247675358614,1.60691169966249e-63,5.09783664519041,6.44216335480959
449,23,"Ejerhed et al., 2003","HT","tegner","23, Ejerhed et al., 2003, HT, tegner","continuous",34,6.39,1.43,3,NA,6.5,NA,9,"Included",27.26,8.47,21,11,24,2,0.0601441176470588,0.245242976753788,26.0557920336094,1.15665311729691e-149,5.90933259810118,6.87066740189882
454,33,"Harilainen et al., 2006","BPTB","tegner","33, Harilainen et al., 2006, BPTB, tegner","continuous",37,5.89,2.12,1,NA,6,NA,10,"Included",NA,NA,NA,NA,60.6,5.1,0.12147027027027,0.348525853087357,16.899750614838,4.5181339384409e-64,5.20690188026768,6.57309811973232
455,33,"Harilainen et al., 2006","HT","tegner","33, Harilainen et al., 2006, HT, tegner","continuous",37,6,1.41,3,NA,6,NA,9,"Included",NA,NA,NA,NA,60.6,5.1,0.0537324324324324,0.231802572100554,25.8840958736094,1.00590935220657e-147,5.54567530715917,6.45432469284083
456,34,"Heijne & Werner, 2010","BPTB","tegner","34, Heijne & Werner, 2010, BPTB, tegner","continuous",30,6.64,2.21,1,NA,7,NA,10,"Included",29,7,22,12,24.7,2.1,0.162803333333333,0.403488950695472,16.4564605512864,7.53813775298126e-61,5.84917618847702,7.43082381152298
457,34,"Heijne & Werner, 2010","HT","tegner","34, Heijne & Werner, 2010, HT, tegner","continuous",29,5,1.48,2,NA,5,NA,8,"Included",29,7,22,12,24.7,2.1,0.0755310344827586,0.274829100502037,18.1931243484274,5.85078743227219e-74,4.46134486111247,5.53865513888753
458,41,"Jansson et al., 2003","BPTB","tegner","41, Jansson et al., 2003, BPTB, tegner","continuous",43,5.98,1.6,2,NA,6.1,NA,9,"Included",NA,NA,NA,NA,24,2,0.0595348837209302,0.243997712532167,24.5084264845787,1.20115260115124e-132,5.50177327112679,6.45822672887321
459,41,"Jansson et al., 2003","HT","tegner","41, Jansson et al., 2003, HT, tegner","continuous",46,5.82,2.26,0,NA,6,NA,10,"Included",NA,NA,NA,NA,24,2,0.111034782608696,0.333218820910067,17.4660002220306,2.6010243658105e-68,5.16690311204537,6.47309688795464
460,45,"Konrads et al., 2016","BPTB","tegner","45, Konrads et al., 2016, BPTB, tegner","continuous",24,5.9,1.28,4,NA,NA,NA,9,"Included",29.8,6.33,22,9,120,10,0.0682666666666667,0.261278905896872,22.5812335662824,6.62730794992308e-113,5.3879027545221,6.4120972454779
461,45,"Konrads et al., 2016","HT","tegner","45, Konrads et al., 2016, HT, tegner","continuous",23,5.1,1.04,3,NA,NA,NA,7,"Included",29.8,6.33,22,9,120,10,0.0470260869565217,0.216854990619358,23.5180199700912,2.66816641678168e-122,4.67497202851829,5.52502797148171
462,49,"Laxdal et al., 2005","BPTB","tegner","49, Laxdal et al., 2005, BPTB, tegner","continuous",40,6,1.86,2,NA,NA,NA,10,"Included",28,8.35,NA,NA,26,2.2,0.08649,0.294091822395659,20.401791355925,1.61200861886691e-92,5.42359061995676,6.57640938004324
463,49,"Laxdal et al., 2005","HT","tegner","49, Laxdal et al., 2005, HT, tegner","continuous",78,4,1.64,NA,NA,NA,NA,NA,"Included",28,8.35,NA,NA,26,2.2,0.0344820512820513,0.185693433599714,21.5408801617752,6.44701983394845e-103,3.63604755797898,4.36395244202102
464,51,"Li et al., 2015","HT","tegner","51, Li et al., 2015, HT, tegner","continuous",32,7.3,1.3,NA,NA,NA,NA,NA,"Included",29.8,7.9,17,15,69.6,5.8,0.0528125,0.229809703885628,31.7654123240726,1.94534143891689e-221,6.84958125708635,7.75041874291365
465,51,"Li et al., 2015","TA","tegner","51, Li et al., 2015, TA, tegner","continuous",32,7,2.1,NA,NA,NA,NA,NA,"Included",29.8,7.9,17,15,69.6,5.8,0.1378125,0.371231060122937,18.8561808316413,2.61436036883937e-79,6.27240049221642,7.72759950778358
466,52,"Lidén et al., 2007","BPTB","tegner","52, Lidén et al., 2007, BPTB, tegner","continuous",30,5,1.72,0,NA,NA,NA,7,"Included",28,8.37,23,11,87.10618173,7.3,0.0986133333333333,0.314027599636295,15.9221673693362,4.44701638350096e-57,4.3845172145613,5.6154827854387
467,52,"Lidén et al., 2007","HT","tegner","52, Lidén et al., 2007, HT, tegner","continuous",32,6,1.69,2,NA,NA,NA,9,"Included",28,8.37,23,11,87.10618173,7.3,0.089253125,0.298752615051316,20.0835062112156,1.02871257448634e-89,5.41445563421226,6.58554436578774
468,53,"Lind et al., 2020","HT","tegner","53, Lind et al., 2020, HT, tegner","continuous",49,5.9,1.3,NA,NA,NA,NA,NA,"Included",27.1,6.1,25,24,24,2,0.0344897959183674,0.185714285714286,31.7692307692308,1.72291180637486e-221,5.53600668858542,6.26399331141458
469,53,"Lind et al., 2020","QT","tegner","53, Lind et al., 2020, QT, tegner","continuous",47,6,1.5,NA,NA,NA,NA,NA,"Included",27.1,6.1,25,24,24,2,0.0478723404255319,0.218797487246842,27.4226184016042,1.47411149831771e-165,5.57116480508833,6.42883519491167
470,54,"Lucidi et al., 2025","BPTB","tegner","54, Lucidi et al., 2025, BPTB, tegner","continuous",19,3,1.08,1,NA,NA,NA,5,"Included",52.8,7.3,NA,NA,240,20,0.0613894736842105,0.247768992580207,12.1080526209463,9.57402274060356e-34,2.51438169805702,3.48561830194298
471,54,"Lucidi et al., 2025","HT","tegner","54, Lucidi et al., 2025, HT, tegner","continuous",20,4,0.8,3,NA,NA,NA,6,"Included",52.8,7.3,NA,NA,240,20,0.032,0.178885438199983,22.3606797749979,9.50539776655462e-111,3.64939098376937,4.35060901623063
474,58,"Malik et al., 2026","HT","tegner","58, Malik et al., 2026, HT, tegner","continuous",25,5.1,1,NA,NA,NA,NA,NA,"Included",28.12,5.21,18,7,6,0.5,0.04,0.2,25.5,1.97124730379296e-143,4.70800720309199,5.49199279690801
475,58,"Malik et al., 2026","PLT","tegner","58, Malik et al., 2026, PLT, tegner","continuous",25,5.6,0.9,NA,NA,NA,NA,NA,"Included",28.12,5.21,18,7,6,0.5,0.0324,0.18,31.1111111111111,1.70409732793382e-212,5.24720648278279,5.95279351721721
478,70,"Noh et al., 2011","HT","tegner","70, Noh et al., 2011, HT, tegner","continuous",33,6,0.96,5,NA,NA,NA,9,"Included",25.81,7.46,30,3,28.1,2.3,0.0279272727272727,0.16711454971747,35.9035165408627,2.69216410019475e-282,5.67246150126113,6.32753849873887
479,70,"Noh et al., 2011","AT","tegner","70, Noh et al., 2011, AT, tegner","continuous",32,6,1.21,4,NA,NA,NA,9,"Included",25.81,7.46,30,3,28.1,2.3,0.045753125,0.213899801308931,28.0505169396316,3.93694671278573e-173,5.58076409313422,6.41923590686578
480,77,"Popovic et al., 2024","BPTB","tegner","77, Popovic et al., 2024, BPTB, tegner","continuous",38,4,1.64,0,NA,NA,NA,7,"Included",27,6.82,NA,NA,228,19,0.070778947368421,0.266043130654451,15.0351561048024,4.32028704684991e-51,3.47856504558299,4.52143495441701
481,77,"Popovic et al., 2024","HT","tegner","77, Popovic et al., 2024, HT, tegner","continuous",33,5,2.16,0,NA,NA,NA,9,"Included",27,6.82,NA,NA,228,19,0.141381818181818,0.376007736864307,13.297598718838,2.39022042493567e-40,4.26303837783754,5.73696162216246
482,87,"Sonnery-cottet et al., 2026","BPTB","tegner","87, Sonnery-cottet et al., 2026, BPTB, tegner","continuous",296,6.6,1.6,NA,NA,NA,NA,NA,"Included",24.8,4.4,214,69,61.5,5.1,0.00864864864864865,0.0929981109950554,70.9691834531017,0,6.41772705181943,6.78227294818057
483,87,"Sonnery-cottet et al., 2026","HT","tegner","87, Sonnery-cottet et al., 2026, HT, tegner","continuous",297,6.7,1.7,NA,NA,NA,NA,NA,"Included",24.8,4.4,214,69,61.5,5.1,0.00973063973063973,0.0986440050415621,67.9210054090673,0,6.50666130282775,6.89333869717225
484,90,"Taylor et al., 2009","BPTB","tegner","90, Taylor et al., 2009, BPTB, tegner","continuous",20,6.8,3.27,NA,NA,NA,NA,NA,"Included",21.7,4.6,25,7,32.4,2.7,0.534645,0.731194228642431,9.29985458532023,1.4063789532053e-20,5.36688564615729,8.23311435384271
485,90,"Taylor et al., 2009","HT","tegner","90, Taylor et al., 2009, HT, tegner","continuous",24,5.3,3.58,NA,NA,NA,NA,NA,"Included",21.7,4.6,25,7,32.4,2.7,0.534016666666667,0.730764439930315,7.25267912667645,4.08607312613928e-13,3.867728016554,6.732271983446
488,96,"Wipfler et al., 2011","BPTB","tegner","96, Wipfler et al., 2011, BPTB, tegner","continuous",29,6.2,0.35,NA,NA,NA,NA,NA,"Included",29.87,7.3,19,12,108,9,0.00422413793103448,0.0649933683619681,95.3943480120969,0,6.0726153387766,6.3273846612234
489,96,"Wipfler et al., 2011","HT","tegner","96, Wipfler et al., 2011, HT, tegner","continuous",25,6.14,0.37,NA,NA,NA,NA,NA,"Included",29.87,7.3,19,12,108,9,0.005476,0.074,82.972972972973,0,5.99496266514404,6.28503733485596
490,98,"Yoo et al., 2017","HT","tegner","98, Yoo et al., 2017, HT, tegner","continuous",68,5,1.48,2,NA,NA,NA,9,"Included",30,9.96,61,7,32.8,2.7,0.0322117647058823,0.179476362526886,27.8588217947139,8.42201938072032e-171,4.64823279337105,5.35176720662895
491,98,"Yoo et al., 2017","TA","tegner","98, Yoo et al., 2017, TA, tegner","continuous",64,5,1.07,3,NA,NA,NA,8,"Included",30,9.96,61,7,32.8,2.7,0.0178890625,0.13375,37.3831775700935,7.33259437378867e-306,4.73785481706777,5.26214518293223
492,2,"Aglietti et al., 2004","BPTB","lachman_2","2, Aglietti et al., 2004, BPTB, lachman_2","dichotomous",60,0,0.06,NA,NA,NA,NA,NA,"Included",25,4.97,46,14,24,2,6e-05,0.00774596669241483,0,1,-0.0151818157425799,0.0151818157425799
493,2,"Aglietti et al., 2004","HT","lachman_2","2, Aglietti et al., 2004, HT, lachman_2","dichotomous",60,0,0.06,NA,NA,NA,NA,NA,"Included",25,4.97,46,14,24,2,6e-05,0.00774596669241483,0,1,-0.0151818157425799,0.0151818157425799
496,11,"Beynnon et al., 2002","BPTB","lachman_2","11, Beynnon et al., 2002, BPTB, lachman_2","dichotomous",22,13,0.586,NA,NA,NA,NA,NA,"Included",28.5,6.96,18,10,36,3,0.0156089090909091,0.124935619784388,104.053591941475,0,12.7551306848364,13.2448693151636
497,11,"Beynnon et al., 2002","HT","lachman_2","11, Beynnon et al., 2002, HT, lachman_2","dichotomous",22,7,7.036,NA,NA,NA,NA,NA,"Included",28.5,6.96,18,10,36,3,2.25024072727273,1.50008024027808,4.66641704359921,3.06497304870532e-06,4.05989675513478,9.94010324486522
498,13,"Björnsson et al., 2016","BPTB","lachman_2","13, Björnsson et al., 2016, BPTB, lachman_2","dichotomous",61,7,1.085,NA,NA,NA,NA,NA,"Included",28.2,9.1,42,19,202.6,16.9,0.0192987704918033,0.138920014727192,50.3887075864945,0,6.72772177440293,7.27227822559707
499,13,"Björnsson et al., 2016","HT","lachman_2","13, Björnsson et al., 2016, HT, lachman_2","dichotomous",86,21,2.88,NA,NA,NA,NA,NA,"Included",28.2,9.1,42,19,202.6,16.9,0.096446511627907,0.310558386825903,67.6201348629895,0,20.3913167467244,21.6086832532756
502,23,"Ejerhed et al., 2003","BPTB","lachman_2","23, Ejerhed et al., 2003, BPTB, lachman_2","dichotomous",32,2,5.158,NA,NA,NA,NA,NA,"Included",27.26,8.47,21,11,24,2,0.831405125,0.911814194340053,2.19342933287801,0.0282764608623535,0.212877018501091,3.78712298149891
503,23,"Ejerhed et al., 2003","HT","lachman_2","23, Ejerhed et al., 2003, HT, lachman_2","dichotomous",34,0,4.227,NA,NA,NA,NA,NA,"Included",27.26,8.47,21,11,24,2,0.525515558823529,0.724924519397385,0,1,-1.42082594952888,1.42082594952888
504,26,"Feller & Webster, 2003","BPTB","lachman_2","26, Feller & Webster, 2003, BPTB, lachman_2","dichotomous",27,0,0.3,NA,NA,NA,NA,NA,"Included",25.8,6,23,8,36,3,0.00333333333333333,0.0577350269189626,0,1,-0.113158573407617,0.113158573407617
505,26,"Feller & Webster, 2003","HT","lachman_2","26, Feller & Webster, 2003, HT, lachman_2","dichotomous",21,0,0.109,NA,NA,NA,NA,NA,"Included",25.8,6,23,8,36,3,0.000565761904761905,0.0237857500357232,0,1,-0.0466192134152897,0.0466192134152897
506,30,"Gifstad et al., 2013","BPTB","lachman_2","30, Gifstad et al., 2013, BPTB, lachman_2","dichotomous",41,1,0.24,NA,NA,NA,NA,NA,"Included",27,6.74,NA,NA,84,7,0.00140487804878049,0.0374817028532655,26.6796843226369,8.10100479660972e-157,0.926537212328367,1.07346278767163
507,30,"Gifstad et al., 2013","HT","lachman_2","30, Gifstad et al., 2013, HT, lachman_2","dichotomous",36,1,0.257,NA,NA,NA,NA,NA,"Included",27,6.74,NA,NA,84,7,0.00183469444444444,0.0428333333333333,23.3463035019455,1.50262140548015e-120,0.916048209328868,1.08395179067113
508,32,"Guglielmetti et al., 2021","BPTB","lachman_2","32, Guglielmetti et al., 2021, BPTB, lachman_2","dichotomous",31,2,0.48,NA,NA,NA,NA,NA,"Included",25.2,5.48,23,8,24,2,0.00743225806451613,0.086210544972852,23.1990181784584,4.65831139999698e-119,1.83103043676564,2.16896956323436
509,32,"Guglielmetti et al., 2021","HT","lachman_2","32, Guglielmetti et al., 2021, HT, lachman_2","dichotomous",31,3,0.696,NA,NA,NA,NA,NA,"Included",25.2,5.48,23,8,24,2,0.0156263225806452,0.125005290210635,23.9989843225432,2.849520988245e-127,2.75499413331018,3.24500586668982
510,33,"Harilainen et al., 2006","BPTB","lachman_2","33, Harilainen et al., 2006, BPTB, lachman_2","dichotomous",37,0,0.082,NA,NA,NA,NA,NA,"Included",NA,NA,NA,NA,60.6,5.1,0.00018172972972973,0.0134807169590393,0,1,-0.0264217197254953,0.0264217197254953
511,33,"Harilainen et al., 2006","HT","lachman_2","33, Harilainen et al., 2006, HT, lachman_2","dichotomous",37,1,0.253,NA,NA,NA,NA,NA,"Included",NA,NA,NA,NA,60.6,5.1,0.00172997297297297,0.0415929437882554,24.0425396454475,9.99112249814075e-128,0.91847932816402,1.08152067183598
512,37,"Ibrahim et al., 2005","BPTB","lachman_2","37, Ibrahim et al., 2005, BPTB, lachman_2","dichotomous",40,0,0.994,NA,NA,NA,NA,NA,"Included",22.3,3.94,40,0,81,6.8,0.0247009,0.157165199710368,0,1,-0.308038131055367,0.308038131055367
513,37,"Ibrahim et al., 2005","HT","lachman_2","37, Ibrahim et al., 2005, HT, lachman_2","dichotomous",46,0,1.304,NA,NA,NA,NA,NA,"Included",22.3,3.94,40,0,81,6.8,0.0369655652173913,0.192264310825986,0,1,-0.376831124731347,0.376831124731347
516,41,"Jansson et al., 2003","BPTB","lachman_2","41, Jansson et al., 2003, BPTB, lachman_2","dichotomous",43,0,1.593,NA,NA,NA,NA,NA,"Included",NA,NA,NA,NA,24,2,0.0590150930232558,0.242930222539839,0,1,-0.476134486934385,0.476134486934385
517,41,"Jansson et al., 2003","HT","lachman_2","41, Jansson et al., 2003, HT, lachman_2","dichotomous",46,0,1.517,NA,NA,NA,NA,NA,"Included",NA,NA,NA,NA,24,2,0.0500280217391304,0.223669447486979,0,1,-0.438384061516452,0.438384061516452
518,45,"Konrads et al., 2016","BPTB","lachman_2","45, Konrads et al., 2016, BPTB, lachman_2","dichotomous",24,0,2.603,NA,NA,NA,NA,NA,"Included",29.8,6.33,22,9,120,10,0.282317041666667,0.531335150038718,0,1,-1.04139775779607,1.04139775779607
519,45,"Konrads et al., 2016","HT","lachman_2","45, Konrads et al., 2016, HT, lachman_2","dichotomous",23,2,4.596,NA,NA,NA,NA,NA,"Included",29.8,6.33,22,9,120,10,0.918400695652174,0.958332247006316,2.08695888742938,0.036891851041376,0.121703310644279,3.87829668935572
522,51,"Li et al., 2015","HT","lachman_2","51, Li et al., 2015, HT, lachman_2","dichotomous",32,2,1.414,NA,NA,NA,NA,NA,"Included",29.8,7.9,17,15,69.6,5.8,0.062481125,0.249962247149445,8.00120827368088,1.23204188328501e-15,1.51008299809239,2.48991700190761
523,51,"Li et al., 2015","TA","lachman_2","51, Li et al., 2015, TA, lachman_2","dichotomous",32,4,4.019,NA,NA,NA,NA,NA,"Included",29.8,7.9,17,15,69.6,5.8,0.50476128125,0.710465538397184,5.63011122119172,1.80093450739673e-08,2.60751313248466,5.39248686751534
524,52,"Lidén et al., 2007","BPTB","lachman_2","52, Lidén et al., 2007, BPTB, lachman_2","dichotomous",30,1,15.405,NA,NA,NA,NA,NA,"Included",28,8.37,23,11,87.10618173,7.3,7.9104675,2.81255533278903,0.355548560535648,0.722178672128274,-4.51250715679256,6.51250715679256
525,52,"Lidén et al., 2007","HT","lachman_2","52, Lidén et al., 2007, HT, lachman_2","dichotomous",32,2,20.607,NA,NA,NA,NA,NA,"Included",28,8.37,23,11,87.10618173,7.3,13.27026403125,3.6428373599778,0.549022589362098,0.582989947640197,-5.13983002709345,9.13983002709345
526,55,"Lui et al., 2012","BPTB","lachman_2","55, Lui et al., 2012, BPTB, lachman_2","dichotomous",14,0,1.684,NA,NA,NA,NA,NA,"Included",26.5,5,14,0,12,1,0.202561142857143,0.450067931380523,0,1,-0.882116936102269,0.882116936102269
527,55,"Lui et al., 2012","HT","lachman_2","55, Lui et al., 2012, HT, lachman_2","dichotomous",17,0,1.031,NA,NA,NA,NA,NA,"Included",26.5,5,14,0,12,1,0.0625271176470588,0.250054229412459,0,1,-0.490097283830336,0.490097283830336
528,58,"Malik et al., 2026","HT","lachman_2","58, Malik et al., 2026, HT, lachman_2","dichotomous",25,3,0.8,NA,NA,NA,NA,NA,"Included",28.12,5.21,18,7,6,0.5,0.0256,0.16,18.75,1.93591029582684e-78,2.68640576247359,3.31359423752641
529,58,"Malik et al., 2026","PLT","lachman_2","58, Malik et al., 2026, PLT, lachman_2","dichotomous",25,2,0.54,NA,NA,NA,NA,NA,"Included",28.12,5.21,18,7,6,0.5,0.011664,0.108,18.5185185185185,1.46410682412894e-76,1.78832388966967,2.21167611033033
536,70,"Noh et al., 2011","HT","lachman_2","70, Noh et al., 2011, HT, lachman_2","dichotomous",33,1,1.383,NA,NA,NA,NA,NA,"Included",25.81,7.46,30,3,28.1,2.3,0.0579602727272727,0.24074939818673,4.15369677985396,3.271466248742e-05,0.528139850254316,1.47186014974568
537,70,"Noh et al., 2011","AT","lachman_2","70, Noh et al., 2011, AT, lachman_2","dichotomous",32,3,3.098,NA,NA,NA,NA,NA,"Included",25.81,7.46,30,3,28.1,2.3,0.299925125,0.547654202028981,5.47790921513142,4.30380833260695e-08,1.92661748804117,4.07338251195883
538,76,"Pinczewski et al., 2007","BPTB","lachman_2","76, Pinczewski et al., 2007, BPTB, lachman_2","dichotomous",53,0,1.778,NA,NA,NA,NA,NA,"Included",25,5.49,48,42,120,10,0.0596468679245283,0.244227082700769,0,1,-0.478676286142793,0.478676286142793
539,76,"Pinczewski et al., 2007","HT","lachman_2","76, Pinczewski et al., 2007, HT, lachman_2","dichotomous",58,1,2.07,NA,NA,NA,NA,NA,"Included",25,5.49,48,42,120,10,0.0738775862068965,0.271804316019626,3.67911744244633,0.000234042479071486,0.46727332975899,1.53272667024101
540,77,"Popovic et al., 2024","BPTB","lachman_2","77, Popovic et al., 2024, BPTB, lachman_2","dichotomous",38,9,0.081,NA,NA,NA,NA,NA,"Included",27,6.82,NA,NA,228,19,0.000172657894736842,0.0131399351115918,684.934889218775,0,8.97424620042209,9.02575379957791
541,77,"Popovic et al., 2024","HT","lachman_2","77, Popovic et al., 2024, HT, lachman_2","dichotomous",33,5,0.087,NA,NA,NA,NA,NA,"Included",27,6.82,NA,NA,228,19,0.000229363636363636,0.0151447560681457,330.147278536668,0,4.97031682355179,5.02968317644821
542,82,"Sajovic et al., 2018","BPTB","lachman_2","82, Sajovic et al., 2018, BPTB, lachman_2","dichotomous",24,0,1.418,NA,NA,NA,NA,NA,"Included",45.5,8.7,15,9,204,17,0.0837801666666667,0.289448037938879,0,1,-0.567307729755986,0.567307729755986
543,82,"Sajovic et al., 2018","HT","lachman_2","82, Sajovic et al., 2018, HT, lachman_2","dichotomous",24,0,1.418,NA,NA,NA,NA,NA,"Included",45.5,8.7,15,9,204,17,0.0837801666666667,0.289448037938879,0,1,-0.567307729755986,0.567307729755986
546,98,"Yoo et al., 2017","HT","lachman_2","98, Yoo et al., 2017, HT, lachman_2","dichotomous",68,4,0.58,NA,NA,NA,NA,NA,"Included",30,9.96,61,7,32.8,2.7,0.00494705882352941,0.0703353312605366,56.8704224223126,0,3.86214528388865,4.13785471611135
547,98,"Yoo et al., 2017","TA","lachman_2","98, Yoo et al., 2017, TA, lachman_2","dichotomous",64,6,0.897,NA,NA,NA,NA,NA,"Included",30,9.96,61,7,32.8,2.7,0.012572015625,0.112125,53.5117056856187,0,5.78023903823345,6.21976096176655
548,2,"Aglietti et al., 2004","BPTB","pivot_shift_2","2, Aglietti et al., 2004, BPTB, pivot_shift_2","dichotomous",60,0,0.065,NA,NA,NA,NA,NA,"Included",25,4.97,46,14,24,2,7.04166666666667e-05,0.00839146391678274,0,1,-0.0164469670544616,0.0164469670544616
549,2,"Aglietti et al., 2004","HT","pivot_shift_2","2, Aglietti et al., 2004, HT, pivot_shift_2","dichotomous",60,0,0.065,NA,NA,NA,NA,NA,"Included",25,4.97,46,14,24,2,7.04166666666667e-05,0.00839146391678274,0,1,-0.0164469670544616,0.0164469670544616
550,5,"Anderson et al., 2001","BPTB","pivot_shift_2","5, Anderson et al., 2001, BPTB, pivot_shift_2","dichotomous",35,15,1.585,NA,NA,NA,NA,NA,"Included",23.6,7.13,23,12,34.6,2.9,0.0717778571428571,0.26791389874894,55.9881367485768,0,14.4748984074944,15.5251015925056
551,5,"Anderson et al., 2001","HT","pivot_shift_2","5, Anderson et al., 2001, HT, pivot_shift_2","dichotomous",33,27,1.953,NA,NA,NA,NA,NA,"Included",23.6,7.13,23,12,34.6,2.9,0.115582090909091,0.339973662081478,79.4179167724151,0,26.3336638666281,27.6663361333719
554,11,"Beynnon et al., 2002","BPTB","pivot_shift_2","11, Beynnon et al., 2002, BPTB, pivot_shift_2","dichotomous",22,6,0.107,NA,NA,NA,NA,NA,"Included",28.5,6.96,18,10,36,3,0.000520409090909091,0.0228124766500503,263.013967840566,0,5.95528836736774,6.04471163263226
555,11,"Beynnon et al., 2002","HT","pivot_shift_2","11, Beynnon et al., 2002, HT, pivot_shift_2","dichotomous",22,1,1.905,NA,NA,NA,NA,NA,"Included",28.5,6.96,18,10,36,3,0.164955681818182,0.406147364657438,2.46216050384432,0.0138102848911554,0.203965792855566,1.79603420714443
556,12,"Bi et al., 2018","HT","pivot_shift_2","12, Bi et al., 2018, HT, pivot_shift_2","dichotomous",62,1,0.064,NA,NA,NA,NA,NA,"Included",27.9,6.7,31,31,30.3,2.5,6.60645161290323e-05,0.00812800812801219,123.031373031435,0,0.984069396803047,1.01593060319695
557,12,"Bi et al., 2018","PLT","pivot_shift_2","12, Bi et al., 2018, PLT, pivot_shift_2","dichotomous",62,0,0.064,NA,NA,NA,NA,NA,"Included",27.9,6.7,31,31,30.3,2.5,6.60645161290323e-05,0.00812800812801219,0,1,-0.0159306031969527,0.0159306031969527
558,13,"Björnsson et al., 2016","BPTB","pivot_shift_2","13, Björnsson et al., 2016, BPTB, pivot_shift_2","dichotomous",61,12,1.992,NA,NA,NA,NA,NA,"Included",28.2,9.1,42,19,202.6,16.9,0.0650502295081967,0.255049464826329,47.0496968428112,0,11.5001122346642,12.4998877653358
559,13,"Björnsson et al., 2016","HT","pivot_shift_2","13, Björnsson et al., 2016, HT, pivot_shift_2","dichotomous",86,13,1.715,NA,NA,NA,NA,NA,"Included",28.2,9.1,42,19,202.6,16.9,0.0342002906976744,0.184933206043897,70.2956504031744,0,12.6375375766084,13.3624624233916
562,25,"Eriksson et al., 2001","BPTB","pivot_shift_2","25, Eriksson et al., 2001, BPTB, pivot_shift_2","dichotomous",42,0,0.405,NA,NA,NA,NA,NA,"Included",27,6,NA,NA,6.7,0.6,0.00390535714285714,0.0624928567346472,0,1,-0.12248374849093,0.12248374849093
563,25,"Eriksson et al., 2001","HT","pivot_shift_2","25, Eriksson et al., 2001, HT, pivot_shift_2","dichotomous",47,0,1.714,NA,NA,NA,NA,NA,"Included",27,6,NA,NA,6.7,0.6,0.0625062978723404,0.250012595427391,0,1,-0.49001568271907,0.49001568271907
564,26,"Feller & Webster, 2003","BPTB","pivot_shift_2","26, Feller & Webster, 2003, BPTB, pivot_shift_2","dichotomous",27,0,0.096,NA,NA,NA,NA,NA,"Included",25.8,6,23,8,36,3,0.000341333333333333,0.018475208614068,0,1,-0.0362107434904375,0.0362107434904375
565,26,"Feller & Webster, 2003","HT","pivot_shift_2","26, Feller & Webster, 2003, HT, pivot_shift_2","dichotomous",21,0,1.575,NA,NA,NA,NA,NA,"Included",25.8,6,23,8,36,3,0.118125,0.343693177121688,0,1,-0.673626248890654,0.673626248890654
566,32,"Guglielmetti et al., 2021","BPTB","pivot_shift_2","32, Guglielmetti et al., 2021, BPTB, pivot_shift_2","dichotomous",31,2,0.48,NA,NA,NA,NA,NA,"Included",25.2,5.48,23,8,24,2,0.00743225806451613,0.086210544972852,23.1990181784584,4.65831139999698e-119,1.83103043676564,2.16896956323436
567,32,"Guglielmetti et al., 2021","HT","pivot_shift_2","32, Guglielmetti et al., 2021, HT, pivot_shift_2","dichotomous",31,1,0.696,NA,NA,NA,NA,NA,"Included",25.2,5.48,23,8,24,2,0.0156263225806452,0.125005290210635,7.99966144084773,1.24761773702789e-15,0.754994133310178,1.24500586668982
568,33,"Harilainen et al., 2006","BPTB","pivot_shift_2","33, Harilainen et al., 2006, BPTB, pivot_shift_2","dichotomous",37,0,0.082,NA,NA,NA,NA,NA,"Included",NA,NA,NA,NA,60.6,5.1,0.00018172972972973,0.0134807169590393,0,1,-0.0264217197254953,0.0264217197254953
569,33,"Harilainen et al., 2006","HT","pivot_shift_2","33, Harilainen et al., 2006, HT, pivot_shift_2","dichotomous",37,1,0.253,NA,NA,NA,NA,NA,"Included",NA,NA,NA,NA,60.6,5.1,0.00172997297297297,0.0415929437882554,24.0425396454475,9.99112249814075e-128,0.91847932816402,1.08152067183598
570,34,"Heijne & Werner, 2010","BPTB","pivot_shift_2","34, Heijne & Werner, 2010, BPTB, pivot_shift_2","dichotomous",30,3,0.71,NA,NA,NA,NA,NA,"Included",29,7,22,12,24.7,2.1,0.0168033333333333,0.129627671942889,23.1432066551479,1.70179366021317e-118,2.74593443159216,3.25406556840784
571,34,"Heijne & Werner, 2010","HT","pivot_shift_2","34, Heijne & Werner, 2010, HT, pivot_shift_2","dichotomous",29,8,2.18,NA,NA,NA,NA,NA,"Included",29,7,22,12,24.7,2.1,0.163875862068966,0.404815837225973,19.7620726867321,6.31573632014405e-87,7.20657553866566,8.79342446133434
572,36,"Horstmann et al., 2022","HT","pivot_shift_2","36, Horstmann et al., 2022, HT, pivot_shift_2","dichotomous",26,0,0.098,NA,NA,NA,NA,NA,"Included",32.7,11.4,12,15,24,2,0.000369384615384615,0.019219381243542,0,1,-0.037669295042487,0.037669295042487
573,36,"Horstmann et al., 2022","QT","pivot_shift_2","36, Horstmann et al., 2022, QT, pivot_shift_2","dichotomous",23,0,0.104,NA,NA,NA,NA,NA,"Included",32.7,11.4,12,15,24,2,0.000470260869565217,0.0216854990619358,0,1,-0.0425027971481712,0.0425027971481712
574,37,"Ibrahim et al., 2005","BPTB","pivot_shift_2","37, Ibrahim et al., 2005, BPTB, pivot_shift_2","dichotomous",40,0,0.994,NA,NA,NA,NA,NA,"Included",22.3,3.94,40,0,81,6.8,0.0247009,0.157165199710368,0,1,-0.308038131055367,0.308038131055367
575,37,"Ibrahim et al., 2005","HT","pivot_shift_2","37, Ibrahim et al., 2005, HT, pivot_shift_2","dichotomous",45,0,1.541,NA,NA,NA,NA,NA,"Included",22.3,3.94,40,0,81,6.8,0.0527706888888889,0.229718716888478,0,1,-0.450240411676171,0.450240411676171
578,41,"Jansson et al., 2003","BPTB","pivot_shift_2","41, Jansson et al., 2003, BPTB, pivot_shift_2","dichotomous",43,0,0.574,NA,NA,NA,NA,NA,"Included",NA,NA,NA,NA,24,2,0.00766223255813953,0.0875341793709151,0,1,-0.171563838983262,0.171563838983262
579,41,"Jansson et al., 2003","HT","pivot_shift_2","41, Jansson et al., 2003, HT, pivot_shift_2","dichotomous",46,0,0.552,NA,NA,NA,NA,NA,"Included",NA,NA,NA,NA,24,2,0.006624,0.0813879597975032,0,1,-0.1595174699783,0.1595174699783
582,46,"Laoruengthana et al., 2009","BPTB","pivot_shift_2","46, Laoruengthana et al., 2009, BPTB, pivot_shift_2","dichotomous",15,0,0.745,NA,NA,NA,NA,NA,"Included",29.93,8.91,NA,NA,19,1.6,0.0370016666666667,0.192358172861635,0,1,-0.377015090940735,0.377015090940735
583,46,"Laoruengthana et al., 2009","HT","pivot_shift_2","46, Laoruengthana et al., 2009, HT, pivot_shift_2","dichotomous",13,0,0.819,NA,NA,NA,NA,NA,"Included",29.93,8.91,NA,NA,19,1.6,0.051597,0.227149730354231,0,1,-0.445205290592278,0.445205290592278
584,47,"Lawhorn et al., 2012","HT","pivot_shift_2","47, Lawhorn et al., 2012, HT, pivot_shift_2","dichotomous",44,1,1.072,NA,NA,NA,NA,NA,"Included",32,8.43,32,22,24,2,0.0261178181818182,0.161610080693681,6.18773281782724,6.10356634391814e-10,0.683250062301773,1.31674993769823
585,47,"Lawhorn et al., 2012","TA","pivot_shift_2","47, Lawhorn et al., 2012, TA, pivot_shift_2","dichotomous",48,0,0.746,NA,NA,NA,NA,NA,"Included",32,8.43,32,22,24,2,0.0115940833333333,0.107675825203865,0,1,-0.211040739405206,0.211040739405206
586,51,"Li et al., 2015","HT","pivot_shift_2","51, Li et al., 2015, HT, pivot_shift_2","dichotomous",32,0,0.909,NA,NA,NA,NA,NA,"Included",29.8,7.9,17,15,69.6,5.8,0.02582128125,0.160690016024643,0,1,-0.314946644083464,0.314946644083464
587,51,"Li et al., 2015","TA","pivot_shift_2","51, Li et al., 2015, TA, pivot_shift_2","dichotomous",32,1,2.337,NA,NA,NA,NA,NA,"Included",29.8,7.9,17,15,69.6,5.8,0.17067403125,0.41312713690824,2.42056236606435,0.0154965208401385,0.190285690623701,1.8097143093763
588,53,"Lind et al., 2020","HT","pivot_shift_2","53, Lind et al., 2020, HT, pivot_shift_2","dichotomous",49,0,2.118,NA,NA,NA,NA,NA,"Included",27.1,6.1,25,24,24,2,0.0915494693877551,0.302571428571429,0,1,-0.593029102750833,0.593029102750833
589,53,"Lind et al., 2020","QT","pivot_shift_2","53, Lind et al., 2020, QT, pivot_shift_2","dichotomous",47,0,1.494,NA,NA,NA,NA,NA,"Included",27.1,6.1,25,24,24,2,0.0474901276595745,0.217922297297854,0,1,-0.427119854132025,0.427119854132025
590,54,"Lucidi et al., 2025","BPTB","pivot_shift_2","54, Lucidi et al., 2025, BPTB, pivot_shift_2","dichotomous",19,7,2.72,NA,NA,NA,NA,NA,"Included",52.8,7.3,NA,NA,240,20,0.389389473684211,0.624010796127928,11.217754634112,3.33633987801669e-29,5.77696131362509,8.22303868637491
591,54,"Lucidi et al., 2025","HT","pivot_shift_2","54, Lucidi et al., 2025, HT, pivot_shift_2","dichotomous",20,5,1.64,NA,NA,NA,NA,NA,"Included",52.8,7.3,NA,NA,240,20,0.13448,0.366715148309965,13.6345608384134,2.49488193573108e-42,4.2812515167272,5.7187484832728
592,56,"Lund et al., 2014","BPTB","pivot_shift_2","56, Lund et al., 2014, BPTB, pivot_shift_2","dichotomous",18,3,0.99,NA,NA,NA,NA,NA,"Included",31,8,15,3,24,2,0.05445,0.233345237791561,12.8564869306645,7.90902462927024e-38,2.54265173796461,3.45734826203539
593,56,"Lund et al., 2014","QT","pivot_shift_2","56, Lund et al., 2014, QT, pivot_shift_2","dichotomous",21,8,3,NA,NA,NA,NA,NA,"Included",31,8,15,3,24,2,0.428571428571429,0.654653670707977,12.2202018532156,2.424818827225e-34,6.71690238306542,9.28309761693458
594,58,"Malik et al., 2026","HT","pivot_shift_2","58, Malik et al., 2026, HT, pivot_shift_2","dichotomous",25,4,1.07,NA,NA,NA,NA,NA,"Included",28.12,5.21,18,7,6,0.5,0.045796,0.214,18.6915887850467,5.79609589251485e-78,3.58056770730843,4.41943229269157
595,58,"Malik et al., 2026","PLT","pivot_shift_2","58, Malik et al., 2026, PLT, pivot_shift_2","dichotomous",25,3,0.8,NA,NA,NA,NA,NA,"Included",28.12,5.21,18,7,6,0.5,0.0256,0.16,18.75,1.93591029582684e-78,2.68640576247359,3.31359423752641
598,70,"Noh et al., 2011","HT","pivot_shift_2","70, Noh et al., 2011, HT, pivot_shift_2","dichotomous",33,1,1.383,NA,NA,NA,NA,NA,"Included",25.81,7.46,30,3,28.1,2.3,0.0579602727272727,0.24074939818673,4.15369677985396,3.271466248742e-05,0.528139850254316,1.47186014974568
599,70,"Noh et al., 2011","AT","pivot_shift_2","70, Noh et al., 2011, AT, pivot_shift_2","dichotomous",32,3,1.414,NA,NA,NA,NA,NA,"Included",25.81,7.46,30,3,28.1,2.3,0.062481125,0.249962247149445,12.0018124105213,3.47600165749133e-33,2.51008299809239,3.48991700190761
600,76,"Pinczewski et al., 2007","BPTB","pivot_shift_2","76, Pinczewski et al., 2007, BPTB, pivot_shift_2","dichotomous",53,0,0.834,NA,NA,NA,NA,NA,"Included",25,5.49,48,42,120,10,0.0131236981132075,0.114558710333207,0,1,-0.224530946368442,0.224530946368442
601,76,"Pinczewski et al., 2007","HT","pivot_shift_2","76, Pinczewski et al., 2007, HT, pivot_shift_2","dichotomous",58,0,1.295,NA,NA,NA,NA,NA,"Included",25,5.49,48,42,120,10,0.028914224137931,0.170041830553341,0,1,-0.33327586374981,0.33327586374981
602,77,"Popovic et al., 2024","BPTB","pivot_shift_2","77, Popovic et al., 2024, BPTB, pivot_shift_2","dichotomous",38,1,0.616,NA,NA,NA,NA,NA,"Included",27,6.82,NA,NA,228,19,0.00998568421052632,0.0999283954165497,10.0071655892354,1.41755697566019e-23,0.804143943950685,1.19585605604931
603,77,"Popovic et al., 2024","HT","pivot_shift_2","77, Popovic et al., 2024, HT, pivot_shift_2","dichotomous",33,3,0.087,NA,NA,NA,NA,NA,"Included",27,6.82,NA,NA,228,19,0.000229363636363636,0.0151447560681457,198.088367122001,0,2.97031682355179,3.02968317644821
604,82,"Sajovic et al., 2018","BPTB","pivot_shift_2","82, Sajovic et al., 2018, BPTB, pivot_shift_2","dichotomous",24,0,1.769,NA,NA,NA,NA,NA,"Included",45.5,8.7,15,9,204,17,0.130390041666667,0.361095612915287,0,1,-0.707734396289378,0.707734396289378
605,82,"Sajovic et al., 2018","HT","pivot_shift_2","82, Sajovic et al., 2018, HT, pivot_shift_2","dichotomous",24,0,1.418,NA,NA,NA,NA,NA,"Included",45.5,8.7,15,9,204,17,0.0837801666666667,0.289448037938879,0,1,-0.567307729755986,0.567307729755986
608,97,"Yadav et al., 2025","HT","pivot_shift_2","97, Yadav et al., 2025, HT, pivot_shift_2","dichotomous",36,1,1.065,NA,NA,NA,NA,NA,"Included",30.06,8.87,32,4,12,1,0.03150625,0.1775,5.63380281690141,1.76278565376334e-08,0.65210639274414,1.34789360725586
609,97,"Yadav et al., 2025","QT","pivot_shift_2","97, Yadav et al., 2025, QT, pivot_shift_2","dichotomous",33,0,0.087,NA,NA,NA,NA,NA,"Included",30.06,8.87,32,4,12,1,0.000229363636363636,0.0151447560681457,0,1,-0.02968317644821,0.02968317644821
610,98,"Yoo et al., 2017","HT","pivot_shift_2","98, Yoo et al., 2017, HT, pivot_shift_2","dichotomous",68,2,0.312,NA,NA,NA,NA,NA,"Included",30,9.96,61,7,32.8,2.7,0.00143152941176471,0.0378355575056679,52.8603285335598,0,1.9258436699539,2.0741563300461
611,98,"Yoo et al., 2017","TA","pivot_shift_2","98, Yoo et al., 2017, TA, pivot_shift_2","dichotomous",64,3,0.459,NA,NA,NA,NA,NA,"Included",30,9.96,61,7,32.8,2.7,0.003291890625,0.057375,52.2875816993464,0,2.88754706638701,3.11245293361299
